search,number,value_sv_loss,datetime_start,datetime_complete,duration,params_centroid_momentum,params_sv_learning_rate,params_wh_learning_rate,user_attrs_loss_triangular-ramp10s,user_attrs_loss_triangular-ramp40s,user_attrs_loss_triangular-ramp5s,user_attrs_roa,user_attrs_roa_mean_pooled,user_attrs_roa_mean_triangular-ramp10s,user_attrs_roa_mean_triangular-ramp40s,user_attrs_roa_mean_triangular-ramp5s,user_attrs_roa_per_unit_triangular-ramp10s,user_attrs_roa_per_unit_triangular-ramp40s,user_attrs_roa_per_unit_triangular-ramp5s,user_attrs_roa_triangular-ramp10s,user_attrs_roa_triangular-ramp40s,user_attrs_roa_triangular-ramp5s,user_attrs_sv_loss,user_attrs_sv_loss_triangular-ramp10s,user_attrs_sv_loss_triangular-ramp40s,user_attrs_sv_loss_triangular-ramp5s,user_attrs_total_loss,user_attrs_total_loss_triangular-ramp10s,user_attrs_total_loss_triangular-ramp40s,user_attrs_total_loss_triangular-ramp5s,user_attrs_wh_loss,user_attrs_wh_loss_triangular-ramp10s,user_attrs_wh_loss_triangular-ramp40s,user_attrs_wh_loss_triangular-ramp5s,system_attrs_fixed_params,state,chosen,values_sv_loss,values_wh_loss,value_roa
sv_mean,0,22.787185668945312,2026-10-06 23:05:16.017766,2026-10-06 23:11:26.926902,0 days 00:06:10.909136,0.8,0.003,0.007,8.587716102600098,5.802056312561035,8.39741325378418,121.50651815768695,59.49782728077101,47.84313144340754,88.29922032297333,42.35113007593216,"[0.07179781734635267, 0.06370875995449374, 0.9670975323149236, 0.9641693811074918, 0.8278481012658228, 0.08305369127516779, 0.9820485744456178, 0.9964381121994658, 0.12731229597388466, 0.08579088471849866, 0.4335965541995693, 0.953125, 0.08157653528872594, 0.06047516198704104]","[0.9973262032085561, 0.99800796812749, 0.9953488372093023, 0.9596083231334149, 0.9880694143167028, 0.9777530589543938, 0.9786008230452675, 0.9974025974025974, 0.5685785536159601, 0.9895104895104895, 0.29356652092442226, 0.9865384615384616, 0.703551912568306, 0.9280276816608997]","[0.04021937842778794, 0.9941792782305006, 0.9973285841495992, 0.9842726081258192, 0.041916167664670656, 0.05447680690399137, 0.9402677651905252, 0.43820224719101125, 0.040625, 0.041742286751361164, 0.0626865671641791, 0.829153605015674, 0.0405766150560598]",52.15686855659246,11.700779677026674,57.64886992406784,22.787185668945312,8.587716102600098,5.802056312561035,8.39741325378418,219097.7109375,69717.828125,99062.59375,50317.2890625,219074.921875,69709.2421875,99056.7890625,50308.890625,"{'wh_learning_rate': 0.007, 'sv_learning_rate': 0.003, 'centroid_momentum': 0.8}",COMPLETE,False,,,
sv_mean,1,27.1972131729126,2026-10-06 23:05:16.017877,2026-10-06 23:11:54.283184,0 days 00:06:38.265307,0.7000000000000001,0.0711447600934342,0.0010253509690168,9.13486671447754,8.811606407165527,9.250740051269531,263.65243052670235,12.115856491099224,4.590362236465436,14.343377158430712,17.41383007840152,"[0.02874251497005988, 0.04272683629380701, 0.10448642266824085, 0.027482823235477825, 0.043132803632236094, 0.039180765805877114, 0.034482758620689655, 0.11378923766816143, 0.03115814226925338, 0.04371584699453552, 0.0466704610130905, 0.03003625064733299, 0.02935514918190568, 0.027690700104493208]","[0.5092067988668555, 0.048268625393494226, 0.05552645364064956, 0.05120481927710843, 0.02792022792022792, 0.03349282296650718, 0.0342562177381511, 0.9831168831168832, 0.030321406913280776, 0.0936849410131853, 0.03506907545164718, 0.03453453453453453, 0.03162260238465526, 0.03984739296311997]","[0.034760705289672546, 0.03801546391752577, 0.9715048975957258, 0.9569190600522193, 0.025957170668397145, 0.008866995073891626, 0.02949208083014746, 0.04061416542842992, 0.03442879499217527, 0.028504944735311226, 0.0266497461928934, 0.02960361264425489, 0.038480272771553824]",95.40963776353456,85.65662284156929,82.58616992159848,27.1972131729126,9.13486671447754,8.811606407165527,9.250740051269531,5260.264892578125,1811.531005859375,2145.416259765625,1303.317626953125,5233.0677490234375,1802.3961181640625,2136.604736328125,1294.06689453125,,COMPLETE,False,,,
sv_mean,2,51.474602699279785,2026-10-06 23:05:16.018313,2026-10-06 23:11:54.294795,0 days 00:06:38.276482,0.2,0.0002938027938703,0.0041282053438262,23.38908576965332,10.123970985412598,17.961545944213867,144.7308513799049,51.75638287336503,46.221171821730856,60.59408355384025,48.45389324452399,"[0.26072386058981234, 0.289490245437382, 0.3170926517571885, 0.8494167550371156, 0.4665461121157324, 0.6892405063291139, 0.37178642056690836, 0.9955476402493322, 0.31005221932114885, 0.26881720430107525, 0.4038199181446112, 0.6664290805416964, 0.33583815028901737, 0.2461632903621854]","[0.9973262032085561, 0.921645445641528, 0.2610271903323263, 0.27016520894071916, 0.7230443974630021, 0.19607843137254902, 0.750375939849624, 0.9922077922077922, 0.23003003003003003, 0.8845714285714286, 0.19727891156462585, 0.7849720223820943, 0.6306306306306306, 0.643818065342729]","[0.22924901185770752, 0.8677494199535963, 0.9973285841495992, 0.662962962962963, 0.47116237799467614, 0.2729641693811075, 0.39645776566757496, 0.3913337846987136, 0.656758669497523, 0.2782204515272244, 0.278778386844166, 0.5617897727272727, 0.2342507645259939]",53.77882817826914,39.40591644615975,51.54610675547601,51.474602699279785,23.38908576965332,10.123970985412598,17.961545944213867,99116.947265625,33347.23046875,42353.53125,23416.185546875,99065.470703125,33323.83984375,42343.40625,23398.224609375,,COMPLETE,False,,,
sv_mean,3,27.207528114318848,2026-10-06 23:05:16.018531,2026-10-06 23:11:54.297991,0 days 00:06:38.279460,0.6,0.0396760507705299,0.000143471595172,9.0,9.207528114318848,9.0,262.722419406747,12.425860197750994,6.853520374483581,19.93553477562284,10.488525443146566,"[0.05527638190954774, 0.06143344709897611, 0.05480195333695062, 0.03715170278637771, 0.04793289394847214, 0.04125816993464052, 0.049586776859504134, 0.2955696202531646, 0.0491504854368932, 0.04676489429852659, 0.07684319833852545, 0.03911735205616851, 0.03861342694164107, 0.06599254922831294]","[0.9901960784313726, 0.09005235602094241, 0.15021199273167776, 0.07624633431085044, 0.10771793448084398, 0.0336644591611479, 0.041589648798521256, 0.9857697283311773, 0.05827886710239651, 0.07869040781160253, 0.05315947843530592, 0.030801911842804036, 0.053230209281164696, 0.04136546184738956]","[0.03201970443349754, 0.048728813559322036, 0.8920552677029361, 0.04230118443316413, 0.034519956850053934, 0.04602510460251046, 0.047968021319120584, 0.045318725099601595, 0.040806969280146724, 0.03190883190883191, 0.031610942249240125, 0.03213610586011342, 0.038108680310515175]",93.14647962551642,80.06446522437716,89.51147455685343,27.207528114318848,9.0,9.207528114318848,9.0,19145.05517578125,6541.3359375,8246.654296875,4357.06494140625,19117.84716796875,6532.3359375,8237.4462890625,4348.06494140625,,COMPLETE,False,,,
sv_mean,4,44.0169095993042,2026-10-06 23:05:16.018727,2026-10-06 23:15:27.576224,0 days 00:10:11.557497,0.9,0.0001152798712823,0.0081482932101052,11.566899299621582,23.450010299682617,9.0,157.8584928005523,47.380502399815896,46.221700574215205,56.08022742901929,39.8395791962132,"[0.26479750778816197, 0.29582448690728946, 0.32784958871915393, 0.605524861878453, 0.35058214747736094, 0.6546426185704742, 0.6383616383616384, 0.9367764915405165, 0.2933709449929478, 0.327683615819209, 0.37163636363636365, 0.6683046683046683, 0.4899845916795069, 0.24569855471438404]","[0.8522727272727273, 0.7086330935251799, 0.30942334739803096, 0.26994359387590655, 0.6849056603773584, 0.5852534562211982, 0.76640625, 0.5050732807215332, 0.2903448275862069, 0.7631862217438106, 0.2586094866796621, 0.6206156048675734, 0.5981830887491265, 0.6383812010443864]","[0.24089852827265684, 0.5075669383003493, 0.6322350845948352, 0.44692005242463956, 0.4504283965728274, 0.31378600823045266, 0.47644539614561027, 0.3520912547528517, 0.5543744889615699, 0.25245653817082386, 0.27039413382218147, 0.45569620253164556, 0.22585227272727273]",53.7782994257848,43.91977257098071,60.1604208037868,44.0169095993042,11.566899299621582,23.450010299682617,9.0,242448.80078125,75450.2109375,112264.7265625,54733.86328125,242404.77734375,75438.640625,112241.2734375,54724.86328125,,COMPLETE,False,,,
sv_mean,5,45.68455982208252,2026-10-06 23:05:16.018916,2026-10-06 23:15:30.836689,0 days 00:10:14.817773,0.2,0.0004335281794951,0.0176497158481757,23.679101943969727,9.119142532348633,12.88631534576416,127.9432996649343,57.3522334450219,51.406159693459344,68.17872051148885,52.47182013011751,"[0.28561872909699, 0.3076923076923077, 0.3295081967213115, 0.8468085106382979, 0.3840889649272883, 0.7917771883289124, 0.6208053691275168, 0.9919857524487978, 0.32243589743589746, 0.28095975232198145, 0.37037037037037035, 0.8424, 0.5618915159944368, 0.26051980198019803]","[0.9973262032085561, 0.9207920792079208, 0.31432274789371356, 0.2338387869114126, 0.797427652733119, 0.7700312174817898, 0.9056910569105691, 0.84688995215311, 0.2586999343401182, 0.9580908032596042, 0.25180288461538464, 0.7665130568356375, 0.7394957983193278, 0.7840986977381769]","[0.24277067921990586, 0.8767441860465116, 0.9982190560997328, 0.6582278481012658, 0.6590673575129534, 0.2645939086294416, 0.4796747967479675, 0.35102853351028535, 0.847068145800317, 0.2767253044654939, 0.24892703862660945, 0.683933933933934, 0.2343558282208589]",48.593840306540656,31.821279488511152,47.52817986988249,45.68455982208252,23.679101943969727,9.119142532348633,12.88631534576416,289444.625,95965.546875,127961.7109375,65517.3671875,289398.94140625,95941.8671875,127952.59375,65504.48046875,,COMPLETE,False,,,
sv_mean,6,28.04230117797852,2026-10-06 23:05:16.019104,2026-10-06 23:16:33.932034,0 days 00:11:17.912930,0.5,0.0008179499475211,0.0003126102910311,12.031222343444824,7.308876991271973,8.702201843261719,175.9616258455761,41.3461247181413,30.971564220987712,54.01831509982939,39.04849483360682,"[0.21702944942381563, 0.3242730720606827, 0.28841786525359575, 0.8391472868217055, 0.1022196261682243, 0.1111111111111111, 0.1437837837837838, 0.9964381121994658, 0.1134185303514377, 0.2240398293029872, 0.46771879483500717, 0.12855787476280836, 0.09537037037037037, 0.2844932844932845]","[0.9973262032085561, 0.9742828882294757, 0.21818181818181817, 0.13801601971657423, 0.9475341028331584, 0.19123020706455543, 0.2784880489160645, 0.9961038961038962, 0.15988200589970503, 0.9696969696969697, 0.21539379474940334, 0.9202898550724637, 0.33668341708542715, 0.21945488721804512]","[0.15071151358344115, 0.967816091954023, 0.9973285841495992, 0.8888888888888888, 0.1163895486935867, 0.13846153846153847, 0.14324178782983307, 0.48424908424908425, 0.14836223506743737, 0.23245331616226658, 0.2491605104096709, 0.27835616438356164, 0.28088506453595574]",69.02843577901228,45.98168490017061,60.95150516639318,28.04230117797852,12.031222343444824,7.308876991271973,8.702201843261719,8746.724853515625,2877.335693359375,4085.51123046875,1783.8779296875,8718.6826171875,2865.304443359375,4078.202392578125,1775.17578125,,COMPLETE,False,,,
sv_mean,7,35.784897804260254,2026-10-06 23:05:16.019304,2026-10-06 23:16:56.712607,0 days 00:11:40.693303,0.6,0.0007476312062252,0.00146489551328,13.744065284729004,8.588448524475098,13.452383995056152,160.63282959310664,46.455723468964464,32.531042582571345,63.73995365938544,43.09617416493659,"[0.24334847501622323, 0.22044917257683216, 0.3290529695024077, 0.8964803312629399, 0.1011764705882353, 0.22237442922374429, 0.11442516268980477, 0.9964381121994658, 0.29120198265179675, 0.24629080118694363, 0.45526127415891193, 0.14732787674530573, 0.08669724770642202, 0.20382165605095542]","[0.9973262032085561, 0.9930348258706467, 0.20198881292728402, 0.23455933379597502, 0.9816414686825053, 0.23037974683544304, 0.8866559485530546, 0.9974025974025974, 0.15533411488862836, 0.9743589743589743, 0.19579193454120397, 0.9550140581068416, 0.8278816199376947, 0.29222387320455673]","[0.1787598944591029, 0.9744483159117305, 0.9973285841495992, 0.7967171717171717, 0.1244047619047619, 0.167828418230563, 0.3230088495575221, 0.45161290322580644, 0.2272032603158431, 0.21940104166666666, 0.26996466431095406, 0.7325842696629213, 0.13924050632911392]",67.46895741742865,36.26004634061456,56.90382583506341,35.784897804260254,13.744065284729004,8.588448524475098,13.452383995056152,7164.062805175781,3610.055908203125,881.2454223632812,2672.761474609375,7128.27783203125,3596.311767578125,872.656982421875,2659.30908203125,,COMPLETE,False,,,
sv_mean,8,28.80882358551025,2026-10-06 23:05:16.019497,2026-10-06 23:20:19.205639,0 days 00:15:03.186142,0.4,0.0007523742884534,0.0002379522116387,12.220900535583496,8.007437705993652,8.580485343933105,178.2065799002274,40.5978066999242,31.02163822880518,54.737361548520965,36.03442032244645,"[0.2159744408945687, 0.3125778331257783, 0.2933730454206999, 0.8234732824427481, 0.11229314420803782, 0.12087441063009001, 0.14810690423162584, 0.9964381121994658, 0.12008616047388261, 0.21822033898305085, 0.4668094218415418, 0.13444180522565322, 0.08685555039479796, 0.2935049019607843]","[0.9973262032085561, 0.9616141732283464, 0.360180412371134, 0.12843488649940263, 0.9404388714733543, 0.19383259911894274, 0.26578802855573863, 0.9935064935064936, 0.15985790408525755, 0.9662398137369034, 0.2599643069601428, 0.9159891598915989, 0.3129516397998888, 0.20710612435717626]","[0.09141135107985937, 0.9610983981693364, 0.9973285841495992, 0.47315436241610737, 0.13489208633093525, 0.15876398508257858, 0.1737218251786696, 0.4897360703812317, 0.16522157996146436, 0.2355584082156611, 0.28215488215488216, 0.24586666666666668, 0.27556644213104714]",68.97836177119481,45.26263845147904,63.96557967755356,28.80882358551025,12.220900535583496,8.007437705993652,8.580485343933105,12563.63623046875,4265.330078125,5639.06982421875,2659.236328125,12534.82763671875,4253.109375,5631.0625,2650.65576171875,,COMPLETE,False,,,
sv_mean,9,24.20746612548828,2026-10-06 23:05:16.019682,2026-10-06 23:20:19.212016,0 days 00:15:03.192334,0.2,0.0226739865237804,0.0017018418817029,7.784308433532715,8.664786338806152,7.758371353149414,204.92529909954152,31.691566966819497,24.760906900177684,44.49204155974459,25.82175244053621,"[0.05808713069604406, 0.9729477611940298, 0.06236323851203501, 0.048921620199894794, 0.05663615560640732, 0.038180341186027617, 0.906832298136646, 0.9821905609973286, 0.07211538461538461, 0.04565916398713826, 0.07184241019698726, 0.0398989898989899, 0.03827519379844961, 0.0725767169995129]","[0.9973262032085561, 0.164804469273743, 0.9525581395348838, 0.14777708202880402, 0.9436170212765957, 0.07295029051000645, 0.0938177874186551, 0.9974025974025974, 0.15544041450777202, 0.9137529137529138, 0.26868327402135234, 0.3971119133574007, 0.07680722891566265, 0.04683648315529992]","[0.02983362019506598, 0.9604190919674039, 0.9964381121994658, 0.981675392670157, 0.03542673107890499, 0.05730223123732252, 0.04734945959855893, 0.047388781431334626, 0.04400538841490795, 0.039978390059427334, 0.02961135101789019, 0.04263736263736264, 0.04476190476190476]",75.23909309982231,55.50795844025541,74.17824755946378,24.20746612548828,7.784308433532715,8.664786338806152,7.758371353149414,10709.66064453125,5276.23779296875,1787.73095703125,3645.69189453125,10685.453369140623,5268.45361328125,1779.066162109375,3637.93359375,,COMPLETE,False,,,
sv_mean,10,22.559490203857425,2026-10-06 23:05:16.019868,2026-10-06 23:20:23.647328,0 days 00:15:07.627460,0.1,0.0059874749104614,0.0024428866967349,7.974841594696045,6.202040195465088,8.382608413696289,123.14673797909296,58.95108734030234,48.34661537425304,86.4678064896077,42.038840157046295,"[0.06673407482305359, 0.07564469914040114, 0.9858989424206815, 0.9332627118644068, 0.9002557544757033, 0.06431535269709543, 0.9411157024793388, 0.9946571682991986, 0.10195360195360195, 0.05567805953693495, 0.45389563974267333, 0.9090909090909091, 0.219248291571754, 0.06677524429967427]","[0.9973262032085561, 0.9960159362549801, 0.986046511627907, 0.9462102689486552, 0.9741379310344828, 0.946843853820598, 0.9259868421052632, 0.9974025974025974, 0.9710444674250258, 0.9825174825174825, 0.9355716878402904, 0.9665391969407265, 0.28672086720867207, 0.19312906220984216]","[0.03350083752093802, 0.9906868451688009, 0.9973285841495992, 0.9855832241153342, 0.041893362350380846, 0.041827187671986794, 0.9722814498933902, 0.449521002210759, 0.041370106761565835, 0.043153049482163405, 0.03468208092485549, 0.785935085007728, 0.047286405158516925]",51.65338462574696,13.532193510392304,57.961159842953705,22.559490203857425,7.974841594696045,6.202040195465088,8.382608413696289,28342.03515625,9941.525390625,10050.31640625,8350.193359375,28319.4755859375,9933.55078125,10044.1142578125,8341.810546875,,COMPLETE,False,,,
sv_mean,11,47.03648090362549,2026-10-06 23:05:16.020051,2026-10-06 23:21:34.530820,0 days 00:16:18.510769,0.1,0.0003247673570627,0.0043625993625605,20.07713890075684,9.10417652130127,17.855165481567383,144.61037348717252,51.796542170942494,45.95618325035532,60.82873073051466,48.60471253195749,"[0.26040268456375837, 0.2842767295597484, 0.3185483870967742, 0.8460721868365181, 0.47093023255813954, 0.6982097186700768, 0.3585155732273029, 0.9955476402493322, 0.31085420680796405, 0.25868725868725867, 0.40054869684499317, 0.6676197283774125, 0.3194523673702225, 0.2442002442002442]","[0.9973262032085561, 0.9349112426035503, 0.25059952038369304, 0.2524271844660194, 0.7300743889479278, 0.2058096415327565, 0.7686453576864536, 0.9948051948051948, 0.22195416164053075, 0.9064665127020786, 0.17060810810810811, 0.7937147461724415, 0.6297056810403833, 0.658974358974359]","[0.2304635761589404, 0.8327526132404182, 0.9973285841495992, 0.7472527472527473, 0.4746059544658494, 0.27145847871598044, 0.3858695652173913, 0.3957909029192125, 0.6397212543554007, 0.2705187130663165, 0.27022900763358776, 0.5714285714285714, 0.23119266055045873]",54.04381674964469,39.17126926948534,51.39528746804251,47.03648090362549,20.07713890075684,9.10417652130127,17.855165481567383,110199.59375,36886.66796875,47477.8828125,25835.04296875,110152.5546875,36866.58984375,47468.77734375,25817.1875,,COMPLETE,False,,,
sv_mean,12,33.03254318237305,2026-10-06 23:05:16.020234,2026-10-06 23:24:35.150320,0 days 00:19:19.130086,0.8,0.0788671412999049,0.0363926434536779,8.593687057495117,15.43885612487793,9.0,284.723524935667,5.092158354777671,3.0942583275788715,8.727297296669354,3.4549194400847867,"[0.02916274694261524, 0.027346177750155375, 0.10462776659959759, 0.02877697841726619, 0.022332506203473945, 0.03330161750713606, 0.018469656992084433, 0.029450261780104712, 0.014873140857392825, 0.013793103448275862, 0.04032766225582861, 0.027872582480091012, 0.019888129272840272, 0.02297383535417996]","[0.16181448882870683, 0.03269586674892042, 0.025153374233128835, 0.004914004914004914, 0.004329004329004329, 0.020657995409334353, 0.02465233881163085, 0.8359173126614987, 0.004140786749482402, 0.0034965034965034965, 0.024219247928616953, 0.027794561933534745, 0.030087527352297593, 0.021948608137044967]","[0.011955593509820665, 0.07789678675754626, 0.2526690391459075, 0.002621231979030144, 0.0024479804161566705, 0.014358108108108109, 0.02145922746781116, 0.0243161094224924, 0.006230529595015576, 0.0028116213683223993, 0.013461538461538462, 0.00547302580140735, 0.013438735177865613]",96.90574167242112,91.27270270333064,96.54508055991522,33.03254318237305,8.593687057495117,15.43885612487793,9.0,335888.3125,114480.1953125,144203.78125,77204.3359375,335855.28125,114471.6015625,144188.34375,77195.3359375,,COMPLETE,False,,,
sv_mean,13,49.72705173492432,2026-10-06 23:05:16.020430,2026-10-06 23:24:52.674432,0 days 00:19:36.654002,0.7000000000000001,0.0001963434157293,0.0006639623079859,19.75991439819336,14.955986976623535,15.011150360107422,153.72550880573624,48.75816373142124,43.01818966344255,57.3944040684064,45.8618974624148,"[0.26365475387727577, 0.29260450160771706, 0.30016863406408095, 0.8434959349593496, 0.4297520661157025, 0.5570588235294117, 0.3237364043506078, 0.9955476402493322, 0.3107307439104674, 0.26687354538401864, 0.42699724517906334, 0.4877126654064272, 0.27262931034482757, 0.25158428390367554]","[0.9973262032085561, 0.743073047858942, 0.30103359173126615, 0.2721758908263836, 0.3836265223274696, 0.30264900662251654, 0.6867732558139535, 0.9909208819714657, 0.2719352831362788, 0.8415730337078652, 0.26150121065375304, 0.7993579454253612, 0.587248322147651, 0.5960223741454319]","[0.22254127781765973, 0.8602771362586605, 0.9973285841495992, 0.5923984272608126, 0.36762360446570974, 0.2711081794195251, 0.35079575596816975, 0.42108938547486036, 0.5267857142857143, 0.25781792911744267, 0.3027823240589198, 0.556693489392831, 0.2348048624440179]",56.98181033655745,42.6055959315936,54.138102537585205,49.72705173492432,19.75991439819336,14.955986976623535,15.011150360107422,3725.599182128906,954.3970947265624,2088.07568359375,683.1264038085938,3675.8720703125,934.63720703125,2073.11962890625,668.115234375,,COMPLETE,False,,,
sv_mean,14,55.90959453582764,2026-10-06 23:05:16.020614,2026-10-06 23:24:52.682872,0 days 00:19:36.662258,0.5,0.0002323350351539,0.0015415527060141,24.7385311126709,14.870936393737791,16.300127029418945,150.3710877434803,49.87630408550657,43.87867870179146,58.64406287801034,47.10617067671791,"[0.2642384105960265, 0.2878787878787879, 0.3083956774729842, 0.8507157464212679, 0.39950576606260296, 0.645625, 0.3333333333333333, 0.9964381121994658, 0.3093385214007782, 0.25577812018489987, 0.4208683473389356, 0.5359435173299102, 0.292436974789916, 0.24251870324189526]","[0.9973262032085561, 0.8385321100917431, 0.2999357739242132, 0.2593774940143655, 0.4660471765546819, 0.2326007326007326, 0.7137518684603886, 0.9909208819714657, 0.26779026217228463, 0.8715909090909091, 0.2474596533173939, 0.7962813257881972, 0.6050700466977985, 0.6234843650287173]","[0.2214484679665738, 0.8642691415313225, 0.9973285841495992, 0.6212319790301442, 0.42013311148086524, 0.2837022132796781, 0.3617021276595745, 0.41164241164241167, 0.5805592543275633, 0.27408412483039346, 0.2979559748427673, 0.5416058394160584, 0.24813895781637718]",56.12132129820854,41.35593712198966,52.89382932328209,55.90959453582764,24.7385311126709,14.870936393737791,16.300127029418945,7885.835388183594,4100.712890625,816.9452514648438,2968.17724609375,7829.925903320312,4075.974365234375,802.0743408203125,2951.877197265625,,COMPLETE,False,,,
sv_mean,15,21.96082592010498,2026-10-06 23:24:52.684047,2026-10-06 23:26:42.762041,0 days 00:01:50.077994,0.8,0.0045457151756061,0.0034379621616415,7.730506896972656,5.641616821289063,8.588702201843262,126.19917396071358,57.93360867976214,42.00325426690208,95.40689503261112,36.390676739773234,"[0.07479861910241657, 0.07081667618503712, 0.9882491186839013, 0.9268547544409613, 0.058584686774941996, 0.07241523650062788, 0.9759162303664921, 0.9964381121994658, 0.11226993865030675, 0.05543237250554324, 0.4357501794687724, 0.9547325102880658, 0.0897560975609756, 0.06844106463878327]","[0.9973262032085561, 0.9970119521912351, 0.9944186046511628, 0.9705159705159705, 0.9869848156182213, 0.9766666666666667, 0.9679012345679012, 0.9974025974025974, 0.9803516028955532, 0.9883449883449883, 0.9718181818181818, 0.9817483189241114, 0.6572008113590264, 0.889273356401384]","[0.03051643192488263, 0.9953434225844005, 0.9973285841495992, 0.9842726081258192, 0.04187058183795541, 0.041531823085221145, 0.9787007454739084, 0.4288905435591958, 0.04413731609451627, 0.05382775119617225, 0.04241338112305854, 0.04754601226993865, 0.0444087747458534]",57.99674573309792,4.593104967388882,63.609323260226766,21.96082592010498,7.730506896972656,5.641616821289063,8.588702201843262,66795.15625,22793.30078125,27741.638671875,16260.216796875,66773.1943359375,22785.5703125,27735.99609375,16251.6279296875,,COMPLETE,False,,,
sv_mean,16,23.774313926696777,2026-10-06 23:26:42.768061,2026-10-06 23:28:27.415074,0 days 00:01:44.647013,0.1,0.00551960260983,0.000148307946076,8.067997932434082,7.740903377532959,7.965412616729736,180.13691468230627,39.954361772564575,29.91305967213414,56.27368609889925,33.676339546660344,"[0.06696878147029205, 0.23270055113288426, 0.9623971797884842, 0.4155571128241065, 0.068, 0.06680161943319839, 0.7674841053587648, 0.9919857524487978, 0.09951749095295537, 0.052827843380981974, 0.251472320376914, 0.0823199251637044, 0.06016042780748663, 0.06963524396020843]","[0.9973262032085561, 0.3355869698832207, 0.9628252788104089, 0.1682723185613359, 0.7504230118443317, 0.21092278719397364, 0.1590909090909091, 0.9974025974025974, 0.926954732510288, 0.9731934731934732, 0.1936108422071636, 0.8810572687224669, 0.19497487437185929, 0.12667478684531058]","[0.042522694696607743, 0.1977681339119653, 0.9973285841495992, 0.9534282018111255, 0.04369197160021846, 0.04974874371859297, 0.935856992639327, 0.5111275964391692, 0.04479638009049774, 0.09546258102533883, 0.04919908466819222, 0.042077922077922075, 0.41491525423728814]",70.08694032786586,43.72631390110075,66.32366045333966,23.774313926696777,8.067997932434082,7.740903377532959,7.965412616729736,18772.86279296875,6398.97705078125,8117.5654296875,4256.3203125,18749.0888671875,6390.9091796875,8109.82470703125,4248.35498046875,,COMPLETE,False,,,
sv_mean,17,30.053685188293457,2026-10-06 23:28:27.428179,2026-10-06 23:29:59.795133,0 days 00:01:32.366954,0.1,0.027334078172079,0.0165908381882317,8.561479568481445,13.167543411254885,8.324662208557129,193.0951332478132,35.63495558406226,28.124743678078413,52.80129615680976,25.97882691729861,"[0.06506024096385542, 0.9450139794967382, 0.7755581668625147, 0.2920502092050209, 0.04563835932986713, 0.031588873173031586, 0.38301282051282054, 0.9839715048975958, 0.08353658536585366, 0.04888888888888889, 0.12737752161383284, 0.042744063324538256, 0.04351727231942575, 0.06950562897699461]","[0.9777183600713012, 0.9044776119402985, 0.8737233054781801, 0.209140201394268, 0.9093851132686084, 0.2738001573564123, 0.562125748502994, 0.2312, 0.8757763975155279, 0.8963911525029103, 0.17902350813743217, 0.3360058309037901, 0.12348922753547031, 0.03992484734617191]","[0.03278688524590164, 0.9790454016298021, 0.9946571682991986, 0.9855832241153342, 0.03492745835572273, 0.05303030303030303, 0.04791344667697063, 0.04666990763247448, 0.04367699339766379, 0.038285714285714284, 0.032397408207343416, 0.04256252742430891, 0.045711060948081264]",71.87525632192158,47.19870384319024,74.0211730827014,30.053685188293457,8.561479568481445,13.167543411254885,8.324662208557129,286228.65234375,94600.140625,126741.3671875,64887.14453125,286198.6015625,94591.578125,126728.203125,64878.8203125,,COMPLETE,False,,,
sv_mean,18,22.898149013519287,2026-10-06 23:29:59.800275,2026-10-06 23:31:32.266650,0 days 00:01:32.466375,0.8,0.004379275074517,0.0003824273301951,7.702155590057373,7.19469165802002,8.001301765441895,164.47826699763738,45.17391100078754,40.019598577471626,63.66681028705007,31.83532413784092,"[0.06836616454229433, 0.7475806451612903, 0.9776733254994124, 0.8097014925373134, 0.06624055781522371, 0.0719111969111969, 0.9408766564729868, 0.9946571682991986, 0.10267314702308628, 0.054665930425179456, 0.49924357034795763, 0.07727903748264692, 0.06867845993756504, 0.12319644839067703]","[0.9973262032085561, 0.9920318725099602, 0.9869767441860465, 0.1835278858625162, 0.7601031814273431, 0.2511385816525699, 0.20432321152856409, 0.9961038961038962, 0.956745623069001, 0.9801864801864801, 0.2029268292682927, 0.9640151515151515, 0.259927797833935, 0.17801998183469572]","[0.02732919254658385, 0.9790454016298021, 0.9973285841495992, 0.9686274509803922, 0.044101433296582136, 0.05091649694501019, 0.05621454357916452, 0.4717832957110609, 0.04159212880143113, 0.07396271797955502, 0.06097560975609756, 0.046236559139784944, 0.3204787234042553]",59.98040142252837,36.33318971294993,68.16467586215907,22.898149013519287,7.702155590057373,7.19469165802002,8.001301765441895,6148.0404052734375,1930.614501953125,3000.5087890625,1216.9171142578125,6125.142333984375,1922.912353515625,2993.314208984375,1208.915771484375,,COMPLETE,False,,,
sv_mean,19,22.28185749053955,2026-10-06 23:31:32.278658,2026-10-06 23:33:08.022020,0 days 00:01:35.743362,0.6,0.0125261653910817,0.0098386251932902,7.604154109954834,6.185719013214111,8.491984367370605,130.66775239810346,56.44408253396551,40.52844312351364,94.77394677556282,34.029857702820095,"[0.07660818713450293, 0.9869402985074627, 0.9894242068155111, 0.9757442116868799, 0.194141689373297, 0.04424778761061947, 0.9682539682539683, 0.9946571682991986, 0.08891595615103533, 0.06134969325153374, 0.0774971297359357, 0.06837999082147775, 0.07423580786026202, 0.07358594179022515]","[0.9973262032085561, 0.9920318725099602, 0.9832558139534884, 0.9437652811735942, 0.9848320693391116, 0.9443207126948775, 0.928395061728395, 0.9974025974025974, 0.9720496894409938, 0.9778554778554779, 0.9364791288566243, 0.9509615384615384, 0.8888006354249405, 0.7708764665286404]","[0.04176904176904177, 0.9941792782305006, 0.9973285841495992, 0.9868938401048493, 0.04198473282442748, 0.045064377682403435, 0.9606801275239107, 0.11811997526283241, 0.04937163375224417, 0.049019607843137254, 0.04107142857142857, 0.04980276134122288, 0.04859611231101512]",59.47155687648636,5.22605322443718,65.9701422971799,22.28185749053955,7.604154109954834,6.185719013214111,8.491984367370605,257855.98046875,83363.53125,116600.9453125,57891.50390625,257833.69921875,83355.9296875,116594.7578125,57883.01171875,,COMPLETE,False,,,
sv_mean,20,28.781688690185547,2026-10-06 23:33:08.031609,2026-10-06 23:34:42.222532,0 days 00:01:34.190923,0.6,0.0287075290692972,0.0110938622673075,8.799372673034668,11.474078178405762,8.508237838745117,192.5804175613477,35.80652747955076,29.543207086257123,59.22144205892575,18.654933293469416,"[0.054, 0.9598880597014925, 0.982373678025852, 0.21782890007189074, 0.05456852791878172, 0.03682983682983683, 0.43464314354450684, 0.98753339269813, 0.08226691042047532, 0.050473186119873815, 0.11426844014510278, 0.03962460896767466, 0.04420866489832007, 0.07754164273406089]","[0.9910873440285205, 0.9552238805970149, 0.9330232558139535, 0.21411947245927077, 0.9384449244060475, 0.8021978021978022, 0.08421052631578947, 0.9948051948051948, 0.9037267080745341, 0.9079254079254079, 0.26653944020356235, 0.22607578676942838, 0.035842293906810034, 0.037779850746268655]","[0.03356890459363958, 0.989522700814901, 0.9964381121994658, 0.023591087811271297, 0.03875, 0.05116514690982776, 0.0495611770779556, 0.046511627906976744, 0.04445442299057027, 0.036013400335008376, 0.03772455089820359, 0.03824175824175824, 0.03959843837144451]",70.45679291374287,40.77855794107425,81.34506670653059,28.781688690185547,8.799372673034668,11.474078178405762,8.508237838745117,264209.421875,85862.734375,118844.7265625,59501.9609375,264180.640625,85853.9375,118833.25,59493.453125,,COMPLETE,False,,,
sv_mean,21,21.98329973220825,2026-10-06 23:34:42.229114,2026-10-06 23:36:17.954065,0 days 00:01:35.724951,0.3,0.0048426141672171,0.0030284997451469,7.95932674407959,5.698122501373291,8.325850486755371,121.35436329423877,59.54854556858709,41.6941743789647,94.42330849096156,42.52815383583498,"[0.07049763033175356, 0.0684931506849315, 0.981198589894242, 0.9272918861959958, 0.0728744939271255, 0.06955435235318617, 0.9634273772204807, 0.9955476402493322, 0.10838946723821188, 0.055893746541228556, 0.45827338129496403, 0.9376538146021329, 0.06066093254866455, 0.0674279499728113]","[0.9973262032085561, 0.9970119521912351, 0.9897674418604652, 0.9583333333333334, 0.9837486457204767, 0.9556048834628191, 0.9539473684210527, 0.9974025974025974, 0.9762150982419855, 0.9883449883449883, 0.9520795660036167, 0.9760076775431862, 0.6359353970390309, 0.8575380359612724]","[0.03353828954723309, 0.9941792782305006, 0.9973285841495992, 0.9855832241153342, 0.04456521739130435, 0.041442411194833155, 0.976545842217484, 0.4442815249266862, 0.04181494661921708, 0.053386911595866816, 0.03653506187389511, 0.8343701399688958, 0.04508856682769726]",58.3058256210353,5.57669150903844,57.47184616416502,21.98329973220825,7.95932674407959,5.698122501373291,8.325850486755371,49466.24609375,17164.21484375,19799.271484375,12502.759765625,49444.263671875,17156.255859375,19793.57421875,12494.43359375,,COMPLETE,False,,,
sv_mean,22,20.28528928756714,2026-10-06 23:36:17.958500,2026-10-06 23:37:51.395186,0 days 00:01:33.436686,0.4,0.0047895128069184,0.0120396124849262,7.247748851776123,4.63719654083252,8.400343894958496,97.33294274642373,67.55568575119209,62.25332339054016,97.7967509099755,42.61698295306061,"[0.07621247113163972, 0.9841860465116279, 0.9929494712103408, 0.9746974697469747, 0.8584070796460177, 0.9007529089664613, 0.9820295983086681, 0.9964381121994658, 0.14593908629441624, 0.055279159756771695, 0.4345696291112666, 0.9316872427983539, 0.3164128595600677, 0.0659041394335512]","[0.9973262032085561, 0.99800796812749, 0.9934883720930232, 0.9791154791154791, 0.9880694143167028, 0.979933110367893, 0.9728395061728395, 0.9974025974025974, 0.9855072463768116, 0.9906759906759907, 0.9763851044504995, 0.9826923076923076, 0.9483717235901509, 0.9017301038062284]","[0.0348314606741573, 0.9953434225844005, 0.9973285841495992, 0.9868938401048493, 0.042437431991294884, 0.03983005841741901, 0.983957219251337, 0.4355426074289876, 0.04685408299866131, 0.040993071593533485, 0.03511801957397812, 0.8583657587548638, 0.04271222637479979]",37.74667660945984,2.2032490900244994,57.383017046939386,20.28528928756714,7.247748851776123,4.63719654083252,8.400343894958496,268706.69140625,87446.1640625,120345.9609375,60914.56640625,268686.40234375,87438.9140625,120341.3203125,60906.16796875,,COMPLETE,False,,,
sv_mean,23,20.80896043777465,2026-10-06 23:37:51.406316,2026-10-06 23:39:29.882331,0 days 00:01:38.476015,0.5,0.0027479301682186,0.0197981301536568,8.382673263549805,4.8520097732543945,7.574277400970459,107.72069178480923,64.09310273839692,52.92872728447116,89.94800907321954,49.402571857500064,"[0.07114170969592656, 0.06416808631459398, 0.9788484136310224, 0.9757709251101322, 0.7647783251231527, 0.8801369863013698, 0.9788583509513742, 0.9964381121994658, 0.07341907824222937, 0.07766990291262135, 0.457325746799431, 0.9424342105263158, 0.09242819843342037, 0.05660377358490566]","[0.9973262032085561, 0.99800796812749, 0.9944186046511628, 0.9477521263669502, 0.9880694143167028, 0.9810479375696767, 0.9769547325102881, 0.9974025974025974, 0.5760598503740648, 0.9906759906759907, 0.27513880320789635, 0.9884615384615385, 0.9547619047619048, 0.9266435986159169]","[0.04202157864849517, 0.9953434225844005, 0.9973285841495992, 0.9855832241153342, 0.04288816503800217, 0.05113336847654191, 0.9797441364605544, 0.4390065741417093, 0.884493670886076, 0.05141536683997689, 0.06451612903225806, 0.8483699772554966, 0.040490143846563666]",47.07127271552884,10.051990926780462,50.597428142499936,20.80896043777465,8.382673263549805,4.8520097732543945,7.574277400970459,296132.9296875,98537.875,130318.46875,67276.5859375,296112.1171875,98529.4921875,130313.6171875,67269.0078125,,COMPLETE,False,,,
sv_mean,24,21.74209499359131,2026-10-06 23:39:29.888280,2026-10-06 23:41:03.200445,0 days 00:01:33.312165,0.4,0.0020236858405595,0.0387939688339196,9.597801208496094,4.659146308898926,7.485147476196289,113.64230175139826,62.1192327495339,51.61383027193918,85.28149807381713,49.462369902845424,"[0.06453455168475157, 0.058923512747875356, 0.9789227166276346, 0.9713340683572216, 0.6736725663716814, 0.8813096862210096, 0.9787910922587487, 0.9964381121994658, 0.09541577825159915, 0.04521276595744681, 0.43397573162027125, 0.9359079704190633, 0.05615109749872384, 0.055346587855991405]","[0.9973262032085561, 0.99800796812749, 0.9925581395348837, 0.6779661016949152, 0.9869848156182213, 0.9821627647714605, 0.9761316872427983, 0.9974025974025974, 0.2475, 0.9906759906759907, 0.23688969258589512, 0.9884615384615385, 0.9476190476190476, 0.9197231833910035]","[0.05025699600228441, 0.9941792782305006, 0.9973285841495992, 0.9855832241153342, 0.04065040650406504, 0.0583637311099531, 0.9515789473684211, 0.4467153284671533, 0.896414342629482, 0.05577918343875791, 0.06856796116504854, 0.83993783993784, 0.044752264251465106]",48.38616972806082,14.718501926182867,50.537630097154576,21.74209499359131,9.597801208496094,4.659146308898926,7.485147476196289,340629.078125,116327.234375,145821.078125,78480.765625,340607.3359375,116317.6328125,145816.421875,78473.28125,,COMPLETE,False,,,
sv_mean,25,57.790409088134766,2026-10-06 23:41:03.211190,2026-10-06 23:42:49.576064,0 days 00:01:46.364874,0.5,0.0004192613891053,0.0494635152403106,24.9405574798584,17.371667861938477,15.47818374633789,138.6203669396379,53.7932110201207,50.54603519923607,59.87852016063313,50.9550777004929,"[0.2985179957657022, 0.3138047138047138, 0.30177514792899407, 0.7275574112734864, 0.29958847736625516, 0.7384615384615385, 0.7841584158415842, 0.9352836879432624, 0.3214521452145215, 0.2860576923076923, 0.34366391184573003, 0.841552142279709, 0.6051502145922747, 0.2794214332675871]","[0.8247863247863247, 0.861271676300578, 0.29595827900912647, 0.26245847176079734, 0.7393117831074035, 0.6782868525896414, 0.868959868959869, 0.3590163934426229, 0.2739816031537451, 0.8947368421052632, 0.24025157232704403, 0.6742596810933941, 0.6794682422451994, 0.7302452316076294]","[0.26323529411764707, 0.79041248606466, 0.7882249560632689, 0.5861182519280206, 0.6492027334851936, 0.2881236823612087, 0.755223880597015, 0.319060773480663, 0.8144654088050315, 0.2766884531590414, 0.24328722538649308, 0.6158273381294964, 0.2342896174863388]",49.45396480076393,40.12147983936687,49.0449222995071,57.790409088134766,24.9405574798584,17.371667861938477,15.47818374633789,360352.734375,123781.578125,152594.625,83976.53125,360294.9453125,123756.640625,152577.25,83961.0546875,,COMPLETE,False,,,
sv_mean,26,21.975759029388428,2026-10-06 23:42:49.582682,2026-10-06 23:44:20.220882,0 days 00:01:30.638200,0.3,0.0023454171688829,0.0193329081283065,8.323668479919434,5.093055248260498,8.559035301208496,122.57063964843424,59.14312011718858,51.34538190107103,88.6467123409469,37.43726610954781,"[0.06342857142857143, 0.06012478729438457, 0.9800469483568075, 0.9596949891067538, 0.6793296089385474, 0.8786639400136332, 0.9756613756613757, 0.9964381121994658, 0.06815761448349308, 0.04542418169672679, 0.4363124560168895, 0.9251644736842105, 0.06455981941309255, 0.055346587855991405]","[0.9973262032085561, 0.99800796812749, 0.9944186046511628, 0.8391061452513966, 0.9880694143167028, 0.9777034559643255, 0.9761316872427983, 0.9974025974025974, 0.5504807692307693, 0.9895104895104895, 0.2429555416405761, 0.9884615384615385, 0.949166004765687, 0.9217993079584775]","[0.04436860068259386, 0.9930151338766007, 0.9973285841495992, 0.9855832241153342, 0.040584415584415584, 0.057733050847457626, 0.9703703703703703, 0.43541364296081275, 0.09158186864014801, 0.05943450663589152, 0.06815440289505428, 0.08116591928251121, 0.04211087420042644]",48.65461809892897,11.353287659053096,62.562733890452186,21.975759029388428,8.323668479919434,5.093055248260498,8.559035301208496,294764.0625,97995.2578125,129824.03125,66944.7734375,294742.0859375,97986.9375,129818.9375,66936.2109375,,COMPLETE,False,,,
sv_mean,27,19.73897767066956,2026-10-06 23:44:20.227056,2026-10-06 23:45:59.095072,0 days 00:01:38.868016,0.7000000000000001,0.0045178843420741,0.0461078702006913,7.757450103759766,3.8610146045684814,8.120512962341309,97.74049195064975,67.41983601645009,60.05071968720184,98.18182031693638,44.02696804521204,"[0.07443739180611655, 0.9750922509225092, 0.9929494712103408, 0.9779005524861878, 0.8464467005076142, 0.9116438356164384, 0.9809523809523809, 0.9964381121994658, 0.15038071065989847, 0.05329780146568954, 0.10414201183431952, 0.9555555555555556, 0.32783153101878204, 0.060032449972958354]","[0.9973262032085561, 0.99800796812749, 0.9953488372093023, 0.9754299754299754, 0.9880694143167028, 0.9821627647714605, 0.974485596707819, 0.9974025974025974, 0.9906832298136646, 0.9906759906759907, 0.9827586206896551, 0.9855769230769231, 0.9601910828025477, 0.9273356401384083]","[0.030542986425339366, 0.9953434225844005, 0.9973285841495992, 0.9855832241153342, 0.041961852861035424, 0.04123173277661795, 0.983957219251337, 0.43923865300146414, 0.934199837530463, 0.04130308318789994, 0.03850710900473934, 0.15212981744421908, 0.04217832354511479]",39.949280312798166,1.8181796830636188,55.97303195478796,19.73897767066956,7.757450103759766,3.8610146045684814,8.120512962341309,354366.96875,121546.6171875,150525.734375,82294.6171875,354347.234375,121538.859375,150521.875,82286.5,,COMPLETE,False,,,
sv_mean,28,29.78033399581909,2026-10-06 23:45:59.099750,2026-10-06 23:47:34.857405,0 days 00:01:35.757655,0.8,0.0006682311415011,0.0402790332745588,12.924211502075195,7.078609943389893,9.777512550354004,118.96938398196905,60.34353867267699,55.250131943490935,72.66120301981732,53.11928105472272,"[0.3036611629576454, 0.3208053691275168, 0.30319148936170215, 0.88, 0.3972911963882618, 0.83166999334664, 0.8682877406281662, 0.9893143365983972, 0.3161953727506427, 0.28641171684296174, 0.3686411149825784, 0.8887980376124285, 0.7092846270928462, 0.2714663143989432]","[0.9964349376114082, 0.9830677290836654, 0.3280943025540275, 0.26591760299625467, 0.9310344827586207, 0.8737541528239202, 0.9522633744855967, 0.7661748013620885, 0.23635272945410918, 0.9836829836829837, 0.22981732469063051, 0.9061662198391421, 0.8289992119779354, 0.8908085694540429]","[0.24104477611940298, 0.830034924330617, 0.8824577025823687, 0.5942408376963351, 0.6743902439024391, 0.2613556953179595, 0.837948717948718, 0.3592375366568915, 0.8449675324675324, 0.259927797833935, 0.22937293729372937, 0.6614173228346457, 0.22911051212938005]",44.749868056509065,27.33879698018268,46.88071894527728,29.78033399581909,12.924211502075195,7.078609943389893,9.777512550354004,343559.8828125,117429.953125,146814.640625,79315.2890625,343530.1015625,117417.03125,146807.5625,79305.5078125,,COMPLETE,False,,,
sv_mean,29,26.62579345703125,2026-10-06 23:47:34.861543,2026-10-06 23:49:24.389096,0 days 00:01:49.527553,0.6,0.0153702537643905,0.0362469321426077,8.137600898742676,9.740631103515623,8.74756145477295,121.53496406125949,59.48834531291351,52.43279611021636,92.71865602642586,33.31358380209831,"[0.0667070952092177, 0.980410447761194, 0.9894242068155111, 0.956858407079646, 0.9159120310478654, 0.04684317718940937, 0.951271186440678, 0.9919857524487978, 0.1434010152284264, 0.06341189674523008, 0.2643290627107215, 0.6218905472636815, 0.2772675086107922, 0.07087912087912088]","[0.9973262032085561, 0.9830677290836654, 0.9693023255813954, 0.9245742092457421, 0.9739696312364425, 0.920935412026726, 0.908641975308642, 0.9974025974025974, 0.9585921325051759, 0.972027972027972, 0.8922101449275363, 0.9173076923076923, 0.8435266084193804, 0.7217272104180946]","[0.029542920847268672, 0.9918509895227008, 0.9964381121994658, 0.9855832241153342, 0.04207650273224044, 0.043243243243243246, 0.9701173959445037, 0.04219409282700422, 0.056108597285067875, 0.04737146158290006, 0.032123735871505056, 0.047240618101545256, 0.046875]",47.56720388978364,7.281343973574138,66.68641619790169,26.62579345703125,8.137600898742676,9.740631103515623,8.74756145477295,335595.0859375,114373.8515625,144089.59375,77131.640625,335568.4609375,114365.7109375,144079.859375,77122.890625,,COMPLETE,False,,,
sv_mean,30,19.78885078430176,2026-10-06 23:49:24.397449,2026-10-06 23:50:54.396447,0 days 00:01:29.998998,0.8,0.0029329617329628,0.0361482301511209,7.887682437896728,4.413268089294434,7.487900257110596,104.03667097785215,65.32110967404928,56.465296050762106,90.46995335361837,49.02807961776736,"[0.07114170969592656, 0.06378132118451026, 0.9717978848413631, 0.9790286975717439, 0.7891414141414141, 0.9074708704592186, 0.982010582010582, 0.9964381121994658, 0.1800356506238859, 0.04924491135915955, 0.43241330502477, 0.9605263157894737, 0.46550689862027594, 0.05660377358490566]","[0.9973262032085561, 0.99800796812749, 0.9953488372093023, 0.9607361963190184, 0.9880694143167028, 0.9832775919732442, 0.9786008230452675, 0.9974025974025974, 0.602177554438861, 0.9906759906759907, 0.28394296342219466, 0.9865384615384616, 0.9673566878980892, 0.9363321799307959]","[0.03452311293153891, 0.9953434225844005, 0.9973285841495992, 0.9829619921363041, 0.04048140043763676, 0.04021164021164021, 0.9755058572949947, 0.42457689477557026, 0.917135961383749, 0.03620178041543027, 0.05190102595051298, 0.8375, 0.03997867803837953]",43.53470394923789,9.530046646381637,50.97192038223264,19.78885078430176,7.887682437896728,4.413268089294434,7.487900257110596,335392.0703125,114295.0078125,144015.296875,77081.765625,335372.2890625,114287.1171875,144010.890625,77074.28125,,COMPLETE,False,,,
sv_mean,31,20.42340040206909,2026-10-06 23:50:54.402564,2026-10-06 23:52:27.345681,0 days 00:01:32.943117,0.9,0.0023847889853312,0.0230504309650507,7.908534526824951,4.885955333709717,7.628910541534424,105.83981805595025,64.7200606480166,52.84309841812156,89.4051958519266,51.91188767400159,"[0.06174957118353345, 0.061861520998864925, 0.9447708578143361, 0.977924944812362, 0.49870801033591733, 0.9069767441860465, 0.982010582010582, 0.9964381121994658, 0.06015037593984962, 0.4095449500554939, 0.4278571428571429, 0.9490550534100246, 0.06438213914849429, 0.05660377358490566]","[0.9973262032085561, 0.99800796812749, 0.9953488372093023, 0.8646441073512252, 0.9880694143167028, 0.9821627647714605, 0.9794238683127572, 0.9974025974025974, 0.5842323651452282, 0.9906759906759907, 0.2576312576312576, 0.9875, 0.9579698651863601, 0.9363321799307959]","[0.03972257250945776, 0.9953434225844005, 0.9973285841495992, 0.9187418086500655, 0.6312576312576312, 0.07540394973070018, 0.9473684210526315, 0.4195230998509687, 0.8462796402289452, 0.045755568934376885, 0.08652575957727873, 0.7062992125984252, 0.038995726495726496]",47.15690158187845,10.594804148073392,48.08811232599841,20.42340040206909,7.908534526824951,4.885955333709717,7.628910541534424,304916.28125,102195.2421875,133542.0,69179.0390625,304895.8515625,102187.3359375,133537.109375,69171.40625,,COMPLETE,False,,,
sv_mean,32,20.291722297668457,2026-10-06 23:52:27.355272,2026-10-06 23:53:59.463985,0 days 00:01:32.108713,0.9,0.0040002534036286,0.034890448824106,7.781155109405518,3.749500751495361,8.761066436767578,96.45141881500084,67.84952706166638,58.50064630011546,98.31231578203322,46.735619102850464,"[0.07303047728579644, 0.30774193548387097, 0.963572267920094, 0.9779005524861878, 0.7194337194337195, 0.910212474297464, 0.9830508474576272, 0.9964381121994658, 0.15101522842639595, 0.46941176470588236, 0.14269535673839184, 0.9530864197530864, 0.4830097087378641, 0.05949161709031909]","[0.9973262032085561, 0.99800796812749, 0.9953488372093023, 0.9815724815724816, 0.9880694143167028, 0.9832775919732442, 0.9786008230452675, 0.9974025974025974, 0.9906832298136646, 0.9906759906759907, 0.9818346957311535, 0.9855769230769231, 0.9617834394904459, 0.9335640138408304]","[0.029218843172331546, 0.9953434225844005, 0.9973285841495992, 0.981651376146789, 0.7802197802197802, 0.03528773072747014, 0.8675213675213675, 0.41964285714285715, 0.0612061206120612, 0.036210018105009054, 0.044430919050517347, 0.7858805275407292, 0.04168893639764832]",41.49935369988454,1.687684217966776,53.264380897149536,20.291722297668457,7.781155109405518,3.749500751495361,8.761066436767578,332796.15625,113274.0078125,143129.609375,76392.5390625,332775.8671875,113266.2265625,143125.859375,76383.78125,,COMPLETE,False,,,
sv_mean,33,19.2021598815918,2026-10-06 23:53:59.469070,2026-10-06 23:55:41.162467,0 days 00:01:41.693397,0.8,0.004093265289916,0.0339767716848549,7.59625768661499,3.725217342376709,7.880684852600098,97.15688293435916,67.6143723552136,55.33894912946644,98.26182519277684,49.24234274339756,"[0.07360552041403105, 0.2935897435897436, 0.982373678025852, 0.9779005524861878, 0.8284250960307298, 0.9069130732375086, 0.9841101694915254, 0.9964381121994658, 0.15101522842639595, 0.049966239027684, 0.15875706214689267, 0.9580246913580247, 0.3263337116912599, 0.06]","[0.9973262032085561, 0.99800796812749, 0.9953488372093023, 0.9778869778869779, 0.9880694143167028, 0.9821627647714605, 0.9777777777777777, 0.9974025974025974, 0.9906832298136646, 0.9906759906759907, 0.9818346957311535, 0.9846153846153847, 0.9633757961783439, 0.9314878892733564]","[0.029462738301559793, 0.9953434225844005, 0.9973285841495992, 0.9842726081258192, 0.04141689373297003, 0.04116094986807388, 0.9786096256684492, 0.43904263275991023, 0.9462102689486552, 0.03983596953719976, 0.04284037558685446, 0.8238021638330757, 0.04217832354511479]",44.66105087053356,1.7381748072231744,50.75765725660244,19.2021598815918,7.59625768661499,3.725217342376709,7.880684852600098,330796.578125,112526.296875,142473.375,75796.90625,330777.3828125,112518.703125,142469.65625,75789.0234375,,COMPLETE,False,,,
sv_mean,34,22.38901901245117,2026-10-06 23:55:41.167481,2026-10-06 23:57:11.282126,0 days 00:01:30.114645,0.7000000000000001,0.0020493053735802,0.0421704254982842,10.887221336364746,4.666140079498291,6.835657596588135,119.991234319351,60.00292189354968,51.64227306302859,85.59236656962119,42.774126047999225,"[0.06453455168475157, 0.058923512747875356, 0.9730679156908665, 0.980110497237569, 0.6135629709364908, 0.9015047879616963, 0.9798515376458112, 0.9964381121994658, 0.06535600425079703, 0.0929112181693049, 0.4416135881104034, 0.942481511914544, 0.06421543241843604, 0.055346587855991405]","[0.9973262032085561, 0.99800796812749, 0.9934883720930232, 0.6739562624254473, 0.9869848156182213, 0.9821627647714605, 0.9777777777777777, 0.9974025974025974, 0.2681528662420382, 0.9906759906759907, 0.23405535499398314, 0.9884615384615385, 0.960222752585521, 0.9342560553633218]","[0.05070754716981132, 0.9953434225844005, 0.9973285841495992, 0.9829619921363041, 0.04488232074438971, 0.0625, 0.07648870636550308, 0.4331864904552129, 0.8977455716586151, 0.052878965922444184, 0.08061538461538462, 0.8412451361867704, 0.044752264251465106]",48.35772693697141,14.407633430378809,57.225873952000775,22.38901901245117,10.887221336364746,4.666140079498291,6.835657596588135,347140.265625,118807.234375,148039.609375,80293.421875,347117.8671875,118796.34375,148034.9375,80286.5859375,,COMPLETE,False,,,
sv_mean,35,21.883909702301025,2026-10-06 23:57:11.292913,2026-10-06 23:58:42.433333,0 days 00:01:31.140420,0.7000000000000001,0.0028245925463235,0.0118843740589959,8.145934104919434,5.441043376922607,8.296932220458984,113.05904489427824,62.31365170190725,53.89212900273124,90.03894547066226,43.00988063232828,"[0.0717154331612163, 0.06367254121660035, 0.9753231492361927, 0.9662676822633297, 0.8379396984924623, 0.9137577002053389, 0.9820485744456178, 0.9964381121994658, 0.11952406706327745, 0.080078125, 0.4442857142857143, 0.9564144736842105, 0.08082901554404145, 0.05660377358490566]","[0.9973262032085561, 0.99800796812749, 0.9953488372093023, 0.9608323133414932, 0.9880694143167028, 0.9821627647714605, 0.9794238683127572, 0.9974025974025974, 0.5647840531561462, 0.9906759906759907, 0.28155940594059403, 0.9875, 0.9494869771112865, 0.9328719723183391]","[0.04531902206320811, 0.9953434225844005, 0.9973285841495992, 0.9842726081258192, 0.041916167664670656, 0.054933333333333334, 0.9704016913319239, 0.4357090374724467, 0.047064096817570594, 0.0599406528189911, 0.06362545018007203, 0.8549618320610687, 0.04046858359957402]",46.10787099726876,9.961054529337744,56.99011936767172,21.883909702301025,8.145934104919434,5.441043376922607,8.296932220458984,267958.7578125,87185.453125,120094.3125,60678.9921875,267936.875,87177.3046875,120088.875,60670.6953125,,COMPLETE,False,,,
sv_mean,36,26.32296466827393,2026-10-06 23:58:42.442543,2026-10-07 00:00:12.779296,0 days 00:01:30.336753,0.8,0.0155851679375027,0.0353259999979696,8.399213790893555,9.743423461914062,8.180327415466309,123.73288519775508,58.75570493408164,50.41131252953489,92.6363401441493,33.219462128560735,"[0.07172251616696061, 0.9757462686567164, 0.9776733254994124, 0.9601769911504425, 0.8809831824062095, 0.04643584521384929, 0.9555555555555556, 0.9902048085485308, 0.14331008243500318, 0.06232453677709152, 0.2652232746955345, 0.3864516129032258, 0.2703471826977803, 0.07142857142857142]","[0.9973262032085561, 0.9840637450199203, 0.9748837209302326, 0.9339045287637698, 0.9739696312364425, 0.9175946547884187, 0.9045267489711935, 0.9974025974025974, 0.9679089026915114, 0.9755244755244755, 0.884963768115942, 0.9298076923076923, 0.839968152866242, 0.6872427983539094]","[0.029328821206993795, 0.9918509895227008, 0.9955476402493322, 0.9868938401048493, 0.0409612233752048, 0.04296455424274973, 0.9605543710021321, 0.03951367781155015, 0.05336951605608322, 0.047398843930635835, 0.0343082114735658, 0.048963387737097484, 0.046875]",49.58868747046511,7.363659855850699,66.78053787143926,26.32296466827393,8.399213790893555,9.743423461914062,8.180327415466309,333733.640625,113629.40625,143445.34375,76658.890625,333707.3125,113621.0078125,143435.59375,76650.7109375,,COMPLETE,False,,,
sv_mean,37,20.63056230545044,2026-10-07 00:00:12.787434,2026-10-07 00:01:50.915840,0 days 00:01:38.128406,0.7000000000000001,0.0070632674873817,0.0331668803276094,7.451265811920166,4.489483833312988,8.689812660217285,107.63023492915224,64.12325502361593,53.94563763068443,97.53786116276665,40.88626627739668,"[0.07890122735242548, 0.9878731343283582, 0.9929494712103408, 0.9789823008849557, 0.9278350515463918, 0.1581745680106336, 0.9809523809523809, 0.9964381121994658, 0.14784263959390864, 0.06426155580608793, 0.06868918145392101, 0.9481481481481482, 0.15120451050743208, 0.07013698630136986]","[0.9973262032085561, 0.99800796812749, 0.9953488372093023, 0.9754299754299754, 0.9880694143167028, 0.979933110367893, 0.9662551440329218, 0.9974025974025974, 0.9865424430641822, 0.9906759906759907, 0.9700272479564033, 0.9807692307692307, 0.9402390438247012, 0.889273356401384]","[0.033821871476888386, 0.9953434225844005, 0.9973285841495992, 0.9855832241153342, 0.042007637752318604, 0.04226859283039058, 0.9765208110992529, 0.44005847953216376, 0.6196581196581197, 0.04524361948955916, 0.040993788819875775, 0.047619047619047616, 0.04876741693461951]",46.05436236931557,2.462138837233354,59.11373372260332,20.63056230545044,7.451265811920166,4.489483833312988,8.689812660217285,329049.734375,111860.9375,141873.546875,75315.25,329029.109375,111853.484375,141869.0625,75306.5625,,COMPLETE,False,,,
sv_mean,38,19.21210646629333,2026-10-07 00:01:50.922956,2026-10-07 00:03:13.004541,0 days 00:01:22.081585,0.8,0.0045794298143925,0.0270935979522104,6.998178005218506,3.878587007522583,8.335341453552246,98.91743418019423,67.02752193993526,59.74944392269032,98.24613900067064,43.0869828964448,"[0.07443739180611655, 0.9869524697110904, 0.9835487661574618, 0.9767955801104973, 0.8324742268041238, 0.9041752224503764, 0.9872881355932204, 0.9964381121994658, 0.14638783269961977, 0.0494579945799458, 0.08446544595392794, 0.9539094650205762, 0.32801822323462415, 0.06057328285559762]","[0.9973262032085561, 0.99800796812749, 0.9953488372093023, 0.9778869778869779, 0.9880694143167028, 0.9832775919732442, 0.9786008230452675, 0.9974025974025974, 0.9906832298136646, 0.9906759906759907, 0.9818346957311535, 0.9865384615384616, 0.9593949044585988, 0.9294117647058824]","[0.03002309468822171, 0.9953434225844005, 0.9973285841495992, 0.9842726081258192, 0.04141689373297003, 0.03987240829346093, 0.9679144385026738, 0.4298310066127847, 0.9470252648736757, 0.03976608187134503, 0.038869257950530034, 0.04639858594785683, 0.043246129204484784]",40.25055607730968,1.753860999329362,56.913017103555205,19.21210646629333,6.998178005218506,3.878587007522583,8.335341453552246,314955.5,106240.640625,137147.265625,71567.59375,314936.2890625,106233.640625,137143.390625,71559.2578125,,COMPLETE,False,,,
sv_mean,39,20.851865768432617,2026-10-07 00:03:13.014450,2026-10-07 00:04:44.395846,0 days 00:01:31.381396,0.8,0.0071370395330512,0.0396551673787432,7.397299289703369,4.7137980461120605,8.740768432617188,104.71950888793958,65.09349703735347,54.694996243944175,97.62935268123684,42.9561421868794,"[0.07890122735242548, 0.9878731343283582, 0.9905992949471211, 0.982281284606866, 0.8578811369509044, 0.16674057649667406, 0.9809322033898306, 0.9964381121994658, 0.14784263959390864, 0.058265582655826556, 0.07286288009179576, 0.9506172839506173, 0.31420454545454546, 0.0718595721338453]","[0.9973262032085561, 0.99800796812749, 0.9953488372093023, 0.972972972972973, 0.9880694143167028, 0.9821627647714605, 0.968724279835391, 0.9974025974025974, 0.9906832298136646, 0.9906759906759907, 0.9700272479564033, 0.9778846153846154, 0.9426294820717132, 0.8961937716262975]","[0.030491247882552232, 0.9953434225844005, 0.9973285841495992, 0.9855832241153342, 0.04143947655398037, 0.04128686327077748, 0.9743863393810032, 0.41994177583697234, 0.9223856209150327, 0.0448642266824085, 0.03795721187025535, 0.04671661524900837, 0.046573875802997856]",45.30500375605583,2.3706473187631616,57.0438578131206,20.851865768432617,7.397299289703369,4.7137980461120605,8.740768432617188,342291.296875,116953.6171875,146390.984375,78946.6953125,342270.4375,116946.21875,146386.265625,78937.953125,,COMPLETE,False,,,
sv_mean,40,21.050528049469,2026-10-07 00:04:44.403514,2026-10-07 00:06:13.865872,0 days 00:01:29.462358,0.7000000000000001,0.0019357495587858,0.0191925303035319,8.465913772583008,5.245697975158691,7.338916301727295,123.42117923085644,58.859606923047856,47.65112400095185,85.5116573532319,43.416039414959805,"[0.06332002281802625, 0.058323895809739526, 0.9753810082063306, 0.9758241758241758, 0.07171314741035857, 0.8843537414965986, 0.9809322033898306, 0.9964381121994658, 0.06067056945183608, 0.10236220472440945, 0.42248603351955305, 0.9532019704433498, 0.07077393075356415, 0.0553763440860215]","[0.9973262032085561, 0.99800796812749, 0.9934883720930232, 0.6883910386965377, 0.9880694143167028, 0.9788182831661093, 0.9794238683127572, 0.9974025974025974, 0.24019912881144992, 0.9906759906759907, 0.2413162705667276, 0.9884615384615385, 0.9564873417721519, 0.9335640138408304]","[0.06253722453841572, 0.9953434225844005, 0.9973285841495992, 0.9829619921363041, 0.06518105849582173, 0.06790450928381962, 0.10523532522474881, 0.43003663003663006, 0.8745035742652899, 0.06607669616519174, 0.10718789407313997, 0.8385335413416537, 0.05125467164975974]",52.34887599904815,14.488342646768103,56.5839605850402,21.050528049469,8.465913772583008,5.245697975158691,7.338916301727295,294285.15625,97816.7578125,129672.96875,66795.4296875,294264.109375,97808.2890625,129667.7265625,66788.09375,,COMPLETE,False,,,
sv_mean,41,21.41545009613037,2026-10-07 00:06:13.871563,2026-10-07 00:07:53.424958,0 days 00:01:39.553395,0.7000000000000001,0.0022711159667923,0.0429929438928485,9.323118209838867,4.687646389007568,7.404685497283935,108.74583129325782,63.75138956891406,52.31853092623327,89.37426844117321,49.5613693393357,"[0.06453455168475157, 0.060158910329171394, 0.982373678025852, 0.9790286975717439, 0.7263157894736842, 0.906721536351166, 0.9798728813559322, 0.9964381121994658, 0.06698564593301436, 0.04551539491298527, 0.4402826855123675, 0.953125, 0.06735751295336788, 0.05588393336915637]","[0.9973262032085561, 0.99800796812749, 0.9953488372093023, 0.8826879271070615, 0.9869848156182213, 0.9821627647714605, 0.9769547325102881, 0.9974025974025974, 0.5684039087947883, 0.9906759906759907, 0.25198291641244663, 0.9884615384615385, 0.9610492845786963, 0.9349480968858132]","[0.04350382128159906, 0.9953434225844005, 0.9973285841495992, 0.9842726081258192, 0.03639326453014666, 0.05329153605015674, 0.9704016913319239, 0.4281524926686217, 0.9121676067687349, 0.04918032786885246, 0.07495429616087751, 0.8574766355140186, 0.04051172707889126]",47.68146907376673,10.625731558826786,50.4386306606643,21.41545009613037,9.323118209838867,4.687646389007568,7.404685497283935,348664.453125,119382.2890625,148564.546875,80717.6171875,348643.0390625,119372.96875,148559.859375,80710.2109375,,COMPLETE,False,,,
sv_mean,42,22.58919143676757,2026-10-07 00:07:53.435294,2026-10-07 00:09:24.792859,0 days 00:01:31.357565,0.4,0.0125183668988585,0.0116341232743424,8.001317024230957,6.209664344787598,8.378210067749023,126.5805994626833,57.80646684577224,45.798453999996745,94.10139549971294,33.51955103760702,"[0.07247223845704266, 0.9860074626865671, 0.9917743830787309, 0.9691969196919692, 0.9406451612903226, 0.06206040546131568, 0.9682539682539683, 0.9946571682991986, 0.08830694275274056, 0.06053811659192825, 0.07873563218390804, 0.07373271889400922, 0.05291479820627803, 0.07248764415156507]","[0.9973262032085561, 0.9900398406374502, 0.9823255813953489, 0.9374233128834356, 0.9783315276273022, 0.9354120267260579, 0.91440329218107, 0.9974025974025974, 0.974120082815735, 0.9778554778554779, 0.9255222524977293, 0.9471153846153846, 0.8691514670896114, 0.747766323024055]","[0.03288740245261984, 0.9941792782305006, 0.9973285841495992, 0.9868938401048493, 0.04143947655398037, 0.04455179817498658, 0.9585547290116897, 0.057076295864880604, 0.05578047683310841, 0.048963133640553, 0.04043452021726011, 0.05093457943925234, 0.04851752021563342]",54.201546000003255,5.898604500287064,66.48044896239298,22.58919143676757,8.001317024230957,6.209664344787598,8.378210067749023,266836.765625,86743.390625,119691.125,60402.25,266814.17578125,86735.390625,119684.9140625,60393.87109375,,COMPLETE,False,,,
sv_mean,43,20.247139930725098,2026-10-07 00:09:24.800673,2026-10-07 00:10:57.841870,0 days 00:01:33.041197,0.9,0.0064217702564725,0.0193538643089032,7.638262748718262,4.388038635253906,8.22083854675293,109.11183171783097,63.62938942738968,59.07720141886264,97.89072243863176,33.92024442467463,"[0.07472270869819031, 0.9906716417910447, 0.9858989424206815, 0.9823008849557522, 0.8229974160206718, 0.8698910081743869, 0.9798728813559322, 0.9964381121994658, 0.14638783269961977, 0.21630901287553647, 0.06497987349051179, 0.9390946502057613, 0.13153961136023917, 0.06970362239297476]","[0.9973262032085561, 0.99800796812749, 0.9953488372093023, 0.9717444717444718, 0.9880694143167028, 0.9765886287625418, 0.9736625514403292, 0.9974025974025974, 0.9917184265010351, 0.9906759906759907, 0.9772933696639419, 0.9778846153846154, 0.9561752988047809, 0.91280276816609]","[0.029256875365710942, 0.9953434225844005, 0.9973285841495992, 0.9842726081258192, 0.03927986906710311, 0.03969957081545064, 0.7133689839572193, 0.39940387481371087, 0.04306864064602961, 0.03864447086801427, 0.03690036900369004, 0.045394446892904367, 0.047670058918050345]",40.92279858113736,2.10927756136823,66.07975557532538,20.247139930725098,7.638262748718262,4.388038635253906,8.22083854675293,294875.4609375,98019.3828125,129845.984375,67010.09375,294855.2109375,98011.7421875,129841.59375,67001.875,,COMPLETE,False,,,
sv_mean,44,19.67320156097412,2026-10-07 00:10:57.846732,2026-10-07 00:12:29.034673,0 days 00:01:31.187941,0.9,0.0055735960196718,0.0166004880494906,7.121497631072998,4.360318660736084,8.191385269165039,105.65298609619026,64.78233796793658,62.62554333950564,98.08330034851885,33.638170215785266,"[0.07383720930232558, 0.9906716417910447, 0.963572267920094, 0.9823594266813671, 0.8298969072164949, 0.8950617283950617, 0.986228813559322, 0.9964381121994658, 0.14638783269961977, 0.5083932853717026, 0.06415538552089464, 0.951440329218107, 0.3124300111982083, 0.06670311645708037]","[0.9973262032085561, 0.99800796812749, 0.9953488372093023, 0.9766584766584766, 0.9880694143167028, 0.9810479375696767, 0.9761316872427983, 0.9974025974025974, 0.9917184265010351, 0.9906759906759907, 0.9754768392370572, 0.9807692307692307, 0.9577689243027888, 0.9252595155709342]","[0.02960331557134399, 0.9953434225844005, 0.9973285841495992, 0.9842726081258192, 0.03927986906710311, 0.04019292604501608, 0.6663101604278074, 0.4137675795706884, 0.04306864064602961, 0.03866745984533016, 0.03423423423423423, 0.045414462081128745, 0.0454788657035848]",37.37445666049436,1.9166996514811672,66.36182978421473,19.67320156097412,7.121497631072998,4.360318660736084,8.191385269165039,286251.78515625,94611.296875,126744.5546875,64895.93359375,286232.109375,94604.171875,126740.1953125,64887.7421875,,COMPLETE,False,,,
sv_mean,45,22.36160993576049,2026-10-07 00:12:29.039493,2026-10-07 00:14:09.110305,0 days 00:01:40.070812,0.9,0.0128823396985556,0.0064553434601832,7.937556743621826,6.221026420593262,8.20302677154541,125.2847848903546,58.238405036548464,49.32372226520057,92.68269312604878,32.70879971839605,"[0.16233766233766234, 0.9888059701492538, 0.9494712103407755, 0.9713340683572216, 0.875, 0.04329608938547486, 0.9788359788359788, 0.9946571682991986, 0.09135200974421437, 0.5714285714285714, 0.06880733944954129, 0.06645279560036664, 0.07383863080684597, 0.06970362239297476]","[0.9973262032085561, 0.9920318725099602, 0.987906976744186, 0.9496932515337423, 0.9859154929577465, 0.9400665926748057, 0.9308641975308642, 0.9974025974025974, 0.9824016563146998, 0.9778554778554779, 0.9382940108892922, 0.9490384615384615, 0.5748987854251012, 0.771881461061337]","[0.025727069351230425, 0.9941792782305006, 0.9973285841495992, 0.9868938401048493, 0.041893362350380846, 0.04478427089022392, 0.7270788912579957, 0.22008547008547008, 0.03604395604395604, 0.046948356807511735, 0.034403669724770644, 0.047074351077870655, 0.04970286331712588]",50.67627773479943,7.317306873951225,67.29120028160395,22.36160993576049,7.937556743621826,6.221026420593262,8.20302677154541,201514.65234375,64989.03125,90099.4609375,46426.16015625,201492.29296875,64981.09375,90093.2421875,46417.95703125,,COMPLETE,False,,,
sv_mean,46,37.48373508453369,2026-10-07 00:14:09.116500,2026-10-07 00:15:38.783132,0 days 00:01:29.666632,0.1,0.0002101803540916,0.0001665791793663,14.811734199523926,10.192585945129396,12.479414939880373,165.29875386637983,44.900415377873394,38.66630454384855,51.58371404548924,44.45122754428239,"[0.2532981530343008, 0.29646017699115046, 0.2861685214626391, 0.8010101010101011, 0.2609299097848716, 0.37799791449426484, 0.27154370737755734, 0.9955476402493322, 0.3064516129032258, 0.23889739663093415, 0.44305555555555554, 0.3793897524467473, 0.23048716605552647, 0.27204502814258913]","[0.9973262032085561, 0.7977839335180056, 0.3042071197411003, 0.24168297455968688, 0.38233310856372216, 0.2629198966408269, 0.4514948139109213, 0.9844559585492227, 0.25816784112748237, 0.8030634573304157, 0.2597799511002445, 0.7757527733755943, 0.3593394077448747, 0.3434125269978402]","[0.21499013806706113, 0.8518518518518519, 0.9973285841495992, 0.7363304981773997, 0.28312412831241285, 0.27570694087403597, 0.313169502205419, 0.4330042313117066, 0.3914336704342653, 0.26715039577836414, 0.282472613458529, 0.47136273864384465, 0.26073428749222155]",61.33369545615145,48.41628595451076,55.54877245571761,37.48373508453369,14.811734199523926,10.192585945129396,12.479414939880373,17304.271240234375,5938.6337890625,7466.90087890625,3898.736572265625,17266.787841796875,5923.822265625,7456.70849609375,3886.257080078125,,COMPLETE,False,,,
sv_mean,47,21.165339946746823,2026-10-07 00:15:38.788543,2026-10-07 00:17:09.025524,0 days 00:01:30.236981,0.9,0.0015036426340692,0.0140341361513682,7.414628028869629,5.86559534072876,7.885116577148437,131.43231719434374,56.18922760188542,48.37453306002412,76.67749532549661,43.51565442013554,"[0.0771909460243761, 0.05260180995475113, 0.5135135135135135, 0.9713971397139713, 0.4204398447606727, 0.8770491803278688, 0.9642105263157895, 0.9964381121994658, 0.09870550161812297, 0.3670212765957447, 0.4185372918175235, 0.8977455716586151, 0.06761078117862038, 0.04997313272434175]","[0.9973262032085561, 0.99800796812749, 0.33399602385685884, 0.22164566345441067, 0.9880694143167028, 0.9766146993318485, 0.974485596707819, 0.9974025974025974, 0.21725826193390452, 0.9906759906759907, 0.23003003003003003, 0.9875, 0.8965773809523809, 0.9252595155709342]","[0.09147609147609148, 0.9254947613504074, 0.9973285841495992, 0.6684141546526867, 0.5775335775335775, 0.14182534471437952, 0.15857988165680473, 0.40754437869822485, 0.7923452768729642, 0.08202880400751408, 0.13283378746594005, 0.6428009441384737, 0.038829487900956666]",51.62546693997588,23.322504674503392,56.48434557986446,21.165339946746823,7.414628028869629,5.86559534072876,7.885116577148437,277146.40234375,90949.0859375,123367.0390625,62830.27734375,277125.234375,90941.671875,123361.171875,62822.390625,,COMPLETE,False,,,
sv_mean,48,20.33949041366577,2026-10-07 00:17:09.030609,2026-10-07 00:18:38.777090,0 days 00:01:29.746481,0.8,0.0057896464697312,0.0309744315646802,7.762824058532715,4.024145603179932,8.552520751953125,99.23690126938196,66.92103291020601,59.58274696173434,98.03016314799822,43.15018862088545,"[0.07482598607888631, 0.9878731343283582, 0.9917743830787309, 0.9789823008849557, 0.8708010335917312, 0.8930774503084304, 0.9798728813559322, 0.9964381121994658, 0.1471147748890298, 0.13062409288824384, 0.06754436176302232, 0.9572016460905349, 0.1987513007284079, 0.06670311645708037]","[0.9973262032085561, 0.99800796812749, 0.9953488372093023, 0.9791154791154791, 0.9880694143167028, 0.9810479375696767, 0.974485596707819, 0.9974025974025974, 0.9906832298136646, 0.9906759906759907, 0.9791099000908265, 0.9826923076923076, 0.9553784860557769, 0.914878892733564]","[0.02894438138479001, 0.9953434225844005, 0.9973285841495992, 0.9855832241153342, 0.04141689373297003, 0.04215581643543223, 0.9733191035218783, 0.4323529411764706, 0.9356153219233904, 0.043478260869565216, 0.03756708407871199, 0.049845610939567714, 0.046573875802997856]",40.417253038265656,1.9698368520017768,56.84981137911455,20.33949041366577,7.762824058532715,4.024145603179932,8.552520751953125,324324.1953125,109966.4921875,140238.171875,74119.53125,324303.84375,109958.7265625,140234.140625,74110.9765625,,COMPLETE,False,,,
sv_mean,49,21.31322717666626,2026-10-07 00:18:38.783830,2026-10-07 00:20:15.176394,0 days 00:01:36.392564,0.8,0.0058222389293763,0.0119213564718835,8.118083000183105,4.706050395965576,8.489093780517578,106.96754107140764,64.34415297619745,52.94786883982171,97.93010717534428,42.15448291342637,"[0.0755813953488372, 0.9878731343283582, 0.9776733254994124, 0.9812775330396476, 0.8326898326898327, 0.08137583892617449, 0.9851851851851852, 0.9964381121994658, 0.14857142857142858, 0.13095238095238096, 0.06750572082379863, 0.9497942386831276, 0.12885572139303483, 0.06892778993435449]","[0.9973262032085561, 0.99800796812749, 0.9953488372093023, 0.9754299754299754, 0.9880694143167028, 0.9810690423162584, 0.9736625514403292, 0.9974025974025974, 0.989648033126294, 0.9906759906759907, 0.9782016348773842, 0.9826923076923076, 0.9554140127388535, 0.9072664359861592]","[0.030303030303030304, 0.9953434225844005, 0.9973285841495992, 0.9842726081258192, 0.04141689373297003, 0.04113247863247863, 0.9573560767590619, 0.41721854304635764, 0.057813911472448055, 0.03880070546737213, 0.0380725758477097, 0.8339651250947687, 0.047058823529411764]",47.05213116017829,2.0698928246557102,57.84551708657364,21.31322717666626,8.118083000183105,4.706050395965576,8.489093780517578,268167.71484375,87249.171875,120154.859375,60763.68359375,268146.40625,87241.0546875,120150.15625,60755.1953125,,COMPLETE,False,,,
sv_mean,50,20.477550268173218,2026-10-07 00:20:15.181587,2026-10-07 00:21:45.554696,0 days 00:01:30.373109,0.9,0.0035225967845586,0.0445923485569447,8.192031860351562,3.737987279891968,8.547531127929688,89.49267116305774,70.16910961231407,58.63061581223094,98.25436355416406,53.622349470547256,"[0.0716743119266055, 0.08640552995391705, 0.9659224441833137, 0.9779005524861878, 0.7001287001287001, 0.9108367626886146, 0.9756613756613757, 0.9964381121994658, 0.14912280701754385, 0.46893317702227433, 0.4101838755304102, 0.9547325102880658, 0.48145896656534953, 0.05888708806050783]","[0.9973262032085561, 0.99800796812749, 0.9953488372093023, 0.9692874692874693, 0.9880694143167028, 0.9832775919732442, 0.980246913580247, 0.9974025974025974, 0.9906832298136646, 0.9906759906759907, 0.9818676337262012, 0.9855769230769231, 0.964968152866242, 0.9328719723183391]","[0.030339083878643664, 0.9953434225844005, 0.9973285841495992, 0.9803407601572739, 0.7775061124694377, 0.028808864265927978, 0.9443850267379679, 0.4234503360716953, 0.8839869281045751, 0.031610942249240125, 0.04470300061236987, 0.7924823805794832, 0.040619989310529125]",41.36938418776906,1.7456364458359417,46.37765052945274,20.477550268173218,8.192031860351562,3.737987279891968,8.547531127929688,351628.5859375,120487.5,149579.171875,81561.9140625,351608.109375,120479.3046875,149575.4375,81553.3671875,,COMPLETE,False,,,
sv_mean,51,20.939067363739014,2026-10-07 00:21:45.563886,2026-10-07 00:23:15.369141,0 days 00:01:29.805255,0.9,0.008889686528245,0.0140101956010348,7.688629627227783,5.18187427520752,8.068563461303711,113.73194374601228,62.08935208466257,55.64890357786767,97.22528695247948,33.39386572364056,"[0.07620164126611957, 0.9906716417910447, 0.9835487661574618, 0.9834254143646409, 0.8462532299741602, 0.07811843763124737, 0.9767195767195768, 0.9964381121994658, 0.1476552598225602, 0.5657418576598311, 0.0658271322266743, 0.9218106995884774, 0.08822079842286841, 0.07021393307734504]","[0.9973262032085561, 0.9970119521912351, 0.9925581395348837, 0.9668304668304668, 0.9869848156182213, 0.9643255295429208, 0.9637860082304527, 0.9974025974025974, 0.9865424430641822, 0.9883449883449883, 0.9691189827429609, 0.975, 0.9418789808917197, 0.8844290657439446]","[0.029754959159859977, 0.9941792782305006, 0.9973285841495992, 0.9855832241153342, 0.04198473282442748, 0.04245029554003224, 0.653475935828877, 0.3560830860534125, 0.04693140794223827, 0.0605875152998776, 0.03781773093614383, 0.04671661524900837, 0.04830917874396135]",44.35109642213233,2.774713047520521,66.60613427635944,20.939067363739014,7.688629627227783,5.18187427520752,8.068563461303711,277043.33203125,90917.2578125,123330.7265625,62795.34765625,277022.39453125,90909.5703125,123325.546875,62787.27734375,,COMPLETE,False,,,
sv_mean,52,19.758503913879395,2026-10-07 00:23:15.374948,2026-10-07 00:24:45.206246,0 days 00:01:29.831298,0.9,0.004446390668805,0.0099379982747381,7.219529151916504,4.788107872009277,7.750866889953613,100.81164863980383,66.39611712006538,64.72538040040934,96.19048995082512,38.2724810089617,"[0.07439446366782007, 0.9869767441860465, 0.9529964747356052, 0.9705561613958561, 0.8105670103092784, 0.9029391660970608, 0.9873015873015873, 0.9964381121994658, 0.15977084659452578, 0.4711425206124853, 0.41875447387258413, 0.9506172839506173, 0.3138810198300283, 0.06521739130434782]","[0.9973262032085561, 0.99800796812749, 0.9953488372093023, 0.9742014742014742, 0.9880694143167028, 0.9821826280623608, 0.9786008230452675, 0.9974025974025974, 0.9886363636363636, 0.9906759906759907, 0.9782016348773842, 0.9846153846153847, 0.6943681318681318, 0.9190311418685121]","[0.02867602196461257, 0.9930151338766007, 0.9973285841495992, 0.9842726081258192, 0.0377255330781848, 0.035693387946167346, 0.6446104589114194, 0.40029651593773163, 0.04064314426083073, 0.038066465256797584, 0.04108761329305136, 0.6907378335949764, 0.04326923076923077]",35.274619599590665,3.8095100491748752,61.7275189910383,19.758503913879395,7.219529151916504,4.788107872009277,7.750866889953613,258308.296875,83604.0859375,116768.3984375,57935.8125,258288.5390625,83596.8671875,116763.609375,57928.0625,,COMPLETE,False,,,
sv_mean,53,23.3656907081604,2026-10-07 00:24:45.213181,2026-10-07 00:26:22.627214,0 days 00:01:37.414033,0.8,0.0027156944611102,0.0078594321901088,9.279791831970217,5.833729267120361,8.252169609069824,121.38242002176209,59.53919332607931,47.738443894094765,88.15449843570538,42.72463764843778,"[0.07048710601719198, 0.06416808631459398, 0.9682726204465335, 0.9652173913043478, 0.8314606741573034, 0.08469601677148847, 0.9820485744456178, 0.9964381121994658, 0.10961123110151189, 0.08743523316062177, 0.43727598566308246, 0.9531635168447001, 0.07590306355738455, 0.057204533189422556]","[0.9973262032085561, 0.99800796812749, 0.9953488372093023, 0.9464720194647201, 0.9880694143167028, 0.982202447163515, 0.9786008230452675, 0.9974025974025974, 0.5631709331131296, 0.9906759906759907, 0.2795299938157081, 0.9884615384615385, 0.7083333333333334, 0.9280276816608997]","[0.0421760391198044, 0.9941792782305006, 0.9973285841495992, 0.9790301441677588, 0.03641304347826087, 0.061180292365998916, 0.9703389830508474, 0.43601190476190477, 0.04064314426083073, 0.06488781079442087, 0.0620012277470841, 0.8277212216131559, 0.04229122055674518]",52.26155610590524,11.845501564294622,57.27536235156222,23.3656907081604,9.279791831970217,5.833729267120361,8.252169609069824,237600.0703125,73202.1015625,110438.3046875,53959.6640625,237576.69921875,73192.8203125,110432.46875,53951.41015625,,COMPLETE,False,,,
sv_mean,54,19.971752643585205,2026-10-07 00:26:22.632134,2026-10-07 00:27:53.025945,0 days 00:01:30.393811,0.9,0.0055680469214581,0.0086665164131162,7.370112419128418,4.850404262542725,7.7512359619140625,102.86191382629536,65.71269539123489,60.84288760402652,97.89380168424516,38.401396885432966,"[0.075, 0.9906716417910447, 0.9518213866039953, 0.973741794310722, 0.8232258064516129, 0.8850889192886456, 0.9883474576271186, 0.9964381121994658, 0.15047619047619049, 0.4861612515042118, 0.07220630372492837, 0.9473251028806584, 0.10853478046373952, 0.06896551724137931]","[0.9973262032085561, 0.9970119521912351, 0.9953488372093023, 0.972972972972973, 0.9880694143167028, 0.9821826280623608, 0.9769547325102881, 0.9974025974025974, 0.989648033126294, 0.9895104895104895, 0.9791099000908265, 0.9826923076923076, 0.9468675654242664, 0.9100346020761245]","[0.02869097429766886, 0.9930151338766007, 0.9973285841495992, 0.9829619921363041, 0.040370976541189305, 0.03832752613240418, 0.6328708644610459, 0.3988050784167289, 0.03923316986179224, 0.038577456298975285, 0.03750756200846945, 0.717408274785324, 0.047084002140181914]",39.157112395973485,2.1061983157548383,61.59860311456704,19.971752643585205,7.370112419128418,4.850404262542725,7.7512359619140625,248720.95703125,79147.09375,113880.7578125,55693.10546875,248700.98828125,79139.7265625,113875.90625,55685.35546875,,COMPLETE,False,,,
sv_mean,55,19.740578413009644,2026-10-07 00:27:53.030798,2026-10-07 00:29:23.553672,0 days 00:01:30.522874,0.7000000000000001,0.004613542747228,0.0481156611152302,7.833657741546631,3.6769630908966064,8.229957580566406,97.59858323627442,67.46713892124185,60.15107608605391,98.16984611094624,44.08049456672541,"[0.07501442585112522, 0.9823255813953489, 0.9929494712103408, 0.9767955801104973, 0.8477157360406091, 0.9149519890260631, 0.9830508474576272, 0.9964381121994658, 0.1516497461928934, 0.05333333333333334, 0.10342789598108747, 0.9563786008230453, 0.3270868824531516, 0.060032449972958354]","[0.9973262032085561, 0.99800796812749, 0.9953488372093023, 0.9754299754299754, 0.9880694143167028, 0.9821627647714605, 0.9736625514403292, 0.9974025974025974, 0.9906832298136646, 0.9906759906759907, 0.9809437386569873, 0.9865384615384616, 0.9601910828025477, 0.9273356401384083]","[0.030542986425339366, 0.9953434225844005, 0.9973285841495992, 0.9855832241153342, 0.041961852861035424, 0.0412532637075718, 0.983957219251337, 0.4419970631424376, 0.9382615759545085, 0.041327124563445866, 0.03900709219858156, 0.15174506828528073, 0.04215581643543223]",39.84892391394609,1.8301538890537472,55.91950543327459,19.740578413009644,7.833657741546631,3.6769630908966064,8.229957580566406,357949.78125,122895.7578125,151765.34375,83288.6796875,357930.046875,122887.921875,151761.671875,83280.453125,,COMPLETE,False,,,
sv_mean,56,18.86196279525757,2026-10-07 00:29:23.558011,2026-10-07 00:30:53.664934,0 days 00:01:30.106923,0.6,0.0048838135320439,0.0325528145477777,7.133359432220459,3.6408538818359375,8.087749481201172,97.33658803079412,67.55447065640196,60.44839992153334,98.00161380819338,44.21339823947914,"[0.07572254335260116, 0.9850746268656716, 0.9964747356051704, 0.9812154696132597, 0.9179487179487179, 0.9056732740943267, 0.9830687830687831, 0.9964381121994658, 0.14657360406091371, 0.04983388704318937, 0.07723815096547688, 0.9572016460905349, 0.32386363636363635, 0.0664488017429194]","[0.9973262032085561, 0.99800796812749, 0.9944186046511628, 0.972972972972973, 0.9880694143167028, 0.9821627647714605, 0.9711934156378601, 0.9974025974025974, 0.9886128364389234, 0.9906759906759907, 0.9791099000908265, 0.9846153846153847, 0.9593949044585988, 0.9162629757785468]","[0.03489026449071469, 0.9953434225844005, 0.9973285841495992, 0.9855832241153342, 0.04300489929232444, 0.04111755403268318, 0.983957219251337, 0.4472140762463343, 0.9372453137734311, 0.04171494785631518, 0.037580739870816206, 0.15951539626451286, 0.043246129204484784]",39.55160007846666,1.9983861918066168,55.78660176052086,18.86196279525757,7.133359432220459,3.6408538818359375,8.087749481201172,327737.359375,111341.75,141420.21875,74975.390625,327718.5,111334.6171875,141416.578125,74967.3046875,,COMPLETE,True,,,
sv_mean,57,20.463270664215088,2026-10-07 00:30:53.671227,2026-10-07 00:32:33.349549,0 days 00:01:39.678322,0.6,0.006963248342938,0.0352114523572771,7.324832439422607,4.489560127258301,8.64887809753418,107.65067887522184,64.11644037492606,54.88292810884352,97.44596940014168,40.02042361579296,"[0.07885514018691589, 0.9869402985074627, 0.9941245593419507, 0.9800884955752213, 0.9163498098859315, 0.1586176340274701, 0.9809523809523809, 0.9964381121994658, 0.14720812182741116, 0.06426155580608793, 0.06864988558352403, 0.9432565789473685, 0.3076923076923077, 0.060175054704595186]","[0.9973262032085561, 0.9970119521912351, 0.9944186046511628, 0.9705159705159705, 0.9880694143167028, 0.9788182831661093, 0.9646090534979423, 0.9974025974025974, 0.9865424430641822, 0.9895104895104895, 0.971843778383288, 0.9788461538461538, 0.945859872611465, 0.8816608996539792]","[0.03432751828925155, 0.9953434225844005, 0.9973285841495992, 0.9855832241153342, 0.0447354064375341, 0.040707016604177824, 0.9797225186766275, 0.32154769846564374, 0.6226818830242511, 0.04487917146144994, 0.039433148490449786, 0.04759806081974438, 0.04876741693461951]",45.11707189115648,2.554030599858308,59.97957638420704,20.463270664215088,7.324832439422607,4.489560127258301,8.64887809753418,333480.65625,113534.578125,143359.265625,76586.8125,333460.1953125,113527.25,143354.78125,76578.1640625,,COMPLETE,False,,,
sv_mean,58,19.9014892578125,2026-10-07 00:32:33.354579,2026-10-07 00:34:04.652615,0 days 00:01:31.298036,0.6,0.006229889978135,0.0333154545878019,7.212549686431885,4.198743343353272,8.490196228027344,102.0373236757053,65.9875587747649,59.368917650038775,97.6705621367509,40.92319653750503,"[0.07848837209302326, 0.9869402985074627, 0.9941245593419507, 0.9800884955752213, 0.9149746192893401, 0.8779986291980809, 0.9756613756613757, 0.9964381121994658, 0.14657360406091371, 0.06438969764837627, 0.06750572082379863, 0.9539094650205762, 0.20617477760334904, 0.06838074398249452]","[0.9973262032085561, 0.99800796812749, 0.9944186046511628, 0.9766584766584766, 0.9880694143167028, 0.9810479375696767, 0.9637860082304527, 0.9974025974025974, 0.9865424430641822, 0.9906759906759907, 0.9763851044504995, 0.9798076923076923, 0.9537848605577689, 0.8899653979238754]","[0.03432751828925155, 0.9953434225844005, 0.9973285841495992, 0.9855832241153342, 0.04421397379912664, 0.0405982905982906, 0.9786780383795309, 0.44130434782608696, 0.6217948717948718, 0.04430379746835443, 0.036384976525821594, 0.05358062854198867, 0.046573875802997856]",40.631082349961225,2.329437863249097,59.07680346249497,19.9014892578125,7.212549686431885,4.198743343353272,8.490196228027344,329376.1875,111989.5546875,141985.515625,75401.1171875,329356.28125,111982.34375,141981.3125,75392.625,,COMPLETE,False,,,
sv_mean,59,27.09048748016357,2026-10-07 00:34:04.659980,2026-10-07 00:35:37.624565,0 days 00:01:32.964585,0.9,0.050894692207738,0.000130924071126,9.0,9.32003688812256,8.770450592041016,270.7643184148293,9.745227195056907,5.439730153515808,14.301128019087065,9.49482341256785,"[0.03536141445657826, 0.05451866404715128, 0.05493273542600897, 0.030797101449275364, 0.04933981931897151, 0.034812880765883375, 0.048082427017744706, 0.21266002844950213, 0.041351193942923706, 0.04542772861356932, 0.05945604048070841, 0.026673924877517692, 0.03529958197863446, 0.03284868066774367]","[0.9759786476868327, 0.06503642039542143, 0.07525773195876288, 0.060023310023310024, 0.06021384355655599, 0.04010184595798854, 0.03641590800191662, 0.30465116279069765, 0.03898305084745763, 0.21471978392977717, 0.03601575689364097, 0.03210272873194221, 0.029338637493784188, 0.03331909440410081]","[0.03477344573234984, 0.045454545454545456, 0.797153024911032, 0.05116580310880829, 0.027192386131883073, 0.031922276197085354, 0.03976608187134503, 0.0467966573816156, 0.02882703777335984, 0.03627232142857143, 0.02842227378190255, 0.036311514572384136, 0.03026967528893781]",94.5602698464842,85.69887198091294,90.50517658743216,27.09048748016357,9.0,9.32003688812256,8.770450592041016,20512.0859375,6985.98046875,8781.310546875,4744.794921875,20484.9951171875,6976.98046875,8771.990234375,4736.0244140625,,COMPLETE,False,,,
sv_mean,60,20.522286891937256,2026-10-07 00:35:37.629452,2026-10-07 00:37:07.806140,0 days 00:01:30.176688,0.6,0.0054383125362326,0.0212696274827477,7.573689937591553,4.0884504318237305,8.860146522521973,111.4152650318583,62.86157832271391,54.2085749971276,97.97321450901556,36.40294546199856,"[0.07647740440324449, 0.9869402985074627, 0.9952996474735605, 0.9790055248618784, 0.9125964010282777, 0.1843400447427293, 0.9767195767195768, 0.9964381121994658, 0.14457831325301204, 0.04983388704318937, 0.06922196796338673, 0.9563786008230453, 0.19408406850025947, 0.06728665207877461]","[0.9973262032085561, 0.99800796812749, 0.9944186046511628, 0.9778869778869779, 0.9880694143167028, 0.9855072463768116, 0.9720164609053498, 0.9974025974025974, 0.989648033126294, 0.9906759906759907, 0.9772933696639419, 0.9836538461538461, 0.9577689243027888, 0.9065743944636678]","[0.03541315345699832, 0.9953434225844005, 0.9973285841495992, 0.9855832241153342, 0.042437431991294884, 0.041044776119402986, 0.9829059829059829, 0.4355426074289876, 0.046875, 0.04152249134948097, 0.035630841121495324, 0.04725218284540318, 0.045503211991434686]",45.7914250028724,2.026785490984452,63.59705453800144,20.522286891937256,7.573689937591553,4.0884504318237305,8.860146522521973,300263.671875,100249.3359375,131814.65625,68199.6796875,300243.1484375,100241.765625,131810.5625,68190.8203125,,COMPLETE,False,,,
sv_mean,61,19.520224571228027,2026-10-07 00:37:07.813183,2026-10-07 00:38:47.383615,0 days 00:01:39.570432,0.7000000000000001,0.0051893517061444,0.0356663431374123,7.143356800079346,3.857825756072998,8.519042015075684,98.46085644440728,67.17971451853091,60.0188226925944,98.05920641040883,43.46111445258949,"[0.07465277777777778, 0.9860074626865671, 0.9929494712103408, 0.9779005524861878, 0.8782051282051282, 0.9048596851471595, 0.982010582010582, 0.9964381121994658, 0.14720812182741116, 0.05245683930942895, 0.06868918145392101, 0.9539094650205762, 0.32406356413166854, 0.06328423349699945]","[0.9973262032085561, 0.99800796812749, 0.9953488372093023, 0.9766584766584766, 0.9880694143167028, 0.9832775919732442, 0.9728395061728395, 0.9974025974025974, 0.9906832298136646, 0.9906759906759907, 0.9791099000908265, 0.9846153846153847, 0.9593949044585988, 0.914878892733564]","[0.03327693175408911, 0.9953434225844005, 0.9973285841495992, 0.9855832241153342, 0.041938997821350764, 0.04120443740095087, 0.983957219251337, 0.43653705062362436, 0.9421352893235534, 0.04236796285548462, 0.038755137991779216, 0.06601340897369778, 0.045503211991434686]",39.9811773074056,1.9407935895911663,56.53888554741051,19.520224571228027,7.143356800079346,3.857825756072998,8.519042015075684,334438.484375,113905.6484375,143680.296875,76852.5390625,334418.96875,113898.5078125,143676.4375,76844.0234375,,COMPLETE,False,,,
sv_mean,62,20.37957096099853,2026-10-07 00:38:47.394708,2026-10-07 00:40:17.673402,0 days 00:01:30.278694,0.6,0.0027099476441732,0.0470905599646866,8.236510276794434,4.526304721832275,7.616755962371826,102.09400479317752,65.96866506894082,58.42968973536331,90.04775973681784,49.42854573464133,"[0.06815578465063, 0.06416808631459398, 0.981198589894242, 0.9790286975717439, 0.8062893081761007, 0.9205479452054794, 0.9798728813559322, 0.9964381121994658, 0.07584722969338353, 0.04977079240340537, 0.43258426966292135, 0.9522633744855967, 0.8174486803519062, 0.05654281098546042]","[0.9973262032085561, 0.99800796812749, 0.9953488372093023, 0.9608323133414932, 0.9869848156182213, 0.9832775919732442, 0.9769547325102881, 0.9974025974025974, 0.5808333333333333, 0.9906759906759907, 0.2611894543225015, 0.9884615384615385, 0.9579030976965845, 0.9314878892733564]","[0.0392156862745098, 0.9953434225844005, 0.9973285841495992, 0.9842726081258192, 0.04302832244008715, 0.04177411036616813, 0.9829059829059829, 0.4357090374724467, 0.9130781499202552, 0.03904428904428905, 0.06489675516224189, 0.8486238532110092, 0.040490143846563666]",41.57031026463669,9.952240263182162,50.57145426535867,20.37957096099853,8.236510276794434,4.526304721832275,7.616755962371826,356146.4765625,122216.296875,151140.234375,82789.9453125,356126.09375,122208.0625,151135.703125,82782.328125,,COMPLETE,False,,,
sv_mean,63,20.53189945220948,2026-10-07 00:40:17.678815,2026-10-07 00:41:46.051068,0 days 00:01:28.372253,0.7000000000000001,0.0073302237287102,0.0324354313701883,7.385103702545166,4.487877368927002,8.658918380737305,108.61217009244793,63.795943302517365,53.94474337784274,97.43421782482542,40.00886870488392,"[0.07890122735242548, 0.9878731343283582, 0.9905992949471211, 0.9800664451827242, 0.9290322580645162, 0.15728843597696057, 0.9798941798941799, 0.9964381121994658, 0.14720812182741116, 0.06426155580608793, 0.07347876004592423, 0.9473251028806584, 0.150460593654043, 0.06943685073810825]","[0.9973262032085561, 0.99800796812749, 0.9944186046511628, 0.9692874692874693, 0.9869848156182213, 0.9777034559643255, 0.9670781893004116, 0.9974025974025974, 0.9865424430641822, 0.9883449883449883, 0.9700272479564033, 0.9788461538461538, 0.9402390438247012, 0.8885813148788927]","[0.034385569334836524, 0.9953434225844005, 0.9973285841495992, 0.9855832241153342, 0.042007637752318604, 0.04331550802139037, 0.9797008547008547, 0.3183946488294314, 0.6196581196581197, 0.04579710144927536, 0.04415422885572139, 0.04671661524900837, 0.04876741693461951]",46.05525662215726,2.565782175174576,59.99113129511608,20.53189945220948,7.385103702545166,4.487877368927002,8.658918380737305,327479.6328125,111239.1171875,141325.390625,74915.125,327459.109375,111231.734375,141320.90625,74906.46875,,COMPLETE,False,,,
sv_mean,64,28.832494735717773,2026-10-07 00:41:46.058773,2026-10-07 00:43:17.060553,0 days 00:01:31.001780,0.2,0.0942743009708974,0.0008081991716346,9.45899486541748,9.0,10.373499870300291,272.99115693975506,9.002947686748316,6.778527315834296,13.303554680717514,6.926761063693138,"[0.029775280898876405, 0.03941684665226782, 0.05143191116306254, 0.03056768558951965, 0.1010568031704095, 0.03887227680478428, 0.037405026300409115, 0.4084022038567493, 0.026744186046511628, 0.03374777975133215, 0.05128205128205128, 0.03152454780361757, 0.038897095027080254, 0.02987012987012987]","[0.48218029350104824, 0.033661315380631794, 0.03779214321233217, 0.04246655031995346, 0.0381633870005963, 0.03074141048824593, 0.03303303303303303, 0.9702457956015524, 0.030405405405405407, 0.031007751937984496, 0.03262642740619902, 0.029950083194675542, 0.03325301204819277, 0.03697104677060133]","[0.03150525087514586, 0.07455853499018966, 0.5063103192279139, 0.06216053108026554, 0.02911306702775897, 0.021933387489845652, 0.03324396782841823, 0.02843601895734597, 0.012195121951219513, 0.03181568842567197, 0.004301075268817204, 0.034282955094157415, 0.030623020063357972]",93.2214726841657,86.69644531928249,93.07323893630686,28.832494735717773,9.45899486541748,9.0,10.373499870300291,4838.6881103515625,1251.1158447265625,2780.192138671875,807.380126953125,4809.855651855469,1241.6568603515625,2771.192138671875,797.0066528320312,,COMPLETE,False,,,
sv_mean,65,24.250648021698,2026-10-07 00:43:17.071673,2026-10-07 00:44:57.965914,0 days 00:01:40.894241,0.9,0.0009133921070842,0.0001185530944494,8.786969184875488,7.450186252593994,8.013492584228516,180.22972918924629,39.923423603584574,33.274233055260524,52.49690914591033,33.99912860958286,"[0.1327665140614781, 0.35982199618563254, 0.47473560517038776, 0.7148148148148148, 0.4641025641025641, 0.0871498443752779, 0.1489607390300231, 0.9955476402493322, 0.08645533141210375, 0.2553870710295291, 0.41998551774076753, 0.11346153846153846, 0.07314725697786333, 0.33205619412515963]","[0.9973262032085561, 0.38649155722326456, 0.4567143830947512, 0.1353658536585366, 0.8473138548539114, 0.18685955394816153, 0.2787456445993031, 0.9948119325551232, 0.17959427207637232, 0.9708624708624709, 0.4657162253903598, 0.9144914491449145, 0.3211920529801324, 0.21408182683158897]","[0.06511627906976744, 0.9045401629802096, 0.9973285841495992, 0.7562254259501966, 0.0854368932038835, 0.17697937458416502, 0.1527777777777778, 0.40828402366863903, 0.11316763617133792, 0.19920844327176782, 0.17391304347826086, 0.14035087719298245, 0.246558197747184]",66.72576694473948,47.50309085408967,66.00087139041713,24.250648021698,8.786969184875488,7.450186252593994,8.013492584228516,21879.00244140625,7470.04052734375,9454.6474609375,4954.314453125,21854.75146484375,7461.25341796875,9447.197265625,4946.30078125,,COMPLETE,False,,,
sv_mean,66,21.920828342437744,2026-10-07 00:44:57.971705,2026-10-07 00:46:29.125133,0 days 00:01:31.153428,0.6,0.0092875809773495,0.0410698282654002,7.579682350158691,6.113478183746338,8.227667808532715,107.32178038321491,64.22607320559503,58.30620059837231,96.5114667515835,37.86055226682928,"[0.07871720116618076, 0.9850746268656716, 0.9905992949471211, 0.9712389380530974, 0.8993548387096775, 0.8284347231715653, 0.9766949152542372, 0.9946571682991986, 0.14720812182741116, 0.06457046603032005, 0.0759493670886076, 0.9275720164609054, 0.15309278350515465, 0.06970362239297476]","[0.9973262032085561, 0.9950199203187251, 0.9888372093023255, 0.961916461916462, 0.9859002169197397, 0.967670011148272, 0.9596707818930041, 0.9974025974025974, 0.9813664596273292, 0.9848484848484849, 0.9545867393278837, 0.975, 0.9203187250996016, 0.8417415342087077]","[0.03147835862844295, 0.9953434225844005, 0.9973285841495992, 0.9855832241153342, 0.045280960174577195, 0.043595263724434875, 0.9743589743589743, 0.049922799794132784, 0.6146723646723646, 0.04838709677419355, 0.039473684210526314, 0.04805996472663139, 0.04838709677419355]",41.69379940162769,3.488533248416502,62.13944773317072,21.920828342437744,7.579682350158691,6.113478183746338,8.227667808532715,345083.875,118002.6796875,147337.828125,79743.3671875,345061.9609375,117995.1015625,147331.71875,79735.140625,,COMPLETE,False,,,
sv_mean,67,19.62562704086304,2026-10-07 00:46:29.131968,2026-10-07 00:47:57.831459,0 days 00:01:28.699491,0.7000000000000001,0.0047636120510431,0.0384357433166362,7.347540855407715,3.830076694488525,8.448009490966797,98.15077546035504,67.28307484654832,60.18559235651743,98.16438242533124,43.499249757796285,"[0.07443739180611655, 0.9860074626865671, 0.9929494712103408, 0.9779005524861878, 0.8801020408163265, 0.9082819986310746, 0.9809523809523809, 0.9964381121994658, 0.15038071065989847, 0.05329780146568954, 0.0831858407079646, 0.9547325102880658, 0.3261363636363636, 0.061180292365998916]","[0.9973262032085561, 0.99800796812749, 0.9953488372093023, 0.9766584766584766, 0.9880694143167028, 0.9832775919732442, 0.9736625514403292, 0.9974025974025974, 0.9906832298136646, 0.9906759906759907, 0.9818346957311535, 0.9846153846153847, 0.9601910828025477, 0.9252595155709342]","[0.030542986425339366, 0.9953434225844005, 0.9973285841495992, 0.9855832241153342, 0.041938997821350764, 0.04107424960505529, 0.9850267379679144, 0.4368575624082232, 0.947840260798696, 0.04203152364273205, 0.0383933845245127, 0.06969540526587506, 0.043246129204484784]",39.814407643482575,1.83561757466876,56.50075024220372,19.62562704086304,7.347540855407715,3.830076694488525,8.448009490966797,339891.078125,116061.0703125,145577.171875,78252.8359375,339871.4609375,116053.7265625,145573.34375,78244.390625,,COMPLETE,False,,,
sv_mean,68,27.1235089302063,2026-10-07 00:47:57.838067,2026-10-07 00:49:28.005562,0 days 00:01:30.167495,0.6,0.0015112705752333,0.0049991223548232,10.395812034606934,6.89921236038208,9.828484535217283,125.53463265118069,58.15512244960644,48.18631688076725,82.80248463005215,43.47656583799993,"[0.10232558139534884, 0.05649717514124294, 0.9487776484284052, 0.9578378378378378, 0.0608646188850967, 0.8509358288770054, 0.9608050847457628, 0.9964381121994658, 0.16344561016013254, 0.1832010582010582, 0.43853342918763477, 0.895866454689984, 0.06633574007220217, 0.06422018348623854]","[0.9973262032085561, 0.99800796812749, 0.9219982471516214, 0.675, 0.9880694143167028, 0.9655937846836848, 0.9703703703703703, 0.9974025974025974, 0.2057212416311625, 0.9883449883449883, 0.23049001814882034, 0.9865513928914506, 0.7629733520336606, 0.9044982698961938]","[0.11932877563704164, 0.9953434225844005, 0.9973285841495992, 0.9686274509803922, 0.06065664997217585, 0.10333692142088267, 0.7534246575342466, 0.4472140762463343, 0.09771986970684039, 0.09538274605103281, 0.11517027863777089, 0.8309859154929577, 0.06743421052631579]",51.81368311923275,17.19751536994785,56.52343416200007,27.1235089302063,10.395812034606934,6.89921236038208,9.828484535217283,140322.849609375,46573.00390625,61338.84765625,32410.998046875,140295.728515625,46562.609375,61331.94921875,32401.169921875,,COMPLETE,False,,,
sv_mean,69,22.6821813583374,2026-10-07 00:49:28.011379,2026-10-07 00:51:07.604856,0 days 00:01:39.593477,0.7000000000000001,0.0143832450834935,0.007927164820795,7.787920951843262,6.616293907165527,8.277966499328613,132.3109624583639,55.89634584721204,45.60657161065927,88.93050280580877,33.15196312516806,"[0.06443298969072164, 0.9869402985074627, 0.9882491186839013, 0.9724366041896362, 0.9265463917525774, 0.04191895668374476, 0.9714285714285714, 0.9955476402493322, 0.0876979293544458, 0.06194196428571429, 0.08036739380022963, 0.06599450045829514, 0.07222491517207949, 0.06919275123558484]","[0.9973262032085561, 0.9920318725099602, 0.9795348837209302, 0.2559774964838256, 0.9815817984832069, 0.932146829810901, 0.9193415637860082, 0.9974025974025974, 0.974120082815735, 0.9743589743589743, 0.9228675136116152, 0.9355769230769231, 0.8569169960474309, 0.7310866574965612]","[0.029575892857142856, 0.9941792782305006, 0.9973285841495992, 0.9868938401048493, 0.041916167664670656, 0.045112781954887216, 0.9563365282215123, 0.04251269035532995, 0.03547671840354767, 0.04814385150812065, 0.036838580040187544, 0.047975352112676055, 0.04746494066882417]",54.39342838934073,11.069497194191229,66.84803687483193,22.6821813583374,7.787920951843262,6.616293907165527,8.277966499328613,239360.1875,73844.0390625,111182.296875,54333.8515625,239337.50390625,73836.25,111175.6796875,54325.57421875,,COMPLETE,False,,,
sv_mean,70,33.19050979614258,2026-10-07 00:51:07.613042,2026-10-07 00:52:40.158955,0 days 00:01:32.545913,0.9,0.0244949161851652,0.0493894624684148,10.105550765991213,14.60338020324707,8.481578826904297,189.6501051917284,36.78329826942389,28.711636516399665,60.7629762083005,20.87528208357152,"[0.062087186261558784, 0.17763578274760383, 0.085177733065057, 0.4340890008396306, 0.6054333764553687, 0.03291468168038112, 0.8760593220338984, 0.9652715939447908, 0.1397712833545108, 0.32023575638506874, 0.05841526894158473, 0.16198445905558875, 0.04330175913396482, 0.05725190839694656]","[0.9875222816399287, 0.4005912786400591, 0.904275092936803, 0.23196276183087663, 0.928416485900217, 0.4040492957746479, 0.7243066884176182, 0.9935064935064936, 0.8770661157024794, 0.9207459207459208, 0.26967830253251196, 0.7768199233716475, 0.04750479846449136, 0.04037122969837587]","[0.02826217678893566, 0.8626309662398137, 0.6322350845948352, 0.7077326343381389, 0.14238683127572016, 0.036614645858343335, 0.047685834502103785, 0.039515615041427664, 0.03804064616988015, 0.04343220338983051, 0.026512576478585997, 0.06567796610169492, 0.04305949008498584]",71.28836348360034,39.2370237916995,79.1247179164285,33.19050979614258,10.105550765991213,14.60338020324707,8.481578826904297,360196.0,123718.3125,152547.71875,83929.96875,360162.796875,123708.203125,152533.109375,83921.484375,,COMPLETE,False,,,
sv_mean,71,21.465579509735107,2026-10-07 00:52:40.164753,2026-10-07 00:54:11.240733,0 days 00:01:31.075980,0.7000000000000001,0.0021395206455421,0.0359868268578187,9.31033992767334,4.617780208587647,7.537459373474121,110.46238319928,63.17920560024,52.03377866298752,88.05001642687681,49.453821710855664,"[0.06396344945745289, 0.058923512747875356, 0.9741784037558685, 0.9790286975717439, 0.6980482204362801, 0.9067854694996573, 0.9787910922587487, 0.9964381121994658, 0.06376195536663125, 0.04576043068640646, 0.44294826364280654, 0.952341824157765, 0.06787564766839378, 0.05588393336915637]","[0.9973262032085561, 0.99800796812749, 0.9953488372093023, 0.8262295081967214, 0.9880694143167028, 0.9821627647714605, 0.9777777777777777, 0.9974025974025974, 0.4403485254691689, 0.9906759906759907, 0.25137278828553994, 0.9884615384615385, 0.9602543720190779, 0.9335640138408304]","[0.044837758112094395, 0.9953434225844005, 0.9973285841495992, 0.9842726081258192, 0.04478427089022392, 0.057519788918205805, 0.9380804953560371, 0.42794440380395027, 0.9107717041800643, 0.05568581477139507, 0.08118081180811808, 0.8475371383893667, 0.04371002132196162]",47.966221337012485,11.949983573123191,50.546178289144336,21.465579509735107,9.31033992767334,4.617780208587647,7.537459373474121,335069.25,114167.671875,143901.171875,77000.40625,335047.7734375,114158.359375,143896.546875,76992.8671875,,COMPLETE,False,,,
sv_mean,72,19.6614797115326,2026-10-07 00:54:11.248512,2026-10-07 00:55:42.439773,0 days 00:01:31.191261,0.7000000000000001,0.0051774971439256,0.0410124949596804,7.206977844238281,3.762109518051148,8.692392349243164,98.39735056735334,67.20088314421555,60.04301902714347,98.10074058828437,43.45888981721882,"[0.07576633892423366, 0.9850746268656716, 0.9929494712103408, 0.9779005524861878, 0.875, 0.9054794520547945, 0.982010582010582, 0.9964381121994658, 0.15038071065989847, 0.05364238410596026, 0.06746712407089765, 0.9547325102880658, 0.3233125354509359, 0.0658682634730539]","[0.9973262032085561, 0.99800796812749, 0.9953488372093023, 0.9791154791154791, 0.9880694143167028, 0.9821627647714605, 0.9728395061728395, 0.9974025974025974, 0.9906832298136646, 0.9906759906759907, 0.9800181653042689, 0.9846153846153847, 0.9601910828025477, 0.9176470588235294]","[0.03100338218714769, 0.9953434225844005, 0.9973285841495992, 0.9855832241153342, 0.041961852861035424, 0.04116094986807388, 0.983957219251337, 0.4406158357771261, 0.941320293398533, 0.04307334109429569, 0.0394349617422013, 0.0633693972179289, 0.045503211991434686]",39.95698097285653,1.899259411715633,56.54111018278118,19.6614797115326,7.206977844238281,3.762109518051148,8.692392349243164,344979.375,117959.015625,147298.890625,79721.46875,344959.7109375,117951.8125,147295.125,79712.7734375,,COMPLETE,False,,,
sv_mean,73,20.45874071121216,2026-10-07 00:55:42.445175,2026-10-07 00:57:20.408068,0 days 00:01:37.962893,0.8,0.0084339789174255,0.0329568655331082,7.28717041015625,5.121522426605225,8.050047874450684,102.90291545551813,65.69902818149396,59.66237171472116,97.19484261924016,40.23987021052054,"[0.07530647985989491, 0.9897388059701493, 0.9905992949471211, 0.9800664451827242, 0.896774193548387, 0.8416382252559726, 0.9756613756613757, 0.9964381121994658, 0.14784263959390864, 0.06404494382022471, 0.07652474108170311, 0.9399671052631579, 0.30568181818181817, 0.07244785949506037]","[0.9973262032085561, 0.9970119521912351, 0.9925581395348837, 0.9692874692874693, 0.9859002169197397, 0.9777034559643255, 0.9637860082304527, 0.9974025974025974, 0.9886128364389234, 0.9883449883449883, 0.9618528610354223, 0.9730769230769231, 0.9306772908366534, 0.8837370242214533]","[0.030474040632054177, 0.9953434225844005, 0.9973285841495992, 0.9855832241153342, 0.0425531914893617, 0.04296455424274973, 0.9722814498933902, 0.04983818770226537, 0.9370915032679739, 0.04649793996468511, 0.03507462686567164, 0.04671661524900837, 0.049435787211176786]",40.33762828527884,2.8051573807598373,59.76012978947946,20.45874071121216,7.28717041015625,5.121522426605225,8.050047874450684,328620.6484375,111692.6328125,141720.796875,75207.21875,328600.1875,111685.34375,141715.671875,75199.171875,,COMPLETE,False,,,
sv_mean,74,21.173226833343502,2026-10-07 00:57:20.413929,2026-10-07 00:58:50.718424,0 days 00:01:30.304495,0.6,0.0027854775809082,0.0184103975640917,7.870413780212402,4.876504421234131,8.426308631896973,110.50482868671908,63.16505710442698,56.19381650331094,90.02084979501213,43.28050501495787,"[0.07114170969592656, 0.06416808631459398, 0.9764982373678026, 0.9768722466960352, 0.7653562653562653, 0.9064207650273224, 0.9809725158562368, 0.9964381121994658, 0.11987041036717062, 0.07175177763413057, 0.45170454545454547, 0.9547697368421053, 0.47456612806702575, 0.05660377358490566]","[0.9973262032085561, 0.99800796812749, 0.9953488372093023, 0.948905109489051, 0.9880694143167028, 0.9821627647714605, 0.9777777777777777, 0.9974025974025974, 0.5752285951787198, 0.9906759906759907, 0.27530864197530863, 0.9884615384615385, 0.9595238095238096, 0.928719723183391]","[0.04252873563218391, 0.9953434225844005, 0.9973285841495992, 0.9842726081258192, 0.04300489929232444, 0.04963041182682154, 0.9797441364605544, 0.42961342086068566, 0.09344490934449093, 0.05131195335276968, 0.07004120070629782, 0.8492003046458492, 0.041001064962726305]",43.80618349668906,9.979150204987874,56.71949498504213,21.173226833343502,7.870413780212402,4.876504421234131,8.426308631896973,291671.6484375,96880.5390625,128832.546875,65958.5625,291650.4765625,96872.671875,128827.671875,65950.1328125,,COMPLETE,False,,,
sv_mean,75,19.829041242599487,2026-10-07 00:58:50.723690,2026-10-07 01:00:20.024674,0 days 00:01:29.300984,0.7000000000000001,0.0036003313325134,0.0398081571003319,7.860619068145752,3.525705575942993,8.442716598510742,102.21568314553188,65.92810561815604,57.006598372981685,98.19946187157436,42.57825660991206,"[0.07290470723306544, 0.0702054794520548, 0.9905992949471211, 0.9779005524861878, 0.8535031847133758, 0.9170096021947873, 0.9809725158562368, 0.9964381121994658, 0.14858934169278998, 0.04973474801061008, 0.4225156358582349, 0.9563786008230453, 0.48756822316555487, 0.05660377358490566]","[0.9973262032085561, 0.99800796812749, 0.9953488372093023, 0.9692874692874693, 0.9880694143167028, 0.9832775919732442, 0.9761316872427983, 0.9974025974025974, 0.9886128364389234, 0.9906759906759907, 0.9800362976406534, 0.9875, 0.9633757961783439, 0.9328719723183391]","[0.03139269406392694, 0.9953434225844005, 0.9973285841495992, 0.9842726081258192, 0.041916167664670656, 0.04054054054054054, 0.9850267379679144, 0.4278388278388278, 0.046875, 0.038461538461538464, 0.051552431165787935, 0.8524464831804281, 0.04217832354511479]",42.99340162701832,1.8005381284256288,57.42174339008794,19.829041242599487,7.860619068145752,3.525705575942993,8.442716598510742,342587.5078125,117061.9921875,146487.125,79038.390625,342567.671875,117054.1328125,146483.59375,79029.9453125,,COMPLETE,False,,,
sv_mean,76,20.567152500152588,2026-10-07 01:00:20.029966,2026-10-07 01:01:50.704115,0 days 00:01:30.674149,0.7000000000000001,0.0062186174023101,0.0437604222008889,7.443317413330078,4.241431713104248,8.882403373718262,106.82988169977932,64.3900394334069,54.66794648096099,97.72197896156035,40.78019285769932,"[0.0771461716937355, 0.9869402985074627, 0.9941245593419507, 0.9800884955752213, 0.8526048284625158, 0.16541019955654102, 0.9809322033898306, 0.9964381121994658, 0.14784263959390864, 0.06426155580608793, 0.06872852233676977, 0.9555555555555556, 0.3145115753811406, 0.06892778993435449]","[0.9973262032085561, 0.99800796812749, 0.9953488372093023, 0.9692874692874693, 0.9880694143167028, 0.979933110367893, 0.9695473251028807, 0.9974025974025974, 0.9886128364389234, 0.9906759906759907, 0.9772933696639419, 0.9807692307692307, 0.9498407643312102, 0.898961937716263]","[0.030968468468468468, 0.9953434225844005, 0.9973285841495992, 0.9855832241153342, 0.04141689373297003, 0.04275788348476751, 0.9734888653234358, 0.43781818181818183, 0.6250890947968638, 0.043911007025761124, 0.03260188087774295, 0.04854368932038835, 0.046573875802997856]",45.33205351903901,2.2780210384396327,59.21980714230068,20.567152500152588,7.443317413330078,4.241431713104248,8.882403373718262,350094.125,119905.578125,149050.015625,81138.53125,350073.5625,119898.1328125,149045.78125,81129.6484375,,COMPLETE,False,,,
sv_mean,77,21.222383499145508,2026-10-07 01:01:50.710120,2026-10-07 01:03:29.782752,0 days 00:01:39.072632,0.7000000000000001,0.005827622843223,0.0108076203994553,7.839293003082275,4.6683526039123535,8.714737892150879,112.90832804622372,62.36389065125877,52.87092206345291,97.87575094535572,36.344998944967664,"[0.07594202898550724, 0.9888059701492538, 0.9905992949471211, 0.9683751363140676, 0.9138817480719794, 0.08005029337803855, 0.9799154334038055, 0.9964381121994658, 0.1473015873015873, 0.05074424898511502, 0.08338092518560822, 0.9506172839506173, 0.10694923607688517, 0.06892778993435449]","[0.9973262032085561, 0.99800796812749, 0.9953488372093023, 0.9754299754299754, 0.9880694143167028, 0.9755011135857461, 0.9753086419753086, 0.9974025974025974, 0.989648033126294, 0.9906759906759907, 0.9800181653042689, 0.9836538461538461, 0.9531001589825119, 0.903114186851211]","[0.03456090651558073, 0.9953434225844005, 0.9973285841495992, 0.9842726081258192, 0.042437431991294884, 0.04257583821181479, 0.9733759318423855, 0.42574981711777615, 0.05738816086760054, 0.04013961605584642, 0.035202863961813845, 0.0488556338028169, 0.047619047619047616]",47.12907793654709,2.124249054644281,63.655001055032336,21.222383499145508,7.839293003082275,4.6683526039123535,8.714737892150879,262683.40234375,85370.7421875,118372.0625,58940.59765625,262662.1796875,85362.90625,118367.390625,58931.8828125,,COMPLETE,False,,,
sv_mean,78,21.24913454055786,2026-10-07 01:03:29.788151,2026-10-07 01:04:59.621512,0 days 00:01:29.833361,0.4,0.005796220761755,0.0456173248691466,8.073701858520508,4.280231952667236,8.895200729370117,101.72367048683154,66.09210983772282,59.84272669687231,97.63948322300764,40.79411959328852,"[0.07807981492192019, 0.9860074626865671, 0.9964747356051704, 0.9757174392935982, 0.9193954659949622, 0.8786008230452675, 0.972457627118644, 0.9964381121994658, 0.14657360406091371, 0.1400862068965517, 0.06872852233676977, 0.9382716049382716, 0.2215223097112861, 0.05962800875273523]","[0.9973262032085561, 0.99800796812749, 0.9944186046511628, 0.9766584766584766, 0.9880694143167028, 0.979933110367893, 0.9711934156378601, 0.9974025974025974, 0.9865424430641822, 0.9883449883449883, 0.9727520435967303, 0.9807692307692307, 0.9529880478087649, 0.885121107266436]","[0.03481190342504211, 0.9953434225844005, 0.9964381121994658, 0.9855832241153342, 0.044857768052516414, 0.042404723564143855, 0.9692470837751855, 0.43421998562185476, 0.6228571428571429, 0.045324153757888695, 0.037703016241299306, 0.04894179894179894, 0.045503211991434686]",40.157273303127695,2.3605167769923696,59.20588040671148,21.24913454055786,8.073701858520508,4.280231952667236,8.895200729370117,353490.3359375,121211.2421875,150222.265625,82056.828125,353469.0859375,121203.171875,150217.984375,82047.9296875,,COMPLETE,False,,,
sv_mean,79,25.52010536193848,2026-10-07 01:04:59.630118,2026-10-07 01:06:28.800472,0 days 00:01:29.170354,0.8,0.001694634703152,0.0305154070001133,11.117925643920898,6.092829704284668,8.30935001373291,117.307075338509,60.89764155383033,51.36641142573403,77.33540350949873,53.99110972625824,"[0.062143671607753706, 0.054895302773061684, 0.936268829663963, 0.973568281938326, 0.5753424657534246, 0.8875255623721882, 0.9756613756613757, 0.9964381121994658, 0.09115138592750532, 0.158953722334004, 0.4230225988700565, 0.9319114027891715, 0.07175502742230347, 0.052659860290166574]","[0.9973262032085561, 0.99800796812749, 0.3366467859509609, 0.22154471544715448, 0.9880694143167028, 0.9777034559643255, 0.9786008230452675, 0.9974025974025974, 0.2301980198019802, 0.9906759906759907, 0.23201438848920863, 0.9875, 0.9556259904912837, 0.9356401384083045]","[0.07263619286161553, 0.9953434225844005, 0.9973285841495992, 0.9239842726081258, 0.830166270783848, 0.06633771929824561, 0.8411037107516651, 0.4174041297935103, 0.8780290791599353, 0.054458408138839016, 0.10921052631578948, 0.782574568288854, 0.05026737967914439]",48.63358857426597,22.664596490501268,46.00889027374176,25.52010536193848,11.117925643920898,6.092829704284668,8.30935001373291,323370.09375,109561.53125,139890.078125,73918.484375,323344.5703125,109550.4140625,139883.984375,73910.171875,,COMPLETE,False,,,
sv_mean,80,31.60623073577881,2026-10-07 01:06:28.807657,2026-10-07 01:07:59.549763,0 days 00:01:30.742106,0.6,0.0258448760512916,0.0336603024617645,8.760176658630371,14.212125778198242,8.633928298950195,176.81901864648012,41.06032711783997,32.26809119239443,62.792800324552886,28.120089836572586,"[0.06662269129287599, 0.9542910447761194, 0.9764982373678026, 0.43713572023313907, 0.25796178343949044, 0.038586703858670385, 0.416466826538769, 0.97506678539626, 0.1357006975269499, 0.06176266481609993, 0.059371362048894066, 0.0470770822555613, 0.03425357873210634, 0.05673758865248227]","[0.9866310160427807, 0.4078460399703923, 0.8838289962825279, 0.19063545150501673, 0.9288025889967637, 0.779134295227525, 0.6926196269261963, 0.9935064935064936, 0.8830227743271222, 0.921911421911422, 0.2451657458563536, 0.7607655502392344, 0.07063911580970687, 0.04648292883587001]","[0.029395138496325607, 0.989522700814901, 0.9928762243989314, 0.8859764089121888, 0.03446418955304254, 0.0448456610366919, 0.43413421706710853, 0.04380841121495327, 0.0391644908616188, 0.04635441815548044, 0.034303534303534305, 0.03721424774056353, 0.04355203619909502]",67.73190880760558,37.20719967544712,71.87991016342741,31.60623073577881,8.760176658630371,14.212125778198242,8.633928298950195,330163.5703125,112281.4453125,142253.15625,75628.96875,330131.9609375,112272.6875,142238.9375,75620.3359375,,COMPLETE,False,,,
sv_mean,81,19.81355857849121,2026-10-07 01:07:59.557964,2026-10-07 01:09:38.401340,0 days 00:01:38.843376,0.8,0.004853345504959,0.0490062416195339,7.428714275360107,3.804656505584717,8.580187797546387,98.77124904235605,67.07625031921465,59.865148149934434,98.19085307618649,43.172749731523055,"[0.07501442585112522, 0.9869402985074627, 0.9858989424206815, 0.9779005524861878, 0.8469387755102041, 0.9107755662319835, 0.9851694915254238, 0.9964381121994658, 0.1516497461928934, 0.05241935483870968, 0.06710605152786099, 0.9572016460905349, 0.32763532763532766, 0.060032449972958354]","[0.9973262032085561, 0.99800796812749, 0.9953488372093023, 0.9803439803439803, 0.9880694143167028, 0.9810479375696767, 0.974485596707819, 0.9974025974025974, 0.9906832298136646, 0.9906759906759907, 0.9818346957311535, 0.9836538461538461, 0.9625796178343949, 0.9252595155709342]","[0.029612756264236904, 0.9953434225844005, 0.9973285841495992, 0.9829619921363041, 0.04143947655398037, 0.04221635883905013, 0.9828877005347594, 0.4326710816777042, 0.935720097640358, 0.04058823529411765, 0.03864447086801427, 0.049820236260914225, 0.0432230522945571]",40.134851850065566,1.8091469238135147,56.82725026847695,19.81355857849121,7.428714275360107,3.804656505584717,8.580187797546387,359517.8828125,123471.3046875,152308.078125,83738.5,359498.078125,123463.875,152304.28125,83729.921875,,COMPLETE,False,,,
sv_mean,82,24.334160327911377,2026-10-07 01:09:38.408845,2026-10-07 01:11:11.911751,0 days 00:01:33.502906,0.5,0.0026694958301239,0.0001181335887288,8.316991806030273,7.630199909210205,8.386968612670898,171.89821761726623,42.70059412757792,38.52970588510932,52.95786600477753,36.614210492846894,"[0.07151370679380215, 0.459546925566343, 0.9335664335664335, 0.7058823529411765, 0.07093821510297482, 0.06958333333333333, 0.9144008056394763, 0.9946571682991986, 0.05911823647294589, 0.05970149253731343, 0.4970717423133236, 0.08147113594040968, 0.1054421768707483, 0.3712650985378258]","[0.9973262032085561, 0.35918114143920593, 0.909973521624007, 0.1648631444939529, 0.7701647875108413, 0.18231046931407943, 0.2158912702561422, 0.9948119325551232, 0.22560596643878186, 0.9801864801864801, 0.2885542168674699, 0.8915343915343915, 0.2564825253664036, 0.17721518987341772]","[0.06390593047034765, 0.989522700814901, 0.9973285841495992, 0.9712418300653595, 0.05921052631578947, 0.05743073047858942, 0.38722826086956524, 0.5044444444444445, 0.07208872458410351, 0.10885167464114832, 0.11676646706586827, 0.060267857142857144, 0.37155963302752293]",61.47029411489068,47.04213399522247,63.38578950715311,24.334160327911377,8.316991806030273,7.630199909210205,8.386968612670898,21927.6416015625,7488.0830078125,9481.8623046875,4957.6962890625,21903.3076171875,7479.76611328125,9474.232421875,4949.30908203125,,COMPLETE,False,,,
sv_mean,83,19.44598126411438,2026-10-07 01:11:11.917238,2026-10-07 01:12:41.008039,0 days 00:01:29.090801,0.6,0.0042781541492147,0.0428718504923054,7.563023567199707,3.750884294509888,8.132073402404785,92.035926884663,69.32135770511233,60.5421602726121,98.07574452552664,49.346168317198256,"[0.07484168105929764, 0.9714548802946593, 0.9952996474735605, 0.9767955801104973, 0.8635778635778636, 0.9103353867214237, 0.9819915254237288, 0.9964381121994658, 0.14974619289340102, 0.05294506949040371, 0.16554261189454322, 0.9530864197530864, 0.32384746727376207, 0.06]","[0.9973262032085561, 0.99800796812749, 0.9944186046511628, 0.972972972972973, 0.9880694143167028, 0.9821627647714605, 0.9736625514403292, 0.9974025974025974, 0.9886128364389234, 0.9906759906759907, 0.9809437386569873, 0.9865384615384616, 0.9593949044585988, 0.9204152249134948]","[0.033183352080989874, 0.9953434225844005, 0.9973285841495992, 0.9855832241153342, 0.04250681198910082, 0.041666666666666664, 0.9828877005347594, 0.4402332361516035, 0.9429502852485737, 0.04130308318789994, 0.036885245901639344, 0.8329519450800915, 0.04217832354511479]",39.4578397273879,1.9242554744733693,50.653831682801744,19.44598126411438,7.563023567199707,3.750884294509888,8.132073402404785,348428.359375,119294.71875,148486.734375,80646.90625,348408.9140625,119287.15625,148482.984375,80638.7734375,,COMPLETE,False,,,
sv_mean,84,19.92561435699463,2026-10-07 01:12:41.020501,2026-10-07 01:14:10.817974,0 days 00:01:29.797473,0.6,0.0024848607037706,0.0379837411287751,7.889312744140625,4.638070583343506,7.398231029510498,103.56514097616554,65.47828634127815,57.49775324335469,89.6083416632811,49.32876411719867,"[0.06518010291595197, 0.06360022714366836, 0.9753231492361927, 0.9790286975717439, 0.7431629013079667, 0.8986995208761123, 0.9798728813559322, 0.9964381121994658, 0.071313672922252, 0.04905166775670373, 0.43661971830985913, 0.9523026315789473, 0.7837455830388692, 0.055346587855991405]","[0.9973262032085561, 0.99800796812749, 0.9944186046511628, 0.9028901734104047, 0.9880694143167028, 0.9821627647714605, 0.9769547325102881, 0.9974025974025974, 0.5798668885191348, 0.9906759906759907, 0.25857843137254904, 0.989423076923077, 0.9579030976965845, 0.9314878892733564]","[0.0414985590778098, 0.9953434225844005, 0.9973285841495992, 0.9842726081258192, 0.042483660130718956, 0.049044914816726896, 0.9703703703703703, 0.4336734693877551, 0.9041867954911433, 0.03965014577259475, 0.0687799043062201, 0.8456167571761055, 0.040490143846563666]",42.50224675664531,10.391658336718905,50.67123588280133,19.92561435699463,7.889312744140625,4.638070583343506,7.398231029510498,339016.3046875,115717.109375,145269.796875,78029.3984375,338996.375,115709.21875,145265.15625,78022.0,,COMPLETE,False,,,
sv_mean,85,26.389636993408203,2026-10-07 01:14:10.824968,2026-10-07 01:15:49.174207,0 days 00:01:38.349239,0.3,0.0246309005456623,0.0001415188582238,8.97160816192627,8.642065048217773,8.77596378326416,237.64783969594845,20.78405343468385,14.305740538108369,24.28708340812272,23.75933635782047,"[0.05717102020699852, 0.2146450531022918, 0.06666666666666667, 0.045283018867924525, 0.1935483870967742, 0.04369961815867628, 0.08090957165520889, 0.9706405693950177, 0.058759521218716, 0.046180159635119726, 0.06822057987492894, 0.05165692007797271, 0.033736153071500505, 0.07168643630737494]","[0.9955436720142602, 0.12579281183932348, 0.25263157894736843, 0.10259433962264151, 0.17001254705144292, 0.06976744186046512, 0.08818263205013428, 0.7471383975026015, 0.07632743362831858, 0.29178674351585016, 0.1870463428252373, 0.20424107142857142, 0.041685965724872626, 0.04744069912609238]","[0.03421309872922776, 0.7570564516129032, 0.9082813891362422, 0.9713168187744459, 0.03550295857988166, 0.05056179775280899, 0.04081632653061224, 0.08074222668004012, 0.041666666666666664, 0.044532409698169226, 0.03940634595701126, 0.036109773712084736, 0.048507462686567165]",85.69425946189163,75.71291659187727,76.24066364217953,26.389636993408203,8.97160816192627,8.642065048217773,8.77596378326416,19305.341796875,6599.837890625,8327.0380859375,4378.4658203125,19278.95263671875,6590.8662109375,8318.396484375,4369.68994140625,,COMPLETE,False,,,
sv_mean,86,28.161309719085693,2026-10-07 01:15:49.180648,2026-10-07 01:17:19.054290,0 days 00:01:29.873642,0.1,0.0012315896600683,0.04308645753553,14.474786758422852,4.799067974090576,8.887454986572266,117.8883822918197,60.70387256939343,54.1318995175631,74.24789240468105,53.73182578593615,"[0.2496732026143791, 0.18208430913348947, 0.3101018010963195, 0.9558985667034179, 0.4457831325301205, 0.8822328114363512, 0.9278242677824268, 0.9964381121994658, 0.25873731679819617, 0.19361413043478262, 0.3950354609929078, 0.9163248564397046, 0.7503681885125184, 0.11434977578475336]","[0.9973262032085561, 0.9970119521912351, 0.2103298070939639, 0.167267483777938, 0.9848156182212582, 0.967670011148272, 0.9753086419753086, 0.9974025974025974, 0.1509433962264151, 0.9883449883449883, 0.1813953488372093, 0.9713467048710601, 0.9181890389197777, 0.8873531444367657]","[0.22992227979274613, 0.9604190919674039, 0.9973285841495992, 0.9072681704260651, 0.8735362997658079, 0.13716814159292035, 0.2275132275132275, 0.405982905982906, 0.9009661835748792, 0.279819471308833, 0.15976714100905562, 0.8031794095382286, 0.10226644555002765]",45.8681004824369,25.752107595318947,46.26817421406385,28.161309719085693,14.474786758422852,4.799067974090576,8.887454986572266,348850.90625,119454.9375,148621.734375,80774.234375,348822.7421875,119440.4609375,148616.9375,80765.34375,,COMPLETE,False,,,
sv_mean,87,20.155332565307617,2026-10-07 01:17:19.059419,2026-10-07 01:18:49.256676,0 days 00:01:30.197257,0.7000000000000001,0.005486384165449,0.0169225574392617,7.0738019943237305,4.362491607666016,8.719038963317871,105.68691530952438,64.77102823015854,60.093691665027485,97.95638081514596,36.26301221030218,"[0.07647740440324449, 0.9869402985074627, 0.9917743830787309, 0.9790055248618784, 0.8804627249357326, 0.906100068540096, 0.9862433862433863, 0.9964381121994658, 0.14521242866201647, 0.05077860528097495, 0.06926159129937035, 0.9563786008230453, 0.3223981900452489, 0.06564551422319474]","[0.9973262032085561, 0.99800796812749, 0.9953488372093023, 0.9754299754299754, 0.9880694143167028, 0.9832775919732442, 0.9728395061728395, 0.9974025974025974, 0.989648033126294, 0.9906759906759907, 0.9763851044504995, 0.9836538461538461, 0.9530254777070064, 0.91280276816609]","[0.03446327683615819, 0.9953434225844005, 0.9973285841495992, 0.9855832241153342, 0.04137180185084377, 0.04157782515991471, 0.9732905982905983, 0.42220598977355733, 0.046875, 0.04224537037037037, 0.03699284009546539, 0.05089974293059126, 0.04601391118245051]",39.90630833497252,2.043619184854037,63.73698778969782,20.155332565307617,7.0738019943237305,4.362491607666016,8.719038963317871,287280.25,95034.9765625,127134.3828125,65110.890625,287260.1015625,95027.90625,127130.0234375,65102.171875,,COMPLETE,False,,,
sv_mean,88,20.02299451828003,2026-10-07 01:18:49.262309,2026-10-07 01:20:29.346279,0 days 00:01:40.083970,0.6,0.0051351641038181,0.0450673573826645,7.299045562744141,4.013967037200928,8.709981918334961,98.42567808985692,67.19144063671436,60.42055255827196,97.92719900328288,43.22657034858826,"[0.07501442585112522, 0.9860074626865671, 0.9964747356051704, 0.9756906077348066, 0.9209183673469388, 0.9068493150684932, 0.9809523809523809, 0.9964381121994658, 0.14974619289340102, 0.05849889624724062, 0.06754436176302232, 0.9572016460905349, 0.3223234624145786, 0.06521739130434782]","[0.9973262032085561, 0.99800796812749, 0.9953488372093023, 0.9778869778869779, 0.9880694143167028, 0.9832775919732442, 0.968724279835391, 0.9974025974025974, 0.9886128364389234, 0.9906759906759907, 0.9754768392370572, 0.9836538461538461, 0.9546178343949044, 0.9107266435986159]","[0.03485103991006183, 0.9953434225844005, 0.9973285841495992, 0.9855832241153342, 0.043596730245231606, 0.04111755403268318, 0.9850267379679144, 0.43371757925072046, 0.9289795918367347, 0.041884816753926704, 0.0375366568914956, 0.048984995586937335, 0.045503211991434686]",39.57944744172804,2.0728009967171346,56.77342965141174,20.02299451828003,7.299045562744141,4.013967037200928,8.709981918334961,352494.84375,120823.515625,149879.96875,81791.359375,352474.8203125,120816.21875,149875.953125,81782.6484375,,COMPLETE,False,,,
sv_mean,89,26.3996524810791,2026-10-07 01:20:29.351436,2026-10-07 01:22:08.294075,0 days 00:01:38.942639,0.9,0.0006453938340302,0.0023028412985975,9.056095123291016,8.31399917602539,9.029558181762695,150.4147668493494,49.8617443835502,38.624125089925336,67.39126944165179,43.56983861907348,"[0.2148876404494382, 0.22460220318237453, 0.4025821596244131, 0.9163135593220338, 0.3648124191461837, 0.37367303609341823, 0.18967517401392112, 0.9964381121994658, 0.2899746192893401, 0.33167330677290835, 0.4337866857551897, 0.4783155248271527, 0.0877110694183865, 0.10293200249532128]","[0.9973262032085561, 0.9950199203187251, 0.1915024630541872, 0.24238026124818576, 0.9848484848484849, 0.23324905183312264, 0.8875404530744336, 0.9974025974025974, 0.15005861664712777, 0.9790209790209791, 0.1706758304696449, 0.9561157796451915, 0.8215120810600156, 0.828125]","[0.1440922190201729, 0.789289871944121, 0.9973285841495992, 0.5557011795543906, 0.552757793764988, 0.2937548188126446, 0.09207984546039923, 0.42457689477557026, 0.7069805194805194, 0.19060773480662985, 0.26277955271565495, 0.595895816890292, 0.05823418910457107]",61.37587491007466,32.60873055834821,56.43016138092652,26.3996524810791,9.056095123291016,8.31399917602539,9.029558181762695,24027.50390625,8422.7099609375,8087.65380859375,7517.14013671875,24001.1044921875,8413.654296875,8079.33984375,7508.1103515625,,COMPLETE,False,,,
sv_mean,90,62.23852729797363,2026-10-07 01:22:08.299578,2026-10-07 01:23:40.448981,0 days 00:01:32.149403,0.7000000000000001,0.0001685580099088,0.0163953869472949,22.53261375427246,25.251190185546875,14.454723358154297,148.9198202803406,50.36005990655314,49.25918116513176,54.37491995286899,47.446078601658655,"[0.29747292418772564, 0.30952380952380953, 0.32572992700729925, 0.7332635983263598, 0.3718079673135853, 0.7061068702290076, 0.6768676867686768, 0.9564056939501779, 0.3209207853757617, 0.3002588438308887, 0.3526208304969367, 0.7645650438946529, 0.5189964157706093, 0.26174496644295303]","[0.7889983579638752, 0.6869565217391305, 0.29850746268656714, 0.2725118483412322, 0.6867119301648884, 0.5408426483233018, 0.7940251572327044, 0.3615506329113924, 0.2883310719131615, 0.7692307692307693, 0.2554417413572343, 0.605, 0.6080892608089261, 0.6562913907284769]","[0.24414210128495842, 0.65, 0.7827248441674087, 0.5456919060052219, 0.5795180722891566, 0.30023273855702093, 0.6776937618147448, 0.3259207783182766, 0.7587301587301587, 0.2648134601316752, 0.2609067579127459, 0.5401854714064915, 0.23743016759776536]",50.74081883486824,45.62508004713101,52.55392139834135,62.23852729797363,22.53261375427246,25.251190185546875,14.454723358154297,285656.17578125,94355.046875,126518.5078125,64782.62109375,285593.94140625,94332.515625,126493.2578125,64768.16796875,,COMPLETE,False,,,
sv_mean,91,19.28558921813965,2026-10-07 01:23:40.457009,2026-10-07 01:25:10.586518,0 days 00:01:30.129509,0.7000000000000001,0.0041182674758799,0.0339757947436613,7.722869873046875,3.728769779205322,7.833949565887451,95.3311282766374,68.22295724112087,57.004170588653935,98.20101502772874,49.463686106979935,"[0.07533064979873491, 0.2403051493960585, 0.9905992949471211, 0.9779005524861878, 0.8558558558558559, 0.9082819986310746, 0.9851694915254238, 0.9964381121994658, 0.15038071065989847, 0.05043712172158709, 0.4102911306702776, 0.9530864197530864, 0.3265073947667804, 0.06]","[0.9973262032085561, 0.99800796812749, 0.9953488372093023, 0.9754299754299754, 0.9880694143167028, 0.9832775919732442, 0.9761316872427983, 0.9974025974025974, 0.989648033126294, 0.9906759906759907, 0.9827586206896551, 0.9865384615384616, 0.9601910828025477, 0.9273356401384083]","[0.03059490084985836, 0.9953434225844005, 0.9973285841495992, 0.9855832241153342, 0.041916167664670656, 0.04112441436751692, 0.986096256684492, 0.43193524650478293, 0.9512195121951219, 0.04190919674039581, 0.0488235294117647, 0.8362264150943396, 0.04217832354511479]",42.99582941134607,1.7989849722712563,50.53631389302007,19.28558921813965,7.722869873046875,3.728769779205322,7.833949565887451,330794.625,112525.71875,142472.6875,75796.21875,330775.328125,112517.9921875,142468.953125,75788.3828125,,COMPLETE,False,,,
sv_mean,92,27.26744174957276,2026-10-07 01:25:10.591975,2026-10-07 01:26:50.196962,0 days 00:01:39.604987,0.5,0.099180694086944,0.001627225944568,8.858160972595215,8.832889556884766,9.576391220092772,286.9061429037532,4.364619032082256,3.487454789086,5.473471596030492,4.132930711130277,"[0.02918502202643172, 0.04129168872419269, 0.04712717882504842, 0.02587117212249208, 0.03629536921151439, 0.033317908375751965, 0.026881720430107527, 0.06130268199233716, 0.033962264150943396, 0.03524729960204662, 0.029994340690435765, 0.034906588003933134, 0.03089749877390878, 0.02196293754289636]","[0.3736842105263158, 0.033123028391167195, 0.03237051792828685, 0.03337783711615487, 0.03428239395700174, 0.02676977989292088, 0.03750586029067042, 0.029174425822470516, 0.029394473838918283, 0.029395452024403773, 0.017843866171003718, 0.031266846361185985, 0.02632937532266391, 0.031767955801104975]","[0.03005780346820809, 0.06088560885608856, 0.1905940594059406, 0.002621231979030144, 0.025190839694656488, 0.03435114503816794, 0.032823995472552346, 0.0153015301530153, 0.03279541905257678, 0.0334553058024046, 0.01876876876876877, 0.030715005035246726, 0.02972027972027972]",96.512545210914,94.52652840396952,95.86706928886971,27.26744174957276,8.858160972595215,8.832889556884766,9.576391220092772,9355.157104492188,4742.8037109375,1290.1619873046875,3322.19140625,9327.889404296877,4733.9453125,1281.3291015625,3312.614990234375,,COMPLETE,False,,,
sv_mean,93,32.945316791534424,2026-10-07 01:26:50.203651,2026-10-07 01:28:29.118442,0 days 00:01:38.914791,0.6,0.0010253533293976,0.0430515927357019,17.194896697998047,5.887942790985107,9.86247730255127,114.409589679976,61.86347010667466,55.97885015388479,74.46995168107283,55.14160848506639,"[0.2938041305796136, 0.3279535183989671, 0.31721311475409836, 0.9493949394939494, 0.3472222222222222, 0.8833898305084745, 0.90927624872579, 0.9955476402493322, 0.27755102040816326, 0.24379562043795622, 0.3957033957033957, 0.9154351395730707, 0.7797123391370174, 0.20103986135181975]","[0.9973262032085561, 0.9950199203187251, 0.19035997559487491, 0.19029126213592232, 0.9848156182212582, 0.9643652561247216, 0.974485596707819, 0.9974025974025974, 0.16291469194312796, 0.9906759906759907, 0.16484149855907781, 0.9706161137440759, 0.9180588703261734, 0.9246196403872753]","[0.25313807531380755, 0.9383003492433062, 0.9973285841495992, 0.815006468305304, 0.8411552346570397, 0.2016082711085583, 0.34487179487179487, 0.3971223021582734, 0.9093851132686084, 0.27217332430602575, 0.19426974143955275, 0.7772585669781932, 0.226791277258567]",44.021149846115215,25.53004831892717,44.858391514933615,32.945316791534424,17.194896697998047,5.887942790985107,9.86247730255127,348789.3984375,119432.53125,148602.21875,80754.6484375,348756.453125,119415.3359375,148596.328125,80744.7890625,,COMPLETE,False,,,
sv_mean,94,20.63046598434448,2026-10-07 01:28:29.129053,2026-10-07 01:30:00.702800,0 days 00:01:31.573747,0.7000000000000001,0.007366317941146,0.0205757803297141,7.529540061950684,4.563455104827881,8.537470817565918,106.89236258544857,64.36921247151714,53.79456957364057,97.4666612128589,41.846406628051966,"[0.07885514018691589, 0.9897388059701493, 0.9905992949471211, 0.982281284606866, 0.9679075738125802, 0.16963490650044524, 0.9809523809523809, 0.9964381121994658, 0.14575411913814956, 0.05193075898801598, 0.06857142857142857, 0.9448559670781893, 0.096248766041461, 0.06747120131651124]","[0.9973262032085561, 0.99800796812749, 0.9953488372093023, 0.9680589680589681, 0.9880694143167028, 0.9732441471571907, 0.9646090534979423, 0.9974025974025974, 0.9875776397515528, 0.9895104895104895, 0.9745685740236149, 0.9769230769230769, 0.9474103585657371, 0.8872752420470262]","[0.03481190342504211, 0.9953434225844005, 0.9973285841495992, 0.9855832241153342, 0.042437431991294884, 0.04275788348476751, 0.9712765957446808, 0.43427741466957154, 0.7579570688378978, 0.04555940023068051, 0.03489059727971614, 0.048963387737097484, 0.048845947396672036]",46.20543042635943,2.533338787141105,58.153593371948034,20.63046598434448,7.529540061950684,4.563455104827881,8.537470817565918,298381.578125,99461.359375,131132.828125,67787.390625,298360.9453125,99453.828125,131128.265625,67778.8515625,,COMPLETE,False,,,
sv_mean,95,22.69131565093994,2026-10-07 01:30:00.709468,2026-10-07 01:31:30.398864,0 days 00:01:29.689396,0.7000000000000001,0.0102236528144532,0.0429723783416288,7.43688154220581,6.899082660675049,8.355351448059082,106.88663362468483,64.37112212510505,59.10949875454568,96.19117955624236,37.8126880645271,"[0.07876312718786464, 0.9850746268656716, 0.9905992949471211, 0.9723451327433629, 0.9016817593790427, 0.7975376196990424, 0.9713983050847458, 0.9946571682991986, 0.14521242866201647, 0.06292134831460675, 0.0759493670886076, 0.9251028806584363, 0.30273660205245156, 0.07135016465422613]","[0.9973262032085561, 0.9940239043824701, 0.9897674418604652, 0.9606879606879607, 0.9859002169197397, 0.9643255295429208, 0.9572016460905349, 0.9974025974025974, 0.979296066252588, 0.9848484848484849, 0.9500454132606722, 0.9663461538461539, 0.9076433121019108, 0.8319502074688797]","[0.032329988851727984, 0.9930151338766007, 0.9973285841495992, 0.9855832241153342, 0.041462084015275506, 0.04361873990306947, 0.9829242262540021, 0.0473568281938326, 0.604270462633452, 0.04737146158290006, 0.042666666666666665, 0.0493609519612164, 0.04836109618484686]",40.89050124545432,3.808820443757625,62.1873119354729,22.69131565093994,7.43688154220581,6.899082660675049,8.355351448059082,348625.6484375,119365.6015625,148553.6875,80706.359375,348602.953125,119358.1640625,148546.78125,80698.0078125,,COMPLETE,False,,,
sv_mean,96,43.35927677154541,2026-10-07 01:31:30.413967,2026-10-07 01:33:10.456767,0 days 00:01:40.042800,0.3,0.0004389947643812,0.0013103851034155,17.571149826049805,9.167557716369627,16.620569229125977,152.3483644062469,49.21721186458437,38.33510635115763,63.436606202028464,45.87992304056702,"[0.24133420536298233, 0.28144458281444584, 0.31333859510655093, 0.8675564681724846, 0.2961342086068563, 0.4936708860759494, 0.1657848324514991, 0.9955476402493322, 0.30362826225334183, 0.25705329153605017, 0.43994314143567875, 0.33531960996749727, 0.1263107721639657, 0.2498483929654336]","[0.9973262032085561, 0.9582504970178927, 0.16948130277442702, 0.24423963133640553, 0.9688172043010753, 0.20012277470841006, 0.7558756633813495, 0.9961038961038962, 0.1789906103286385, 0.9523255813953488, 0.14697569248162803, 0.8920353982300885, 0.7191176470588235, 0.7014627659574468]","[0.20194805194805196, 0.9363425925925926, 0.9973285841495992, 0.8077403245942572, 0.23766233766233766, 0.23532898636633076, 0.27630805408583187, 0.43968593861527483, 0.4218203033838973, 0.2577866136514248, 0.28603603603603606, 0.6306049822064057, 0.2357971899816738]",61.66489364884237,36.563393797971536,54.12007695943298,43.35927677154541,17.571149826049805,9.167557716369627,16.620569229125977,5871.0205078125,2579.710205078125,1168.901611328125,2122.40869140625,5827.6612548828125,2562.13916015625,1159.7340087890625,2105.7880859375,,COMPLETE,False,,,
sv_mean,97,20.889423370361328,2026-10-07 01:33:10.465214,2026-10-07 01:34:51.605236,0 days 00:01:41.140022,0.5,0.0025791241233868,0.014884450020833,7.658369541168213,5.224548816680908,8.006505012512207,114.76636623393622,61.74454458868792,51.94004032940882,89.79567059291453,43.49792284374041,"[0.07106017191977078, 0.06360022714366836, 0.9764982373678026, 0.9651795429815017, 0.07705677867902665, 0.8965986394557823, 0.9820295983086681, 0.9964381121994658, 0.07104700854700854, 0.09923664122137404, 0.4538352272727273, 0.9506984387838948, 0.611214953271028, 0.057112068965517244]","[0.9973262032085561, 0.99800796812749, 0.9944186046511628, 0.9465370595382746, 0.9869848156182213, 0.9821627647714605, 0.9769547325102881, 0.9974025974025974, 0.5591397849462365, 0.9906759906759907, 0.2735674676524954, 0.9884615384615385, 0.9524187153053132, 0.9273356401384083]","[0.045324153757888695, 0.9953434225844005, 0.9973285841495992, 0.9855832241153342, 0.040584415584415584, 0.05097214923804519, 0.9576719576719577, 0.434876989869754, 0.882818685669042, 0.0681551116333725, 0.06979472140762463, 0.08421052631578947, 0.04206602768903089]",48.05995967059118,10.204329407085469,56.50207715625959,20.889423370361328,7.658369541168213,5.224548816680908,8.006505012512207,280553.77734375,92319.40625,124588.046875,63646.32421875,280532.88671875,92311.75,124582.8203125,63638.31640625,,COMPLETE,False,,,
sv_mean,98,21.92682313919068,2026-10-07 01:34:51.610176,2026-10-07 01:36:22.578744,0 days 00:01:30.968568,0.7000000000000001,0.0024614283085516,0.0168166355681126,9.045745849609377,5.262218475341797,7.618858814239502,108.19936830823286,63.9335438972557,53.04768484195546,89.7199174456987,49.03302940411297,"[0.06571428571428571, 0.06242905788876277, 0.982373678025852, 0.9693989071038251, 0.7440476190476191, 0.9075975359342916, 0.9851851851851852, 0.9964381121994658, 0.1072961373390558, 0.07965766951942067, 0.4476122594440485, 0.9564502875924404, 0.06587136929460581, 0.05660377358490566]","[0.9973262032085561, 0.99800796812749, 0.9953488372093023, 0.9234449760765551, 0.9880694143167028, 0.9821627647714605, 0.9786008230452675, 0.9974025974025974, 0.570957095709571, 0.9906759906759907, 0.26348039215686275, 0.9884615384615385, 0.953285827395091, 0.9335640138408304]","[0.046181172291296625, 0.9953434225844005, 0.9973285841495992, 0.9842726081258192, 0.041916167664670656, 0.059574468085106386, 0.9098196392785571, 0.42972181551976574, 0.8837579617834395, 0.05558806319485079, 0.06630500301386377, 0.8602654176424668, 0.04421949920085243]",46.95231515804454,10.280082554301302,50.96697059588703,21.92682313919068,9.045745849609377,5.262218475341797,7.618858814239502,286957.09765625,94895.3984375,127007.9296875,65053.76953125,286935.16796875,94886.3515625,127002.6640625,65046.15234375,,COMPLETE,False,,,
sv_mean,99,21.796639442443848,2026-10-07 01:36:22.585544,2026-10-07 01:37:52.439675,0 days 00:01:29.854131,0.5,0.0105973075913372,0.0012473739763747,7.136813163757324,6.610722541809082,8.049103736877441,160.76175267288804,46.412749109037314,32.65461937308873,70.06593465214796,36.51769330187526,"[0.06394763343403827, 0.9860335195530726, 0.9905992949471211, 0.11072056239015818, 0.0642939150401837, 0.044755244755244755, 0.8834476003917727, 0.993766696349065, 0.09569957601453664, 0.05104934770277935, 0.07106017191977078, 0.06498855835240275, 0.07688634192932187, 0.07439824945295405]","[0.9973262032085561, 0.9900398406374502, 0.9869767441860465, 0.2549295774647887, 0.9741379310344828, 0.27299925205684367, 0.17477203647416414, 0.9974025974025974, 0.9565667011375388, 0.9685314685314685, 0.9246823956442831, 0.947267497603068, 0.25925925925925924, 0.10433934666016577]","[0.032723239046034386, 0.9906868451688009, 0.9973285841495992, 0.9855832241153342, 0.04300489929232444, 0.04410973641742873, 0.959830866807611, 0.4702823179791976, 0.03823921742996887, 0.04866412213740458, 0.04050029779630732, 0.04839419269687637, 0.047952586206896554]",67.34538062691126,29.93406534785204,63.48230669812474,21.796639442443848,7.136813163757324,6.610722541809082,8.049103736877441,5532.25341796875,2280.896484375,1335.2811279296875,1916.0758056640625,5510.456909179688,2273.759765625,1328.67041015625,1908.0267333984373,,COMPLETE,False,,,
sv_sum,0,310.62317657470703,2026-10-06 23:05:16.390874,2026-10-06 23:11:15.723252,0 days 00:05:59.332378,0.8,0.003,0.007,120.22801971435548,81.22879028320312,109.16636657714844,121.50651815768695,59.49782728077101,47.84313144340754,88.29922032297333,42.35113007593216,"[0.07179781734635267, 0.06370875995449374, 0.9670975323149236, 0.9641693811074918, 0.8278481012658228, 0.08305369127516779, 0.9820485744456178, 0.9964381121994658, 0.12731229597388466, 0.08579088471849866, 0.4335965541995693, 0.953125, 0.08157653528872594, 0.06047516198704104]","[0.9973262032085561, 0.99800796812749, 0.9953488372093023, 0.9596083231334149, 0.9880694143167028, 0.9777530589543938, 0.9786008230452675, 0.9974025974025974, 0.5685785536159601, 0.9895104895104895, 0.29356652092442226, 0.9865384615384616, 0.703551912568306, 0.9280276816608997]","[0.04021937842778794, 0.9941792782305006, 0.9973285841495992, 0.9842726081258192, 0.041916167664670656, 0.05447680690399137, 0.9402677651905252, 0.43820224719101125, 0.040625, 0.041742286751361164, 0.0626865671641791, 0.829153605015674, 0.0405766150560598]",52.15686855659246,11.700779677026674,57.64886992406784,310.62317657470703,120.22801971435548,81.22879028320312,109.16636657714844,219385.54296875,69829.46875,99138.015625,50418.05859375,219074.921875,69709.2421875,99056.7890625,50308.890625,"{'wh_learning_rate': 0.007, 'sv_learning_rate': 0.003, 'centroid_momentum': 0.8}",COMPLETE,False,,,
sv_sum,1,371.5102462768554,2026-10-06 23:05:16.390982,2026-10-06 23:11:39.719306,0 days 00:06:23.328324,0.7000000000000001,0.0711447600934342,0.0010253509690168,127.8881378173828,123.36248779296876,120.2596206665039,263.65243052670235,12.115856491099224,4.590362236465436,14.343377158430712,17.41383007840152,"[0.02874251497005988, 0.04272683629380701, 0.10448642266824085, 0.027482823235477825, 0.043132803632236094, 0.039180765805877114, 0.034482758620689655, 0.11378923766816143, 0.03115814226925338, 0.04371584699453552, 0.0466704610130905, 0.03003625064733299, 0.02935514918190568, 0.027690700104493208]","[0.5092067988668555, 0.048268625393494226, 0.05552645364064956, 0.05120481927710843, 0.02792022792022792, 0.03349282296650718, 0.0342562177381511, 0.9831168831168832, 0.030321406913280776, 0.0936849410131853, 0.03506907545164718, 0.03453453453453453, 0.03162260238465526, 0.03984739296311997]","[0.034760705289672546, 0.03801546391752577, 0.9715048975957258, 0.9569190600522193, 0.025957170668397145, 0.008866995073891626, 0.02949208083014746, 0.04061416542842992, 0.03442879499217527, 0.028504944735311226, 0.0266497461928934, 0.02960361264425489, 0.038480272771553824]",95.40963776353456,85.65662284156929,82.58616992159848,371.5102462768554,127.8881378173828,123.36248779296876,120.2596206665039,5604.578125,1930.2843017578125,2259.96728515625,1414.3265380859375,5233.0677490234375,1802.3961181640625,2136.604736328125,1294.06689453125,,COMPLETE,False,,,
sv_sum,2,702.6828918457031,2026-10-06 23:05:16.391452,2026-10-06 23:11:39.726156,0 days 00:06:23.334704,0.2,0.0002938027938703,0.0041282053438262,327.4472045898437,141.735595703125,233.5000915527344,144.7308513799049,51.75638287336503,46.221171821730856,60.59408355384025,48.45389324452399,"[0.26072386058981234, 0.289490245437382, 0.3170926517571885, 0.8494167550371156, 0.4665461121157324, 0.6892405063291139, 0.37178642056690836, 0.9955476402493322, 0.31005221932114885, 0.26881720430107525, 0.4038199181446112, 0.6664290805416964, 0.33583815028901737, 0.2461632903621854]","[0.9973262032085561, 0.921645445641528, 0.2610271903323263, 0.27016520894071916, 0.7230443974630021, 0.19607843137254902, 0.750375939849624, 0.9922077922077922, 0.23003003003003003, 0.8845714285714286, 0.19727891156462585, 0.7849720223820943, 0.6306306306306306, 0.643818065342729]","[0.22924901185770752, 0.8677494199535963, 0.9973285841495992, 0.662962962962963, 0.47116237799467614, 0.2729641693811075, 0.39645776566757496, 0.3913337846987136, 0.656758669497523, 0.2782204515272244, 0.278778386844166, 0.5617897727272727, 0.2342507645259939]",53.77882817826914,39.40591644615975,51.54610675547601,702.6828918457031,327.4472045898437,141.735595703125,233.5000915527344,99768.150390625,33651.28515625,42485.140625,23631.724609375,99065.470703125,33323.83984375,42343.40625,23398.224609375,,COMPLETE,False,,,
sv_sum,3,371.9053955078125,2026-10-06 23:05:16.391678,2026-10-06 23:12:17.453884,0 days 00:07:01.062206,0.6,0.0396760507705299,0.000143471595172,126.0,128.9053955078125,117.0,262.722419406747,12.425860197750994,6.853520374483581,19.93553477562284,10.488525443146566,"[0.05527638190954774, 0.06143344709897611, 0.05480195333695062, 0.03715170278637771, 0.04793289394847214, 0.04125816993464052, 0.049586776859504134, 0.2955696202531646, 0.0491504854368932, 0.04676489429852659, 0.07684319833852545, 0.03911735205616851, 0.03861342694164107, 0.06599254922831294]","[0.9901960784313726, 0.09005235602094241, 0.15021199273167776, 0.07624633431085044, 0.10771793448084398, 0.0336644591611479, 0.041589648798521256, 0.9857697283311773, 0.05827886710239651, 0.07869040781160253, 0.05315947843530592, 0.030801911842804036, 0.053230209281164696, 0.04136546184738956]","[0.03201970443349754, 0.048728813559322036, 0.8920552677029361, 0.04230118443316413, 0.034519956850053934, 0.04602510460251046, 0.047968021319120584, 0.045318725099601595, 0.040806969280146724, 0.03190883190883191, 0.031610942249240125, 0.03213610586011342, 0.038108680310515175]",93.14647962551642,80.06446522437716,89.51147455685343,371.9053955078125,126.0,128.9053955078125,117.0,19489.75244140625,6658.3359375,8366.3515625,4465.06494140625,19117.84716796875,6532.3359375,8237.4462890625,4348.06494140625,,COMPLETE,False,,,
sv_sum,4,607.2367248535156,2026-10-06 23:05:16.391897,2026-10-06 23:15:07.861758,0 days 00:09:51.469861,0.9,0.0001152798712823,0.0081482932101052,161.93658447265625,328.3001403808594,117.0,157.8584928005523,47.380502399815896,46.221700574215205,56.08022742901929,39.8395791962132,"[0.26479750778816197, 0.29582448690728946, 0.32784958871915393, 0.605524861878453, 0.35058214747736094, 0.6546426185704742, 0.6383616383616384, 0.9367764915405165, 0.2933709449929478, 0.327683615819209, 0.37163636363636365, 0.6683046683046683, 0.4899845916795069, 0.24569855471438404]","[0.8522727272727273, 0.7086330935251799, 0.30942334739803096, 0.26994359387590655, 0.6849056603773584, 0.5852534562211982, 0.76640625, 0.5050732807215332, 0.2903448275862069, 0.7631862217438106, 0.2586094866796621, 0.6206156048675734, 0.5981830887491265, 0.6383812010443864]","[0.24089852827265684, 0.5075669383003493, 0.6322350845948352, 0.44692005242463956, 0.4504283965728274, 0.31378600823045266, 0.47644539614561027, 0.3520912547528517, 0.5543744889615699, 0.25245653817082386, 0.27039413382218147, 0.45569620253164556, 0.22585227272727273]",53.7782994257848,43.91977257098071,60.1604208037868,607.2367248535156,161.93658447265625,328.3001403808594,117.0,243012.01171875,75600.578125,112569.5703125,54841.86328125,242404.77734375,75438.640625,112241.2734375,54724.86328125,,COMPLETE,False,,,
sv_sum,5,626.6975021362305,2026-10-06 23:05:16.392095,2026-10-06 23:16:11.241642,0 days 00:10:54.849547,0.2,0.0004335281794951,0.0176497158481757,331.5074157714844,127.6679916381836,167.5220947265625,127.9432996649343,57.3522334450219,51.406159693459344,68.17872051148885,52.47182013011751,"[0.28561872909699, 0.3076923076923077, 0.3295081967213115, 0.8468085106382979, 0.3840889649272883, 0.7917771883289124, 0.6208053691275168, 0.9919857524487978, 0.32243589743589746, 0.28095975232198145, 0.37037037037037035, 0.8424, 0.5618915159944368, 0.26051980198019803]","[0.9973262032085561, 0.9207920792079208, 0.31432274789371356, 0.2338387869114126, 0.797427652733119, 0.7700312174817898, 0.9056910569105691, 0.84688995215311, 0.2586999343401182, 0.9580908032596042, 0.25180288461538464, 0.7665130568356375, 0.7394957983193278, 0.7840986977381769]","[0.24277067921990586, 0.8767441860465116, 0.9982190560997328, 0.6582278481012658, 0.6590673575129534, 0.2645939086294416, 0.4796747967479675, 0.35102853351028535, 0.847068145800317, 0.2767253044654939, 0.24892703862660945, 0.683933933933934, 0.2343558282208589]",48.593840306540656,31.821279488511152,47.52817986988249,626.6975021362305,331.5074157714844,127.6679916381836,167.5220947265625,290025.640625,96273.375,128080.265625,65672.0,289398.94140625,95941.8671875,127952.59375,65504.48046875,,COMPLETE,False,,,
sv_sum,6,383.890022277832,2026-10-06 23:05:16.392289,2026-10-06 23:16:14.653823,0 days 00:10:58.261534,0.5,0.0008179499475211,0.0003126102910311,168.43711853027344,102.32427978515624,113.12862396240234,175.9616258455761,41.3461247181413,30.971564220987712,54.01831509982939,39.04849483360682,"[0.21702944942381563, 0.3242730720606827, 0.28841786525359575, 0.8391472868217055, 0.1022196261682243, 0.1111111111111111, 0.1437837837837838, 0.9964381121994658, 0.1134185303514377, 0.2240398293029872, 0.46771879483500717, 0.12855787476280836, 0.09537037037037037, 0.2844932844932845]","[0.9973262032085561, 0.9742828882294757, 0.21818181818181817, 0.13801601971657423, 0.9475341028331584, 0.19123020706455543, 0.2784880489160645, 0.9961038961038962, 0.15988200589970503, 0.9696969696969697, 0.21539379474940334, 0.9202898550724637, 0.33668341708542715, 0.21945488721804512]","[0.15071151358344115, 0.967816091954023, 0.9973285841495992, 0.8888888888888888, 0.1163895486935867, 0.13846153846153847, 0.14324178782983307, 0.48424908424908425, 0.14836223506743737, 0.23245331616226658, 0.2491605104096709, 0.27835616438356164, 0.28088506453595574]",69.02843577901228,45.98168490017061,60.95150516639318,383.890022277832,168.43711853027344,102.32427978515624,113.12862396240234,9102.57275390625,3033.741455078125,4180.52685546875,1888.304443359375,8718.6826171875,2865.304443359375,4078.202392578125,1775.17578125,,COMPLETE,False,,,
sv_sum,7,487.53619384765625,2026-10-06 23:05:16.392482,2026-10-06 23:18:00.803240,0 days 00:12:44.410758,0.6,0.0007476312062252,0.00146489551328,192.4169158935547,120.23828125,174.88099670410156,160.63282959310664,46.455723468964464,32.531042582571345,63.73995365938544,43.09617416493659,"[0.24334847501622323, 0.22044917257683216, 0.3290529695024077, 0.8964803312629399, 0.1011764705882353, 0.22237442922374429, 0.11442516268980477, 0.9964381121994658, 0.29120198265179675, 0.24629080118694363, 0.45526127415891193, 0.14732787674530573, 0.08669724770642202, 0.20382165605095542]","[0.9973262032085561, 0.9930348258706467, 0.20198881292728402, 0.23455933379597502, 0.9816414686825053, 0.23037974683544304, 0.8866559485530546, 0.9974025974025974, 0.15533411488862836, 0.9743589743589743, 0.19579193454120397, 0.9550140581068416, 0.8278816199376947, 0.29222387320455673]","[0.1787598944591029, 0.9744483159117305, 0.9973285841495992, 0.7967171717171717, 0.1244047619047619, 0.167828418230563, 0.3230088495575221, 0.45161290322580644, 0.2272032603158431, 0.21940104166666666, 0.26996466431095406, 0.7325842696629213, 0.13924050632911392]",67.46895741742865,36.26004634061456,56.90382583506341,487.53619384765625,192.4169158935547,120.23828125,174.88099670410156,7615.814208984375,3788.728759765625,992.895263671875,2834.190185546875,7128.27783203125,3596.311767578125,872.656982421875,2659.30908203125,,COMPLETE,False,,,
sv_sum,8,394.7430419921875,2026-10-06 23:05:16.392673,2026-10-06 23:18:53.690281,0 days 00:13:37.297608,0.4,0.0007523742884534,0.0002379522116387,171.0926055908203,112.1041259765625,111.54631042480467,178.2065799002274,40.5978066999242,31.02163822880518,54.737361548520965,36.03442032244645,"[0.2159744408945687, 0.3125778331257783, 0.2933730454206999, 0.8234732824427481, 0.11229314420803782, 0.12087441063009001, 0.14810690423162584, 0.9964381121994658, 0.12008616047388261, 0.21822033898305085, 0.4668094218415418, 0.13444180522565322, 0.08685555039479796, 0.2935049019607843]","[0.9973262032085561, 0.9616141732283464, 0.360180412371134, 0.12843488649940263, 0.9404388714733543, 0.19383259911894274, 0.26578802855573863, 0.9935064935064936, 0.15985790408525755, 0.9662398137369034, 0.2599643069601428, 0.9159891598915989, 0.3129516397998888, 0.20710612435717626]","[0.09141135107985937, 0.9610983981693364, 0.9973285841495992, 0.47315436241610737, 0.13489208633093525, 0.15876398508257858, 0.1737218251786696, 0.4897360703812317, 0.16522157996146436, 0.2355584082156611, 0.28215488215488216, 0.24586666666666668, 0.27556644213104714]",68.97836177119481,45.26263845147904,63.96557967755356,394.7430419921875,171.0926055908203,112.1041259765625,111.54631042480467,12929.57080078125,4424.2021484375,5743.16650390625,2762.2021484375,12534.82763671875,4253.109375,5631.0625,2650.65576171875,,COMPLETE,False,,,
sv_sum,9,331.1461486816406,2026-10-06 23:05:16.392886,2026-10-06 23:20:41.059381,0 days 00:15:24.666495,0.2,0.0226739865237804,0.0017018418817029,108.98031616210938,121.3070068359375,100.85882568359376,204.92529909954152,31.691566966819497,24.760906900177684,44.49204155974459,25.82175244053621,"[0.05808713069604406, 0.9729477611940298, 0.06236323851203501, 0.048921620199894794, 0.05663615560640732, 0.038180341186027617, 0.906832298136646, 0.9821905609973286, 0.07211538461538461, 0.04565916398713826, 0.07184241019698726, 0.0398989898989899, 0.03827519379844961, 0.0725767169995129]","[0.9973262032085561, 0.164804469273743, 0.9525581395348838, 0.14777708202880402, 0.9436170212765957, 0.07295029051000645, 0.0938177874186551, 0.9974025974025974, 0.15544041450777202, 0.9137529137529138, 0.26868327402135234, 0.3971119133574007, 0.07680722891566265, 0.04683648315529992]","[0.02983362019506598, 0.9604190919674039, 0.9964381121994658, 0.981675392670157, 0.03542673107890499, 0.05730223123732252, 0.04734945959855893, 0.047388781431334626, 0.04400538841490795, 0.039978390059427334, 0.02961135101789019, 0.04263736263736264, 0.04476190476190476]",75.23909309982231,55.50795844025541,74.17824755946378,331.1461486816406,108.98031616210938,121.3070068359375,100.85882568359376,11016.599731445312,5377.43408203125,1900.3731689453125,3738.79248046875,10685.453369140623,5268.45361328125,1779.066162109375,3637.93359375,,COMPLETE,False,,,
sv_sum,10,307.4502487182617,2026-10-06 23:05:16.393078,2026-10-06 23:20:46.718535,0 days 00:15:30.325457,0.1,0.0059874749104614,0.0024428866967349,111.64778137207033,86.82855987548828,108.97390747070312,123.14673797909296,58.95108734030234,48.34661537425304,86.4678064896077,42.038840157046295,"[0.06673407482305359, 0.07564469914040114, 0.9858989424206815, 0.9332627118644068, 0.9002557544757033, 0.06431535269709543, 0.9411157024793388, 0.9946571682991986, 0.10195360195360195, 0.05567805953693495, 0.45389563974267333, 0.9090909090909091, 0.219248291571754, 0.06677524429967427]","[0.9973262032085561, 0.9960159362549801, 0.986046511627907, 0.9462102689486552, 0.9741379310344828, 0.946843853820598, 0.9259868421052632, 0.9974025974025974, 0.9710444674250258, 0.9825174825174825, 0.9355716878402904, 0.9665391969407265, 0.28672086720867207, 0.19312906220984216]","[0.03350083752093802, 0.9906868451688009, 0.9973285841495992, 0.9855832241153342, 0.041893362350380846, 0.041827187671986794, 0.9722814498933902, 0.449521002210759, 0.041370106761565835, 0.043153049482163405, 0.03468208092485549, 0.785935085007728, 0.047286405158516925]",51.65338462574696,13.532193510392304,57.961159842953705,307.4502487182617,111.64778137207033,86.82855987548828,108.97390747070312,28626.9248046875,10045.1982421875,10130.9423828125,8450.7841796875,28319.4755859375,9933.55078125,10044.1142578125,8341.810546875,,COMPLETE,False,,,
sv_sum,11,640.6555862426758,2026-10-06 23:05:16.393270,2026-10-06 23:23:58.743105,0 days 00:18:42.349835,0.1,0.0003247673570627,0.0043625993625605,281.0799560546875,127.4584732055664,232.11715698242188,144.61037348717252,51.796542170942494,45.95618325035532,60.82873073051466,48.60471253195749,"[0.26040268456375837, 0.2842767295597484, 0.3185483870967742, 0.8460721868365181, 0.47093023255813954, 0.6982097186700768, 0.3585155732273029, 0.9955476402493322, 0.31085420680796405, 0.25868725868725867, 0.40054869684499317, 0.6676197283774125, 0.3194523673702225, 0.2442002442002442]","[0.9973262032085561, 0.9349112426035503, 0.25059952038369304, 0.2524271844660194, 0.7300743889479278, 0.2058096415327565, 0.7686453576864536, 0.9948051948051948, 0.22195416164053075, 0.9064665127020786, 0.17060810810810811, 0.7937147461724415, 0.6297056810403833, 0.658974358974359]","[0.2304635761589404, 0.8327526132404182, 0.9973285841495992, 0.7472527472527473, 0.4746059544658494, 0.27145847871598044, 0.3858695652173913, 0.3957909029192125, 0.6397212543554007, 0.2705187130663165, 0.27022900763358776, 0.5714285714285714, 0.23119266055045873]",54.04381674964469,39.17126926948534,51.39528746804251,640.6555862426758,281.0799560546875,127.4584732055664,232.11715698242188,110793.20703125,37147.66796875,47596.234375,26049.3046875,110152.5546875,36866.58984375,47468.77734375,25817.1875,,COMPLETE,False,,,
sv_sum,12,453.45560455322266,2026-10-06 23:05:16.393462,2026-10-06 23:23:58.760167,0 days 00:18:42.366705,0.8,0.0788671412999049,0.0363926434536779,120.3116226196289,216.1439819335937,117.0,284.723524935667,5.092158354777671,3.0942583275788715,8.727297296669354,3.4549194400847867,"[0.02916274694261524, 0.027346177750155375, 0.10462776659959759, 0.02877697841726619, 0.022332506203473945, 0.03330161750713606, 0.018469656992084433, 0.029450261780104712, 0.014873140857392825, 0.013793103448275862, 0.04032766225582861, 0.027872582480091012, 0.019888129272840272, 0.02297383535417996]","[0.16181448882870683, 0.03269586674892042, 0.025153374233128835, 0.004914004914004914, 0.004329004329004329, 0.020657995409334353, 0.02465233881163085, 0.8359173126614987, 0.004140786749482402, 0.0034965034965034965, 0.024219247928616953, 0.027794561933534745, 0.030087527352297593, 0.021948608137044967]","[0.011955593509820665, 0.07789678675754626, 0.2526690391459075, 0.002621231979030144, 0.0024479804161566705, 0.014358108108108109, 0.02145922746781116, 0.0243161094224924, 0.006230529595015576, 0.0028116213683223993, 0.013461538461538462, 0.00547302580140735, 0.013438735177865613]",96.90574167242112,91.27270270333064,96.54508055991522,453.45560455322266,120.3116226196289,216.1439819335937,117.0,336308.734375,114591.9140625,144404.484375,77312.3359375,335855.28125,114471.6015625,144188.34375,77195.3359375,,COMPLETE,False,,,
sv_sum,13,681.1675720214844,2026-10-06 23:05:16.393655,2026-10-06 23:24:49.271951,0 days 00:19:32.878296,0.7000000000000001,0.0001963434157293,0.0006639623079859,276.6387939453125,209.38381958007807,195.1449584960937,153.72550880573624,48.75816373142124,43.01818966344255,57.3944040684064,45.8618974624148,"[0.26365475387727577, 0.29260450160771706, 0.30016863406408095, 0.8434959349593496, 0.4297520661157025, 0.5570588235294117, 0.3237364043506078, 0.9955476402493322, 0.3107307439104674, 0.26687354538401864, 0.42699724517906334, 0.4877126654064272, 0.27262931034482757, 0.25158428390367554]","[0.9973262032085561, 0.743073047858942, 0.30103359173126615, 0.2721758908263836, 0.3836265223274696, 0.30264900662251654, 0.6867732558139535, 0.9909208819714657, 0.2719352831362788, 0.8415730337078652, 0.26150121065375304, 0.7993579454253612, 0.587248322147651, 0.5960223741454319]","[0.22254127781765973, 0.8602771362586605, 0.9973285841495992, 0.5923984272608126, 0.36762360446570974, 0.2711081794195251, 0.35079575596816975, 0.42108938547486036, 0.5267857142857143, 0.25781792911744267, 0.3027823240589198, 0.556693489392831, 0.2348048624440179]",56.98181033655745,42.6055959315936,54.138102537585205,681.1675720214844,276.6387939453125,209.38381958007807,195.1449584960937,4357.039611816406,1211.2760009765625,2282.50341796875,863.2601928710938,3675.8720703125,934.63720703125,2073.11962890625,668.115234375,,COMPLETE,False,,,
sv_sum,14,766.4342041015625,2026-10-06 23:05:16.393862,2026-10-06 23:24:52.224182,0 days 00:19:35.830320,0.5,0.0002323350351539,0.0015415527060141,346.3394470214844,208.193115234375,211.90164184570312,150.3710877434803,49.87630408550657,43.87867870179146,58.64406287801034,47.10617067671791,"[0.2642384105960265, 0.2878787878787879, 0.3083956774729842, 0.8507157464212679, 0.39950576606260296, 0.645625, 0.3333333333333333, 0.9964381121994658, 0.3093385214007782, 0.25577812018489987, 0.4208683473389356, 0.5359435173299102, 0.292436974789916, 0.24251870324189526]","[0.9973262032085561, 0.8385321100917431, 0.2999357739242132, 0.2593774940143655, 0.4660471765546819, 0.2326007326007326, 0.7137518684603886, 0.9909208819714657, 0.26779026217228463, 0.8715909090909091, 0.2474596533173939, 0.7962813257881972, 0.6050700466977985, 0.6234843650287173]","[0.2214484679665738, 0.8642691415313225, 0.9973285841495992, 0.6212319790301442, 0.42013311148086524, 0.2837022132796781, 0.3617021276595745, 0.41164241164241167, 0.5805592543275633, 0.27408412483039346, 0.2979559748427673, 0.5416058394160584, 0.24813895781637718]",56.12132129820854,41.35593712198966,52.89382932328209,766.4342041015625,346.3394470214844,208.193115234375,211.90164184570312,8596.360229492188,4422.31396484375,1010.2674560546876,3163.77880859375,7829.925903320312,4075.974365234375,802.0743408203125,2951.877197265625,,COMPLETE,False,,,
sv_sum,15,298.8628616333008,2026-10-06 23:24:52.232141,2026-10-06 23:26:56.811088,0 days 00:02:04.578947,0.8,0.0045457151756061,0.0034379621616415,108.2270965576172,78.98263549804688,111.65312957763672,126.19917396071358,57.93360867976214,42.00325426690208,95.40689503261112,36.390676739773234,"[0.07479861910241657, 0.07081667618503712, 0.9882491186839013, 0.9268547544409613, 0.058584686774941996, 0.07241523650062788, 0.9759162303664921, 0.9964381121994658, 0.11226993865030675, 0.05543237250554324, 0.4357501794687724, 0.9547325102880658, 0.0897560975609756, 0.06844106463878327]","[0.9973262032085561, 0.9970119521912351, 0.9944186046511628, 0.9705159705159705, 0.9869848156182213, 0.9766666666666667, 0.9679012345679012, 0.9974025974025974, 0.9803516028955532, 0.9883449883449883, 0.9718181818181818, 0.9817483189241114, 0.6572008113590264, 0.889273356401384]","[0.03051643192488263, 0.9953434225844005, 0.9973285841495992, 0.9842726081258192, 0.04187058183795541, 0.041531823085221145, 0.9787007454739084, 0.4288905435591958, 0.04413731609451627, 0.05382775119617225, 0.04241338112305854, 0.04754601226993865, 0.0444087747458534]",57.99674573309792,4.593104967388882,63.609323260226766,298.8628616333008,108.2270965576172,78.98263549804688,111.65312957763672,67072.056640625,22893.796875,27814.978515625,16363.28125,66773.1943359375,22785.5703125,27735.99609375,16251.6279296875,,COMPLETE,False,,,
sv_sum,16,324.87498474121094,2026-10-06 23:26:56.818141,2026-10-06 23:29:51.705192,0 days 00:02:54.887051,0.1,0.00551960260983,0.000148307946076,112.95197296142578,108.37265014648438,103.55036163330078,180.13691468230627,39.954361772564575,29.91305967213414,56.27368609889925,33.676339546660344,"[0.06696878147029205, 0.23270055113288426, 0.9623971797884842, 0.4155571128241065, 0.068, 0.06680161943319839, 0.7674841053587648, 0.9919857524487978, 0.09951749095295537, 0.052827843380981974, 0.251472320376914, 0.0823199251637044, 0.06016042780748663, 0.06963524396020843]","[0.9973262032085561, 0.3355869698832207, 0.9628252788104089, 0.1682723185613359, 0.7504230118443317, 0.21092278719397364, 0.1590909090909091, 0.9974025974025974, 0.926954732510288, 0.9731934731934732, 0.1936108422071636, 0.8810572687224669, 0.19497487437185929, 0.12667478684531058]","[0.042522694696607743, 0.1977681339119653, 0.9973285841495992, 0.9534282018111255, 0.04369197160021846, 0.04974874371859297, 0.935856992639327, 0.5111275964391692, 0.04479638009049774, 0.09546258102533883, 0.04919908466819222, 0.042077922077922075, 0.41491525423728814]",70.08694032786586,43.72631390110075,66.32366045333966,324.87498474121094,112.95197296142578,108.37265014648438,103.55036163330078,19073.9638671875,6503.861328125,8218.197265625,4351.9052734375,18749.0888671875,6390.9091796875,8109.82470703125,4248.35498046875,,COMPLETE,False,,,
sv_sum,17,412.4269409179688,2026-10-06 23:29:51.712537,2026-10-06 23:32:29.048622,0 days 00:02:37.336085,0.1,0.027334078172079,0.0165908381882317,119.8607177734375,184.3456115722656,108.22061157226562,193.0951332478132,35.63495558406226,28.124743678078413,52.80129615680976,25.97882691729861,"[0.06506024096385542, 0.9450139794967382, 0.7755581668625147, 0.2920502092050209, 0.04563835932986713, 0.031588873173031586, 0.38301282051282054, 0.9839715048975958, 0.08353658536585366, 0.04888888888888889, 0.12737752161383284, 0.042744063324538256, 0.04351727231942575, 0.06950562897699461]","[0.9777183600713012, 0.9044776119402985, 0.8737233054781801, 0.209140201394268, 0.9093851132686084, 0.2738001573564123, 0.562125748502994, 0.2312, 0.8757763975155279, 0.8963911525029103, 0.17902350813743217, 0.3360058309037901, 0.12348922753547031, 0.03992484734617191]","[0.03278688524590164, 0.9790454016298021, 0.9946571682991986, 0.9855832241153342, 0.03492745835572273, 0.05303030303030303, 0.04791344667697063, 0.04666990763247448, 0.04367699339766379, 0.038285714285714284, 0.032397408207343416, 0.04256252742430891, 0.045711060948081264]",71.87525632192158,47.19870384319024,74.0211730827014,412.4269409179688,119.8607177734375,184.3456115722656,108.22061157226562,286611.0234375,94711.4375,126912.546875,64987.0390625,286198.6015625,94591.578125,126728.203125,64878.8203125,,COMPLETE,False,,,
sv_sum,18,312.5727844238281,2026-10-06 23:32:29.068372,2026-10-06 23:34:29.926582,0 days 00:02:00.858210,0.8,0.004379275074517,0.0003824273301951,107.8301773071289,100.7256851196289,104.01692199707033,164.47826699763738,45.17391100078754,40.019598577471626,63.66681028705007,31.83532413784092,"[0.06836616454229433, 0.7475806451612903, 0.9776733254994124, 0.8097014925373134, 0.06624055781522371, 0.0719111969111969, 0.9408766564729868, 0.9946571682991986, 0.10267314702308628, 0.054665930425179456, 0.49924357034795763, 0.07727903748264692, 0.06867845993756504, 0.12319644839067703]","[0.9973262032085561, 0.9920318725099602, 0.9869767441860465, 0.1835278858625162, 0.7601031814273431, 0.2511385816525699, 0.20432321152856409, 0.9961038961038962, 0.956745623069001, 0.9801864801864801, 0.2029268292682927, 0.9640151515151515, 0.259927797833935, 0.17801998183469572]","[0.02732919254658385, 0.9790454016298021, 0.9973285841495992, 0.9686274509803922, 0.044101433296582136, 0.05091649694501019, 0.05621454357916452, 0.4717832957110609, 0.04159212880143113, 0.07396271797955502, 0.06097560975609756, 0.046236559139784944, 0.3204787234042553]",59.98040142252837,36.33318971294993,68.16467586215907,312.5727844238281,107.8301773071289,100.7256851196289,104.01692199707033,6437.715087890625,2030.7425537109373,3094.039794921875,1312.9327392578125,6125.142333984375,1922.912353515625,2993.314208984375,1208.915771484375,,COMPLETE,False,,,
sv_sum,19,303.4540252685547,2026-10-06 23:34:29.942103,2026-10-06 23:36:09.877915,0 days 00:01:39.935812,0.6,0.0125261653910817,0.0098386251932902,106.45816040039062,86.60006713867188,110.3957977294922,130.66775239810346,56.44408253396551,40.52844312351364,94.77394677556282,34.029857702820095,"[0.07660818713450293, 0.9869402985074627, 0.9894242068155111, 0.9757442116868799, 0.194141689373297, 0.04424778761061947, 0.9682539682539683, 0.9946571682991986, 0.08891595615103533, 0.06134969325153374, 0.0774971297359357, 0.06837999082147775, 0.07423580786026202, 0.07358594179022515]","[0.9973262032085561, 0.9920318725099602, 0.9832558139534884, 0.9437652811735942, 0.9848320693391116, 0.9443207126948775, 0.928395061728395, 0.9974025974025974, 0.9720496894409938, 0.9778554778554779, 0.9364791288566243, 0.9509615384615384, 0.8888006354249405, 0.7708764665286404]","[0.04176904176904177, 0.9941792782305006, 0.9973285841495992, 0.9868938401048493, 0.04198473282442748, 0.045064377682403435, 0.9606801275239107, 0.11811997526283241, 0.04937163375224417, 0.049019607843137254, 0.04107142857142857, 0.04980276134122288, 0.04859611231101512]",59.47155687648636,5.22605322443718,65.9701422971799,303.4540252685547,106.45816040039062,86.60006713867188,110.3957977294922,258137.15625,83462.390625,116681.359375,57993.40625,257833.69921875,83355.9296875,116594.7578125,57883.01171875,,COMPLETE,False,,,
sv_sum,20,394.4354095458984,2026-10-06 23:36:09.887328,2026-10-06 23:37:53.995016,0 days 00:01:44.107688,0.6,0.0287075290692972,0.0110938622673075,123.19121551513672,160.63710021972656,110.60709381103516,192.5804175613477,35.80652747955076,29.543207086257123,59.22144205892575,18.654933293469416,"[0.054, 0.9598880597014925, 0.982373678025852, 0.21782890007189074, 0.05456852791878172, 0.03682983682983683, 0.43464314354450684, 0.98753339269813, 0.08226691042047532, 0.050473186119873815, 0.11426844014510278, 0.03962460896767466, 0.04420866489832007, 0.07754164273406089]","[0.9910873440285205, 0.9552238805970149, 0.9330232558139535, 0.21411947245927077, 0.9384449244060475, 0.8021978021978022, 0.08421052631578947, 0.9948051948051948, 0.9037267080745341, 0.9079254079254079, 0.26653944020356235, 0.22607578676942838, 0.035842293906810034, 0.037779850746268655]","[0.03356890459363958, 0.989522700814901, 0.9964381121994658, 0.023591087811271297, 0.03875, 0.05116514690982776, 0.0495611770779556, 0.046511627906976744, 0.04445442299057027, 0.036013400335008376, 0.03772455089820359, 0.03824175824175824, 0.03959843837144451]",70.45679291374287,40.77855794107425,81.34506670653059,394.4354095458984,123.19121551513672,160.63710021972656,110.60709381103516,264575.07421875,85977.125,118993.890625,59604.05859375,264180.640625,85853.9375,118833.25,59493.453125,,COMPLETE,False,,,
sv_sum,21,299.44034576416016,2026-10-06 23:37:54.001424,2026-10-06 23:39:59.042359,0 days 00:02:05.040935,0.3,0.0048426141672171,0.0030284997451469,111.43057250976562,79.77371215820312,108.2360610961914,121.35436329423877,59.54854556858709,41.6941743789647,94.42330849096156,42.52815383583498,"[0.07049763033175356, 0.0684931506849315, 0.981198589894242, 0.9272918861959958, 0.0728744939271255, 0.06955435235318617, 0.9634273772204807, 0.9955476402493322, 0.10838946723821188, 0.055893746541228556, 0.45827338129496403, 0.9376538146021329, 0.06066093254866455, 0.0674279499728113]","[0.9973262032085561, 0.9970119521912351, 0.9897674418604652, 0.9583333333333334, 0.9837486457204767, 0.9556048834628191, 0.9539473684210527, 0.9974025974025974, 0.9762150982419855, 0.9883449883449883, 0.9520795660036167, 0.9760076775431862, 0.6359353970390309, 0.8575380359612724]","[0.03353828954723309, 0.9941792782305006, 0.9973285841495992, 0.9855832241153342, 0.04456521739130435, 0.041442411194833155, 0.976545842217484, 0.4442815249266862, 0.04181494661921708, 0.053386911595866816, 0.03653506187389511, 0.8343701399688958, 0.04508856682769726]",58.3058256210353,5.57669150903844,57.47184616416502,299.44034576416016,111.43057250976562,79.77371215820312,108.2360610961914,49743.703125,17267.685546875,19873.34765625,12602.669921875,49444.263671875,17156.255859375,19793.57421875,12494.43359375,,COMPLETE,False,,,
sv_sum,22,275.59371185302734,2026-10-06 23:39:59.048005,2026-10-06 23:41:34.595777,0 days 00:01:35.547772,0.4,0.0047895128069184,0.0120396124849262,101.4684829711914,64.9207534790039,109.20447540283205,97.33294274642373,67.55568575119209,62.25332339054016,97.7967509099755,42.61698295306061,"[0.07621247113163972, 0.9841860465116279, 0.9929494712103408, 0.9746974697469747, 0.8584070796460177, 0.9007529089664613, 0.9820295983086681, 0.9964381121994658, 0.14593908629441624, 0.055279159756771695, 0.4345696291112666, 0.9316872427983539, 0.3164128595600677, 0.0659041394335512]","[0.9973262032085561, 0.99800796812749, 0.9934883720930232, 0.9791154791154791, 0.9880694143167028, 0.979933110367893, 0.9728395061728395, 0.9974025974025974, 0.9855072463768116, 0.9906759906759907, 0.9763851044504995, 0.9826923076923076, 0.9483717235901509, 0.9017301038062284]","[0.0348314606741573, 0.9953434225844005, 0.9973285841495992, 0.9868938401048493, 0.042437431991294884, 0.03983005841741901, 0.983957219251337, 0.4355426074289876, 0.04685408299866131, 0.040993071593533485, 0.03511801957397812, 0.8583657587548638, 0.04271222637479979]",37.74667660945984,2.2032490900244994,57.383017046939386,275.59371185302734,101.4684829711914,64.9207534790039,109.20447540283205,268961.99609375,87540.3828125,120406.2421875,61015.37109375,268686.40234375,87438.9140625,120341.3203125,60906.16796875,,COMPLETE,False,,,
sv_sum,23,283.7511749267578,2026-10-06 23:41:34.602659,2026-10-06 23:43:26.278515,0 days 00:01:51.675856,0.5,0.0027479301682186,0.0197981301536568,117.35742950439452,67.92813873291016,98.46560668945312,107.72069178480923,64.09310273839692,52.92872728447116,89.94800907321954,49.402571857500064,"[0.07114170969592656, 0.06416808631459398, 0.9788484136310224, 0.9757709251101322, 0.7647783251231527, 0.8801369863013698, 0.9788583509513742, 0.9964381121994658, 0.07341907824222937, 0.07766990291262135, 0.457325746799431, 0.9424342105263158, 0.09242819843342037, 0.05660377358490566]","[0.9973262032085561, 0.99800796812749, 0.9944186046511628, 0.9477521263669502, 0.9880694143167028, 0.9810479375696767, 0.9769547325102881, 0.9974025974025974, 0.5760598503740648, 0.9906759906759907, 0.27513880320789635, 0.9884615384615385, 0.9547619047619048, 0.9266435986159169]","[0.04202157864849517, 0.9953434225844005, 0.9973285841495992, 0.9855832241153342, 0.04288816503800217, 0.05113336847654191, 0.9797441364605544, 0.4390065741417093, 0.884493670886076, 0.05141536683997689, 0.06451612903225806, 0.8483699772554966, 0.040490143846563666]",47.07127271552884,10.051990926780462,50.597428142499936,283.7511749267578,117.35742950439452,67.92813873291016,98.46560668945312,296395.875,98646.8515625,130381.546875,67367.4765625,296112.1171875,98529.4921875,130313.6171875,67269.0078125,,COMPLETE,False,,,
sv_sum,24,296.90418243408203,2026-10-06 23:43:26.283533,2026-10-06 23:45:04.419322,0 days 00:01:38.135789,0.4,0.0020236858405595,0.0387939688339196,134.3692169189453,65.2280502319336,97.30691528320312,113.64230175139826,62.1192327495339,51.61383027193918,85.28149807381713,49.462369902845424,"[0.06453455168475157, 0.058923512747875356, 0.9789227166276346, 0.9713340683572216, 0.6736725663716814, 0.8813096862210096, 0.9787910922587487, 0.9964381121994658, 0.09541577825159915, 0.04521276595744681, 0.43397573162027125, 0.9359079704190633, 0.05615109749872384, 0.055346587855991405]","[0.9973262032085561, 0.99800796812749, 0.9925581395348837, 0.6779661016949152, 0.9869848156182213, 0.9821627647714605, 0.9761316872427983, 0.9974025974025974, 0.2475, 0.9906759906759907, 0.23688969258589512, 0.9884615384615385, 0.9476190476190476, 0.9197231833910035]","[0.05025699600228441, 0.9941792782305006, 0.9973285841495992, 0.9855832241153342, 0.04065040650406504, 0.0583637311099531, 0.9515789473684211, 0.4467153284671533, 0.896414342629482, 0.05577918343875791, 0.06856796116504854, 0.83993783993784, 0.044752264251465106]",48.38616972806082,14.718501926182867,50.537630097154576,296.90418243408203,134.3692169189453,65.2280502319336,97.30691528320312,340904.2421875,116452.0,145881.65625,78570.5859375,340607.3359375,116317.6328125,145816.421875,78473.28125,,COMPLETE,False,,,
sv_sum,25,793.5875549316406,2026-10-06 23:45:04.428349,2026-10-06 23:46:42.142554,0 days 00:01:37.714205,0.5,0.0004192613891053,0.0494635152403106,349.1678161621094,243.203353881836,201.2163848876953,138.6203669396379,53.7932110201207,50.54603519923607,59.87852016063313,50.9550777004929,"[0.2985179957657022, 0.3138047138047138, 0.30177514792899407, 0.7275574112734864, 0.29958847736625516, 0.7384615384615385, 0.7841584158415842, 0.9352836879432624, 0.3214521452145215, 0.2860576923076923, 0.34366391184573003, 0.841552142279709, 0.6051502145922747, 0.2794214332675871]","[0.8247863247863247, 0.861271676300578, 0.29595827900912647, 0.26245847176079734, 0.7393117831074035, 0.6782868525896414, 0.868959868959869, 0.3590163934426229, 0.2739816031537451, 0.8947368421052632, 0.24025157232704403, 0.6742596810933941, 0.6794682422451994, 0.7302452316076294]","[0.26323529411764707, 0.79041248606466, 0.7882249560632689, 0.5861182519280206, 0.6492027334851936, 0.2881236823612087, 0.755223880597015, 0.319060773480663, 0.8144654088050315, 0.2766884531590414, 0.24328722538649308, 0.6158273381294964, 0.2342896174863388]",49.45396480076393,40.12147983936687,49.0449222995071,793.5875549316406,349.1678161621094,243.203353881836,201.2163848876953,361088.53125,124105.8046875,152820.453125,84162.2734375,360294.9453125,123756.640625,152577.25,83961.0546875,,COMPLETE,False,,,
sv_sum,26,299.1015930175781,2026-10-06 23:46:42.148231,2026-10-06 23:48:29.178075,0 days 00:01:47.029844,0.3,0.0023454171688829,0.0193329081283065,116.53135681152344,71.30277252197266,111.26746368408205,122.57063964843424,59.14312011718858,51.34538190107103,88.6467123409469,37.43726610954781,"[0.06342857142857143, 0.06012478729438457, 0.9800469483568075, 0.9596949891067538, 0.6793296089385474, 0.8786639400136332, 0.9756613756613757, 0.9964381121994658, 0.06815761448349308, 0.04542418169672679, 0.4363124560168895, 0.9251644736842105, 0.06455981941309255, 0.055346587855991405]","[0.9973262032085561, 0.99800796812749, 0.9944186046511628, 0.8391061452513966, 0.9880694143167028, 0.9777034559643255, 0.9761316872427983, 0.9974025974025974, 0.5504807692307693, 0.9895104895104895, 0.2429555416405761, 0.9884615384615385, 0.949166004765687, 0.9217993079584775]","[0.04436860068259386, 0.9930151338766007, 0.9973285841495992, 0.9855832241153342, 0.040584415584415584, 0.057733050847457626, 0.9703703703703703, 0.43541364296081275, 0.09158186864014801, 0.05943450663589152, 0.06815440289505428, 0.08116591928251121, 0.04211087420042644]",48.65461809892897,11.353287659053096,62.562733890452186,299.1015930175781,116.53135681152344,71.30277252197266,111.26746368408205,295041.1875,98103.46875,129890.2421875,67047.4765625,294742.0859375,97986.9375,129818.9375,66936.2109375,,COMPLETE,False,,,
sv_sum,27,268.2251777648926,2026-10-06 23:48:29.185828,2026-10-06 23:50:03.227313,0 days 00:01:34.041485,0.7000000000000001,0.0045178843420741,0.0461078702006913,108.60430145263672,54.05420303344727,105.5666732788086,97.74049195064975,67.41983601645009,60.05071968720184,98.18182031693638,44.02696804521204,"[0.07443739180611655, 0.9750922509225092, 0.9929494712103408, 0.9779005524861878, 0.8464467005076142, 0.9116438356164384, 0.9809523809523809, 0.9964381121994658, 0.15038071065989847, 0.05329780146568954, 0.10414201183431952, 0.9555555555555556, 0.32783153101878204, 0.060032449972958354]","[0.9973262032085561, 0.99800796812749, 0.9953488372093023, 0.9754299754299754, 0.9880694143167028, 0.9821627647714605, 0.974485596707819, 0.9974025974025974, 0.9906832298136646, 0.9906759906759907, 0.9827586206896551, 0.9855769230769231, 0.9601910828025477, 0.9273356401384083]","[0.030542986425339366, 0.9953434225844005, 0.9973285841495992, 0.9855832241153342, 0.041961852861035424, 0.04123173277661795, 0.983957219251337, 0.43923865300146414, 0.934199837530463, 0.04130308318789994, 0.03850710900473934, 0.15212981744421908, 0.04217832354511479]",39.949280312798166,1.8181796830636188,55.97303195478796,268.2251777648926,108.60430145263672,54.05420303344727,105.5666732788086,354615.453125,121647.4609375,150575.921875,82392.0703125,354347.234375,121538.859375,150521.875,82286.5,,COMPLETE,False,,,
sv_sum,28,407.1471633911133,2026-10-06 23:50:03.233958,2026-10-06 23:52:08.313152,0 days 00:02:05.079194,0.8,0.0006682311415011,0.0402790332745588,180.93896484375,99.1005401611328,127.10765838623048,118.96938398196905,60.34353867267699,55.250131943490935,72.66120301981732,53.11928105472272,"[0.3036611629576454, 0.3208053691275168, 0.30319148936170215, 0.88, 0.3972911963882618, 0.83166999334664, 0.8682877406281662, 0.9893143365983972, 0.3161953727506427, 0.28641171684296174, 0.3686411149825784, 0.8887980376124285, 0.7092846270928462, 0.2714663143989432]","[0.9964349376114082, 0.9830677290836654, 0.3280943025540275, 0.26591760299625467, 0.9310344827586207, 0.8737541528239202, 0.9522633744855967, 0.7661748013620885, 0.23635272945410918, 0.9836829836829837, 0.22981732469063051, 0.9061662198391421, 0.8289992119779354, 0.8908085694540429]","[0.24104477611940298, 0.830034924330617, 0.8824577025823687, 0.5942408376963351, 0.6743902439024391, 0.2613556953179595, 0.837948717948718, 0.3592375366568915, 0.8449675324675324, 0.259927797833935, 0.22937293729372937, 0.6614173228346457, 0.22911051212938005]",44.749868056509065,27.33879698018268,46.88071894527728,407.1471633911133,180.93896484375,99.1005401611328,127.10765838623048,343937.2421875,117597.96875,146906.65625,79432.6171875,343530.1015625,117417.03125,146807.5625,79305.5078125,,COMPLETE,False,,,
sv_sum,29,364.01354217529297,2026-10-06 23:52:08.319330,2026-10-06 23:53:47.219372,0 days 00:01:38.900042,0.6,0.0153702537643905,0.0362469321426077,113.92640686035156,136.36883544921875,113.71829986572266,121.53496406125949,59.48834531291351,52.43279611021636,92.71865602642586,33.31358380209831,"[0.0667070952092177, 0.980410447761194, 0.9894242068155111, 0.956858407079646, 0.9159120310478654, 0.04684317718940937, 0.951271186440678, 0.9919857524487978, 0.1434010152284264, 0.06341189674523008, 0.2643290627107215, 0.6218905472636815, 0.2772675086107922, 0.07087912087912088]","[0.9973262032085561, 0.9830677290836654, 0.9693023255813954, 0.9245742092457421, 0.9739696312364425, 0.920935412026726, 0.908641975308642, 0.9974025974025974, 0.9585921325051759, 0.972027972027972, 0.8922101449275363, 0.9173076923076923, 0.8435266084193804, 0.7217272104180946]","[0.029542920847268672, 0.9918509895227008, 0.9964381121994658, 0.9855832241153342, 0.04207650273224044, 0.043243243243243246, 0.9701173959445037, 0.04219409282700422, 0.056108597285067875, 0.04737146158290006, 0.032123735871505056, 0.047240618101545256, 0.046875]",47.56720388978364,7.281343973574138,66.68641619790169,364.01354217529297,113.92640686035156,136.36883544921875,113.71829986572266,335932.484375,114479.640625,144216.234375,77236.609375,335568.4609375,114365.7109375,144079.859375,77122.890625,,COMPLETE,False,,,
sv_sum,30,269.5560073852539,2026-10-06 23:53:47.225428,2026-10-06 23:55:27.199550,0 days 00:01:39.974122,0.8,0.0029329617329628,0.0361482301511209,110.42755126953124,61.78575134277344,97.34270477294922,104.03667097785215,65.32110967404928,56.465296050762106,90.46995335361837,49.02807961776736,"[0.07114170969592656, 0.06378132118451026, 0.9717978848413631, 0.9790286975717439, 0.7891414141414141, 0.9074708704592186, 0.982010582010582, 0.9964381121994658, 0.1800356506238859, 0.04924491135915955, 0.43241330502477, 0.9605263157894737, 0.46550689862027594, 0.05660377358490566]","[0.9973262032085561, 0.99800796812749, 0.9953488372093023, 0.9607361963190184, 0.9880694143167028, 0.9832775919732442, 0.9786008230452675, 0.9974025974025974, 0.602177554438861, 0.9906759906759907, 0.28394296342219466, 0.9865384615384616, 0.9673566878980892, 0.9363321799307959]","[0.03452311293153891, 0.9953434225844005, 0.9973285841495992, 0.9829619921363041, 0.04048140043763676, 0.04021164021164021, 0.9755058572949947, 0.42457689477557026, 0.917135961383749, 0.03620178041543027, 0.05190102595051298, 0.8375, 0.03997867803837953]",43.53470394923789,9.530046646381637,50.97192038223264,269.5560073852539,110.42755126953124,61.78575134277344,97.34270477294922,335641.84375,114397.546875,144072.671875,77171.625,335372.2890625,114287.1171875,144010.890625,77074.28125,,COMPLETE,False,,,
sv_sum,31,278.29869079589844,2026-10-06 23:55:27.216110,2026-10-06 23:57:15.167312,0 days 00:01:47.951202,0.9,0.0023847889853312,0.0230504309650507,110.719482421875,68.40337371826172,99.17583465576172,105.83981805595025,64.7200606480166,52.84309841812156,89.4051958519266,51.91188767400159,"[0.06174957118353345, 0.061861520998864925, 0.9447708578143361, 0.977924944812362, 0.49870801033591733, 0.9069767441860465, 0.982010582010582, 0.9964381121994658, 0.06015037593984962, 0.4095449500554939, 0.4278571428571429, 0.9490550534100246, 0.06438213914849429, 0.05660377358490566]","[0.9973262032085561, 0.99800796812749, 0.9953488372093023, 0.8646441073512252, 0.9880694143167028, 0.9821627647714605, 0.9794238683127572, 0.9974025974025974, 0.5842323651452282, 0.9906759906759907, 0.2576312576312576, 0.9875, 0.9579698651863601, 0.9363321799307959]","[0.03972257250945776, 0.9953434225844005, 0.9973285841495992, 0.9187418086500655, 0.6312576312576312, 0.07540394973070018, 0.9473684210526315, 0.4195230998509687, 0.8462796402289452, 0.045755568934376885, 0.08652575957727873, 0.7062992125984252, 0.038995726495726496]",47.15690158187845,10.594804148073392,48.08811232599841,278.29869079589844,110.719482421875,68.40337371826172,99.17583465576172,305174.15625,102298.0546875,133605.515625,69270.5859375,304895.8515625,102187.3359375,133537.109375,69171.40625,,COMPLETE,False,,,
sv_sum,32,275.3230438232422,2026-10-06 23:57:15.176313,2026-10-06 23:58:55.879962,0 days 00:01:40.703649,0.9,0.0040002534036286,0.034890448824106,108.93617248535156,52.493011474609375,113.89385986328124,96.45141881500084,67.84952706166638,58.50064630011546,98.31231578203322,46.735619102850464,"[0.07303047728579644, 0.30774193548387097, 0.963572267920094, 0.9779005524861878, 0.7194337194337195, 0.910212474297464, 0.9830508474576272, 0.9964381121994658, 0.15101522842639595, 0.46941176470588236, 0.14269535673839184, 0.9530864197530864, 0.4830097087378641, 0.05949161709031909]","[0.9973262032085561, 0.99800796812749, 0.9953488372093023, 0.9815724815724816, 0.9880694143167028, 0.9832775919732442, 0.9786008230452675, 0.9974025974025974, 0.9906832298136646, 0.9906759906759907, 0.9818346957311535, 0.9855769230769231, 0.9617834394904459, 0.9335640138408304]","[0.029218843172331546, 0.9953434225844005, 0.9973285841495992, 0.981651376146789, 0.7802197802197802, 0.03528773072747014, 0.8675213675213675, 0.41964285714285715, 0.0612061206120612, 0.036210018105009054, 0.044430919050517347, 0.7858805275407292, 0.04168893639764832]",41.49935369988454,1.687684217966776,53.264380897149536,275.3230438232422,108.93617248535156,52.493011474609375,113.89385986328124,333051.1953125,113375.1640625,143178.359375,76497.671875,332775.8671875,113266.2265625,143125.859375,76383.78125,,COMPLETE,False,,,
sv_sum,33,260.94955825805664,2026-10-06 23:58:55.890491,2026-10-07 00:00:39.450274,0 days 00:01:43.559783,0.8,0.004093265289916,0.0339767716848549,106.3476104736328,52.15304183959961,102.44890594482422,97.15688293435916,67.6143723552136,55.33894912946644,98.26182519277684,49.24234274339756,"[0.07360552041403105, 0.2935897435897436, 0.982373678025852, 0.9779005524861878, 0.8284250960307298, 0.9069130732375086, 0.9841101694915254, 0.9964381121994658, 0.15101522842639595, 0.049966239027684, 0.15875706214689267, 0.9580246913580247, 0.3263337116912599, 0.06]","[0.9973262032085561, 0.99800796812749, 0.9953488372093023, 0.9778869778869779, 0.9880694143167028, 0.9821627647714605, 0.9777777777777777, 0.9974025974025974, 0.9906832298136646, 0.9906759906759907, 0.9818346957311535, 0.9846153846153847, 0.9633757961783439, 0.9314878892733564]","[0.029462738301559793, 0.9953434225844005, 0.9973285841495992, 0.9842726081258192, 0.04141689373297003, 0.04116094986807388, 0.9786096256684492, 0.43904263275991023, 0.9462102689486552, 0.03983596953719976, 0.04284037558685446, 0.8238021638330757, 0.04217832354511479]",44.66105087053356,1.7381748072231744,50.75765725660244,260.94955825805664,106.3476104736328,52.15304183959961,102.44890594482422,331038.328125,112625.046875,142521.8125,75891.46875,330777.3828125,112518.703125,142469.65625,75789.0234375,,COMPLETE,False,,,
sv_sum,34,275.4524345397949,2026-10-07 00:00:39.458160,2026-10-07 00:02:19.884554,0 days 00:01:40.426394,0.9,0.0058597587702102,0.0496899297956344,109.58688354492188,58.74727249145508,107.11827850341795,95.97031727542786,68.00989424152404,62.96790290321114,97.95334533785696,43.10843448350404,"[0.07424593967517401, 0.9888059701492538, 0.9788484136310224, 0.9800884955752213, 0.8219354838709677, 0.8877481177275839, 0.9766949152542372, 0.9964381121994658, 0.15101522842639595, 0.5494636471990465, 0.06658809664113141, 0.9580246913580247, 0.3217097862767154, 0.0638995084653195]","[0.9973262032085561, 0.99800796812749, 0.9953488372093023, 0.9692874692874693, 0.9880694143167028, 0.9832775919732442, 0.974485596707819, 0.9974025974025974, 0.989648033126294, 0.9906759906759907, 0.9791099000908265, 0.9836538461538461, 0.9529880478087649, 0.9141868512110727]","[0.029651162790697676, 0.9953434225844005, 0.9973285841495992, 0.9829619921363041, 0.03787047200878156, 0.03956639566395664, 0.9166666666666666, 0.42655786350148367, 0.9158496732026143, 0.03933253873659118, 0.02637528259231349, 0.15162454873646208, 0.044967880085653104]",37.03209709678886,2.046654662143041,56.89156551649596,275.4524345397949,109.58688354492188,58.74727249145508,107.11827850341795,360973.0625,124013.90625,152770.09375,84189.0625,360697.609375,123904.3203125,152711.34375,84081.9453125,,COMPLETE,False,,,
sv_sum,35,267.4978446960449,2026-10-07 00:02:19.894693,2026-10-07 00:03:59.722057,0 days 00:01:39.827364,0.7000000000000001,0.0037480792544194,0.0439429002139766,114.33702850341795,49.31615829467773,103.84465789794922,96.0818104988752,67.97272983370827,56.307475648247504,98.19144835551116,49.41926549736616,"[0.07286288009179576, 0.08876080691642652, 0.9882491186839013, 0.9767955801104973, 0.8398486759142497, 0.9163237311385459, 0.982010582010582, 0.9964381121994658, 0.14821763602251406, 0.05030181086519115, 0.4167812929848693, 0.9555555555555556, 0.39369627507163324, 0.057204533189422556]","[0.9973262032085561, 0.99800796812749, 0.9953488372093023, 0.9692874692874693, 0.9880694143167028, 0.9832775919732442, 0.9753086419753086, 0.9974025974025974, 0.989648033126294, 0.9906759906759907, 0.9809437386569873, 0.9865384615384616, 0.964171974522293, 0.9307958477508651]","[0.03166378814047208, 0.9953434225844005, 0.9973285841495992, 0.9842726081258192, 0.041916167664670656, 0.04051948051948052, 0.983957219251337, 0.43791329904481996, 0.9362903225806452, 0.041375291375291376, 0.05076741440377804, 0.8409785932721713, 0.04217832354511479]",43.692524351752496,1.808551644488844,50.580734502633845,267.4978446960449,114.33702850341795,49.31615829467773,103.84465789794922,350678.8125,120131.7578125,149208.953125,81338.1015625,350411.3203125,120017.421875,149159.640625,81234.2578125,,COMPLETE,False,,,
sv_sum,36,266.0873718261719,2026-10-07 00:03:59.729789,2026-10-07 00:05:53.834043,0 days 00:01:54.104254,0.7000000000000001,0.0044695009070591,0.0488740011333572,110.1247787475586,51.04035949707031,104.92223358154295,97.22539480725877,67.59153506424708,60.4802668192988,98.1679211328102,44.12641724063226,"[0.07501442585112522, 0.9750922509225092, 0.9929494712103408, 0.9767955801104973, 0.8504435994930292, 0.9163237311385459, 0.9830508474576272, 0.9964381121994658, 0.1516497461928934, 0.05333333333333334, 0.15449101796407186, 0.9547325102880658, 0.3268902785673678, 0.060032449972958354]","[0.9973262032085561, 0.99800796812749, 0.9953488372093023, 0.9754299754299754, 0.9880694143167028, 0.9821627647714605, 0.9736625514403292, 0.9974025974025974, 0.9906832298136646, 0.9906759906759907, 0.9809437386569873, 0.9855769230769231, 0.9601910828025477, 0.9280276816608997]","[0.030542986425339366, 0.9953434225844005, 0.9973285841495992, 0.9855832241153342, 0.041961852861035424, 0.04121022430881586, 0.983957219251337, 0.44281524926686217, 0.9350121852152722, 0.04190919674039581, 0.03907637655417407, 0.15951539626451286, 0.04217832354511479]",39.5197331807012,1.8320788671898072,55.87358275936774,266.0873718261719,110.1247787475586,51.04035949707031,104.92223358154295,359531.5546875,123486.3203125,152276.09375,83769.140625,359265.4609375,123376.1953125,152225.046875,83664.21875,,COMPLETE,False,,,
sv_sum,37,280.9992980957031,2026-10-07 00:05:53.841990,2026-10-07 00:07:52.598319,0 days 00:01:58.756329,0.6,0.0028811997478457,0.0421566404399199,111.43312072753906,62.00559997558594,107.56057739257812,108.5148710136764,63.82837632877453,58.31744175313567,90.39180683945924,42.77588039372868,"[0.0716743119266055, 0.06552706552706553, 0.9894242068155111, 0.9768211920529801, 0.8111533586818758, 0.923972602739726, 0.982010582010582, 0.9964381121994658, 0.14556277056277056, 0.050359712230215826, 0.4327731092436975, 0.953125, 0.7089655172413794, 0.05663430420711974]","[0.9973262032085561, 0.99800796812749, 0.9944186046511628, 0.9631901840490797, 0.9880694143167028, 0.9832775919732442, 0.9769547325102881, 0.9974025974025974, 0.6127946127946128, 0.9906759906759907, 0.270486752926679, 0.9884615384615385, 0.960222752585521, 0.9335640138408304]","[0.03940605368360937, 0.9953434225844005, 0.9973285841495992, 0.9842726081258192, 0.04246053347849755, 0.041173443129181676, 0.9829059829059829, 0.43484626647144947, 0.06424079065588499, 0.03848396501457726, 0.05487448920023351, 0.8450381679389313, 0.040490143846563666]",41.68255824686433,9.60819316054075,57.22411960627132,280.9992980957031,111.43312072753906,62.00559997558594,107.56057739257812,347374.0390625,118897.890625,148088.171875,80387.9765625,347093.046875,118786.4609375,148026.171875,80280.4140625,,COMPLETE,False,,,
sv_sum,38,273.6830825805664,2026-10-07 00:07:52.609393,2026-10-07 00:09:42.387350,0 days 00:01:49.777957,0.7000000000000001,0.0043410175502599,0.01339585886816,103.02506256103516,62.764915466308594,107.89310455322266,96.90463905881154,67.69845364706282,62.516947990561725,98.13379330733268,42.44461964329407,"[0.07435158501440922, 0.9539295392953929, 0.9882491186839013, 0.978021978021978, 0.889602053915276, 0.917180013689254, 0.9830866807610994, 0.9964381121994658, 0.14629512349588347, 0.055586436909394105, 0.4331700489853044, 0.9530864197530864, 0.321753986332574, 0.061621621621621624]","[0.9973262032085561, 0.99800796812749, 0.9953488372093023, 0.972972972972973, 0.9869848156182213, 0.9810479375696767, 0.9769547325102881, 0.9974025974025974, 0.989648033126294, 0.9906759906759907, 0.9818346957311535, 0.9875, 0.9570747217806042, 0.9259515570934256]","[0.03329571106094808, 0.9953434225844005, 0.9973285841495992, 0.9842726081258192, 0.041916167664670656, 0.039851222104144525, 0.9786324786324786, 0.42093704245973645, 0.04596162427487729, 0.04074505238649592, 0.03778040141676505, 0.8590240123934935, 0.04271222637479979]",37.48305200943828,1.8662066926673333,57.55538035670593,273.6830825805664,103.02506256103516,62.764915466308594,107.89310455322266,274393.65625,89780.5859375,122454.265625,62158.8046875,274119.97265625,89677.5625,122391.5,62050.91015625,,COMPLETE,False,,,
sv_sum,39,266.73239517211914,2026-10-07 00:09:42.397762,2026-10-07 00:11:37.937108,0 days 00:01:55.539346,0.7000000000000001,0.0043202594197852,0.0283455138600435,106.06122589111328,51.7751579284668,108.89601135253906,102.50436968371326,65.83187677209558,56.15247168994741,98.1833765646542,43.15978206168512,"[0.07430875576036866, 0.30510665804783454, 0.9917743830787309, 0.9779005524861878, 0.8687258687258688, 0.9048596851471595, 0.9841269841269841, 0.9964381121994658, 0.14720812182741116, 0.05043712172158709, 0.22026947861745752, 0.9530864197530864, 0.32653061224489793, 0.06057328285559762]","[0.9973262032085561, 0.99800796812749, 0.9944186046511628, 0.9717444717444718, 0.9880694143167028, 0.9832775919732442, 0.9777777777777777, 0.9974025974025974, 0.9906832298136646, 0.9906759906759907, 0.9809437386569873, 0.9865384615384616, 0.9593949044585988, 0.9294117647058824]","[0.03338992642897567, 0.9953434225844005, 0.9973285841495992, 0.9855832241153342, 0.041916167664670656, 0.04029692470837752, 0.9850267379679144, 0.42700729927007297, 0.9318910256410257, 0.041375291375291376, 0.03978935049736688, 0.04964539007092199, 0.04217832354511479]",43.84752831005259,1.816623435345804,56.84021793831488,266.73239517211914,106.06122589111328,51.7751579284668,108.89601135253906,318227.140625,107554.375,138222.15625,72450.609375,317960.3984375,107448.3125,138170.375,72341.7109375,,COMPLETE,False,,,
sv_sum,40,389.1728515625,2026-10-07 00:11:37.945290,2026-10-07 00:13:41.163397,0 days 00:02:03.218107,0.7000000000000001,0.01564991395462,0.0483308616854744,121.05075073242188,157.07447814941406,111.04762268066406,125.105119674868,58.29829344171066,51.071872670578166,90.55721492653512,33.26579272801872,"[0.0715962441314554, 0.9701492537313433, 0.9870740305522914, 0.9557522123893806, 0.9133247089262613, 0.04684317718940937, 0.953340402969247, 0.9910952804986642, 0.14331008243500318, 0.06348314606741573, 0.23271604938271606, 0.6089743589743589, 0.14152410575427682, 0.07087912087912088]","[0.9964349376114082, 0.9780876494023905, 0.9702325581395349, 0.9314565483476133, 0.9739696312364425, 0.9198218262806236, 0.8930921052631579, 0.9974025974025974, 0.9544513457556936, 0.9708624708624709, 0.8694469628286491, 0.9144230769230769, 0.8337311058074781, 0.4745972738537794]","[0.029328821206993795, 0.9930151338766007, 0.9964381121994658, 0.9842726081258192, 0.042007637752318604, 0.04326663061114116, 0.9668803418803419, 0.042098840756558877, 0.05024898143956542, 0.04812206572769953, 0.035098522167487683, 0.046799116997792496, 0.04697624190064795]",48.92812732942184,9.442785073464876,66.73420727198129,389.1728515625,121.05075073242188,157.07447814941406,111.04762268066406,358706.78125,123146.5703125,152055.03125,83505.1796875,358317.609375,123025.5234375,151897.953125,83394.1328125,,COMPLETE,False,,,
sv_sum,41,284.13574981689453,2026-10-07 00:13:41.170307,2026-10-07 00:15:47.805704,0 days 00:02:06.635397,0.7000000000000001,0.0022831082412213,0.0343074581343271,123.18189239501952,66.53102111816406,94.42283630371094,109.12392979627228,63.62535673457591,52.1666641246206,89.1979289768776,49.51147710222953,"[0.06396344945745289, 0.06242905788876277, 0.981198589894242, 0.9801324503311258, 0.7017142857142857, 0.9102739726027397, 0.9809322033898306, 0.9964381121994658, 0.06641870350690754, 0.04591492234976367, 0.4379407616361072, 0.9506984387838948, 0.06939409632314862, 0.05588393336915637]","[0.9973262032085561, 0.99800796812749, 0.9953488372093023, 0.8493909191583611, 0.9880694143167028, 0.9810479375696767, 0.9786008230452675, 0.9974025974025974, 0.5747316267547481, 0.9906759906759907, 0.2550335570469799, 0.9884615384615385, 0.958664546899841, 0.9349480968858132]","[0.04327485380116959, 0.9953434225844005, 0.9973285841495992, 0.9842726081258192, 0.03639326453014666, 0.053712480252764615, 0.9714587737843552, 0.4303519061583578, 0.9049919484702094, 0.0492091388400703, 0.07720588235294118, 0.8524590163934426, 0.040490143846563666]",47.833335875379404,10.802071023122394,50.48852289777047,284.13574981689453,123.18189239501952,66.53102111816406,94.42283630371094,331801.1875,112925.0703125,142772.125,76103.9921875,331517.0546875,112801.890625,142705.59375,76009.5703125,,COMPLETE,False,,,
sv_sum,42,258.70458221435547,2026-10-07 00:15:47.813380,2026-10-07 00:17:39.207085,0 days 00:01:51.393705,0.6,0.003702111241206,0.0345900506419281,108.34104919433594,50.468223571777344,99.8953094482422,96.30726488229212,67.8975783725693,56.16263413042783,98.19005088917648,49.34005009810356,"[0.07228915662650602, 0.0702054794520548, 0.9917743830787309, 0.9790055248618784, 0.8569620253164557, 0.9062927496580028, 0.9809523809523809, 0.9964381121994658, 0.14777708202880402, 0.0505249343832021, 0.4239280774550484, 0.9572016460905349, 0.37221269296740994, 0.057204533189422556]","[0.9973262032085561, 0.99800796812749, 0.9944186046511628, 0.9717444717444718, 0.9880694143167028, 0.9832775919732442, 0.9769547325102881, 0.9974025974025974, 0.9886128364389234, 0.9906759906759907, 0.9809437386569873, 0.9884615384615385, 0.9633757961783439, 0.9273356401384083]","[0.03267605633802817, 0.9953434225844005, 0.9973285841495992, 0.9855832241153342, 0.04246053347849755, 0.04054054054054054, 0.9828877005347594, 0.4314868804664723, 0.9279423538831065, 0.03955788248981966, 0.049533799533799536, 0.8466872110939908, 0.04217832354511479]",43.83736586957217,1.80994911082351,50.65994990189644,258.70458221435547,108.34104919433594,50.468223571777344,99.8953094482422,332404.125,113139.796875,142962.265625,76302.0625,332145.4140625,113031.453125,142911.796875,76202.1640625,,COMPLETE,True,,,
sv_sum,43,300.7940368652344,2026-10-07 00:17:39.213755,2026-10-07 00:19:34.346472,0 days 00:01:55.132717,0.7000000000000001,0.0020445349591445,0.013460967499025,124.56678771972656,80.1802978515625,96.04695129394533,123.9307656760621,58.689744774645966,47.98124250867122,84.83463187782387,43.25335993744281,"[0.0638904734740445, 0.05889014722536806, 0.9765533411488863, 0.9704918032786886, 0.06515580736543909, 0.8903269754768393, 0.9809725158562368, 0.9964381121994658, 0.0920702501330495, 0.11284046692607004, 0.43319268635724334, 0.9523809523809523, 0.06882383153569595, 0.055346587855991405]","[0.9973262032085561, 0.99800796812749, 0.9944186046511628, 0.700507614213198, 0.9869848156182213, 0.9788182831661093, 0.9786008230452675, 0.9974025974025974, 0.2520530638029059, 0.9906759906759907, 0.25335775335775335, 0.9884615384615385, 0.8342816500711238, 0.9259515570934256]","[0.06590084643288996, 0.9953434225844005, 0.9973285841495992, 0.9842726081258192, 0.0641025641025641, 0.06680805938494168, 0.1037037037037037, 0.4310850439882698, 0.8511480601741884, 0.0749400479616307, 0.09023941068139964, 0.84453125, 0.05353319057815846]",52.01875749132878,15.165368122176131,56.74664006255719,300.7940368652344,124.56678771972656,80.1802978515625,96.04695129394533,274643.7734375,89910.59375,122569.09375,62164.0859375,274342.9765625,89786.0234375,122488.9140625,62068.0390625,,COMPLETE,False,,,
sv_sum,44,290.9305114746094,2026-10-07 00:19:34.356083,2026-10-07 00:21:27.593769,0 days 00:01:53.237686,0.6,0.0080417951447298,0.0459884404614245,105.21339416503906,77.0689697265625,108.6481475830078,110.18519915159054,63.27160028280315,54.97232627765938,96.92703842512508,37.915436145624994,"[0.08123904149620105, 0.9860074626865671, 0.9917743830787309, 0.9723756906077348, 0.9341085271317829, 0.16312056737588654, 0.9788135593220338, 0.9955476402493322, 0.1484771573604061, 0.06449803701626472, 0.07224770642201835, 0.939917695473251, 0.3083048919226394, 0.059693318729463304]","[0.9973262032085561, 0.9950199203187251, 0.9944186046511628, 0.9595092024539877, 0.9859002169197397, 0.979933110367893, 0.9637860082304527, 0.9974025974025974, 0.984472049689441, 0.9871794871794872, 0.9554950045413261, 0.9769230769230769, 0.9307324840764332, 0.8616874135546335]","[0.030371203599550055, 0.9953434225844005, 0.9973285841495992, 0.9855832241153342, 0.0447354064375341, 0.04289544235924933, 0.9829059829059829, 0.04774823657080846, 0.6210826210826211, 0.04726224783861672, 0.03945745992601726, 0.047619047619047616, 0.04667381974248927]",45.02767372234062,3.0729615748749097,62.084563854375006,290.9305114746094,105.21339416503906,77.0689697265625,108.6481475830078,354425.609375,121564.84375,150525.3125,82335.453125,354134.6875,121459.6328125,150448.25,82226.8046875,,COMPLETE,False,,,
sv_sum,45,344.063232421875,2026-10-07 00:21:27.600964,2026-10-07 00:23:24.838298,0 days 00:01:57.237334,0.7000000000000001,0.0018600991889581,0.0394407384428767,164.04318237304688,76.71326446533203,103.3067855834961,117.89782832541864,60.70072389152711,51.593750340504805,81.65769863344441,48.85072270063214,"[0.0628212450028555, 0.056593095642331635, 0.9569767441860465, 0.9779005524861878, 0.5567620927936822, 0.9036885245901639, 0.9745762711864406, 0.9964381121994658, 0.07123870281765018, 0.15595716198125836, 0.4322990126939351, 0.9490131578947368, 0.07458847736625514, 0.05427189682966147]","[0.9973262032085561, 0.99800796812749, 0.9134948096885813, 0.2401656314699793, 0.9869848156182213, 0.979933110367893, 0.9777777777777777, 0.9974025974025974, 0.24142233312538988, 0.9906759906759907, 0.23169267707082833, 0.9884615384615385, 0.957936507936508, 0.9307958477508651]","[0.05660377358490566, 0.9953434225844005, 0.9973285841495992, 0.981651376146789, 0.8122905027932961, 0.06532129580456718, 0.08743455497382199, 0.4242867593269934, 0.8884462151394422, 0.05764705882352941, 0.09017912291537987, 0.8455538221528861, 0.048507462686567165]",48.4062496594952,18.34230136655559,51.14927729936786,344.063232421875,164.04318237304688,76.71326446533203,103.3067855834961,342220.9921875,116962.1171875,146326.40625,78932.46875,341876.921875,116798.0703125,146249.6875,78829.1640625,,COMPLETE,False,,,
sv_sum,46,512.2928619384766,2026-10-07 00:23:24.846420,2026-10-07 00:25:18.455968,0 days 00:01:53.609548,0.1,0.0002101803540916,0.0001665791793663,207.36427307128903,142.69619750976562,162.23239135742188,165.29875386637983,44.900415377873394,38.66630454384855,51.58371404548924,44.45122754428239,"[0.2532981530343008, 0.29646017699115046, 0.2861685214626391, 0.8010101010101011, 0.2609299097848716, 0.37799791449426484, 0.27154370737755734, 0.9955476402493322, 0.3064516129032258, 0.23889739663093415, 0.44305555555555554, 0.3793897524467473, 0.23048716605552647, 0.27204502814258913]","[0.9973262032085561, 0.7977839335180056, 0.3042071197411003, 0.24168297455968688, 0.38233310856372216, 0.2629198966408269, 0.4514948139109213, 0.9844559585492227, 0.25816784112748237, 0.8030634573304157, 0.2597799511002445, 0.7757527733755943, 0.3593394077448747, 0.3434125269978402]","[0.21499013806706113, 0.8518518518518519, 0.9973285841495992, 0.7363304981773997, 0.28312412831241285, 0.27570694087403597, 0.313169502205419, 0.4330042313117066, 0.3914336704342653, 0.26715039577836414, 0.282472613458529, 0.47136273864384465, 0.26073428749222155]",61.33369545615145,48.41628595451076,55.54877245571761,512.2928619384766,207.36427307128903,142.69619750976562,162.23239135742188,17779.080810546875,6131.1865234375,7599.40478515625,4048.489501953125,17266.787841796875,5923.822265625,7456.70849609375,3886.257080078125,,COMPLETE,False,,,
sv_sum,47,287.7410354614258,2026-10-07 00:25:18.464530,2026-10-07 00:27:14.801911,0 days 00:01:56.337381,0.8,0.0087959741278347,0.0177809736822763,104.10619354248048,70.57210540771484,113.06273651123048,114.7606335663589,61.74645547788037,53.49994409265491,97.09177113801292,34.64765120297328,"[0.07656341320864991, 0.9906716417910447, 0.9894242068155111, 0.9844961240310077, 0.9391979301423027, 0.16481563749444691, 0.9746031746031746, 0.9964381121994658, 0.14638783269961977, 0.050335570469798654, 0.07507163323782234, 0.939917695473251, 0.09126788357178096, 0.070801317233809]","[0.9973262032085561, 0.9970119521912351, 0.9925581395348837, 0.9692874692874693, 0.9869848156182213, 0.9665551839464883, 0.9613168724279836, 0.9974025974025974, 0.9855072463768116, 0.9883449883449883, 0.9682107175295186, 0.9701923076923077, 0.9338645418326693, 0.8782849239280774]","[0.029328821206993795, 0.9941792782305006, 0.9973285841495992, 0.9855832241153342, 0.041893362350380846, 0.04275788348476751, 0.9692144373673036, 0.2032967032967033, 0.06382978723404255, 0.046592894583576, 0.03398409255242227, 0.04671661524900837, 0.04948897256589564]",46.50005590734509,2.908228861987084,65.35234879702672,287.7410354614258,104.10619354248048,70.57210540771484,113.06273651123048,290036.109375,96165.796875,128163.390625,65706.921875,289748.3671875,96061.6875,128092.8203125,65593.859375,,COMPLETE,False,,,
sv_sum,48,277.83118057250977,2026-10-07 00:27:14.812083,2026-10-07 00:29:09.672087,0 days 00:01:54.860004,0.6,0.0051759069322275,0.0212823216803982,106.67379760742188,57.1075325012207,114.0498504638672,111.26277608647948,62.91240797117352,54.30940450024232,98.0069769726281,36.420842440650105,"[0.07589803012746234, 0.9869402985074627, 0.9952996474735605, 0.9790055248618784, 0.9113110539845758, 0.18702460850111857, 0.9756613756613757, 0.9964381121994658, 0.14457831325301204, 0.0497677504976775, 0.07846506300114547, 0.9539094650205762, 0.20238713025428126, 0.06663025669033315]","[0.9973262032085561, 0.99800796812749, 0.9944186046511628, 0.9778869778869779, 0.9880694143167028, 0.9843924191750278, 0.9728395061728395, 0.9974025974025974, 0.9886128364389234, 0.9906759906759907, 0.9772933696639419, 0.9836538461538461, 0.9562101910828026, 0.9141868512110727]","[0.03541315345699832, 0.9953434225844005, 0.9973285841495992, 0.9855832241153342, 0.041916167664670656, 0.041022908897176344, 0.9839743589743589, 0.4364963503649635, 0.046875, 0.04101675332177932, 0.036470588235294116, 0.04776579352850539, 0.045503211991434686]",45.69059549975768,1.9930230273719047,63.579157559349895,277.83118057250977,106.67379760742188,57.1075325012207,114.0498504638672,300552.1796875,100361.40625,131879.828125,68310.9453125,300274.3515625,100254.734375,131822.71875,68196.8984375,,COMPLETE,False,,,
sv_sum,49,313.3142776489258,2026-10-07 00:29:09.679590,2026-10-07 00:31:07.596101,0 days 00:01:57.916511,0.4,0.0070418573946187,0.0003376939870879,107.77430725097656,101.99822235107422,103.541748046875,170.86171158923494,43.04609613692168,28.48130510171337,62.37525985041745,38.28172345863423,"[0.06729810568295115, 0.26908866995073893, 0.9788484136310224, 0.18669022379269729, 0.07544979686593152, 0.06027060270602706, 0.4619289340101523, 0.9928762243989314, 0.10066707095209218, 0.05057618437900128, 0.5221971407072987, 0.07149446494464945, 0.07060590886329494, 0.07939097335508428]","[0.9973262032085561, 0.9880478087649402, 0.9823420074349443, 0.1866754617414248, 0.7731239092495636, 0.2512820512820513, 0.1675025075225677, 0.9961038961038962, 0.9504132231404959, 0.9766899766899767, 0.20470127326150833, 0.9566037735849057, 0.18906605922551253, 0.11265822784810127]","[0.03243847874720358, 0.989522700814901, 0.9973285841495992, 0.981651376146789, 0.04252998909487459, 0.05241935483870968, 0.9523809523809523, 0.4747252747252747, 0.047340165934602246, 0.04849884526558892, 0.04856641310708017, 0.04745166959578207, 0.2617702448210923]",71.51869489828663,37.62474014958255,61.718276541365775,313.3142776489258,107.77430725097656,101.99822235107422,103.541748046875,8067.8388671875,2605.734619140625,3805.782470703125,1656.32177734375,7754.5244140625,2497.960205078125,3703.7841796875,1552.780029296875,,COMPLETE,False,,,
sv_sum,50,295.5128631591797,2026-10-07 00:31:07.614837,2026-10-07 00:33:06.126804,0 days 00:01:58.511967,0.8,0.008237356858244,0.0487175633213271,105.60179138183594,81.0293197631836,108.88175201416016,105.49131243688409,64.83622918770531,59.76749380429281,96.99009647986472,37.751097278958376,"[0.07885514018691589, 0.9869402985074627, 0.9905992949471211, 0.9778516057585825, 0.8979328165374677, 0.8514715947980835, 0.9735169491525424, 0.9964381121994658, 0.1484771573604061, 0.06464305789769534, 0.07652474108170311, 0.9423868312757202, 0.31101021566401815, 0.070801317233809]","[0.9973262032085561, 0.9960159362549801, 0.9925581395348837, 0.9656441717791411, 0.9859002169197397, 0.9754738015607581, 0.9646090534979423, 0.9974025974025974, 0.984472049689441, 0.9883449883449883, 0.9591280653950953, 0.9769230769230769, 0.9282868525896414, 0.8665283540802213]","[0.031038374717832957, 0.9953434225844005, 0.9973285841495992, 0.9855832241153342, 0.042007637752318604, 0.042587601078167114, 0.9764957264957265, 0.043037974683544304, 0.6125356125356125, 0.04596346493812611, 0.03954802259887006, 0.04673721340388007, 0.049435787211176786]",40.23250619570719,3.009903520135268,62.24890272104162,295.5128631591797,105.60179138183594,81.0293197631836,108.88175201416016,359296.2421875,123382.0234375,152212.28125,83701.9375,359000.7265625,123276.421875,152131.25,83593.0546875,,COMPLETE,False,,,
sv_sum,51,288.94219970703125,2026-10-07 00:33:06.135223,2026-10-07 00:35:00.467189,0 days 00:01:54.331966,0.7000000000000001,0.0060180946707801,0.0179589782508836,112.1114501953125,61.13759613037109,115.69315338134766,108.09398712894593,63.96867095701803,57.60054908773677,97.8798043542394,36.42565942907791,"[0.07728065078442765, 0.9878731343283582, 0.9941245593419507, 0.9779005524861878, 0.9264516129032258, 0.1778373547810545, 0.9756613756613757, 0.9964381121994658, 0.14457831325301204, 0.5303308823529411, 0.0715158924205379, 0.9440329218106996, 0.19276485788113695, 0.06728665207877461]","[0.9973262032085561, 0.99800796812749, 0.9953488372093023, 0.9754299754299754, 0.9880694143167028, 0.9821627647714605, 0.9720164609053498, 0.9974025974025974, 0.989648033126294, 0.9906759906759907, 0.9754768392370572, 0.9817307692307692, 0.9553784860557769, 0.9044982698961938]","[0.03508771929824561, 0.9953434225844005, 0.9973285841495992, 0.9855832241153342, 0.042437431991294884, 0.0432230522945571, 0.9732905982905983, 0.4307692307692308, 0.046875, 0.04352872896111434, 0.034911242603550295, 0.060918946824987094, 0.046038543897216275]",42.39945091226323,2.120195645760603,63.57434057092209,288.94219970703125,112.1114501953125,61.13759613037109,115.69315338134766,290521.4609375,96401.1875,128356.734375,65763.5390625,290232.515625,96289.078125,128295.59375,65647.84375,,COMPLETE,False,,,
sv_sum,52,285.6106643676758,2026-10-07 00:35:00.476481,2026-10-07 00:37:01.691820,0 days 00:02:01.215339,0.7000000000000001,0.0023039948495671,0.0389022912201194,125.7711181640625,65.15282440185547,94.6867218017578,108.59958383710536,63.80013872096488,52.47594326974948,89.43770267370608,49.48677021943907,"[0.06453455168475157, 0.06242905788876277, 0.982373678025852, 0.9790286975717439, 0.7434988179669031, 0.9123287671232877, 0.9809322033898306, 0.9964381121994658, 0.0659223817118554, 0.04548494983277592, 0.43886925795053006, 0.9514802631578947, 0.06742738589211618, 0.05588393336915637]","[0.9973262032085561, 0.99800796812749, 0.9953488372093023, 0.8828213879408419, 0.9880694143167028, 0.9821627647714605, 0.9777777777777777, 0.9974025974025974, 0.5755573905862923, 0.9906759906759907, 0.2556436851738865, 0.9884615384615385, 0.9570747217806042, 0.9349480968858132]","[0.04261529480443666, 0.9953434225844005, 0.9973285841495992, 0.9842726081258192, 0.03639326453014666, 0.05117493472584857, 0.9704016913319239, 0.4309838472834068, 0.9137792103142627, 0.04862331575864089, 0.07173513182096873, 0.8501170960187353, 0.04051172707889126]",47.52405673025052,10.562297326293915,50.51322978056093,285.6106643676758,125.7711181640625,65.15282440185547,94.6867218017578,341114.1484375,116528.3359375,145954.84375,78630.96875,340828.53125,116402.5625,145889.6875,78536.28125,,COMPLETE,False,,,
sv_sum,53,287.4258842468262,2026-10-07 00:37:01.700883,2026-10-07 00:38:59.427772,0 days 00:01:57.726889,0.7000000000000001,0.0067026096497906,0.0443602276243273,106.38633728027344,63.00497817993164,118.0345687866211,106.4399502001987,64.52001659993377,55.214791853782586,97.57359852700274,40.77165941901597,"[0.0778617083091226, 0.9869402985074627, 0.9941245593419507, 0.9778761061946902, 0.9341935483870968, 0.1677762982689747, 0.9767441860465116, 0.9964381121994658, 0.15038071065989847, 0.06426155580608793, 0.06868918145392101, 0.9539094650205762, 0.3114382785956965, 0.06943685073810825]","[0.9973262032085561, 0.99800796812749, 0.9953488372093023, 0.972972972972973, 0.9869848156182213, 0.979933110367893, 0.9695473251028807, 0.9974025974025974, 0.9875776397515528, 0.9895104895104895, 0.9745685740236149, 0.9798076923076923, 0.9434262948207172, 0.8878892733564013]","[0.030968468468468468, 0.9953434225844005, 0.9973285841495992, 0.9829619921363041, 0.0430752453653217, 0.04068522483940043, 0.9713679745493107, 0.43418181818181817, 0.6225071225071225, 0.04518779342723005, 0.04254007398273736, 0.047619047619047616, 0.04654895666131621]",44.78520814621741,2.426401472997256,59.22834058098403,287.4258842468262,106.38633728027344,63.00497817993164,118.0345687866211,351472.984375,120420.1171875,149489.65625,81563.2109375,351185.5703125,120313.734375,149426.65625,81445.1796875,,COMPLETE,False,,,
sv_sum,54,299.0533599853516,2026-10-07 00:38:59.436649,2026-10-07 00:41:10.093600,0 days 00:02:10.656951,0.6,0.002118357754029,0.0438044644750997,137.40066528320312,65.08414459228516,96.56855010986328,106.82604670015996,64.39131776661334,56.620121689788974,86.94460961266975,49.6092219973813,"[0.06453455168475157, 0.058923512747875356, 0.9765258215962441, 0.980110497237569, 0.6099365750528541, 0.8974008207934336, 0.9787910922587487, 0.9964381121994658, 0.06160382368560807, 0.044107965766951945, 0.43966125617501767, 0.9539473684210527, 0.8094890510948906, 0.055346587855991405]","[0.9973262032085561, 0.99800796812749, 0.9934883720930232, 0.6997971602434077, 0.9869848156182213, 0.9821627647714605, 0.9769547325102881, 0.9974025974025974, 0.43466666666666665, 0.9906759906759907, 0.23771983020012127, 0.9884615384615385, 0.9571088165210484, 0.9314878892733564]","[0.047674418604651166, 0.9953434225844005, 0.9973285841495992, 0.9842726081258192, 0.036936447582835416, 0.06161879895561358, 0.9693769799366421, 0.4331628926223521, 0.904, 0.05419580419580419, 0.06945298094652735, 0.8515928515928516, 0.044243070362473345]",43.37987831021103,13.055390387330249,50.390778002618696,299.0533599853516,137.40066528320312,65.08414459228516,96.56855010986328,350449.65625,120060.6328125,149137.578125,81251.4453125,350150.609375,119923.234375,149072.5,81154.875,,COMPLETE,False,,,
sv_sum,55,273.23656845092773,2026-10-07 00:41:10.108682,2026-10-07 00:43:04.083293,0 days 00:01:53.974611,0.6,0.0035844616507144,0.0490136931764259,114.81184387207033,54.66238021850586,103.76234436035156,100.32074671646488,66.5597510945117,56.97501159122743,93.20377812343732,49.50046356887037,"[0.0716743119266055, 0.0702054794520548, 0.9917743830787309, 0.9779005524861878, 0.8647959183673469, 0.9142661179698217, 0.9798941798941799, 0.9964381121994658, 0.14849624060150377, 0.05138339920948617, 0.41517241379310343, 0.9497942386831276, 0.4881025015253203, 0.05660377358490566]","[0.9973262032085561, 0.99800796812749, 0.9953488372093023, 0.9680981595092024, 0.9880694143167028, 0.9821627647714605, 0.974485596707819, 0.9974025974025974, 0.9886128364389234, 0.9906759906759907, 0.28953922789539227, 0.9875, 0.9625796178343949, 0.928719723183391]","[0.034071550255536626, 0.9953434225844005, 0.9973285841495992, 0.9855832241153342, 0.04250681198910082, 0.040721649484536084, 0.9839400428265525, 0.4395043731778426, 0.9370967741935484, 0.040162980209545986, 0.05161290322580645, 0.845565749235474, 0.0416221985058698]",43.02498840877257,6.796221876562683,50.49953643112963,273.23656845092773,114.81184387207033,54.66238021850586,103.76234436035156,359784.6640625,123583.6875,152363.3125,83837.6640625,359511.4296875,123468.875,152308.65625,83733.8984375,,COMPLETE,False,,,
sv_sum,56,366.26880645751953,2026-10-07 00:43:04.097758,2026-10-07 00:44:52.365394,0 days 00:01:48.267636,0.8,0.0389937058880531,0.0003495218841485,123.26880645751952,126.0,117.0,255.13480161873088,14.955066127089708,11.35216517790391,22.660216973842168,10.852816229523045,"[0.05042016806722689, 0.06149341142020498, 0.05477223427331887, 0.039473684210526314, 0.04631828978622328, 0.03681546249424758, 0.048868312757201646, 0.9547069271758437, 0.0481283422459893, 0.04542966611932129, 0.0693815987933635, 0.032047477744807124, 0.03164556962025317, 0.06980198019801981]","[0.9928698752228164, 0.08452192287374538, 0.18760285244103125, 0.07923169267707082, 0.10833333333333334, 0.05855599772598067, 0.03213242453748783, 0.990909090909091, 0.06369820655534941, 0.4227574750830565, 0.037846481876332626, 0.03631713554987212, 0.039384336803983705, 0.03826955074875208]","[0.035269709543568464, 0.04668435013262599, 0.9287622439893143, 0.044557247602932885, 0.0319091400757166, 0.0415944540727903, 0.04055619930475087, 0.04870892018779343, 0.04170444242973708, 0.03955078125, 0.034353529044347283, 0.035407182599898834, 0.04180790960451977]",88.64783482209609,77.33978302615783,89.14718377047696,366.26880645751953,123.26880645751952,126.0,117.0,7641.140380859375,2461.631103515625,3610.574951171875,1568.934326171875,7274.87158203125,2338.3623046875,3484.574951171875,1451.934326171875,,COMPLETE,False,,,
sv_sum,57,493.7299575805664,2026-10-07 00:44:52.377544,2026-10-07 00:46:40.708972,0 days 00:01:48.331428,0.7000000000000001,0.0006287988445123,0.0073301288077058,225.04568481445312,115.26007843017578,153.4241943359375,140.03432160847754,53.32189279717415,43.379713722774895,67.7553726038389,48.83059206490866,"[0.26052631578947366, 0.16657027183342973, 0.3004048582995951, 0.9307036247334755, 0.3785211267605634, 0.7964659685863874, 0.2026255707762557, 0.9964381121994658, 0.29218362282878413, 0.2642369020501139, 0.4215341308937368, 0.782870022539444, 0.14595375722543352, 0.13412563667232597]","[0.9973262032085561, 0.9920318725099602, 0.18347509113001215, 0.24893009985734665, 0.985945945945946, 0.25112976113621693, 0.9279869067103109, 0.9974025974025974, 0.1485148514851485, 0.9813519813519813, 0.14754098360655737, 0.9514472455648926, 0.8318999218139171, 0.8407687028140014]","[0.22143864598025387, 0.889406286379511, 0.9973285841495992, 0.6461336828309305, 0.49640287769784175, 0.21034282393957002, 0.3416230366492147, 0.40471092077087795, 0.7784663051897753, 0.24177300201477503, 0.25718608169440244, 0.6964980544747081, 0.16666666666666666]",56.62028627722511,32.24462739616111,51.169407935091336,493.7299575805664,225.04568481445312,115.26007843017578,153.4241943359375,227749.71875,71650.609375,103955.421875,52143.6875,227255.98828125,71425.5625,103840.1640625,51990.26171875,,COMPLETE,False,,,
sv_sum,58,333.8500061035156,2026-10-07 00:46:40.716614,2026-10-07 00:48:30.648101,0 days 00:01:49.931487,0.4,0.0124765143854668,0.0373970557529559,111.1133804321289,111.12519073486328,111.61143493652344,116.0332522138199,61.32224926206003,52.78966816134031,94.1036127478577,37.07346687698208,"[0.07250580046403712, 0.9813432835820896, 0.9917743830787309, 0.9579646017699115, 0.8941935483870967, 0.05128205128205128, 0.9660657476139979, 0.993766696349065, 0.1439441978440076, 0.0633763320246775, 0.26860622462787553, 0.645, 0.2943201376936317, 0.066410537870472]","[0.9973262032085561, 0.9870517928286853, 0.9786046511627907, 0.9375, 0.9804772234273319, 0.9175027870680045, 0.9358024691358025, 0.9974025974025974, 0.9658385093167702, 0.9790209790209791, 0.9054545454545454, 0.9490384615384615, 0.8855325914149443, 0.7579529737206085]","[0.030133928571428572, 0.9930151338766007, 0.9973285841495992, 0.9855832241153342, 0.04475982532751092, 0.04326663061114116, 0.9614973262032086, 0.04361179361179361, 0.5398860398860399, 0.04792147806004619, 0.035449735449735446, 0.048500881834215165, 0.04859611231101512]",47.21033183865969,5.896387252142304,62.92653312301792,333.8500061035156,111.1133804321289,111.12519073486328,111.61143493652344,338177.3359375,115354.171875,144974.734375,77848.4296875,337843.484375,115243.0546875,144863.609375,77736.8203125,,COMPLETE,False,,,
sv_sum,59,272.0067558288574,2026-10-07 00:48:30.657373,2026-10-07 00:50:19.292176,0 days 00:01:48.634803,0.7000000000000001,0.0041207341679036,0.0476325269221342,110.30088806152344,53.00419998168945,108.70166778564452,102.06516540006967,65.97827819997677,56.286953899607326,98.21833099208102,43.42954970824199,"[0.07533064979873491, 0.24061107574793125, 0.9917743830787309, 0.974585635359116, 0.8421717171717171, 0.9128943758573388, 0.9819915254237288, 0.9964381121994658, 0.1516497461928934, 0.05294506949040371, 0.15588069780528982, 0.9572016460905349, 0.4866989117291415, 0.06]","[0.9973262032085561, 0.99800796812749, 0.9953488372093023, 0.9766584766584766, 0.9880694143167028, 0.9832775919732442, 0.974485596707819, 0.9974025974025974, 0.9906832298136646, 0.9906759906759907, 0.9827586206896551, 0.9855769230769231, 0.9601910828025477, 0.9301038062283737]","[0.030629608621667612, 0.9953434225844005, 0.9973285841495992, 0.9855832241153342, 0.041961852861035424, 0.04064616988014591, 0.9850267379679144, 0.4357459379615953, 0.9398862713241267, 0.042540792540792544, 0.040236686390532544, 0.06873385012919897, 0.04217832354511479]",43.713046100392674,1.7816690079189783,56.570450291758014,272.0067558288574,110.30088806152344,53.00419998168945,108.70166778564452,357351.7578125,122689.7421875,151521.765625,83140.25,357079.75,122579.4375,151468.765625,83031.546875,,COMPLETE,False,,,
sv_sum,60,366.0933380126953,2026-10-07 00:50:19.301508,2026-10-07 00:52:15.980861,0 days 00:01:56.679353,0.8,0.0240161827029095,0.0083754711978234,116.69953155517578,141.52413940429688,107.86966705322266,173.2334047402159,42.25553175326137,34.38358159761464,64.53827247052074,27.84474119164874,"[0.06490384615384616, 0.976679104477612, 0.9835487661574618, 0.23093525179856114, 0.04657687991021325, 0.03401677539608574, 0.9408033826638478, 0.9919857524487978, 0.08465286236297198, 0.054878048780487805, 0.22519083969465647, 0.06565349544072949, 0.04523281596452328, 0.0686436024162548]","[0.9955436720142602, 0.9691235059760956, 0.9646511627906976, 0.2156710628394104, 0.9653304442036836, 0.8598233995584988, 0.1514386673397274, 0.9948051948051948, 0.9461697722567288, 0.9463869463869464, 0.3878226340172071, 0.5157232704402516, 0.07446808510638298, 0.04840032813781788]","[0.028764805414551606, 0.9918509895227008, 0.9964381121994658, 0.9868938401048493, 0.03650026838432636, 0.05327156919513607, 0.27567195037904896, 0.055825242718446605, 0.044614691302388466, 0.044561571633924296, 0.03975155279503106, 0.03732809430255403, 0.0283436669619132]",65.61641840238536,35.46172752947926,72.15525880835126,366.0933380126953,116.69953155517578,141.52413940429688,107.86966705322266,245509.17578125,76990.546875,113303.5625,55215.06640625,245143.078125,76873.84375,113162.0390625,55107.1953125,,COMPLETE,False,,,
sv_sum,61,308.53751373291016,2026-10-07 00:52:15.989309,2026-10-07 00:54:10.169361,0 days 00:01:54.180052,0.8,0.0025422665903752,0.0112487490813232,123.87105560302734,77.2722396850586,107.39421844482422,114.5889548566817,61.80368171443943,52.662806026072815,89.8338863640632,42.914352753182285,"[0.06449771689497717, 0.06129398410896708, 0.9682726204465335, 0.966304347826087, 0.7221542227662179, 0.8939597315436242, 0.9810126582278481, 0.9964381121994658, 0.10656620021528525, 0.10103626943005181, 0.4375, 0.9515201314708299, 0.06563307493540052, 0.05660377358490566]","[0.9973262032085561, 0.99800796812749, 0.9953488372093023, 0.936969696969697, 0.9891540130151844, 0.9832775919732442, 0.9794238683127572, 0.9974025974025974, 0.5656482246077622, 0.9906759906759907, 0.2779493514515133, 0.9884615384615385, 0.9442262372348782, 0.9328719723183391]","[0.04230533415082771, 0.9941792782305006, 0.9973285841495992, 0.9842726081258192, 0.03641304347826087, 0.06446370530877574, 0.9723698193411264, 0.43301258327165065, 0.053009883198562445, 0.06067961165048544, 0.06745049504950495, 0.8290196078431372, 0.04436130411544629]",47.33719397392719,10.166113635936796,57.08564724681772,308.53751373291016,123.87105560302734,77.2722396850586,107.39421844482422,265226.4140625,86203.109375,119155.9765625,59867.328125,264917.87890625,86079.2421875,119078.703125,59759.93359375,,COMPLETE,False,,,
sv_sum,62,287.1585388183594,2026-10-07 00:54:10.182091,2026-10-07 00:56:05.784738,0 days 00:01:55.602647,0.8,0.0023874551967456,0.0422304492839464,125.02433013916016,64.65325164794922,97.48095703125,108.44669718545792,63.851100938180686,52.60492907356122,89.78402714698069,49.16434659400017,"[0.06453455168475157, 0.06416808631459398, 0.9776733254994124, 0.980110497237569, 0.765142150803461, 0.9184372858122002, 0.9819915254237288, 0.9964381121994658, 0.06982942430703624, 0.04523970290344362, 0.42998585572843, 0.9490131578947368, 0.0655226209048362, 0.05660377358490566]","[0.9973262032085561, 0.99800796812749, 0.9953488372093023, 0.917550058892815, 0.9880694143167028, 0.9832775919732442, 0.9777777777777777, 0.9974025974025974, 0.5842323651452282, 0.9906759906759907, 0.25213675213675213, 0.9875, 0.9634340222575517, 0.9370242214532872]","[0.04087677725118483, 0.9953434225844005, 0.9973285841495992, 0.981651376146789, 0.041028446389496716, 0.044823906083244394, 0.9673340358271865, 0.422140221402214, 0.9112903225806451, 0.04054859868813357, 0.07111935683364255, 0.8379013312451057, 0.03997867803837953]",47.39507092643878,10.21597285301931,50.83565340599983,287.1585388183594,125.02433013916016,64.65325164794922,97.48095703125,347523.8671875,118965.109375,148137.140625,80421.6171875,347236.703125,118840.0859375,148072.484375,80324.1328125,,COMPLETE,False,,,
sv_sum,63,265.9308395385742,2026-10-07 00:56:05.794579,2026-10-07 00:58:02.203155,0 days 00:01:56.408576,0.8,0.0042585257818993,0.0157586192512745,99.96102142333984,58.24337768554688,107.7264404296875,97.59724905273042,67.46758364908986,62.04885371092562,98.21044858324964,42.14344865309433,"[0.07430875576036866, 0.9688073394495413, 0.9858989424206815, 0.977997799779978, 0.8202824133504493, 0.9144421629021219, 0.9873015873015873, 0.9964381121994658, 0.14911167512690354, 0.04949152542372881, 0.4236111111111111, 0.9547325102880658, 0.32272727272727275, 0.06168831168831169]","[0.9973262032085561, 0.99800796812749, 0.9953488372093023, 0.9766584766584766, 0.9880694143167028, 0.9821627647714605, 0.9769547325102881, 0.9974025974025974, 0.9906832298136646, 0.9906759906759907, 0.9800181653042689, 0.9884615384615385, 0.9610492845786963, 0.9266435986159169]","[0.030813953488372094, 0.9953434225844005, 0.9973285841495992, 0.9842726081258192, 0.04137180185084377, 0.039936102236421724, 0.9582887700534759, 0.41685144124168516, 0.04642857142857143, 0.038892162639952856, 0.040998217468805706, 0.8454332552693209, 0.042689434364994665]",37.95114628907438,1.7895514167503703,57.85655134690567,265.9308395385742,99.96102142333984,58.24337768554688,107.7264404296875,283868.90234375,93610.1015625,125761.6171875,64497.18359375,283602.97265625,93510.140625,125703.375,64389.45703125,,COMPLETE,False,,,
sv_sum,64,393.2814331054688,2026-10-07 00:58:02.216777,2026-10-07 01:00:17.113605,0 days 00:02:14.896828,0.2,0.0942743009708974,0.0008081991716346,132.42593383789062,126.0,134.85549926757812,272.99115693975506,9.002947686748316,6.778527315834296,13.303554680717514,6.926761063693138,"[0.029775280898876405, 0.03941684665226782, 0.05143191116306254, 0.03056768558951965, 0.1010568031704095, 0.03887227680478428, 0.037405026300409115, 0.4084022038567493, 0.026744186046511628, 0.03374777975133215, 0.05128205128205128, 0.03152454780361757, 0.038897095027080254, 0.02987012987012987]","[0.48218029350104824, 0.033661315380631794, 0.03779214321233217, 0.04246655031995346, 0.0381633870005963, 0.03074141048824593, 0.03303303303303303, 0.9702457956015524, 0.030405405405405407, 0.031007751937984496, 0.03262642740619902, 0.029950083194675542, 0.03325301204819277, 0.03697104677060133]","[0.03150525087514586, 0.07455853499018966, 0.5063103192279139, 0.06216053108026554, 0.02911306702775897, 0.021933387489845652, 0.03324396782841823, 0.02843601895734597, 0.012195121951219513, 0.03181568842567197, 0.004301075268817204, 0.034282955094157415, 0.030623020063357972]",93.2214726841657,86.69644531928249,93.07323893630686,393.2814331054688,132.42593383789062,126.0,134.85549926757812,5203.1370849609375,1374.082763671875,2897.192138671875,931.8621826171876,4809.855651855469,1241.6568603515625,2771.192138671875,797.0066528320312,,COMPLETE,False,,,
sv_sum,65,331.4955749511719,2026-10-07 01:00:17.123778,2026-10-07 01:02:31.105401,0 days 00:02:13.981623,0.9,0.0009133921070842,0.0001185530944494,123.01757049560548,104.30260467529295,104.17539978027344,180.22972918924629,39.923423603584574,33.274233055260524,52.49690914591033,33.99912860958286,"[0.1327665140614781, 0.35982199618563254, 0.47473560517038776, 0.7148148148148148, 0.4641025641025641, 0.0871498443752779, 0.1489607390300231, 0.9955476402493322, 0.08645533141210375, 0.2553870710295291, 0.41998551774076753, 0.11346153846153846, 0.07314725697786333, 0.33205619412515963]","[0.9973262032085561, 0.38649155722326456, 0.4567143830947512, 0.1353658536585366, 0.8473138548539114, 0.18685955394816153, 0.2787456445993031, 0.9948119325551232, 0.17959427207637232, 0.9708624708624709, 0.4657162253903598, 0.9144914491449145, 0.3211920529801324, 0.21408182683158897]","[0.06511627906976744, 0.9045401629802096, 0.9973285841495992, 0.7562254259501966, 0.0854368932038835, 0.17697937458416502, 0.1527777777777778, 0.40828402366863903, 0.11316763617133792, 0.19920844327176782, 0.17391304347826086, 0.14035087719298245, 0.246558197747184]",66.72576694473948,47.50309085408967,66.00087139041713,331.4955749511719,123.01757049560548,104.30260467529295,104.17539978027344,22186.2470703125,7584.27099609375,9551.5,5050.47607421875,21854.75146484375,7461.25341796875,9447.197265625,4946.30078125,,COMPLETE,False,,,
sv_sum,66,270.9924392700196,2026-10-07 01:02:31.115858,2026-10-07 01:04:40.265790,0 days 00:02:09.149932,0.9,0.0065434411193327,0.0120713335209914,100.58926391601562,66.89987182617188,103.50330352783205,108.03166771720213,63.98944409426596,60.68277119188029,97.84693794475216,33.43862314616543,"[0.07548273844353423, 0.9897388059701493, 0.9623971797884842, 0.9779492833517089, 0.7787839586028461, 0.8842465753424658, 0.9809322033898306, 0.9964381121994658, 0.14911167512690354, 0.5114320096269555, 0.0670487106017192, 0.934156378600823, 0.11761786600496278, 0.07025246981339188]","[0.9973262032085561, 0.99800796812749, 0.9953488372093023, 0.9742014742014742, 0.9869848156182213, 0.9788182831661093, 0.9720164609053498, 0.9974025974025974, 0.989648033126294, 0.9895104895104895, 0.9754768392370572, 0.9807692307692307, 0.9530254777070064, 0.9100346020761245]","[0.02956830277942046, 0.9941792782305006, 0.9973285841495992, 0.9842726081258192, 0.04034896401308615, 0.04220779220779221, 0.6442307692307693, 0.4010416666666667, 0.043030031376064544, 0.03894547633313361, 0.037575757575757575, 0.04715733803437638, 0.04713444027852169]",39.31722880811971,2.153062055247844,66.56137685383456,270.9924392700196,100.58926391601562,66.89987182617188,103.50330352783205,269068.70703125,87594.828125,120449.640625,61024.23828125,268797.71875,87494.2421875,120382.7421875,60920.734375,,COMPLETE,False,,,
sv_sum,67,288.276123046875,2026-10-07 01:04:40.282312,2026-10-07 01:06:40.600882,0 days 00:02:00.318570,0.7000000000000001,0.0046931132241001,0.00976279325467,111.32312774658205,68.21156311035156,108.7414321899414,105.870809491676,64.70973016944133,55.50476779629048,96.13570853627424,42.488714175759256,"[0.07554786620530565, 0.986046511627907, 0.9882491186839013, 0.9694989106753813, 0.8873239436619719, 0.08095637583892618, 0.985200845665962, 0.9964381121994658, 0.1534054742202419, 0.054817275747508304, 0.44618674269422665, 0.9555555555555556, 0.12350597609561753, 0.06793478260869565]","[0.9973262032085561, 0.99800796812749, 0.9953488372093023, 0.9742014742014742, 0.9880694143167028, 0.9810690423162584, 0.9769547325102881, 0.9974025974025974, 0.989648033126294, 0.9906759906759907, 0.9782016348773842, 0.9865384615384616, 0.6858316221765913, 0.9197231833910035]","[0.034071550255536626, 0.9953434225844005, 0.9973285841495992, 0.9842726081258192, 0.041916167664670656, 0.04153354632587859, 0.9775401069518717, 0.4227106227106227, 0.04417670682730924, 0.040840140023337225, 0.0378698224852071, 0.8621495327102804, 0.04378003203416978]",44.49523220370952,3.864291463725749,57.51128582424074,288.276123046875,111.32312774658205,68.21156311035156,108.7414321899414,257749.609375,83313.3203125,116492.71875,57943.5703125,257461.3359375,83202.0,116424.5078125,57834.828125,,COMPLETE,False,,,
sv_sum,68,339.81275939941406,2026-10-07 01:06:40.615322,2026-10-07 01:08:31.879421,0 days 00:01:51.264099,0.6,0.0016600462430536,0.0108345374975981,141.1959991455078,89.78822326660156,108.82853698730467,115.44471807465652,61.51842730844783,52.212128055971554,83.7145073868841,48.62864648248783,"[0.06951566951566951, 0.055995475113122174, 0.9558139534883721, 0.962080173347779, 0.6693548387096774, 0.8867796610169492, 0.975635593220339, 0.9964381121994658, 0.1032637774210808, 0.1510791366906475, 0.42786069651741293, 0.9345870809484873, 0.06648451730418943, 0.054809242342826435]","[0.9973262032085561, 0.99800796812749, 0.9925581395348837, 0.6134453781512605, 0.9880694143167028, 0.9755011135857461, 0.9761316872427983, 0.9974025974025974, 0.22160834868017187, 0.9906759906759907, 0.23440339188370685, 0.9865384615384616, 0.8244869072894551, 0.9238754325259516]","[0.07645996387718242, 0.9953434225844005, 0.9973285841495992, 0.9803664921465969, 0.06898485698261357, 0.08872260823089258, 0.7879359095193214, 0.4389173372348208, 0.7667402501839587, 0.09232613908872901, 0.13171355498721227, 0.8377742946708464, 0.05911062906724512]",47.787871944028446,16.285492613115906,51.37135351751217,339.81275939941406,141.1959991455078,89.78822326660156,108.82853698730467,263137.31640625,85550.4375,118504.140625,59082.73828125,262797.50390625,85409.2421875,118414.3515625,58973.91015625,,COMPLETE,False,,,
sv_sum,69,276.42676162719727,2026-10-07 01:08:31.888364,2026-10-07 01:10:30.532032,0 days 00:01:58.643668,0.7000000000000001,0.0055989250868281,0.0182857780115535,101.02364349365234,60.77006912231445,114.63304901123048,106.26628000013898,64.57790666662034,59.38593246983347,97.9593518194087,36.38843571061885,"[0.07647740440324449, 0.9878731343283582, 0.9917743830787309, 0.9790055248618784, 0.9264516129032258, 0.8999314599040439, 0.9777777777777777, 0.9964381121994658, 0.14457831325301204, 0.05053908355795148, 0.06807780320366133, 0.9539094650205762, 0.19555095706156234, 0.06564551422319474]","[0.9973262032085561, 0.99800796812749, 0.9953488372093023, 0.9766584766584766, 0.9880694143167028, 0.9810479375696767, 0.9728395061728395, 0.9974025974025974, 0.989648033126294, 0.9906759906759907, 0.9745685740236149, 0.9817307692307692, 0.9554140127388535, 0.9155709342560554]","[0.03387916431394692, 0.9953434225844005, 0.9973285841495992, 0.9855832241153342, 0.04137180185084377, 0.04157782515991471, 0.9764957264957265, 0.4369933677229182, 0.046875, 0.04241719930273097, 0.03569303985722784, 0.05089974293059126, 0.046038543897216275]",40.61406753016653,2.0406481805913046,63.61156428938115,276.42676162719727,101.02364349365234,60.77006912231445,114.63304901123048,291538.4296875,96824.625,128750.84375,65962.9609375,291262.0,96723.6015625,128690.0703125,65848.328125,,COMPLETE,False,,,
sv_sum,70,286.11692810058594,2026-10-07 01:10:30.536323,2026-10-07 01:12:28.268567,0 days 00:01:57.732244,0.7000000000000001,0.0076326073545446,0.0379180038544715,104.23040008544922,68.75927734375,113.12725067138672,107.69196874249867,64.10267708583378,55.11807840954573,97.3225458178908,39.8674070300648,"[0.07890122735242548, 0.9869402985074627, 0.9905992949471211, 0.9789590254706534, 0.9329896907216495, 0.1615759185480301, 0.9819915254237288, 0.9964381121994658, 0.14720812182741116, 0.06457046603032005, 0.07347876004592423, 0.9457236842105263, 0.3064699205448354, 0.07068493150684932]","[0.9973262032085561, 0.9970119521912351, 0.9944186046511628, 0.972972972972973, 0.9859002169197397, 0.9765886287625418, 0.9670781893004116, 0.9974025974025974, 0.9875776397515528, 0.9883449883449883, 0.9654859218891917, 0.9769230769230769, 0.9378486055776892, 0.8802768166089966]","[0.03158488437676255, 0.9953434225844005, 0.9973285841495992, 0.9855832241153342, 0.042007637752318604, 0.04333868378812199, 0.9797008547008547, 0.30060120240480964, 0.6217948717948718, 0.046010483401281305, 0.04339622641509434, 0.04671661524900837, 0.04935622317596566]",44.88192159045427,2.677454182109201,60.1325929699352,286.11692810058594,104.23040008544922,68.75927734375,113.12725067138672,339145.765625,115763.2109375,145289.484375,78093.0703125,338859.6484375,115658.984375,145220.71875,77979.9453125,,COMPLETE,False,,,
sv_sum,71,327.2548599243164,2026-10-07 01:12:28.280741,2026-10-07 01:14:37.964188,0 days 00:02:09.683447,0.8,0.0018936334640428,0.0345261569185947,153.9611053466797,67.5932846069336,105.70046997070312,108.1694969707336,63.943501009755465,51.62879163515834,85.26579815859901,54.93591323550905,"[0.0628212450028555, 0.05668934240362812, 0.9544392523364486, 0.977924944812362, 0.594017094017094, 0.8922972051806408, 0.9766949152542372, 0.9964381121994658, 0.06266595857673925, 0.16866619618913198, 0.42736248236953456, 0.9368334700574241, 0.06690871369294606, 0.05427189682966147]","[0.9973262032085561, 0.99800796812749, 0.9925581395348837, 0.6498516320474778, 0.9880694143167028, 0.9810479375696767, 0.9777777777777777, 0.9974025974025974, 0.2445414847161572, 0.9906759906759907, 0.23465703971119134, 0.9875, 0.9580031695721077, 0.9397923875432526]","[0.06103575832305795, 0.9953434225844005, 0.9973285841495992, 0.9685452162516383, 0.8439716312056738, 0.06277056277056277, 0.916919959473151, 0.423728813559322, 0.8789346246973365, 0.04892601431980907, 0.10200129115558425, 0.7946708463949843, 0.047491995731056565]",48.37120836484166,14.734201841400989,45.06408676449095,327.2548599243164,153.9611053466797,67.5932846069336,105.70046997070312,332328.9375,113136.96875,142927.578125,76264.390625,332001.6796875,112983.0078125,142859.984375,76158.6875,,COMPLETE,False,,,
sv_sum,72,349.5143051147461,2026-10-07 01:14:37.972529,2026-10-07 01:16:39.098210,0 days 00:02:01.125681,0.8,0.0014611602575156,0.0151647117458546,153.96673583984375,81.68035125732422,113.86721801757812,128.12295615813386,57.29234794728871,51.606871147797065,76.27449285147459,43.99567984259448,"[0.08041355542791499, 0.053167420814479636, 0.9298850574712644, 0.9714285714285714, 0.5900900900900901, 0.8773712737127372, 0.9684542586750788, 0.9964381121994658, 0.10424502955400322, 0.21252638986629135, 0.4147368421052632, 0.9058728881737731, 0.06767261088248742, 0.052659860290166574]","[0.9973262032085561, 0.99800796812749, 0.306282722513089, 0.22635889798957556, 0.9880694143167028, 0.9732739420935412, 0.9753086419753086, 0.9974025974025974, 0.21590214067278288, 0.9906759906759907, 0.2275449101796407, 0.9875, 0.8653149891383056, 0.9294605809128631]","[0.10767246937459704, 0.9953434225844005, 0.9973285841495992, 0.9148099606815203, 0.23832752613240418, 0.08826754385964912, 0.119281045751634, 0.4159941305942773, 0.8358809332260659, 0.0874384236453202, 0.13827655310621242, 0.7264150943396226, 0.05440269209197981]",48.393128852202935,23.72550714852541,56.00432015740552,349.5143051147461,153.96673583984375,81.68035125732422,113.86721801757812,281920.05859375,92884.40625,125034.609375,64001.04296875,281570.54296875,92730.4375,124952.9296875,63887.17578125,,COMPLETE,False,,,
sv_sum,73,274.1405944824219,2026-10-07 01:16:39.109815,2026-10-07 01:18:31.790113,0 days 00:01:52.680298,0.8,0.0060544847361971,0.0336088644807802,105.78346252441406,57.864479064941406,110.4926528930664,98.63860184342668,67.12046605219112,60.23315471541238,97.96501824657356,43.16322519458739,"[0.07482598607888631, 0.9888059701492538, 0.9917743830787309, 0.9789823008849557, 0.8431876606683805, 0.8821917808219178, 0.9788135593220338, 0.9964381121994658, 0.1471147748890298, 0.13848396501457727, 0.06754436176302232, 0.9596707818930041, 0.31810490693739424, 0.06670311645708037]","[0.9973262032085561, 0.99800796812749, 0.9953488372093023, 0.9754299754299754, 0.9880694143167028, 0.9810479375696767, 0.974485596707819, 0.9974025974025974, 0.9906832298136646, 0.9906759906759907, 0.9782016348773842, 0.9817307692307692, 0.9545816733067729, 0.9121107266435986]","[0.030062393647192286, 0.9953434225844005, 0.9973285841495992, 0.9855832241153342, 0.04198473282442748, 0.042689434364994665, 0.9733475479744137, 0.4381022979985174, 0.928280358598207, 0.043478260869565216, 0.038621509209744505, 0.04982363315696649, 0.046573875802997856]",39.76684528458762,2.034981753426436,56.83677480541261,274.1405944824219,105.78346252441406,57.864479064941406,110.4926528930664,330293.875,112338.4921875,142258.453125,75696.9296875,330019.7421875,112232.7109375,142200.59375,75586.4375,,COMPLETE,False,,,
sv_sum,74,335.74342346191406,2026-10-07 01:18:31.798213,2026-10-07 01:20:54.163351,0 days 00:02:22.365138,0.8,0.001821859923708,0.0436793361438991,156.6384735107422,72.80487823486328,106.3000717163086,111.5978846279179,62.80070512402736,51.4682969934291,81.62260367424496,55.31121470440804,"[0.0628212450028555, 0.05605889014722537, 0.9157043879907621, 0.9767955801104973, 0.5969498910675382, 0.9010238907849829, 0.9703389830508474, 0.9964381121994658, 0.07230196703880915, 0.17007762879322513, 0.42624113475177305, 0.9376538146021329, 0.06995884773662552, 0.053197205803331545]","[0.9973262032085561, 0.99800796812749, 0.5067114093959731, 0.6368062317429406, 0.9869848156182213, 0.9810479375696767, 0.9786008230452675, 0.9974025974025974, 0.24082140634723087, 0.9906759906759907, 0.23229291716686676, 0.9875, 0.9587301587301588, 0.9342560553633218]","[0.08114856429463171, 0.9953434225844005, 0.9973285841495992, 0.926605504587156, 0.8402860548271752, 0.06304347826086956, 0.9481327800829875, 0.4225352112676056, 0.8951219512195122, 0.06852637962401456, 0.09447300771208227, 0.8103448275862069, 0.04756814537680385]",48.5317030065709,18.377396325755043,44.68878529559196,335.74342346191406,156.6384735107422,72.80487823486328,106.3000717163086,350263.78125,120005.8671875,149066.671875,81191.2421875,349928.03125,119849.2265625,148993.859375,81084.9453125,,COMPLETE,False,,,
sv_sum,75,320.4858169555664,2026-10-07 01:20:54.171591,2026-10-07 01:22:56.430345,0 days 00:02:02.258754,0.9,0.0018126751606637,0.0014906411453668,122.3779754638672,93.23867797851562,104.8691635131836,146.4684119286676,51.17719602377747,43.84645249840028,75.58475671876765,34.10037885416449,"[0.05569155446756426, 0.059726962457337884, 0.6556991774383079, 0.9062821833161689, 0.5705045278137129, 0.0728643216080402, 0.9695697796432319, 0.9964381121994658, 0.12881732370905052, 0.2626689189189189, 0.4377745241581259, 0.8967213114754098, 0.06718111665910123, 0.05856353591160221]","[0.9973262032085561, 0.9950199203187251, 0.9841860465116279, 0.19104084321475626, 0.9848812095032398, 0.9448123620309051, 0.9490131578947368, 0.9974025974025974, 0.22512437810945274, 0.9836829836829837, 0.23025516403402188, 0.9817833173537871, 0.8364825581395349, 0.28085519922254615]","[0.03825136612021858, 0.9616279069767442, 0.9973285841495992, 0.8269986893840104, 0.049943246311010214, 0.12577833125778332, 0.056879739978331526, 0.4253563390847712, 0.06132879045996593, 0.0728643216080402, 0.08338720103425985, 0.6800947867298578, 0.05320994794679005]",56.15354750159972,24.41524328123235,65.89962114583551,320.4858169555664,122.3779754638672,93.23867797851562,104.8691635131836,7605.5706787109375,3842.46630859375,919.6080322265624,2843.496337890625,7285.0849609375,3720.08837890625,826.369384765625,2738.627197265625,,COMPLETE,False,,,
sv_sum,76,279.057731628418,2026-10-07 01:22:56.444058,2026-10-07 01:25:05.439165,0 days 00:02:08.995107,0.7000000000000001,0.0062186174023101,0.0437604222008889,104.2064437866211,59.38004302978516,115.47124481201172,106.82988169977932,64.3900394334069,54.66794648096099,97.72197896156035,40.78019285769932,"[0.0771461716937355, 0.9869402985074627, 0.9941245593419507, 0.9800884955752213, 0.8526048284625158, 0.16541019955654102, 0.9809322033898306, 0.9964381121994658, 0.14784263959390864, 0.06426155580608793, 0.06872852233676977, 0.9555555555555556, 0.3145115753811406, 0.06892778993435449]","[0.9973262032085561, 0.99800796812749, 0.9953488372093023, 0.9692874692874693, 0.9880694143167028, 0.979933110367893, 0.9695473251028807, 0.9974025974025974, 0.9886128364389234, 0.9906759906759907, 0.9772933696639419, 0.9807692307692307, 0.9498407643312102, 0.898961937716263]","[0.030968468468468468, 0.9953434225844005, 0.9973285841495992, 0.9855832241153342, 0.04141689373297003, 0.04275788348476751, 0.9734888653234358, 0.43781818181818183, 0.6250890947968638, 0.043911007025761124, 0.03260188087774295, 0.04854368932038835, 0.046573875802997856]",45.33205351903901,2.2780210384396327,59.21980714230068,279.057731628418,104.2064437866211,59.38004302978516,115.47124481201172,350352.609375,120002.3359375,149105.15625,81245.1171875,350073.5625,119898.1328125,149045.78125,81129.6484375,,COMPLETE,False,,,
sv_sum,77,269.88663482666016,2026-10-07 01:25:05.445804,2026-10-07 01:27:06.290506,0 days 00:02:00.844702,0.8,0.0034398392747389,0.0212221452698166,107.4378662109375,54.61157989501953,107.83718872070312,103.57131080182694,65.47622973272435,56.00486180944662,98.21585608637233,42.20797130235411,"[0.07228915662650602, 0.0702054794520548, 0.9741480611045829, 0.9779492833517089, 0.8413705583756346, 0.9157534246575343, 0.9830866807610994, 0.9964381121994658, 0.14715090795241076, 0.05059920106524634, 0.4315117104329312, 0.9596707818930041, 0.36104783599088835, 0.05945945945945946]","[0.9973262032085561, 0.99800796812749, 0.9953488372093023, 0.9692874692874693, 0.9880694143167028, 0.9821627647714605, 0.9794238683127572, 0.9974025974025974, 0.9855521155830753, 0.9906759906759907, 0.9818511796733213, 0.989423076923077, 0.964200477326969, 0.9314878892733564]","[0.03048065650644783, 0.9953434225844005, 0.9973285841495992, 0.9842726081258192, 0.041938997821350764, 0.039851222104144525, 0.9689839572192513, 0.4284660766961652, 0.04685408299866131, 0.036751630112625965, 0.052881758764111705, 0.8227946916471507, 0.04108858057630736]",43.99513819055338,1.784143913627673,57.79202869764589,269.88663482666016,107.4378662109375,54.61157989501953,107.83718872070312,300391.171875,100300.28125,131814.765625,68276.125,300121.2890625,100192.84375,131760.15625,68168.2890625,,COMPLETE,False,,,
sv_sum,78,263.7344207763672,2026-10-07 01:27:06.299461,2026-10-07 01:29:16.180924,0 days 00:02:09.881463,0.5,0.0047739201516276,0.0386936934126293,102.9354248046875,50.99005126953125,109.80894470214844,98.44262123960738,67.18579292013088,60.28216687922724,97.87251031238414,43.40270156878125,"[0.07443739180611655, 0.9832089552238806, 0.9964747356051704, 0.9756906077348066, 0.8816120906801007, 0.9103967168262654, 0.9841269841269841, 0.9964381121994658, 0.14784263959390864, 0.053500660501981503, 0.10492379835873387, 0.9497942386831276, 0.31990924560408396, 0.061147186147186144]","[0.9973262032085561, 0.99800796812749, 0.9944186046511628, 0.9692874692874693, 0.9880694143167028, 0.9821627647714605, 0.9703703703703703, 0.9974025974025974, 0.9875776397515528, 0.9906759906759907, 0.9782214156079855, 0.9865384615384616, 0.9562101910828026, 0.9058823529411765]","[0.03423120089786756, 0.9953434225844005, 0.9973285841495992, 0.9855832241153342, 0.04300489929232444, 0.04105263157894737, 0.9850267379679144, 0.44574780058651026, 0.9387755102040817, 0.0414985590778098, 0.041666666666666664, 0.04984583761562179, 0.043246129204484784]",39.71783312077276,2.1274896876158635,56.59729843121875,263.7344207763672,102.9354248046875,50.99005126953125,109.80894470214844,340661.921875,116347.0,145799.3125,78515.609375,340398.1875,116244.0625,145748.328125,78405.796875,,COMPLETE,False,,,
sv_sum,79,284.9473342895508,2026-10-07 01:29:16.190133,2026-10-07 01:31:17.592416,0 days 00:02:01.402283,0.5,0.0072123726338869,0.0162200498605928,105.94266510009766,66.16487121582031,112.8397979736328,112.5209643008074,62.49301189973087,53.7657566718097,97.27726873415664,36.43601029322624,"[0.07890122735242548, 0.9888059701492538, 0.9929494712103408, 0.9790286975717439, 0.967948717948718, 0.16814946619217083, 0.9777777777777777, 0.9964381121994658, 0.14457831325301204, 0.06323447118074986, 0.06872852233676977, 0.9358024691358025, 0.0957079427725703, 0.06915477497255763]","[0.9973262032085561, 0.9960159362549801, 0.9934883720930232, 0.9680589680589681, 0.9869848156182213, 0.967670011148272, 0.9621399176954732, 0.9974025974025974, 0.984472049689441, 0.9883449883449883, 0.9727520435967303, 0.9798076923076923, 0.947452229299363, 0.8769017980636238]","[0.035934868051656375, 0.9953434225844005, 0.9973285841495992, 0.9855832241153342, 0.042437431991294884, 0.040106951871657755, 0.9744408945686901, 0.44395924308588064, 0.04689593568557392, 0.04535017221584386, 0.03235294117647059, 0.04858657243816254, 0.04836109618484686]",46.2342433281903,2.7227312658433505,63.56398970677376,284.9473342895508,105.94266510009766,66.16487121582031,112.8397979736328,285354.83203125,94225.8515625,126348.7890625,64780.19140625,285069.8828125,94119.90625,126282.625,64667.3515625,,COMPLETE,False,,,
sv_sum,80,305.5766906738281,2026-10-07 01:31:17.600313,2026-10-07 01:33:31.632129,0 days 00:02:14.031816,0.5,0.0116489905419587,0.0244759814632722,106.81336212158205,89.1854019165039,109.5779266357422,118.09279850087148,60.63573383304284,53.46532237944728,95.0052911034914,33.43658801618983,"[0.07647402218330414, 0.9869402985074627, 0.9917743830787309, 0.9690265486725663, 0.900516795865633, 0.08025210084033614, 0.9216931216931217, 0.9946571682991986, 0.1438529784537389, 0.0628154795288839, 0.08246828143021914, 0.905505341002465, 0.29891614375356534, 0.07025246981339188]","[0.9973262032085561, 0.9900398406374502, 0.9813953488372092, 0.9496932515337423, 0.9859002169197397, 0.9453734671125975, 0.9423868312757202, 0.9974025974025974, 0.9751552795031055, 0.9813519813519813, 0.927338782924614, 0.9557692307692308, 0.8879173290937997, 0.783690393918452]","[0.03286908077994429, 0.9953434225844005, 0.9973285841495992, 0.9868938401048493, 0.04137180185084377, 0.04457572502685284, 0.9658119658119658, 0.044984802431610946, 0.056833558863328824, 0.04838709677419355, 0.03482880755608028, 0.048038783605112385, 0.04948897256589564]",46.53467762055272,4.994708896508598,66.56341198381017,305.5766906738281,106.81336212158205,89.1854019165039,109.5779266357422,308939.4453125,103779.6328125,134938.75,70221.0625,308633.8671875,103672.8203125,134849.5625,70111.484375,,COMPLETE,False,,,
sv_sum,81,290.90142822265625,2026-10-07 01:33:31.640918,2026-10-07 01:35:35.245883,0 days 00:02:03.604965,0.5,0.002273553267686,0.0455317094512642,126.96184539794922,65.75995635986328,98.17962646484376,110.39494342560988,63.20168552479671,51.97986734169523,88.17637215795288,49.448817074742,"[0.06453455168475157, 0.06012478729438457, 0.9835487661574618, 0.977924944812362, 0.6894618834080718, 0.8993150684931507, 0.9766702014846236, 0.9964381121994658, 0.06588735387885228, 0.04889178617992177, 0.43754410726887794, 0.953125, 0.06836827711941659, 0.055346587855991405]","[0.9973262032085561, 0.99800796812749, 0.9944186046511628, 0.7510638297872341, 0.9869848156182213, 0.9821627647714605, 0.9761316872427983, 0.9974025974025974, 0.5521081941129674, 0.9906759906759907, 0.2525930445393533, 0.9884615384615385, 0.9555555555555556, 0.9217993079584775]","[0.042710706150341685, 0.9953434225844005, 0.9973285841495992, 0.9855832241153342, 0.04073872895165671, 0.05394190871369295, 0.9734888653234358, 0.433042212518195, 0.9076305220883534, 0.05092592592592592, 0.06546546546546547, 0.8405909797822706, 0.04155567394778902]",48.02013265830477,11.823627842047117,50.551182925258,290.90142822265625,126.96184539794922,65.75995635986328,98.17962646484376,353611.4453125,121271.578125,150230.625,82109.2421875,353320.5390625,121144.6171875,150164.859375,82011.0625,,COMPLETE,False,,,
sv_sum,82,278.69114685058594,2026-10-07 01:35:35.253505,2026-10-07 01:37:56.105109,0 days 00:02:20.851604,0.5,0.0079908208607219,0.0390986132327166,99.54386138916016,72.01114654541016,107.13613891601562,105.14767662818235,64.95077445727254,60.086553861943536,96.89718383794371,37.8685856719304,"[0.08062645011600927, 0.9841417910447762, 0.9941245593419507, 0.9712707182320443, 0.9729381443298969, 0.8531228551818806, 0.9777542372881356, 0.9946571682991986, 0.14720812182741116, 0.06449803701626472, 0.07233065442020666, 0.9350328947368421, 0.30471859010801594, 0.059693318729463304]","[0.9973262032085561, 0.9960159362549801, 0.9934883720930232, 0.9680589680589681, 0.9859002169197397, 0.9765886287625418, 0.9588477366255144, 0.9974025974025974, 0.9824016563146998, 0.9871794871794872, 0.9573115349682108, 0.9778846153846154, 0.9274900398406375, 0.8597097442985487]","[0.03374578177727784, 0.9953434225844005, 0.9973285841495992, 0.9855832241153342, 0.045280960174577195, 0.04331550802139037, 0.9776119402985075, 0.05345572354211663, 0.616642958748222, 0.04728950403690888, 0.031746031746031744, 0.04889867841409692, 0.04667381974248927]",39.913446138056464,3.102816162056285,62.1314143280696,278.69114685058594,99.54386138916016,72.01114654541016,107.13613891601562,341497.1640625,116651.5859375,146093.234375,78752.34375,341218.46875,116552.0390625,146021.21875,78645.2109375,,COMPLETE,False,,,
sv_sum,83,501.2505569458008,2026-10-07 01:37:56.116010,2026-10-07 01:40:04.224802,0 days 00:02:08.108792,0.6,0.0006988114765464,0.0347812941248878,269.5118408203125,91.65782928466795,140.0808868408203,116.56221727679429,61.1459275744019,55.04713150826321,74.62453309507019,53.76611811987231,"[0.29327902240325865, 0.32215647600262987, 0.31409727947238253, 0.9153094462540716, 0.3296888141295206, 0.838903743315508, 0.8365949119373777, 0.993766696349065, 0.31964624131396085, 0.2704980842911877, 0.37800687285223367, 0.8973105134474327, 0.7201187824795843, 0.2772215269086358]","[0.9973262032085561, 0.9870517928286853, 0.3337696335078534, 0.2626865671641791, 0.9633225458468176, 0.8968957871396895, 0.9539094650205762, 0.9844357976653697, 0.19574216439976344, 0.986013986013986, 0.21771428571428572, 0.9211242067089755, 0.8463356973995272, 0.901106500691563]","[0.25, 0.8835855646100116, 0.9964381121994658, 0.6484375, 0.7592371871275327, 0.26773162939297124, 0.46574344023323616, 0.36530324400564174, 0.8722891566265061, 0.27071823204419887, 0.23493044822256567, 0.7360367253251722, 0.23914411579609818]",44.95286849173679,25.37546690492981,46.23388188012769,501.2505569458008,269.5118408203125,91.65782928466795,140.0808868408203,333059.203125,113447.0,143140.203125,76472.0,332557.953125,113177.484375,143048.546875,76331.921875,,COMPLETE,False,,,
sv_sum,84,280.0966491699219,2026-10-07 01:40:04.236846,2026-10-07 01:42:18.992149,0 days 00:02:14.755303,0.6,0.0032519120073053,0.0106042776705981,103.46255493164062,70.11341857910156,106.52067565917967,118.08085016043978,60.63971661318674,45.504811382619565,93.42528491646472,42.98905354047594,"[0.07179781734635267, 0.06385404789053592, 0.9776733254994124, 0.9704918032786886, 0.08713214079630698, 0.08354324097397145, 0.9778247096092925, 0.9964381121994658, 0.13474025974025974, 0.056353591160221, 0.44333570919458304, 0.9555921052631579, 0.49142156862745096, 0.06047516198704104]","[0.9973262032085561, 0.99800796812749, 0.9953488372093023, 0.9680981595092024, 0.9880694143167028, 0.9821627647714605, 0.9769547325102881, 0.9974025974025974, 0.5809682804674458, 0.9906759906759907, 0.9809437386569873, 0.9875, 0.7156659765355418, 0.9204152249134948]","[0.039677975848188614, 0.9953434225844005, 0.9973285841495992, 0.9842726081258192, 0.04409363091997823, 0.03934077618288145, 0.9776595744680852, 0.4364963503649635, 0.04596162427487729, 0.05484247374562427, 0.06305244549204478, 0.8700389105058366, 0.04046858359957402]",54.49518861738044,6.574715083535281,57.01094645952406,280.0966491699219,103.46255493164062,70.11341857910156,106.52067565917967,262046.9140625,85103.9453125,118103.359375,58839.609375,261766.81640625,85000.484375,118033.2421875,58733.08984375,,COMPLETE,False,,,
sv_sum,85,272.3256072998047,2026-10-07 01:42:19.000846,2026-10-07 01:44:37.392104,0 days 00:02:18.391258,0.7000000000000001,0.003578538850789,0.0387619741814841,109.32337188720705,52.31426239013672,110.68797302246094,102.36352275328974,65.87882574890342,56.89991218097864,98.21645996128213,42.52010510444949,"[0.07233065442020666, 0.0702054794520548, 0.9905992949471211, 0.9779005524861878, 0.843710292249047, 0.9149519890260631, 0.9809725158562368, 0.9964381121994658, 0.14858934169278998, 0.05030181086519115, 0.42211404728789986, 0.9555555555555556, 0.4857142857142857, 0.05660377358490566]","[0.9973262032085561, 0.99800796812749, 0.9953488372093023, 0.9717444717444718, 0.9880694143167028, 0.9832775919732442, 0.9769547325102881, 0.9974025974025974, 0.9886128364389234, 0.9906759906759907, 0.9800362976406534, 0.9875, 0.9617834394904459, 0.9335640138408304]","[0.03139269406392694, 0.9953434225844005, 0.9973285841495992, 0.9842726081258192, 0.041916167664670656, 0.03997923156801662, 0.9850267379679144, 0.42888563049853373, 0.046875, 0.03852889667250438, 0.05204021289178001, 0.8438461538461538, 0.04217832354511479]",43.10008781902136,1.7835400387178737,57.47989489555051,272.3256072998047,109.32337188720705,52.31426239013672,110.68797302246094,340811.515625,116401.8125,145847.3125,78562.390625,340539.1953125,116292.4921875,145795.0,78451.703125,,COMPLETE,False,,,
sv_sum,86,385.3708801269531,2026-10-07 01:44:37.399358,2026-10-07 01:46:50.427933,0 days 00:02:13.028575,0.1,0.0012315896600683,0.04308645753553,202.6470184326172,67.18695068359375,115.5369110107422,117.8883822918197,60.70387256939343,54.1318995175631,74.24789240468105,53.73182578593615,"[0.2496732026143791, 0.18208430913348947, 0.3101018010963195, 0.9558985667034179, 0.4457831325301205, 0.8822328114363512, 0.9278242677824268, 0.9964381121994658, 0.25873731679819617, 0.19361413043478262, 0.3950354609929078, 0.9163248564397046, 0.7503681885125184, 0.11434977578475336]","[0.9973262032085561, 0.9970119521912351, 0.2103298070939639, 0.167267483777938, 0.9848156182212582, 0.967670011148272, 0.9753086419753086, 0.9974025974025974, 0.1509433962264151, 0.9883449883449883, 0.1813953488372093, 0.9713467048710601, 0.9181890389197777, 0.8873531444367657]","[0.22992227979274613, 0.9604190919674039, 0.9973285841495992, 0.9072681704260651, 0.8735362997658079, 0.13716814159292035, 0.2275132275132275, 0.405982905982906, 0.9009661835748792, 0.279819471308833, 0.15976714100905562, 0.8031794095382286, 0.10226644555002765]",45.8681004824369,25.752107595318947,46.26817421406385,385.3708801269531,202.6470184326172,67.18695068359375,115.5369110107422,349208.1171875,119643.109375,148684.125,80880.8828125,348822.7421875,119440.4609375,148616.9375,80765.34375,,COMPLETE,False,,,
sv_sum,87,386.1289367675781,2026-10-07 01:46:50.435560,2026-10-07 01:48:48.737070,0 days 00:01:58.301510,0.8,0.022184697273273,0.0203099294814929,131.6265106201172,150.16229248046875,104.3401336669922,165.24177164839728,44.91940945053423,41.07326320262136,67.54915319206319,26.13581195691816,"[0.06542617046818727, 0.9710820895522388, 0.9776733254994124, 0.9273127753303965, 0.06176266481609993, 0.037243947858473, 0.9259259259259259, 0.98753339269813, 0.08465286236297198, 0.06141820212171971, 0.21146496815286625, 0.32883750802825945, 0.0440251572327044, 0.06589785831960461]","[0.9919786096256684, 0.4163596168017686, 0.9572093023255814, 0.23578947368421052, 0.9588299024918743, 0.8790233074361821, 0.8098360655737705, 0.9961038961038962, 0.9461697722567288, 0.9487179487179487, 0.3455978975032852, 0.8597502401536984, 0.07119283356907119, 0.04032258064516129]","[0.029295774647887324, 0.9930151338766007, 0.9964381121994658, 0.9855832241153342, 0.04007884362680683, 0.04352557127312296, 0.04953560371517028, 0.049564270152505446, 0.04006085192697769, 0.0472744814278823, 0.0332667997338656, 0.04543449492721659, 0.044582392776523705]",58.92673679737864,32.45084680793681,73.86418804308184,386.1289367675781,131.6265106201172,150.16229248046875,104.3401336669922,297965.3515625,99269.625,131005.5234375,67690.203125,297579.21875,99138.0,130855.359375,67585.859375,,COMPLETE,False,,,
sv_sum,88,270.12750244140625,2026-10-07 01:48:48.745386,2026-10-07 01:50:42.222124,0 days 00:01:53.476738,0.6,0.0042728835493767,0.0468217164219333,110.16929626464844,53.28777313232422,106.6704330444336,91.80411345183168,69.39862884938944,60.77317369136913,98.12792731420554,49.29478554259365,"[0.07501442585112522, 0.9714548802946593, 0.9952996474735605, 0.9756906077348066, 0.8958868894601543, 0.9128943758573388, 0.9819724284199364, 0.9964381121994658, 0.14974619289340102, 0.05294506949040371, 0.16036036036036036, 0.9555555555555556, 0.32498577120091066, 0.06]","[0.9973262032085561, 0.99800796812749, 0.9953488372093023, 0.9778869778869779, 0.9880694143167028, 0.9821627647714605, 0.9728395061728395, 0.9974025974025974, 0.9886128364389234, 0.9906759906759907, 0.9809437386569873, 0.9865384615384616, 0.9609872611464968, 0.9211072664359862]","[0.033183352080989874, 0.9953434225844005, 0.9973285841495992, 0.9855832241153342, 0.04250681198910082, 0.041666666666666664, 0.9828877005347594, 0.43740902474526927, 0.9366368805848904, 0.041933605125218404, 0.0369284876905041, 0.8347360367253251, 0.04217832354511479]",39.22682630863087,1.872072685794464,50.70521445740636,270.12750244140625,110.16929626464844,53.28777313232422,106.6704330444336,355925.796875,122139.265625,151020.359375,82766.171875,355655.671875,122029.09375,150967.078125,82659.5,,COMPLETE,False,,,
sv_sum,89,367.830451965332,2026-10-07 01:50:42.230355,2026-10-07 01:52:30.711287,0 days 00:01:48.480932,0.9,0.0155203575930339,0.0377298731715242,110.72173309326172,139.21743774414062,117.89128112792967,120.10727441413069,59.964241861956445,52.2918439761933,92.70460100554608,34.89628060412997,"[0.07172251616696061, 0.9757462686567164, 0.9330199764982373, 0.9601769911504425, 0.796895213454075, 0.4278169014084507, 0.9491525423728814, 0.9910952804986642, 0.1434010152284264, 0.06070826306913996, 0.0660486674391657, 0.6095305832147937, 0.26360544217687076, 0.07193849533223504]","[0.9973262032085561, 0.9840637450199203, 0.9767441860465116, 0.9338235294117647, 0.9718004338394793, 0.9230769230769231, 0.9078189300411522, 0.9974025974025974, 0.9710144927536232, 0.9743589743589743, 0.8858695652173914, 0.9288461538461539, 0.8351910828025477, 0.6913073237508556]","[0.02947845804988662, 0.989522700814901, 0.9902048085485308, 0.9855832241153342, 0.36644798500468606, 0.041266252119841716, 0.8687299893276414, 0.04342017368069472, 0.04238833181403829, 0.046565774155995346, 0.04192021636240703, 0.04437609841827768, 0.046612466124661245]",47.7081560238067,7.295398994453933,65.10371939587003,367.830451965332,110.72173309326172,139.21743774414062,117.89128112792967,338862.21875,115615.8984375,145233.390625,78012.9296875,338494.390625,115505.1796875,145094.171875,77895.0390625,,COMPLETE,False,,,
sv_sum,90,260.8043632507324,2026-10-07 01:52:30.718087,2026-10-07 01:54:38.618633,0 days 00:02:07.900546,0.8,0.0045715372039317,0.0253805500716203,100.06214141845705,53.64658737182617,107.09563446044922,98.05079961300056,67.31640012899982,60.62773796954465,98.23983828649396,43.08162413096085,"[0.07443739180611655, 0.9869524697110904, 0.982373678025852, 0.9767955801104973, 0.8286082474226805, 0.9041752224503764, 0.9872881355932204, 0.9964381121994658, 0.14575411913814956, 0.0494579945799458, 0.21585365853658536, 0.9522633744855967, 0.32687927107061504, 0.06060606060606061]","[0.9973262032085561, 0.99800796812749, 0.9953488372093023, 0.9778869778869779, 0.9880694143167028, 0.9821627647714605, 0.9777777777777777, 0.9974025974025974, 0.9906832298136646, 0.9906759906759907, 0.9800181653042689, 0.9865384615384616, 0.9601910828025477, 0.9314878892733564]","[0.03005780346820809, 0.9953434225844005, 0.9973285841495992, 0.9842726081258192, 0.04141689373297003, 0.03987240829346093, 0.9679144385026738, 0.4304635761589404, 0.9470252648736757, 0.03988269794721408, 0.037388724035608306, 0.04639858594785683, 0.043246129204484784]",39.37226203045535,1.7601617135060508,56.918375869039146,260.8043632507324,100.06214141845705,53.64658737182617,107.09563446044922,311063.2421875,104670.328125,135711.8125,70681.1015625,310802.4453125,104570.265625,135658.171875,70574.0078125,,COMPLETE,False,,,
sv_sum,91,310.1231842041016,2026-10-07 01:54:38.625633,2026-10-07 01:56:36.196208,0 days 00:01:57.570575,0.6,0.0042468563816809,0.0012510477522742,117.5799789428711,89.37471008300781,103.16849517822266,140.263994413085,53.245335195638326,47.45876793292019,82.21780617017544,30.05943148381938,"[0.07390300230946882, 0.0660968660968661, 0.9882491186839013, 0.9075025693730729, 0.8560700876095119, 0.06935215946843853, 0.9574247144340602, 0.9955476402493322, 0.1035953686776356, 0.055862831858407076, 0.4788011695906433, 0.9343724364232978, 0.0884652981427175, 0.06898424769147203]","[0.9973262032085561, 0.9970119521912351, 0.9925581395348837, 0.961916461916462, 0.9795258620689655, 0.9535398230088495, 0.9292763157894737, 0.9974025974025974, 0.9659090909090909, 0.986013986013986, 0.24816176470588236, 0.9827089337175793, 0.2959738846572361, 0.22316784869976358]","[0.03317811408614668, 0.9953434225844005, 0.9973285841495992, 0.9842726081258192, 0.044021739130434785, 0.04148936170212766, 0.05325140809011777, 0.47651006711409394, 0.04055258467023173, 0.06286721504112809, 0.05132743362831858, 0.0422177009155646, 0.08536585365853659]",52.54123206707981,17.782193829824564,69.94056851618062,310.1231842041016,117.5799789428711,89.37471008300781,103.16849517822266,5829.01025390625,2399.89892578125,1406.827880859375,2022.283447265625,5518.886962890625,2282.31884765625,1317.453125,1919.114990234375,,COMPLETE,False,,,
sv_sum,92,372.1678009033203,2026-10-07 01:56:36.203812,2026-10-07 01:58:33.992133,0 days 00:01:57.788321,0.5,0.099180694086944,0.001627225944568,124.0142593383789,123.66045379638672,124.49308776855467,286.9061429037532,4.364619032082256,3.487454789086,5.473471596030492,4.132930711130277,"[0.02918502202643172, 0.04129168872419269, 0.04712717882504842, 0.02587117212249208, 0.03629536921151439, 0.033317908375751965, 0.026881720430107527, 0.06130268199233716, 0.033962264150943396, 0.03524729960204662, 0.029994340690435765, 0.034906588003933134, 0.03089749877390878, 0.02196293754289636]","[0.3736842105263158, 0.033123028391167195, 0.03237051792828685, 0.03337783711615487, 0.03428239395700174, 0.02676977989292088, 0.03750586029067042, 0.029174425822470516, 0.029394473838918283, 0.029395452024403773, 0.017843866171003718, 0.031266846361185985, 0.02632937532266391, 0.031767955801104975]","[0.03005780346820809, 0.06088560885608856, 0.1905940594059406, 0.002621231979030144, 0.025190839694656488, 0.03435114503816794, 0.032823995472552346, 0.0153015301530153, 0.03279541905257678, 0.0334553058024046, 0.01876876876876877, 0.030715005035246726, 0.02972027972027972]",96.512545210914,94.52652840396952,95.86706928886971,372.1678009033203,124.0142593383789,123.66045379638672,124.49308776855467,9700.05712890625,4857.95947265625,1404.989501953125,3437.108154296875,9327.889404296877,4733.9453125,1281.3291015625,3312.614990234375,,COMPLETE,False,,,
sv_sum,93,312.08116149902344,2026-10-07 01:58:34.000520,2026-10-07 02:00:37.005427,0 days 00:02:03.004907,0.8,0.0023334211101581,0.0119617360640821,122.69927978515624,80.45585632324219,108.926025390625,117.18229438865632,60.93923520378123,52.32878211708169,86.84281625494583,43.64610723931616,"[0.0639269406392694, 0.060692002268859895, 0.9647473560517039, 0.9652173913043478, 0.7334905660377359, 0.874247491638796, 0.9841437632135307, 0.9964381121994658, 0.06652474720596062, 0.102803738317757, 0.43808160343593416, 0.952341824157765, 0.06677018633540373, 0.05660377358490566]","[0.9973262032085561, 0.99800796812749, 0.9953488372093023, 0.8941860465116279, 0.9880694143167028, 0.9832775919732442, 0.9786008230452675, 0.9974025974025974, 0.3162393162393162, 0.9906759906759907, 0.26348039215686275, 0.9884615384615385, 0.834045584045584, 0.9328719723183391]","[0.05944272445820433, 0.9941792782305006, 0.9973285841495992, 0.9842726081258192, 0.03641304347826087, 0.05901461829994586, 0.9673340358271865, 0.42583025830258303, 0.12572254335260116, 0.06727272727272728, 0.08668341708542714, 0.8233908948194663, 0.047109207708779445]",47.67121788291831,13.15718374505417,56.35389276068384,312.08116149902344,122.69927978515624,80.45585632324219,108.926025390625,268694.77734375,87432.8203125,120297.3671875,60964.58984375,268382.6953125,87310.1171875,120216.9140625,60855.6640625,,COMPLETE,False,,,
sv_sum,94,263.1590805053711,2026-10-07 02:00:37.015763,2026-10-07 02:02:35.820828,0 days 00:01:58.805065,0.9,0.0025140217373095,0.0296542573789449,101.28768920898438,65.6103744506836,96.26101684570312,101.7297637706217,66.0900787431261,57.96683111447336,90.07876400131718,50.22464111358775,"[0.06174957118353345, 0.06416808631459398, 0.9494712103407755, 0.9790286975717439, 0.49806451612903224, 0.9033584647018505, 0.9830508474576272, 0.9964381121994658, 0.06065485775630703, 0.4341801385681293, 0.42683797287651676, 0.9481481481481482, 0.7535714285714286, 0.05663430420711974]","[0.9973262032085561, 0.99800796812749, 0.9953488372093023, 0.9452554744525548, 0.9880694143167028, 0.9821627647714605, 0.9794238683127572, 0.9974025974025974, 0.5861781848459617, 0.9906759906759907, 0.2661339889366933, 0.9884615384615385, 0.9595559080095163, 0.9370242214532872]","[0.03927680798004988, 0.9953434225844005, 0.9973285841495992, 0.9239842726081258, 0.7017114914425427, 0.05936599423631124, 0.6332622601279317, 0.4235645041014168, 0.8691741618969746, 0.03768996960486322, 0.07043147208121828, 0.7385826771653543, 0.03948772678762007]",42.03316888552664,9.921235998682818,49.77535888641225,263.1590805053711,101.28768920898438,65.6103744506836,96.26101684570312,321519.25,108894.6484375,139264.734375,73359.8671875,321256.09375,108793.359375,139199.125,73263.609375,,COMPLETE,False,,,
sv_sum,95,324.2130508422852,2026-10-07 02:02:35.828798,2026-10-07 02:04:21.100079,0 days 00:01:45.271281,0.9,0.0006186047250891,0.0305915535177948,119.25279235839844,95.3884735107422,109.57178497314452,124.5471124538736,58.4842958487088,54.49915065474327,74.11938286236966,46.83435402901346,"[0.27333831217326365, 0.31693989071038253, 0.38028169014084506, 0.8291347207009858, 0.37032258064516127, 0.7956551255940258, 0.8462311557788945, 0.9919857524487978, 0.31371280724450196, 0.32571428571428573, 0.37375178316690444, 0.8714168714168714, 0.6805555555555556, 0.2608405603735824]","[0.9973262032085561, 0.9860557768924303, 0.3269986893840105, 0.26383623957543595, 0.9611650485436893, 0.885809312638581, 0.9481907894736842, 0.9197452229299363, 0.22971360381861575, 0.9766899766899767, 0.2340801886792453, 0.9283121597096189, 0.8300550747442959, 0.8887353144436766]","[0.2215523737754333, 0.6332945285215367, 0.8691006233303651, 0.5740498034076016, 0.5618115055079559, 0.30930427493713325, 0.5513918629550322, 0.36457564575645757, 0.723630417007359, 0.2480058013052937, 0.24260355029585798, 0.5968379446640316, 0.19230769230769232]",45.50084934525673,25.88061713763033,53.16564597098654,324.2130508422852,119.25279235839844,95.3884735107422,109.57178497314452,323832.5859375,109738.640625,140037.671875,74056.2734375,323508.375,109619.390625,139942.28125,73946.703125,,COMPLETE,False,,,
sv_sum,96,590.4093170166016,2026-10-07 02:04:21.108275,2026-10-07 02:06:16.825287,0 days 00:01:55.717012,0.3,0.0004389947643812,0.0013103851034155,245.99610900878903,128.34580993652344,216.06739807128903,152.3483644062469,49.21721186458437,38.33510635115763,63.436606202028464,45.87992304056702,"[0.24133420536298233, 0.28144458281444584, 0.31333859510655093, 0.8675564681724846, 0.2961342086068563, 0.4936708860759494, 0.1657848324514991, 0.9955476402493322, 0.30362826225334183, 0.25705329153605017, 0.43994314143567875, 0.33531960996749727, 0.1263107721639657, 0.2498483929654336]","[0.9973262032085561, 0.9582504970178927, 0.16948130277442702, 0.24423963133640553, 0.9688172043010753, 0.20012277470841006, 0.7558756633813495, 0.9961038961038962, 0.1789906103286385, 0.9523255813953488, 0.14697569248162803, 0.8920353982300885, 0.7191176470588235, 0.7014627659574468]","[0.20194805194805196, 0.9363425925925926, 0.9973285841495992, 0.8077403245942572, 0.23766233766233766, 0.23532898636633076, 0.27630805408583187, 0.43968593861527483, 0.4218203033838973, 0.2577866136514248, 0.28603603603603606, 0.6306049822064057, 0.2357971899816738]",61.66489364884237,36.563393797971536,54.12007695943298,590.4093170166016,245.99610900878903,128.34580993652344,216.06739807128903,6418.070556640625,2808.13525390625,1288.079833984375,2321.85546875,5827.6612548828125,2562.13916015625,1159.7340087890625,2105.7880859375,,COMPLETE,False,,,
sv_sum,97,261.31708908081055,2026-10-07 02:06:16.832657,2026-10-07 02:08:05.786288,0 days 00:01:48.953631,0.9,0.0052290738968866,0.0226526744534571,101.7266845703125,56.26406478881836,103.32633972167967,103.15045530454574,65.61651489848475,59.47976361836076,98.11627494617672,39.25350613091677,"[0.07321324811156305, 0.9888059701492538, 0.9576968272620446, 0.980110497237569, 0.8191214470284238, 0.896032831737346, 0.9777542372881356, 0.9964381121994658, 0.14638783269961977, 0.2146643109540636, 0.06598062953995157, 0.9465020576131687, 0.20103626943005182, 0.0634226353198469]","[0.9973262032085561, 0.99800796812749, 0.9953488372093023, 0.9754299754299754, 0.9880694143167028, 0.979933110367893, 0.9769547325102881, 0.9974025974025974, 0.9917184265010351, 0.9906759906759907, 0.9782016348773842, 0.9826923076923076, 0.9585657370517928, 0.9259515570934256]","[0.02956830277942046, 0.9953434225844005, 0.9973285841495992, 0.9842726081258192, 0.0377255330781848, 0.03963577932512052, 0.6909090909090909, 0.4071058475203553, 0.043536804308797125, 0.03839232153569286, 0.04092852779474649, 0.7527301092043682, 0.0454788657035848]",40.52023638163924,1.8837250538232693,60.74649386908323,261.31708908081055,101.7266845703125,56.26406478881836,103.32633972167967,304105.84375,101860.140625,133215.84375,69029.859375,303844.5234375,101758.4140625,133159.578125,68926.53125,,COMPLETE,False,,,
sv_sum,98,301.71546173095703,2026-10-07 02:08:05.793355,2026-10-07 02:10:04.176302,0 days 00:01:58.382947,0.9,0.0021746940488419,0.0095119060232234,103.9756851196289,88.12175750732422,109.6180191040039,122.99335208458297,59.00221597180568,52.36945661738467,84.7884574364764,39.84873386155595,"[0.06292906178489703, 0.06012478729438457, 0.9400705052878966, 0.9673202614379085, 0.46124031007751937, 0.8926862611073137, 0.9736008447729673, 0.9964381121994658, 0.06156316916488223, 0.41990846681922195, 0.42505430847212167, 0.9425287356321839, 0.07165532879818594, 0.05660377358490566]","[0.9973262032085561, 0.99800796812749, 0.9953488372093023, 0.7439153439153439, 0.9891540130151844, 0.979933110367893, 0.980246913580247, 0.9974025974025974, 0.2777061855670103, 0.9906759906759907, 0.25443425076452597, 0.9875, 0.7437845303867403, 0.9349480968858132]","[0.04286628278950736, 0.9941792782305006, 0.9973285841495992, 0.854521625163827, 0.12836970474967907, 0.12047399605003292, 0.6683022571148185, 0.4096296296296296, 0.11793855302279485, 0.05455672659640422, 0.09173715029277814, 0.6616719242902208, 0.03875968992248062]",47.63054338261533,15.211542563523594,60.15126613844405,301.71546173095703,103.9756851196289,88.12175750732422,109.6180191040039,256196.75390625,82635.3203125,116027.0625,57534.37109375,255895.03515625,82531.34375,115938.9375,57424.75390625,,COMPLETE,False,,,
sv_sum,99,278.3303413391113,2026-10-07 02:10:04.182533,2026-10-07 02:11:53.650050,0 days 00:01:49.467517,0.9,0.0033787515924149,0.0152698902535122,112.2583236694336,63.149410247802734,102.922607421875,108.2953764685182,63.9015411771606,57.36386932249149,95.57513117549335,38.765623033496965,"[0.07179781734635267, 0.06605922551252848, 0.9576968272620446, 0.9801980198019802, 0.7091377091377091, 0.9158110882956879, 0.9799154334038055, 0.9964381121994658, 0.14178638351030606, 0.41081081081081083, 0.4221105527638191, 0.9506172839506173, 0.3691351045788581, 0.05942733657482442]","[0.9973262032085561, 0.99800796812749, 0.9953488372093023, 0.9705159705159705, 0.9880694143167028, 0.9832775919732442, 0.9818930041152263, 0.9974025974025974, 0.6223539373412362, 0.9906759906759907, 0.9800362976406534, 0.9884615384615385, 0.9556611243072051, 0.9314878892733564]","[0.033498759305210915, 0.9953434225844005, 0.9973285841495992, 0.9803407601572739, 0.040198237885462555, 0.043402777777777776, 0.6666666666666666, 0.41050295857988167, 0.04371338440739072, 0.03260869565217391, 0.054087277197295634, 0.7007069913589945, 0.04113247863247863]",42.63613067750851,4.424868824506646,61.23437696650304,278.3303413391113,112.2583236694336,63.149410247802734,102.922607421875,282223.00390625,92979.5390625,125149.0390625,64094.42578125,281944.67578125,92867.28125,125085.890625,63991.50390625,,COMPLETE,False,,,
pareto_mean,0,,2026-10-06 23:05:16.189870,2026-10-06 23:11:45.720943,0 days 00:06:29.531073,0.8,0.003,0.007,,,,121.50651815768695,59.49782728077101,47.84313144340754,88.29922032297333,42.35113007593216,"[0.07179781734635267, 0.06370875995449374, 0.9670975323149236, 0.9641693811074918, 0.8278481012658228, 0.08305369127516779, 0.9820485744456178, 0.9964381121994658, 0.12731229597388466, 0.08579088471849866, 0.4335965541995693, 0.953125, 0.08157653528872594, 0.06047516198704104]","[0.9973262032085561, 0.99800796812749, 0.9953488372093023, 0.9596083231334149, 0.9880694143167028, 0.9777530589543938, 0.9786008230452675, 0.9974025974025974, 0.5685785536159601, 0.9895104895104895, 0.29356652092442226, 0.9865384615384616, 0.703551912568306, 0.9280276816608997]","[0.04021937842778794, 0.9941792782305006, 0.9973285841495992, 0.9842726081258192, 0.041916167664670656, 0.05447680690399137, 0.9402677651905252, 0.43820224719101125, 0.040625, 0.041742286751361164, 0.0626865671641791, 0.829153605015674, 0.0405766150560598]",52.15686855659246,11.700779677026674,57.64886992406784,22.787185668945312,8.587716102600098,5.802056312561035,8.39741325378418,219097.7109375,69717.828125,99062.59375,50317.2890625,219074.921875,69709.2421875,99056.7890625,50308.890625,"{'wh_learning_rate': 0.007, 'sv_learning_rate': 0.003, 'centroid_momentum': 0.8}",COMPLETE,False,22.787185668945312,219074.921875,
pareto_mean,1,,2026-10-06 23:05:16.189984,2026-10-06 23:12:05.915892,0 days 00:06:49.725908,0.7000000000000001,0.0711447600934342,0.0010253509690168,,,,263.65243052670235,12.115856491099224,4.590362236465436,14.343377158430712,17.41383007840152,"[0.02874251497005988, 0.04272683629380701, 0.10448642266824085, 0.027482823235477825, 0.043132803632236094, 0.039180765805877114, 0.034482758620689655, 0.11378923766816143, 0.03115814226925338, 0.04371584699453552, 0.0466704610130905, 0.03003625064733299, 0.02935514918190568, 0.027690700104493208]","[0.5092067988668555, 0.048268625393494226, 0.05552645364064956, 0.05120481927710843, 0.02792022792022792, 0.03349282296650718, 0.0342562177381511, 0.9831168831168832, 0.030321406913280776, 0.0936849410131853, 0.03506907545164718, 0.03453453453453453, 0.03162260238465526, 0.03984739296311997]","[0.034760705289672546, 0.03801546391752577, 0.9715048975957258, 0.9569190600522193, 0.025957170668397145, 0.008866995073891626, 0.02949208083014746, 0.04061416542842992, 0.03442879499217527, 0.028504944735311226, 0.0266497461928934, 0.02960361264425489, 0.038480272771553824]",95.40963776353456,85.65662284156929,82.58616992159848,27.1972131729126,9.13486671447754,8.811606407165527,9.250740051269531,5260.264892578125,1811.531005859375,2145.416259765625,1303.317626953125,5233.0677490234375,1802.3961181640625,2136.604736328125,1294.06689453125,,COMPLETE,False,27.1972131729126,5233.0677490234375,
pareto_mean,2,,2026-10-06 23:05:16.190456,2026-10-06 23:12:05.926097,0 days 00:06:49.735641,0.2,0.0002938027938703,0.0041282053438262,,,,144.7308513799049,51.75638287336503,46.221171821730856,60.59408355384025,48.45389324452399,"[0.26072386058981234, 0.289490245437382, 0.3170926517571885, 0.8494167550371156, 0.4665461121157324, 0.6892405063291139, 0.37178642056690836, 0.9955476402493322, 0.31005221932114885, 0.26881720430107525, 0.4038199181446112, 0.6664290805416964, 0.33583815028901737, 0.2461632903621854]","[0.9973262032085561, 0.921645445641528, 0.2610271903323263, 0.27016520894071916, 0.7230443974630021, 0.19607843137254902, 0.750375939849624, 0.9922077922077922, 0.23003003003003003, 0.8845714285714286, 0.19727891156462585, 0.7849720223820943, 0.6306306306306306, 0.643818065342729]","[0.22924901185770752, 0.8677494199535963, 0.9973285841495992, 0.662962962962963, 0.47116237799467614, 0.2729641693811075, 0.39645776566757496, 0.3913337846987136, 0.656758669497523, 0.2782204515272244, 0.278778386844166, 0.5617897727272727, 0.2342507645259939]",53.77882817826914,39.40591644615975,51.54610675547601,51.474602699279785,23.38908576965332,10.123970985412598,17.961545944213867,99116.947265625,33347.23046875,42353.53125,23416.185546875,99065.470703125,33323.83984375,42343.40625,23398.224609375,,COMPLETE,False,51.474602699279785,99065.470703125,
pareto_mean,3,,2026-10-06 23:05:16.190675,2026-10-06 23:12:49.465508,0 days 00:07:33.274833,0.6,0.0396760507705299,0.000143471595172,,,,262.722419406747,12.425860197750994,6.853520374483581,19.93553477562284,10.488525443146566,"[0.05527638190954774, 0.06143344709897611, 0.05480195333695062, 0.03715170278637771, 0.04793289394847214, 0.04125816993464052, 0.049586776859504134, 0.2955696202531646, 0.0491504854368932, 0.04676489429852659, 0.07684319833852545, 0.03911735205616851, 0.03861342694164107, 0.06599254922831294]","[0.9901960784313726, 0.09005235602094241, 0.15021199273167776, 0.07624633431085044, 0.10771793448084398, 0.0336644591611479, 0.041589648798521256, 0.9857697283311773, 0.05827886710239651, 0.07869040781160253, 0.05315947843530592, 0.030801911842804036, 0.053230209281164696, 0.04136546184738956]","[0.03201970443349754, 0.048728813559322036, 0.8920552677029361, 0.04230118443316413, 0.034519956850053934, 0.04602510460251046, 0.047968021319120584, 0.045318725099601595, 0.040806969280146724, 0.03190883190883191, 0.031610942249240125, 0.03213610586011342, 0.038108680310515175]",93.14647962551642,80.06446522437716,89.51147455685343,27.207528114318848,9.0,9.207528114318848,9.0,19145.05517578125,6541.3359375,8246.654296875,4357.06494140625,19117.84716796875,6532.3359375,8237.4462890625,4348.06494140625,,COMPLETE,False,27.207528114318848,19117.84716796875,
pareto_mean,4,,2026-10-06 23:05:16.190870,2026-10-06 23:15:59.070803,0 days 00:10:42.879933,0.9,0.0001152798712823,0.0081482932101052,,,,157.8584928005523,47.380502399815896,46.221700574215205,56.08022742901929,39.8395791962132,"[0.26479750778816197, 0.29582448690728946, 0.32784958871915393, 0.605524861878453, 0.35058214747736094, 0.6546426185704742, 0.6383616383616384, 0.9367764915405165, 0.2933709449929478, 0.327683615819209, 0.37163636363636365, 0.6683046683046683, 0.4899845916795069, 0.24569855471438404]","[0.8522727272727273, 0.7086330935251799, 0.30942334739803096, 0.26994359387590655, 0.6849056603773584, 0.5852534562211982, 0.76640625, 0.5050732807215332, 0.2903448275862069, 0.7631862217438106, 0.2586094866796621, 0.6206156048675734, 0.5981830887491265, 0.6383812010443864]","[0.24089852827265684, 0.5075669383003493, 0.6322350845948352, 0.44692005242463956, 0.4504283965728274, 0.31378600823045266, 0.47644539614561027, 0.3520912547528517, 0.5543744889615699, 0.25245653817082386, 0.27039413382218147, 0.45569620253164556, 0.22585227272727273]",53.7782994257848,43.91977257098071,60.1604208037868,44.0169095993042,11.566899299621582,23.450010299682617,9.0,242448.80078125,75450.2109375,112264.7265625,54733.86328125,242404.77734375,75438.640625,112241.2734375,54724.86328125,,COMPLETE,False,44.0169095993042,242404.77734375,
pareto_mean,5,,2026-10-06 23:05:16.191056,2026-10-06 23:16:18.455954,0 days 00:11:02.264898,0.2,0.0004335281794951,0.0176497158481757,,,,127.9432996649343,57.3522334450219,51.406159693459344,68.17872051148885,52.47182013011751,"[0.28561872909699, 0.3076923076923077, 0.3295081967213115, 0.8468085106382979, 0.3840889649272883, 0.7917771883289124, 0.6208053691275168, 0.9919857524487978, 0.32243589743589746, 0.28095975232198145, 0.37037037037037035, 0.8424, 0.5618915159944368, 0.26051980198019803]","[0.9973262032085561, 0.9207920792079208, 0.31432274789371356, 0.2338387869114126, 0.797427652733119, 0.7700312174817898, 0.9056910569105691, 0.84688995215311, 0.2586999343401182, 0.9580908032596042, 0.25180288461538464, 0.7665130568356375, 0.7394957983193278, 0.7840986977381769]","[0.24277067921990586, 0.8767441860465116, 0.9982190560997328, 0.6582278481012658, 0.6590673575129534, 0.2645939086294416, 0.4796747967479675, 0.35102853351028535, 0.847068145800317, 0.2767253044654939, 0.24892703862660945, 0.683933933933934, 0.2343558282208589]",48.593840306540656,31.821279488511152,47.52817986988249,45.68455982208252,23.679101943969727,9.119142532348633,12.88631534576416,289444.625,95965.546875,127961.7109375,65517.3671875,289398.94140625,95941.8671875,127952.59375,65504.48046875,,COMPLETE,False,45.68455982208252,289398.94140625,
pareto_mean,6,,2026-10-06 23:05:16.191252,2026-10-06 23:17:32.999606,0 days 00:12:16.808354,0.5,0.0008179499475211,0.0003126102910311,,,,175.9616258455761,41.3461247181413,30.971564220987712,54.01831509982939,39.04849483360682,"[0.21702944942381563, 0.3242730720606827, 0.28841786525359575, 0.8391472868217055, 0.1022196261682243, 0.1111111111111111, 0.1437837837837838, 0.9964381121994658, 0.1134185303514377, 0.2240398293029872, 0.46771879483500717, 0.12855787476280836, 0.09537037037037037, 0.2844932844932845]","[0.9973262032085561, 0.9742828882294757, 0.21818181818181817, 0.13801601971657423, 0.9475341028331584, 0.19123020706455543, 0.2784880489160645, 0.9961038961038962, 0.15988200589970503, 0.9696969696969697, 0.21539379474940334, 0.9202898550724637, 0.33668341708542715, 0.21945488721804512]","[0.15071151358344115, 0.967816091954023, 0.9973285841495992, 0.8888888888888888, 0.1163895486935867, 0.13846153846153847, 0.14324178782983307, 0.48424908424908425, 0.14836223506743737, 0.23245331616226658, 0.2491605104096709, 0.27835616438356164, 0.28088506453595574]",69.02843577901228,45.98168490017061,60.95150516639318,28.04230117797852,12.031222343444824,7.308876991271973,8.702201843261719,8746.724853515625,2877.335693359375,4085.51123046875,1783.8779296875,8718.6826171875,2865.304443359375,4078.202392578125,1775.17578125,,COMPLETE,False,28.04230117797852,8718.6826171875,
pareto_mean,7,,2026-10-06 23:05:16.191433,2026-10-06 23:17:33.012150,0 days 00:12:16.820717,0.6,0.0007476312062252,0.00146489551328,,,,160.63282959310664,46.455723468964464,32.531042582571345,63.73995365938544,43.09617416493659,"[0.24334847501622323, 0.22044917257683216, 0.3290529695024077, 0.8964803312629399, 0.1011764705882353, 0.22237442922374429, 0.11442516268980477, 0.9964381121994658, 0.29120198265179675, 0.24629080118694363, 0.45526127415891193, 0.14732787674530573, 0.08669724770642202, 0.20382165605095542]","[0.9973262032085561, 0.9930348258706467, 0.20198881292728402, 0.23455933379597502, 0.9816414686825053, 0.23037974683544304, 0.8866559485530546, 0.9974025974025974, 0.15533411488862836, 0.9743589743589743, 0.19579193454120397, 0.9550140581068416, 0.8278816199376947, 0.29222387320455673]","[0.1787598944591029, 0.9744483159117305, 0.9973285841495992, 0.7967171717171717, 0.1244047619047619, 0.167828418230563, 0.3230088495575221, 0.45161290322580644, 0.2272032603158431, 0.21940104166666666, 0.26996466431095406, 0.7325842696629213, 0.13924050632911392]",67.46895741742865,36.26004634061456,56.90382583506341,35.784897804260254,13.744065284729004,8.588448524475098,13.452383995056152,7164.062805175781,3610.055908203125,881.2454223632812,2672.761474609375,7128.27783203125,3596.311767578125,872.656982421875,2659.30908203125,,COMPLETE,False,35.784897804260254,7128.27783203125,
pareto_mean,8,,2026-10-06 23:05:16.191616,2026-10-06 23:20:42.982006,0 days 00:15:26.790390,0.4,0.0007523742884534,0.0002379522116387,,,,178.2065799002274,40.5978066999242,31.02163822880518,54.737361548520965,36.03442032244645,"[0.2159744408945687, 0.3125778331257783, 0.2933730454206999, 0.8234732824427481, 0.11229314420803782, 0.12087441063009001, 0.14810690423162584, 0.9964381121994658, 0.12008616047388261, 0.21822033898305085, 0.4668094218415418, 0.13444180522565322, 0.08685555039479796, 0.2935049019607843]","[0.9973262032085561, 0.9616141732283464, 0.360180412371134, 0.12843488649940263, 0.9404388714733543, 0.19383259911894274, 0.26578802855573863, 0.9935064935064936, 0.15985790408525755, 0.9662398137369034, 0.2599643069601428, 0.9159891598915989, 0.3129516397998888, 0.20710612435717626]","[0.09141135107985937, 0.9610983981693364, 0.9973285841495992, 0.47315436241610737, 0.13489208633093525, 0.15876398508257858, 0.1737218251786696, 0.4897360703812317, 0.16522157996146436, 0.2355584082156611, 0.28215488215488216, 0.24586666666666668, 0.27556644213104714]",68.97836177119481,45.26263845147904,63.96557967755356,28.80882358551025,12.220900535583496,8.007437705993652,8.580485343933105,12563.63623046875,4265.330078125,5639.06982421875,2659.236328125,12534.82763671875,4253.109375,5631.0625,2650.65576171875,,COMPLETE,False,28.80882358551025,12534.82763671875,
pareto_mean,9,,2026-10-06 23:05:16.191795,2026-10-06 23:20:42.998131,0 days 00:15:26.806336,0.2,0.0226739865237804,0.0017018418817029,,,,204.92529909954152,31.691566966819497,24.760906900177684,44.49204155974459,25.82175244053621,"[0.05808713069604406, 0.9729477611940298, 0.06236323851203501, 0.048921620199894794, 0.05663615560640732, 0.038180341186027617, 0.906832298136646, 0.9821905609973286, 0.07211538461538461, 0.04565916398713826, 0.07184241019698726, 0.0398989898989899, 0.03827519379844961, 0.0725767169995129]","[0.9973262032085561, 0.164804469273743, 0.9525581395348838, 0.14777708202880402, 0.9436170212765957, 0.07295029051000645, 0.0938177874186551, 0.9974025974025974, 0.15544041450777202, 0.9137529137529138, 0.26868327402135234, 0.3971119133574007, 0.07680722891566265, 0.04683648315529992]","[0.02983362019506598, 0.9604190919674039, 0.9964381121994658, 0.981675392670157, 0.03542673107890499, 0.05730223123732252, 0.04734945959855893, 0.047388781431334626, 0.04400538841490795, 0.039978390059427334, 0.02961135101789019, 0.04263736263736264, 0.04476190476190476]",75.23909309982231,55.50795844025541,74.17824755946378,24.20746612548828,7.784308433532715,8.664786338806152,7.758371353149414,10709.66064453125,5276.23779296875,1787.73095703125,3645.69189453125,10685.453369140623,5268.45361328125,1779.066162109375,3637.93359375,,COMPLETE,False,24.20746612548828,10685.453369140623,
pareto_mean,10,,2026-10-06 23:05:16.191977,2026-10-06 23:22:17.856214,0 days 00:17:01.664237,0.1,0.0059874749104614,0.0024428866967349,,,,123.14673797909296,58.95108734030234,48.34661537425304,86.4678064896077,42.038840157046295,"[0.06673407482305359, 0.07564469914040114, 0.9858989424206815, 0.9332627118644068, 0.9002557544757033, 0.06431535269709543, 0.9411157024793388, 0.9946571682991986, 0.10195360195360195, 0.05567805953693495, 0.45389563974267333, 0.9090909090909091, 0.219248291571754, 0.06677524429967427]","[0.9973262032085561, 0.9960159362549801, 0.986046511627907, 0.9462102689486552, 0.9741379310344828, 0.946843853820598, 0.9259868421052632, 0.9974025974025974, 0.9710444674250258, 0.9825174825174825, 0.9355716878402904, 0.9665391969407265, 0.28672086720867207, 0.19312906220984216]","[0.03350083752093802, 0.9906868451688009, 0.9973285841495992, 0.9855832241153342, 0.041893362350380846, 0.041827187671986794, 0.9722814498933902, 0.449521002210759, 0.041370106761565835, 0.043153049482163405, 0.03468208092485549, 0.785935085007728, 0.047286405158516925]",51.65338462574696,13.532193510392304,57.961159842953705,22.559490203857425,7.974841594696045,6.202040195465088,8.382608413696289,28342.03515625,9941.525390625,10050.31640625,8350.193359375,28319.4755859375,9933.55078125,10044.1142578125,8341.810546875,,COMPLETE,False,22.559490203857425,28319.4755859375,
pareto_mean,11,,2026-10-06 23:05:16.192170,2026-10-06 23:22:24.247557,0 days 00:17:08.055387,0.1,0.0003247673570627,0.0043625993625605,,,,144.61037348717252,51.796542170942494,45.95618325035532,60.82873073051466,48.60471253195749,"[0.26040268456375837, 0.2842767295597484, 0.3185483870967742, 0.8460721868365181, 0.47093023255813954, 0.6982097186700768, 0.3585155732273029, 0.9955476402493322, 0.31085420680796405, 0.25868725868725867, 0.40054869684499317, 0.6676197283774125, 0.3194523673702225, 0.2442002442002442]","[0.9973262032085561, 0.9349112426035503, 0.25059952038369304, 0.2524271844660194, 0.7300743889479278, 0.2058096415327565, 0.7686453576864536, 0.9948051948051948, 0.22195416164053075, 0.9064665127020786, 0.17060810810810811, 0.7937147461724415, 0.6297056810403833, 0.658974358974359]","[0.2304635761589404, 0.8327526132404182, 0.9973285841495992, 0.7472527472527473, 0.4746059544658494, 0.27145847871598044, 0.3858695652173913, 0.3957909029192125, 0.6397212543554007, 0.2705187130663165, 0.27022900763358776, 0.5714285714285714, 0.23119266055045873]",54.04381674964469,39.17126926948534,51.39528746804251,47.03648090362549,20.07713890075684,9.10417652130127,17.855165481567383,110199.59375,36886.66796875,47477.8828125,25835.04296875,110152.5546875,36866.58984375,47468.77734375,25817.1875,,COMPLETE,False,47.03648090362549,110152.5546875,
pareto_mean,12,,2026-10-06 23:05:16.192349,2026-10-06 23:25:03.696486,0 days 00:19:47.504137,0.8,0.0788671412999049,0.0363926434536779,,,,284.723524935667,5.092158354777671,3.0942583275788715,8.727297296669354,3.4549194400847867,"[0.02916274694261524, 0.027346177750155375, 0.10462776659959759, 0.02877697841726619, 0.022332506203473945, 0.03330161750713606, 0.018469656992084433, 0.029450261780104712, 0.014873140857392825, 0.013793103448275862, 0.04032766225582861, 0.027872582480091012, 0.019888129272840272, 0.02297383535417996]","[0.16181448882870683, 0.03269586674892042, 0.025153374233128835, 0.004914004914004914, 0.004329004329004329, 0.020657995409334353, 0.02465233881163085, 0.8359173126614987, 0.004140786749482402, 0.0034965034965034965, 0.024219247928616953, 0.027794561933534745, 0.030087527352297593, 0.021948608137044967]","[0.011955593509820665, 0.07789678675754626, 0.2526690391459075, 0.002621231979030144, 0.0024479804161566705, 0.014358108108108109, 0.02145922746781116, 0.0243161094224924, 0.006230529595015576, 0.0028116213683223993, 0.013461538461538462, 0.00547302580140735, 0.013438735177865613]",96.90574167242112,91.27270270333064,96.54508055991522,33.03254318237305,8.593687057495117,15.43885612487793,9.0,335888.3125,114480.1953125,144203.78125,77204.3359375,335855.28125,114471.6015625,144188.34375,77195.3359375,,COMPLETE,False,33.03254318237305,335855.28125,
pareto_mean,13,,2026-10-06 23:05:16.192529,2026-10-06 23:26:18.898008,0 days 00:21:02.705479,0.7000000000000001,0.0001963434157293,0.0006639623079859,,,,153.72550880573624,48.75816373142124,43.01818966344255,57.3944040684064,45.8618974624148,"[0.26365475387727577, 0.29260450160771706, 0.30016863406408095, 0.8434959349593496, 0.4297520661157025, 0.5570588235294117, 0.3237364043506078, 0.9955476402493322, 0.3107307439104674, 0.26687354538401864, 0.42699724517906334, 0.4877126654064272, 0.27262931034482757, 0.25158428390367554]","[0.9973262032085561, 0.743073047858942, 0.30103359173126615, 0.2721758908263836, 0.3836265223274696, 0.30264900662251654, 0.6867732558139535, 0.9909208819714657, 0.2719352831362788, 0.8415730337078652, 0.26150121065375304, 0.7993579454253612, 0.587248322147651, 0.5960223741454319]","[0.22254127781765973, 0.8602771362586605, 0.9973285841495992, 0.5923984272608126, 0.36762360446570974, 0.2711081794195251, 0.35079575596816975, 0.42108938547486036, 0.5267857142857143, 0.25781792911744267, 0.3027823240589198, 0.556693489392831, 0.2348048624440179]",56.98181033655745,42.6055959315936,54.138102537585205,49.72705173492432,19.75991439819336,14.955986976623535,15.011150360107422,3725.599182128906,954.3970947265624,2088.07568359375,683.1264038085938,3675.8720703125,934.63720703125,2073.11962890625,668.115234375,,COMPLETE,False,49.72705173492432,3675.8720703125,
pareto_mean,14,,2026-10-06 23:05:16.192718,2026-10-06 23:27:02.187647,0 days 00:21:45.994929,0.5,0.0002323350351539,0.0015415527060141,,,,150.3710877434803,49.87630408550657,43.87867870179146,58.64406287801034,47.10617067671791,"[0.2642384105960265, 0.2878787878787879, 0.3083956774729842, 0.8507157464212679, 0.39950576606260296, 0.645625, 0.3333333333333333, 0.9964381121994658, 0.3093385214007782, 0.25577812018489987, 0.4208683473389356, 0.5359435173299102, 0.292436974789916, 0.24251870324189526]","[0.9973262032085561, 0.8385321100917431, 0.2999357739242132, 0.2593774940143655, 0.4660471765546819, 0.2326007326007326, 0.7137518684603886, 0.9909208819714657, 0.26779026217228463, 0.8715909090909091, 0.2474596533173939, 0.7962813257881972, 0.6050700466977985, 0.6234843650287173]","[0.2214484679665738, 0.8642691415313225, 0.9973285841495992, 0.6212319790301442, 0.42013311148086524, 0.2837022132796781, 0.3617021276595745, 0.41164241164241167, 0.5805592543275633, 0.27408412483039346, 0.2979559748427673, 0.5416058394160584, 0.24813895781637718]",56.12132129820854,41.35593712198966,52.89382932328209,55.90959453582764,24.7385311126709,14.870936393737791,16.300127029418945,7885.835388183594,4100.712890625,816.9452514648438,2968.17724609375,7829.925903320312,4075.974365234375,802.0743408203125,2951.877197265625,,COMPLETE,False,55.90959453582764,7829.925903320312,
pareto_mean,15,,2026-10-06 23:27:02.197794,2026-10-06 23:29:29.473759,0 days 00:02:27.275965,0.7000000000000001,0.0967155792703917,0.0014440863101931,,,,274.38837014075494,8.53720995308168,3.836678479710837,9.120591775650611,12.654359603883588,"[0.030525720746184284, 0.04126473740621651, 0.03363518758085381, 0.03129973474801061, 0.09256449165402124, 0.025884838880084523, 0.031982942430703626, 0.07230769230769231, 0.03354632587859425, 0.02765273311897106, 0.038461538461538464, 0.033350436121087734, 0.028930131004366814, 0.015728476821192054]","[0.38477088948787064, 0.04265402843601896, 0.036458333333333336, 0.028185554903112156, 0.03183183183183183, 0.028296207104154123, 0.036425449247207385, 0.5167144221585482, 0.004140786749482402, 0.025440313111545987, 0.03691813804173355, 0.03531300160513644, 0.03272910372608258, 0.037004788855028295]","[0.03291442250149611, 0.08942558746736293, 0.9476021314387212, 0.369449378330373, 0.0024479804161566705, 0.03316749585406302, 0.03141671606401897, 0.024955436720142603, 0.012601927353595256, 0.029394812680115272, 0.03055721989215099, 0.03007518796992481, 0.011058451816745656]",96.16332152028916,90.8794082243494,87.34564039611641,28.066694259643555,9.400392532348633,8.697494506835938,9.968807220458984,6931.131408691406,3462.73193359375,917.5759887695312,2550.823486328125,6903.064758300781,3453.33154296875,908.8784790039062,2540.854736328125,,COMPLETE,False,28.066694259643555,6903.064758300781,
pareto_mean,16,,2026-10-06 23:29:29.481447,2026-10-06 23:31:41.379177,0 days 00:02:11.897730,0.4,0.007683595150388,0.0152901210371928,,,,113.09730545885944,62.30089818038018,53.6760834332808,96.7740054287997,36.452605679060056,"[0.0793928779918272, 0.9888059701492538, 0.9941245593419507, 0.974669603524229, 0.9653846153846154, 0.15939447907390916, 0.9756613756613757, 0.9964381121994658, 0.14457831325301204, 0.06326987681970885, 0.06941176470588235, 0.934156378600823, 0.10024691358024691, 0.06911684037301152]","[0.9973262032085561, 0.9960159362549801, 0.9925581395348837, 0.9631449631449631, 0.9869848156182213, 0.9643255295429208, 0.9588477366255144, 0.9974025974025974, 0.9813664596273292, 0.9871794871794872, 0.9627611262488647, 0.9740384615384615, 0.931637519872814, 0.8547717842323651]","[0.035934868051656375, 0.9941792782305006, 0.9973285841495992, 0.9868938401048493, 0.041893362350380846, 0.04066345639379347, 0.9744408945686901, 0.43509789702683105, 0.05600722673893405, 0.04660529344073648, 0.03325554259043174, 0.04764005293339215, 0.04889844169801182]",46.323916566719205,3.225994571200303,63.54739432093994,21.316633224487305,7.723361015319824,4.824934959411621,8.76833724975586,282078.14453125,92901.4375,125116.1875,64060.51953125,282056.8203125,92893.7109375,125111.359375,64051.75,,COMPLETE,False,21.316633224487305,282056.8203125,
pareto_mean,17,,2026-10-06 23:31:41.393461,2026-10-06 23:33:36.310198,0 days 00:01:54.916737,0.1,0.0158317741651143,0.002070336417559,,,,167.72194338652497,44.09268553782501,38.85458830946686,60.76943169127771,32.65403661273047,"[0.05852674066599395, 0.9785447761194029, 0.9870740305522914, 0.8836734693877552, 0.1684931506849315, 0.04145319049836982, 0.9393939393939394, 0.98753339269813, 0.08703590992087644, 0.05161998901702362, 0.07295373665480427, 0.05927952576379389, 0.05201750121536218, 0.07204301075268817]","[0.9964349376114082, 0.9800796812749004, 0.9711627906976744, 0.2222222222222222, 0.9612903225806452, 0.14042303172737955, 0.1534603811434303, 0.9974025974025974, 0.9347826086956522, 0.9592074592074592, 0.22996941896024464, 0.731750219876869, 0.15753811405985318, 0.07199665131854333]","[0.032407407407407406, 0.9871944121071012, 0.9973285841495992, 0.9842726081258192, 0.04451682953311618, 0.04515418502202643, 0.8878406708595388, 0.05181598062953995, 0.03693813974187806, 0.04030346135609293, 0.040380047505938245, 0.04711580801409071, 0.04975662520281233]",61.14541169053314,39.23056830872229,67.34596338726953,23.39338111877441,7.77866792678833,7.516139507293701,8.098573684692383,18298.65966796875,7277.13525390625,5208.4951171875,5813.029296875,18275.26611328125,7269.3564453125,5200.97900390625,5804.9306640625,,COMPLETE,False,23.39338111877441,18275.26611328125,
pareto_mean,18,,2026-10-06 23:33:36.319174,2026-10-06 23:35:54.616785,0 days 00:02:18.297611,0.9,0.0183826757303881,0.0002111785428053,,,,214.11524441235176,28.628251862549416,17.94133179645637,42.11883933759904,25.82458445359283,"[0.058587881822734104, 0.23412698412698413, 0.09347345132743363, 0.056782334384858045, 0.054746651135701804, 0.04221190375685943, 0.6366694701429773, 0.9848619768477292, 0.06363636363636363, 0.04822505023442733, 0.06262230919765166, 0.05859030837004405, 0.04605611434621493, 0.07119565217391305]","[0.9973262032085561, 0.19213483146067414, 0.2918149466192171, 0.12132822477650064, 0.7522045855379189, 0.1405152224824356, 0.09309718437783833, 0.9961038961038962, 0.12779552715654952, 0.9441210710128056, 0.19684611201740077, 0.9075471698113208, 0.08751279426816785, 0.0482897384305835]","[0.02949517867271696, 0.9394644935972061, 0.9839715048975958, 0.8958594730238394, 0.044906900328587074, 0.05021141649048626, 0.049586776859504134, 0.14356435643564355, 0.038984587488667274, 0.045251118846345105, 0.04271961492178099, 0.04532019704433497, 0.04786036036036036]",82.05866820354363,57.881160662400966,74.17541554640717,24.652971267700195,8.132567405700684,8.152719497680664,8.367684364318848,14179.550048828123,4799.72998046875,6313.49462890625,3066.325439453125,14154.897216796877,4791.59765625,6305.341796875,3057.957763671875,,COMPLETE,False,24.652971267700195,14154.897216796877,
pareto_mean,19,,2026-10-06 23:35:54.624008,2026-10-06 23:38:13.868106,0 days 00:02:19.244098,0.1,0.0900519864463695,0.0001085334493343,,,,275.5803748979907,8.139875034003113,9.478592943879914,8.53068866328579,6.410343494843636,"[0.029334730225248823, 0.04409603135717785, 0.049161364950838636, 0.03307607497243661, 0.32713440405748095, 0.038411739318083726, 0.03387096774193549, 0.5632273079906904, 0.03235470341521869, 0.043631245601688955, 0.04803843074459568, 0.0311601150527325, 0.02569593147751606, 0.027809965237543453]","[0.6420807453416149, 0.041237113402061855, 0.03541147132169576, 0.03676913803496082, 0.0359955005624297, 0.027843601895734597, 0.03207276208712303, 0.08604091456077016, 0.030385241454150842, 0.09753086419753086, 0.033367556468172486, 0.02972972972972973, 0.03415369161225515, 0.031678082191780824]","[0.0321390937829294, 0.05546403075233388, 0.4722222222222222, 0.04482132041187159, 0.020480854853072127, 0.031121550205519672, 0.02918502202643172, 0.03352847259180415, 0.02984344422700587, 0.028254847645429362, 0.020594965675057208, 0.009530791788856305, 0.026158038147138966]",90.52140705612008,91.4693113367142,93.58965650515636,27.15652084350586,9.000548362731934,9.0,9.155972480773926,23162.34423828125,7864.40966796875,10085.6923828125,5212.2421875,23135.18798828125,7855.4091796875,10076.6923828125,5203.08642578125,,COMPLETE,False,27.15652084350586,23135.18798828125,
pareto_mean,20,,2026-10-06 23:38:13.874944,2026-10-06 23:40:32.508030,0 days 00:02:18.633086,0.6,0.0288726645441708,0.0057424577204941,,,,209.28721179519863,30.23759606826712,27.810489261428987,44.25083198208984,18.65146696128253,"[0.0560280140070035, 0.9673507462686567, 0.9812206572769953, 0.048870204939569103, 0.04660303200449186, 0.03733084461035931, 0.43402225755166934, 0.9848619768477292, 0.08160779537149818, 0.048703352308665404, 0.08062645011600927, 0.022617124394184167, 0.0377643504531722, 0.06586169045005488]","[0.9937611408199644, 0.40294117647058825, 0.9395348837209302, 0.20930232558139536, 0.9502164502164502, 0.0671400903808909, 0.1156963890935888, 0.9974025974025974, 0.2092739475289811, 0.9125874125874126, 0.2006006006006006, 0.11199026171637248, 0.050445103857566766, 0.03422409751523676]","[0.033549146556798116, 0.9918509895227008, 0.9964381121994658, 0.023591087811271297, 0.03483386923901393, 0.051399491094147584, 0.047471620227038186, 0.04552058111380145, 0.043965903992821895, 0.044561571633924296, 0.03834066624764299, 0.03720106288751107, 0.03596660244059088]",72.18951073857102,55.749168017910165,81.34853303871748,27.05396270751953,8.251319885253906,10.343717575073242,8.458925247192383,173197.65234375,56605.3046875,76750.703125,39841.64453125,173170.6015625,56597.0546875,76740.359375,39833.1875,,COMPLETE,False,27.05396270751953,173170.6015625,
pareto_mean,21,,2026-10-06 23:40:32.516549,2026-10-06 23:42:27.389308,0 days 00:01:54.872759,0.1,0.007454912440908,0.0005963416788585,,,,163.88830046396342,45.3705665120122,34.42448770152095,68.09402306992315,33.59318876459248,"[0.06656580937972768, 0.09862385321100918, 0.9835487661574618, 0.8526829268292683, 0.06318207926479034, 0.05993431855500821, 0.8655705996131529, 0.9928762243989314, 0.09425981873111783, 0.05067350865939705, 0.49299926308032427, 0.0695852534562212, 0.05263157894736842, 0.07629427792915532]","[0.9973262032085561, 0.9880478087649402, 0.9832558139534884, 0.9155446756425949, 0.8037974683544303, 0.2694610778443114, 0.16791979949874686, 0.9974025974025974, 0.9535603715170279, 0.9743589743589743, 0.21351766513056836, 0.9524262607040913, 0.22839152833428736, 0.08815298507462686]","[0.04279390063944909, 0.9883585564610011, 0.9973285841495992, 0.9829619921363041, 0.04416575790621592, 0.04495005549389567, 0.9480381760339343, 0.04922779922779923, 0.04228028503562945, 0.04542840713053479, 0.03611971104231166, 0.04405286343612335, 0.10140845070422536]",65.57551229847905,31.905976930076847,66.40681123540752,22.7004714012146,7.576400279998779,6.916095733642578,8.207975387573242,3612.500732421875,1135.9637451171875,1762.9447021484375,713.59228515625,3589.8002319335938,1128.3873291015625,1756.028564453125,705.3843383789062,,COMPLETE,False,22.7004714012146,3589.8002319335938,
pareto_mean,22,,2026-10-06 23:42:27.397401,2026-10-06 23:44:41.961245,0 days 00:02:14.563844,0.1,0.0015339018347636,0.0006470976309107,,,,179.17322347751386,40.27559217416205,25.38120100893424,59.53585584858513,35.909719664966794,"[0.08147713950762016, 0.16869565217391305, 0.1281761716544325, 0.8877551020408163, 0.06674272675413577, 0.07919123841617523, 0.08956796628029505, 0.9964381121994658, 0.15900056785917094, 0.05216913783635365, 0.4647272727272727, 0.08252202132591563, 0.06082614616432138, 0.23607888631090487]","[0.9973262032085561, 0.9920318725099602, 0.29493087557603687, 0.15576923076923077, 0.9394572025052192, 0.2332904884318766, 0.8887987012987013, 0.9974025974025974, 0.1901877649909146, 0.9743589743589743, 0.22691611345805673, 0.9612109744560076, 0.28121606948968514, 0.2021227503461006]","[0.09731343283582089, 0.9779326364692218, 0.9973285841495992, 0.9725848563968669, 0.06761957119296316, 0.09417273673257023, 0.4164889836531628, 0.4966936076414401, 0.06523722627737226, 0.11844431349440189, 0.11977886977886978, 0.07390917186108638, 0.17075956596230726]",74.61879899106577,40.46414415141487,64.09028033503321,25.48777914047241,8.239850044250488,7.466806888580322,9.781122207641602,3623.039367675781,945.4931030273438,2009.48681640625,668.0594482421875,3597.5515747070312,937.2532348632812,2002.02001953125,658.2783203125,,COMPLETE,False,25.48777914047241,3597.5515747070312,
pareto_mean,23,,2026-10-06 23:44:41.976356,2026-10-06 23:46:57.987002,0 days 00:02:16.010646,0.4,0.0040824994913793,0.0427220955161184,,,,103.00410918261042,65.66529693912985,49.92008506110464,97.953517845903,49.12228791038192,"[0.07533064979873491, 0.2410941475826972, 0.9952996474735605, 0.9756906077348066, 0.061224489795918366, 0.906100068540096, 0.9809523809523809, 0.9964381121994658, 0.14608150470219436, 0.05193951347797501, 0.2109375, 0.9530864197530864, 0.33638443935926776, 0.05825242718446602]","[0.9973262032085561, 0.99800796812749, 0.9944186046511628, 0.9717791411042945, 0.9880694143167028, 0.9821627647714605, 0.974485596707819, 0.9974025974025974, 0.9875776397515528, 0.9906759906759907, 0.9782214156079855, 0.9875, 0.9585987261146497, 0.9072664359861592]","[0.03365114974761638, 0.9953434225844005, 0.9964381121994658, 0.9868938401048493, 0.04300489929232444, 0.04046242774566474, 0.9818181818181818, 0.438953488372093, 0.91941982272361, 0.04050925925925926, 0.042318840579710144, 0.8249056603773585, 0.04217832354511479]",50.07991493889536,2.046482154096992,50.87771208961808,19.14453768730164,7.264811992645264,3.751357316970825,8.128368377685547,348165.875,119191.9296875,148391.5625,80582.3828125,348146.734375,119184.6640625,148387.8125,80574.2578125,,COMPLETE,False,19.14453768730164,348146.734375,
pareto_mean,24,,2026-10-06 23:46:57.994408,2026-10-06 23:49:09.373027,0 days 00:02:11.378619,0.2,0.0077254516232262,0.000137423541502,,,,182.0860086070236,39.304663797658826,31.451370196818413,55.79765819348742,30.66496300267065,"[0.06653225806451613, 0.26633785450061653, 0.9776995305164319, 0.3242894056847545, 0.06318207926479034, 0.04959677419354839, 0.7839506172839507, 0.9928762243989314, 0.0967548076923077, 0.05213825424721734, 0.5390334572490706, 0.06740491092922485, 0.05625950329447542, 0.06713615023474179]","[0.9973262032085561, 0.31269160024524834, 0.9646840148698885, 0.17129928894634777, 0.773286467486819, 0.20747663551401868, 0.15604938271604937, 0.9961038961038962, 0.9350515463917526, 0.9708624708624709, 0.19162253249879635, 0.8722466960352423, 0.17696490360850223, 0.08600650860065086]","[0.032917139614074914, 0.9662398137369034, 0.9973285841495992, 0.9699346405228758, 0.042599672310213, 0.051934826883910386, 0.3288409703504043, 0.051541425818882464, 0.044845122515025426, 0.05321507760532151, 0.03666841278156103, 0.05243619489559165, 0.35794330916282135]",68.54862980318158,44.20234180651258,69.33503699732935,23.78282165527344,7.852430820465088,7.764216899871826,8.166173934936523,19743.52783203125,6745.0166015625,8482.765625,4515.74560546875,19719.74462890625,6737.1640625,8475.0009765625,4507.57958984375,,COMPLETE,False,23.78282165527344,19719.74462890625,
pareto_mean,25,,2026-10-06 23:49:09.380255,2026-10-06 23:51:02.842875,0 days 00:01:53.462620,0.2,0.0661819450093468,0.0213488202627452,,,,262.68140884425253,12.439530385249162,5.147518437337533,14.159398046296564,18.011674672113386,"[0.03712995484194681, 0.04610130904951622, 0.0933641975308642, 0.03208556149732621, 0.18963337547408343, 0.03361344537815126, 0.040715607649599014, 0.036752605595172794, 0.025708635464733027, 0.047244094488188976, 0.048344370860927154, 0.029692470837751856, 0.03589277601090413, 0.024374176548089592]","[0.8058252427184466, 0.04769647696476965, 0.0375, 0.029952348536419333, 0.0394311570782159, 0.016047297297297296, 0.03741314804917156, 0.07354838709677419, 0.02702702702702703, 0.7445887445887446, 0.028960817717206135, 0.026602176541717048, 0.037243947858473, 0.030478955007256895]","[0.03558718861209965, 0.16943521594684385, 0.9573333333333334, 0.8743455497382199, 0.03407601572739188, 0.0389030612244898, 0.03197831978319783, 0.037388392857142856, 0.035037878787878785, 0.034329307056579786, 0.033268101761252444, 0.02631578947368421, 0.0335195530726257]",94.85248156266246,85.84060195370344,81.98832532788661,32.2534122467041,8.579080581665039,14.61684226989746,9.057489395141602,300471.1484375,100331.65625,131901.328125,68238.1640625,300438.90625,100323.078125,131886.71875,68229.109375,,COMPLETE,False,32.2534122467041,300438.90625,
pareto_mean,26,,2026-10-06 23:51:02.851164,2026-10-06 23:53:29.856388,0 days 00:02:27.005224,0.4,0.0096964655191448,0.00063403975032,,,,161.0716208328139,46.30945972239537,34.345819155262745,67.62302520384532,36.95953480807805,"[0.06401209677419355, 0.11458333333333333, 0.9858989424206815, 0.8468992248062015, 0.06332757628094415, 0.046830843762616065, 0.861969111969112, 0.9946571682991986, 0.09425981873111783, 0.05367231638418079, 0.48725418790968683, 0.06293063849333946, 0.06666666666666667, 0.0654527559055118]","[0.9973262032085561, 0.9890438247011952, 0.9832558139534884, 0.22734375, 0.8069216757741348, 0.8996692392502756, 0.16524787180771155, 0.9974025974025974, 0.9513960703205792, 0.9731934731934732, 0.23114355231143552, 0.9521531100478469, 0.18331668331668333, 0.10980966325036604]","[0.03333333333333333, 0.989522700814901, 0.9973285841495992, 0.9855832241153342, 0.04300489929232444, 0.05199306759098787, 0.9628055260361318, 0.4796686746987952, 0.03868385949310805, 0.045454545454545456, 0.04319906596614127, 0.04854368932038835, 0.08561835478455512]",65.65418084473725,32.376974796154684,63.04046519192195,22.421936511993408,7.408588409423828,6.906638622283936,8.106709480285645,3580.978454589844,972.1524047851562,1937.4420166015625,671.384033203125,3558.556579589844,964.7438354492188,1930.535400390625,663.27734375,,COMPLETE,False,22.421936511993408,3558.556579589844,
pareto_mean,27,,2026-10-06 23:53:29.864314,2026-10-06 23:55:59.378331,0 days 00:02:29.514017,0.5,0.007005935391435,0.0011161063623866,,,,143.56356911564237,52.14547696145255,38.29969910571761,81.14599894396682,36.99073283467321,"[0.06797583081570997, 0.10720461095100864, 0.9870740305522914, 0.8927125506072875, 0.9382239382239382, 0.059164253206454284, 0.12529976019184652, 0.9946571682991986, 0.10048721071863581, 0.05101509630400833, 0.4846715328467153, 0.41017780502759044, 0.06998992950654583, 0.07330415754923414]","[0.9973262032085561, 0.9940239043824701, 0.9897674418604652, 0.9594594594594594, 0.9762675296655879, 0.9336283185840708, 0.8981101068200493, 0.9974025974025974, 0.9627714581178903, 0.9813519813519813, 0.25400739827373614, 0.9702495201535508, 0.28486486486486484, 0.16120906801007556]","[0.03355704697986577, 0.9906868451688009, 0.9973285841495992, 0.9842726081258192, 0.04409363091997823, 0.04403866809881848, 0.9691489361702128, 0.4858420268256334, 0.04048042704626335, 0.045850261172373764, 0.040780141843971635, 0.0475142982842059, 0.08520179372197309]",61.70030089428239,18.854001056033184,63.00926716532679,25.20776081085205,10.694982528686523,6.376922607421875,8.135855674743652,5288.7806396484375,2008.658447265625,1755.6336669921875,1524.488525390625,5263.5728759765625,1997.9635009765625,1749.2567138671875,1516.3526611328125,,COMPLETE,False,25.20776081085205,5263.5728759765625,
pareto_mean,28,,2026-10-06 23:55:59.386273,2026-10-06 23:57:55.008205,0 days 00:01:55.621932,0.4,0.0086905986897365,0.0227151893434337,,,,109.42602392671796,63.52465869109401,58.45952973673164,96.47770610676196,35.63674022978845,"[0.07817969661610269, 0.9850746268656716, 0.9917743830787309, 0.9767955801104973, 0.984516129032258, 0.8184931506849316, 0.9777777777777777, 0.9955476402493322, 0.1439441978440076, 0.063794068270845, 0.07696726019529006, 0.9161184210526315, 0.10802775024777007, 0.06732348111658457]","[0.9973262032085561, 0.9940239043824701, 0.9906976744186047, 0.9582309582309583, 0.9859002169197397, 0.9609810479375697, 0.951440329218107, 0.9974025974025974, 0.979296066252588, 0.986013986013986, 0.9591280653950953, 0.9673076923076923, 0.9235668789808917, 0.8555632342778162]","[0.035854341736694675, 0.9953434225844005, 0.9973285841495992, 0.9868938401048493, 0.04198473282442748, 0.04378003203416978, 0.9765708200212992, 0.3149394347240915, 0.056833558863328824, 0.04728950403690888, 0.03798947983635301, 0.04847950639048039, 0.04948897256589564]",41.54047026326836,3.522293893238043,64.36325977021156,21.029786586761475,7.311580657958984,5.013103008270264,8.705102920532227,304037.265625,101834.8515625,133222.8125,68979.6015625,304016.234375,101827.5390625,133217.796875,68970.8984375,,COMPLETE,False,21.029786586761475,304016.234375,
pareto_mean,29,,2026-10-06 23:57:55.016243,2026-10-06 23:59:50.196018,0 days 00:01:55.179775,0.5,0.0003357770285521,0.0395830942723669,,,,141.88032838986356,52.7065572033788,49.96415831383701,57.12047838324333,51.03503491305609,"[0.30428571428571427, 0.3099062918340027, 0.30743243243243246, 0.712678936605317, 0.3083403538331929, 0.7306701030927835, 0.7577220077220077, 0.92988606485539, 0.32484929671801743, 0.2967213114754098, 0.34513274336283184, 0.819047619047619, 0.5712328767123288, 0.2770764119601329]","[0.7872516556291391, 0.7741635687732342, 0.29185667752442995, 0.26986754966887416, 0.6973947895791583, 0.6066350710900474, 0.8539967373572593, 0.34858044164037855, 0.2848605577689243, 0.8320180383314544, 0.24811083123425692, 0.6485480268056589, 0.6524257784214338, 0.7011572498298162]","[0.26691176470588235, 0.7736900780379041, 0.7947136563876652, 0.566747572815534, 0.6555555555555556, 0.3002144388849178, 0.7763671875, 0.32634521313766596, 0.8009404388714734, 0.2771345875542692, 0.24751655629139072, 0.6013264554163597, 0.24709103353867215]",50.035841686163,42.87952161675667,48.96496508694391,60.888671875,25.85826301574707,19.314882278442383,15.715526580810549,342200.1640625,116922.359375,146361.359375,78916.4453125,342139.2734375,116896.5,146342.046875,78900.7265625,,COMPLETE,False,60.888671875,342139.2734375,
pareto_mean,30,,2026-10-06 23:59:50.204478,2026-10-07 00:02:17.058783,0 days 00:02:26.854305,0.9,0.0015082832451836,0.0371460811665403,,,,123.28247408869365,58.90584197043545,48.53976760227805,76.6576312254452,51.52012708358311,"[0.09705882352941177, 0.05212464589235127, 0.5240328253223916, 0.9690265486725663, 0.4453024453024453, 0.8761969904240766, 0.9478623566214807, 0.9964381121994658, 0.09546925566343042, 0.28970331588132636, 0.42528735632183906, 0.9188524590163935, 0.10815850815850817, 0.05005382131324004]","[0.9973262032085561, 0.99800796812749, 0.28802588996763756, 0.20743243243243242, 0.9880694143167028, 0.9765886287625418, 0.9769547325102881, 0.9974025974025974, 0.21800367421922842, 0.9906759906759907, 0.2191780821917808, 0.9875, 0.9484944532488114, 0.9384083044982698]","[0.09824561403508772, 0.940628637951106, 0.9973285841495992, 0.8204456094364351, 0.6572827417380661, 0.10503685503685503, 0.8910256410256411, 0.4074074074074074, 0.8340147179067866, 0.08271144278606965, 0.10060769750168805, 0.7111286503551697, 0.05175292153589316]",51.46023239772195,23.3423687745548,48.47987291641689,21.718950748443604,8.294435501098633,5.818207740783691,7.606307506561279,337369.8671875,115066.4140625,144700.140625,77603.3125,337348.1484375,115058.1171875,144694.328125,77595.703125,,COMPLETE,False,21.718950748443604,337348.1484375,
pareto_mean,31,,2026-10-07 00:02:17.069444,2026-10-07 00:04:48.572230,0 days 00:02:31.502786,0.4,0.0178696392433147,0.0004248187043331,,,,210.7299976147677,29.756667461744087,25.42351077196504,44.428826999069344,19.417664614197868,"[0.05555555555555555, 0.9655172413793104, 0.0826353992183138, 0.05044666316342617, 0.1952542372881356, 0.046417305092383954, 0.8057889822595705, 0.9866429207479964, 0.09036144578313253, 0.0519159456118665, 0.06375674350171653, 0.05101535413571075, 0.04449877750611247, 0.06948493683187561]","[0.9973262032085561, 0.16359810625986324, 0.9683720930232558, 0.14723032069970846, 0.7348160821214713, 0.14428152492668622, 0.1005586592178771, 0.6617933723196882, 0.12531969309462915, 0.9405594405594405, 0.18926247288503253, 0.9031339031339032, 0.08995716325559258, 0.05382674516400336]","[0.0293141592920354, 0.12594312246082415, 0.9973285841495992, 0.9764397905759162, 0.03646112600536193, 0.053393213572854294, 0.0498220640569395, 0.049943246311010214, 0.03687445127304653, 0.04187058183795541, 0.040847983453981385, 0.04098765432098765, 0.04507042253521127]",74.57648922803496,55.571173000930656,80.58233538580214,24.369388580322266,7.963156700134277,7.945011138916016,8.461220741271973,5003.192810058594,1518.0438232421875,2543.589111328125,941.5598754882812,4978.8233642578125,1510.0806884765625,2535.64404296875,933.0986328125,,COMPLETE,False,24.369388580322266,4978.8233642578125,
pareto_mean,32,,2026-10-07 00:04:48.580766,2026-10-07 00:07:19.058569,0 days 00:02:30.477803,0.4,0.0064120948794385,0.0058863863907885,,,,112.44859126898902,62.51713624367033,56.44547975490747,94.76067369870574,36.34525527739777,"[0.07661056297156123, 0.9906716417910447, 0.9952996474735605, 0.9641304347826087, 0.910371318822023, 0.07157806613645877, 0.9746835443037974, 0.9955476402493322, 0.3362193362193362, 0.05490848585690516, 0.43162393162393164, 0.9375, 0.09418145956607495, 0.06904109589041096]","[0.9973262032085561, 0.99800796812749, 0.9916279069767442, 0.9668304668304668, 0.9869848156182213, 0.96, 0.9580246913580247, 0.9974025974025974, 0.9803312629399586, 0.9883449883449883, 0.9691189827429609, 0.9721153846153846, 0.6303030303030303, 0.8700760193503801]","[0.0334075723830735, 0.9953434225844005, 0.9973285841495992, 0.9855832241153342, 0.044541010320478004, 0.04066345639379347, 0.9765208110992529, 0.4279411764705882, 0.04870420017873101, 0.04498269896193772, 0.03412377096587623, 0.0479964773227653, 0.04774678111587983]",43.55452024509253,5.239326301294256,63.65474472260223,21.574547290802,7.55850887298584,5.394261837005615,8.621776580810547,179104.28125,58312.10546875,79570.671875,41221.50390625,179082.7109375,58304.546875,79565.28125,41212.8828125,,COMPLETE,False,21.574547290802,179082.7109375,
pareto_mean,33,,2026-10-07 00:07:19.066578,2026-10-07 00:09:16.885824,0 days 00:01:57.819246,0.4,0.0084299108453746,0.0476970197810681,,,,106.1640501933556,64.61198326888146,59.99781028137136,96.54761488326264,37.29052464201042,"[0.08182349503214495, 0.9832089552238806, 0.9917743830787309, 0.9679558011049724, 0.9857881136950905, 0.8316221765913757, 0.9713983050847458, 0.9946571682991986, 0.1484771573604061, 0.06453423120089787, 0.07290470723306544, 0.9300411522633745, 0.311503416856492, 0.06400437636761488]","[0.9973262032085561, 0.9950199203187251, 0.9934883720930232, 0.9631449631449631, 0.9859002169197397, 0.9665551839464883, 0.9588477366255144, 0.9974025974025974, 0.979296066252588, 0.9848484848484849, 0.9527702089009991, 0.9759615384615384, 0.9243630573248408, 0.8417415342087077]","[0.030337078651685393, 0.9953434225844005, 0.9964381121994658, 0.9855832241153342, 0.04475982532751092, 0.04505971769815418, 0.9658848614072495, 0.04861111111111111, 0.5547652916073968, 0.04720782959124928, 0.03772455089820359, 0.04764005293339215, 0.04841312533620226]",40.00218971862864,3.452385116737375,62.70947535798958,21.493279457092285,7.154655933380127,5.86820650100708,8.470417022705078,357211.25,122626.0859375,151514.40625,83070.7578125,357189.75,122618.9296875,151508.53125,83062.2890625,,COMPLETE,False,21.493279457092285,357189.75,
pareto_mean,34,,2026-10-07 00:09:16.893083,2026-10-07 00:11:22.939108,0 days 00:02:06.046025,0.4,0.0043229047341414,0.0021550320164878,,,,119.19766865519624,60.26744378160126,47.76874138840029,90.09035146603864,42.94323849036481,"[0.07373271889400922, 0.07252998286693318, 0.9882491186839013, 0.9208333333333333, 0.9081761006289308, 0.06994171523730225, 0.9624217118997912, 0.9955476402493322, 0.10548780487804878, 0.055862831858407076, 0.47467438494934877, 0.9369369369369369, 0.05529473135106938, 0.06793478260869565]","[0.9973262032085561, 0.9970119521912351, 0.9916279069767442, 0.9631449631449631, 0.9826839826839827, 0.955703211517165, 0.9473251028806584, 0.9974025974025974, 0.9762150982419855, 0.986013986013986, 0.9350533807829181, 0.9827089337175793, 0.6478968792401628, 0.25253500724287786]","[0.03872053872053872, 0.9953434225844005, 0.9973285841495992, 0.9842726081258192, 0.04456521739130435, 0.04046242774566474, 0.9776357827476039, 0.4525925925925926, 0.04138851802403204, 0.06231967686093479, 0.038100820633059786, 0.8381099922540666, 0.07178082191780821]",52.231258611599706,9.909648533961343,57.05676150963519,22.96414852142334,8.649892807006836,5.970721244812012,8.343534469604492,20057.416015625,7429.20947265625,6196.86962890625,6431.3369140625,20034.45166015625,7420.5595703125,6190.89892578125,6422.9931640625,,COMPLETE,False,22.96414852142334,20034.45166015625,
pareto_mean,35,,2026-10-07 00:11:22.947310,2026-10-07 00:13:50.702128,0 days 00:02:27.754818,0.4,0.0093092970210265,0.0001657385255682,,,,195.52482247701928,34.8250591743269,26.603442833267305,55.09729577315351,22.77443891655991,"[0.06454866364094806, 0.0851305334846765, 0.9753231492361927, 0.29044585987261146, 0.06260769672601953, 0.04666968735840508, 0.7998212689901698, 0.9919857524487978, 0.09673518742442563, 0.05506607929515418, 0.0635305528612997, 0.06469760900140648, 0.06201194304088195, 0.06590801327643434]","[0.9973262032085561, 0.9791252485089463, 0.9684014869888475, 0.15244667503136763, 0.7728070175438596, 0.21026282853566958, 0.144047035766781, 0.9961038961038962, 0.16764898493778652, 0.9696969696969697, 0.20385395537525355, 0.8863025962399284, 0.16552062868369352, 0.10007788161993769]","[0.03762886597938144, 0.19330855018587362, 0.9973285841495992, 0.97911227154047, 0.04371584699453552, 0.052445789208270296, 0.3333333333333333, 0.0467695274831244, 0.04180366369187412, 0.04929178470254957, 0.045828437132784956, 0.050359712230215826, 0.08975069252077562]",73.39655716673269,44.90270422684649,77.22556108344008,23.70980834960937,7.823086738586426,7.795825004577637,8.090896606445312,17333.403076171875,5946.0380859375,7472.9765625,3914.388427734375,17309.693115234375,5938.21484375,7465.1806640625,3906.297607421875,,COMPLETE,False,23.70980834960937,17309.693115234375,
pareto_mean,36,,2026-10-07 00:13:50.710164,2026-10-07 00:16:32.867133,0 days 00:02:42.156969,0.9,0.0022884418896458,0.002723103653254,,,,133.57882368783984,55.47372543738672,46.51219219794887,85.31291162955614,34.59607248465514,"[0.06323185011709602, 0.061224489795918366, 0.9482961222091657, 0.9284210526315789, 0.5891472868217055, 0.07325240686479699, 0.9736842105263158, 0.9964381121994658, 0.08606777837547068, 0.303422756706753, 0.43265007320644217, 0.92616899097621, 0.07276034561164166, 0.056941431670282]","[0.9973262032085561, 0.9970119521912351, 0.9925581395348837, 0.9499389499389499, 0.987012987012987, 0.9634146341463414, 0.9679012345679012, 0.9974025974025974, 0.2413793103448276, 0.9871794871794872, 0.23684210526315788, 0.983669548511047, 0.7369146005509641, 0.9052558782849239]","[0.03618421052631579, 0.9743888242142026, 0.9973285841495992, 0.9161205766710354, 0.04204035874439462, 0.13015873015873017, 0.08693304535637149, 0.4287856071964018, 0.05693348365276212, 0.05618686868686869, 0.08505315822388994, 0.6464566929133858, 0.04091928251121076]",53.48780780205113,14.68708837044386,65.40392751534486,23.4695143699646,9.27050495147705,6.357492923736572,7.841516494750977,37557.0791015625,13253.927734375,14434.205078125,9868.9462890625,37533.609375,13244.6572265625,14427.84765625,9861.1044921875,,COMPLETE,False,23.4695143699646,37533.609375,
pareto_mean,37,,2026-10-07 00:16:32.875215,2026-10-07 00:18:37.423151,0 days 00:02:04.547936,0.5,0.003771833860969,0.0066970066573172,,,,125.57726273346644,58.14091242217785,44.0320802325548,93.68938418446557,36.70127284951317,"[0.07364787111622555, 0.06906392694063927, 0.9870740305522914, 0.9609544468546638, 0.09054209919261823, 0.07672955974842767, 0.9768177028451, 0.9964381121994658, 0.32958538299367535, 0.054665930425179456, 0.45305832147937414, 0.9490968801313628, 0.08566978193146417, 0.061147186147186144]","[0.9973262032085561, 0.99800796812749, 0.9934883720930232, 0.9631449631449631, 0.9880694143167028, 0.9755283648498332, 0.9736625514403292, 0.9974025974025974, 0.7030837004405286, 0.9895104895104895, 0.9782016348773842, 0.9846153846153847, 0.6755102040816326, 0.898961937716263]","[0.036827195467422094, 0.9953434225844005, 0.9973285841495992, 0.9842726081258192, 0.043478260869565216, 0.03895410885805763, 0.9829242262540021, 0.4440380395025604, 0.04367201426024955, 0.05737234652897304, 0.04529616724738676, 0.05894627021387585, 0.04271222637479979]",55.9679197674452,6.310615815534433,63.29872715048683,21.995070457458496,8.108778953552246,5.27004337310791,8.61624813079834,210006.31640625,67281.015625,94223.1875,48502.11328125,209984.31640625,67272.90625,94217.9140625,48493.49609375,,COMPLETE,False,21.995070457458496,209984.31640625,
pareto_mean,38,,2026-10-07 00:18:37.431640,2026-10-07 00:21:38.004062,0 days 00:03:00.572422,0.6,0.0098777880835956,0.0003490212088597,,,,170.16949822975192,43.27683392341603,31.159400935043085,61.619091250087976,37.05200958511703,"[0.06303580433686334, 0.2935897435897436, 0.9764982373678026, 0.6428571428571429, 0.06310958118187034, 0.047831374138629916, 0.8645533141210374, 0.993766696349065, 0.0989678202792957, 0.05087620124364047, 0.06646971935007386, 0.06553620531622364, 0.06797583081570997, 0.06724845995893224]","[0.9973262032085561, 0.9850746268656716, 0.9804832713754646, 0.19297124600638976, 0.7772887323943662, 0.22102596580113995, 0.14390602055800295, 0.9974025974025974, 0.9483471074380165, 0.9673659673659674, 0.2093973442288049, 0.9392523364485982, 0.1751608114794656, 0.09167054443927408]","[0.040097799511002445, 0.9871944121071012, 0.9973285841495992, 0.9803407601572739, 0.04182509505703422, 0.05345436207766011, 0.9517819706498952, 0.49361382419233657, 0.03907637655417407, 0.04375667022411953, 0.04410011918951132, 0.05358724534986714, 0.09060402684563758]",68.84059906495692,38.38090874991202,62.94799041488297,22.808570384979248,7.759067535400391,7.103220462799072,7.946282386779785,7314.24560546875,2355.846923828125,3494.72119140625,1463.677490234375,7291.43701171875,2348.087890625,3487.617919921875,1455.731201171875,,COMPLETE,False,22.808570384979248,7291.43701171875,
pareto_mean,39,,2026-10-07 00:21:38.010956,2026-10-07 00:24:02.851894,0 days 00:02:24.840938,0.4,0.0382094863977407,0.0016967191662213,,,,247.91375826104613,17.362080579651277,11.588278239407275,21.935931823461683,18.562031676084874,"[0.05422374429223744, 0.06981317600786627, 0.060955518945634266, 0.05430140329469189, 0.04558244231851435, 0.041530944625407164, 0.04573804573804574, 0.958185053380783, 0.04265402843601896, 0.04424242424242424, 0.0739842328684051, 0.03756345177664975, 0.03201219512195122, 0.061572292468389224]","[0.9884135472370766, 0.09114997350291468, 0.1825703254274683, 0.10538922155688622, 0.16542948038176034, 0.052496798975672214, 0.033942558746736295, 0.9974025974025974, 0.06509609423434594, 0.07190635451505016, 0.16782006920415224, 0.05799648506151142, 0.057248384118190214, 0.03416856492027335]","[0.034975369458128076, 0.9837019790454016, 0.9893143365983972, 0.044382022471910115, 0.0324254215304799, 0.04195402298850575, 0.03840245775729647, 0.045730027548209366, 0.04423592493297587, 0.04349904397705545, 0.0398757120662869, 0.03405725567620928, 0.04051054384017758]",88.41172176059273,78.06406817653831,81.43796832391513,27.007786750793457,8.692753791809082,9.161337852478027,9.153695106506348,10605.044921875,5247.47314453125,1751.667724609375,3605.904052734375,10578.036865234377,5238.7802734375,1742.50634765625,3596.750244140625,,COMPLETE,False,27.007786750793457,10578.036865234377,
pareto_mean,40,,2026-10-07 00:24:02.858241,2026-10-07 00:26:27.916846,0 days 00:02:25.058605,0.2,0.0050109901763121,0.0204770592539921,,,,106.78014732257869,64.40661755914043,59.4838743378801,97.42468389499903,36.31129444454218,"[0.075635103926097, 0.9832089552238806, 0.9941245593419507, 0.9680968096809681, 0.8690629011553274, 0.8755980861244019, 0.9714285714285714, 0.9964381121994658, 0.1439441978440076, 0.04990151017728168, 0.17383177570093458, 0.9275720164609054, 0.23684210526315788, 0.06205770277626565]","[0.9973262032085561, 0.99800796812749, 0.9934883720930232, 0.9705159705159705, 0.9891540130151844, 0.9743589743589743, 0.9703703703703703, 0.9974025974025974, 0.9782608695652174, 0.9883449883449883, 0.9691189827429609, 0.9817307692307692, 0.9483306836248012, 0.8830449826989619]","[0.03467561521252797, 0.9953434225844005, 0.9973285841495992, 0.9868938401048493, 0.04298150163220892, 0.03995737879595099, 0.9839743589743589, 0.424963924963925, 0.047342563644484144, 0.04257767548906789, 0.0340843443096476, 0.04491481672689726, 0.045430251202565476]",40.5161256621199,2.575316105000965,63.68870555545782,20.24362707138061,7.259325504302978,4.119379043579102,8.864922523498535,298095.359375,99344.359375,131035.1015625,67715.8984375,298075.1171875,99337.1015625,131030.984375,67707.03125,,COMPLETE,False,20.24362707138061,298075.1171875,
pareto_mean,41,,2026-10-07 00:26:27.924469,2026-10-07 00:29:02.026433,0 days 00:02:34.101964,0.2,0.0029132167991134,0.0312551651761396,,,,110.56012789356498,63.14662403547834,55.50410235700778,90.54299811175358,43.39277163767367,"[0.07163323782234957, 0.06385404789053592, 0.9800235017626322, 0.9680968096809681, 0.7836185819070904, 0.886986301369863, 0.9725158562367865, 0.9964381121994658, 0.1406333870101986, 0.05026109660574413, 0.4345070422535211, 0.9292763157894737, 0.4361567635903919, 0.056573275862068964]","[0.9973262032085561, 0.99800796812749, 0.9944186046511628, 0.9357575757575758, 0.9880694143167028, 0.9732441471571907, 0.9769547325102881, 0.9974025974025974, 0.7061946902654868, 0.9906759906759907, 0.2697530864197531, 0.989423076923077, 0.9459888800635425, 0.91280276816609]","[0.0335195530726257, 0.9871944121071012, 0.9973285841495992, 0.9868938401048493, 0.04343105320304017, 0.04263157894736842, 0.9797008547008547, 0.4388124547429399, 0.9019607843137255, 0.04280821917808219, 0.05040556199304751, 0.09588327253778009, 0.040490143846563666]",44.49589764299222,9.457001888246424,56.60722836232633,19.35634660720825,7.327041149139404,4.298051357269287,7.73125410079956,324920.3828125,110206.546875,140451.765625,74262.0703125,324901.0234375,110199.21875,140447.46875,74254.3359375,,COMPLETE,False,19.35634660720825,324901.0234375,
pareto_mean,42,,2026-10-07 00:29:02.033080,2026-10-07 00:31:49.845121,0 days 00:02:47.812041,0.2,0.0027931911591158,0.0203013910370545,,,,114.18627290396182,61.937909032012726,52.54043147433127,89.82082430594296,43.45247131576394,"[0.07056798623063683, 0.06385404789053592, 0.9788484136310224, 0.9559955995599559, 0.7733990147783252, 0.8938356164383562, 0.9746031746031746, 0.9964381121994658, 0.07457081545064377, 0.08517555266579974, 0.43243243243243246, 0.9350862777321282, 0.06377204884667571, 0.05708131394722671]","[0.9973262032085561, 0.99800796812749, 0.9944186046511628, 0.9512195121951219, 0.9891540130151844, 0.9721293199554069, 0.9753086419753086, 0.9974025974025974, 0.5964765100671141, 0.9883449883449883, 0.27424336009882644, 0.9884615384615385, 0.95, 0.9024221453287197]","[0.042444821731748725, 0.9930151338766007, 0.9973285841495992, 0.9855832241153342, 0.04114780725500812, 0.04594734124935467, 0.9786780383795309, 0.43817787418655096, 0.9121236777868186, 0.05596801827527127, 0.056924882629107984, 0.06045895851721095, 0.041022908897176344]",47.45956852566873,10.179175694057037,56.547528684236056,21.110371589660645,8.322077751159668,4.89107608795166,7.897217750549316,297578.46875,99136.15625,130851.390625,67590.921875,297557.359375,99127.8359375,130846.5,67583.0234375,,COMPLETE,False,21.110371589660645,297557.359375,
pareto_mean,43,,2026-10-07 00:31:49.852849,2026-10-07 00:34:09.166014,0 days 00:02:19.313165,0.3,0.0153796972847431,0.0005603834451271,,,,188.045223403328,37.318258865557326,31.854286726432008,54.23908721677723,25.861402653462743,"[0.06310432569974554, 0.9595959595959596, 0.9835487661574618, 0.049921177088807146, 0.05707762557077625, 0.045618789521228546, 0.8362068965517241, 0.98753339269813, 0.061068702290076333, 0.049829351535836175, 0.16993865030674846, 0.06701030927835051, 0.05729632945389436, 0.07184986595174263]","[0.9964349376114082, 0.17281879194630873, 0.9693023255813954, 0.14303638644918445, 0.7912885662431942, 0.19180633147113593, 0.10374796306355241, 0.9974025974025974, 0.9389233954451346, 0.9557109557109557, 0.21301446051167963, 0.9113441372735939, 0.1362094037809016, 0.07243195785776997]","[0.035326086956521736, 0.989522700814901, 0.9973285841495992, 0.9331651954602774, 0.04017139796464917, 0.05340050377833753, 0.04959100204498978, 0.049484536082474224, 0.03225806451612903, 0.04654510556621881, 0.03865336658354115, 0.04747919725893294, 0.04905660377358491]",68.14571327356799,45.76091278322277,74.13859734653725,23.21405029296875,7.720565319061279,7.492196559906006,8.001288414001465,3573.958740234375,1145.7528076171875,1723.803466796875,704.4024658203125,3550.7446899414062,1138.0322265625,1716.311279296875,696.4011840820312,,COMPLETE,False,23.21405029296875,3550.7446899414062,
pareto_mean,44,,2026-10-07 00:34:09.171715,2026-10-07 00:36:38.295587,0 days 00:02:29.123872,0.2,0.0001395849739655,0.0006050830534057,,,,156.31452697780804,47.89515767406399,43.28460789682037,54.10508517365705,46.29577995171452,"[0.262434554973822, 0.29974326059050066, 0.3103448275862069, 0.7947916666666667, 0.3746654772524532, 0.5813813813813814, 0.3489583333333333, 0.9946571682991986, 0.3033012379642366, 0.2533543804262036, 0.4132231404958678, 0.569937369519833, 0.28401360544217685, 0.2690387016229713]","[0.9973262032085561, 0.6855241264559068, 0.297634691195795, 0.24876847290640394, 0.3287577213452299, 0.3393476752255378, 0.6596971881759193, 0.9616858237547893, 0.27887139107611547, 0.7266260162601627, 0.26073428749222155, 0.7335398915569326, 0.5261437908496732, 0.5300546448087432]","[0.2294314381270903, 0.8372093023255814, 0.9973285841495992, 0.6428571428571429, 0.3814102564102564, 0.28982456140350876, 0.3767629281396911, 0.40644276901987664, 0.5619615639496355, 0.2736911862160371, 0.2773497688751926, 0.49339819318971506, 0.2507836990595611]",56.71539210317963,45.89491482634295,53.70422004828548,61.34825134277344,25.624601364135746,16.462629318237305,19.26102066040039,3613.62890625,1115.6654052734375,1779.5347900390625,718.4287109375,3552.280578613281,1090.040771484375,1763.0721435546875,699.1676635742188,,COMPLETE,False,61.34825134277344,3552.280578613281,
pareto_mean,45,,2026-10-07 00:36:38.304013,2026-10-07 00:39:20.316018,0 days 00:02:42.012005,0.5,0.0023868151830007,0.0006527390339421,,,,156.79078658962095,47.73640447012635,41.99969964154883,65.91200048143338,35.297513287396825,"[0.06356680400235433, 0.14991284137129576, 0.9566236811254396, 0.881, 0.06670500287521564, 0.07184628237259816, 0.9643605870020965, 0.9955476402493322, 0.11517467248908297, 0.05448541552008806, 0.47723935389133626, 0.8694942903752039, 0.055217594759007955, 0.15878378378378377]","[0.9973262032085561, 0.9960159362549801, 0.9823255813953489, 0.17548387096774193, 0.9711229946524064, 0.27043189368770765, 0.928395061728395, 0.9974025974025974, 0.2271313005600498, 0.9813519813519813, 0.23240291262135923, 0.9752616555661275, 0.2982646420824295, 0.19476343592099218]","[0.042765084944346804, 0.989522700814901, 0.9973285841495992, 0.9790849673202614, 0.05286103542234333, 0.05364583333333333, 0.5693664795509222, 0.49223946784922396, 0.06372325898953118, 0.0943620178041543, 0.09486873508353222, 0.058797327394209356, 0.10011123470522804]",58.00030035845117,34.08799951856662,64.70248671260318,23.86971664428711,7.581657409667969,7.2943115234375,8.99374771118164,3665.685180664064,951.6420288085938,2054.9189453125,659.1242065429688,3641.8154296875,944.0603637695312,2047.6246337890625,650.1304321289062,,COMPLETE,False,23.86971664428711,3641.8154296875,
pareto_mean,46,,2026-10-07 00:39:20.323175,2026-10-07 00:42:14.365322,0 days 00:02:54.042147,0.4,0.0863532609637081,0.000183710632076,,,,268.6082835856132,10.46390547146226,8.615752684495783,9.780732311128816,12.995231418762176,"[0.03186022610483042, 0.041023166023166024, 0.054989816700611, 0.02542841348811498, 0.10731373889268626, 0.03819444444444445, 0.03240223463687151, 0.6700706991358995, 0.02812858783008037, 0.0396873120865905, 0.04510800508259212, 0.029789419619928096, 0.0318895763921942, 0.03031973539140022]","[0.7567567567567568, 0.06235011990407674, 0.0379746835443038, 0.03050471436494731, 0.043202764976958526, 0.037418655097613884, 0.034139402560455195, 0.06078316773816481, 0.017045454545454544, 0.16677696889477167, 0.03619909502262444, 0.023742227247032222, 0.03136064744562468, 0.031047865459249677]","[0.034183673469387756, 0.04026442307692308, 0.6675, 0.6760869565217391, 0.024411508282476024, 0.03952355170546833, 0.0263013698630137, 0.03180011357183418, 0.030097087378640777, 0.0322061191626409, 0.03231597845601436, 0.03237410071942446, 0.022315202231520222]",91.3842473155042,90.21926768887118,87.00476858123783,27.32306861877441,9.0,9.31727409362793,9.005794525146484,16122.08642578125,5641.57861328125,6884.8447265625,3595.6630859375,16094.76318359375,5632.57861328125,6875.52734375,3586.6572265625,,COMPLETE,False,27.32306861877441,16094.76318359375,
pareto_mean,47,,2026-10-07 00:42:14.373461,2026-10-07 00:44:55.636924,0 days 00:02:41.263463,0.5,0.0126812659538125,0.000590246096253,,,,192.43132076366967,35.85622641211011,31.86195517107991,56.29027475941009,19.416449305840327,"[0.06404437720625315, 0.11686046511627907, 0.9847238542890717, 0.8428709990300679, 0.06303724928366762, 0.046341463414634146, 0.8771929824561403, 0.9919857524487978, 0.06208651399491094, 0.054098360655737705, 0.16923076923076924, 0.060730593607305934, 0.05319693094629156, 0.07427341227125941]","[0.9973262032085561, 0.9840637450199203, 0.9748837209302326, 0.21395348837209302, 0.8027397260273973, 0.22869955156950672, 0.12465678198791873, 0.9974025974025974, 0.14776409591704473, 0.9638694638694638, 0.2587492828456684, 0.935361216730038, 0.1734375, 0.07773109243697479]","[0.04140282513395031, 0.9848837209302326, 0.9973285841495992, 0.051094890510948905, 0.04298150163220892, 0.056910569105691054, 0.05074320861096873, 0.04903846153846154, 0.038749449581682076, 0.04026115342763874, 0.040903540903540904, 0.04252126063031516, 0.08731924360400445]",68.13804482892009,43.70972524058991,80.58355069415967,22.888360500335693,7.443591117858887,7.417385578155518,8.027383804321289,3591.711242675781,1138.125,1740.4107666015625,713.1754760742188,3568.8228759765625,1130.681396484375,1732.993408203125,705.1480712890625,,COMPLETE,False,22.888360500335693,3568.8228759765625,
pareto_mean,48,,2026-10-07 00:44:55.643492,2026-10-07 00:47:20.558463,0 days 00:02:24.914971,0.8,0.0011994687828454,0.0002134740126738,,,,175.21963612204115,41.59345462598628,35.602192332775665,54.41741350611141,34.760758039071774,"[0.17391304347826086, 0.3657289002557545, 0.5354477611940298, 0.797373358348968, 0.6081424936386769, 0.09336713138994508, 0.1227027027027027, 0.9964381121994658, 0.10199676200755532, 0.20634920634920634, 0.46881878209831257, 0.10437235543018336, 0.07084468664850137, 0.3388116308470291]","[0.9973262032085561, 0.981094527363184, 0.27895073576455537, 0.14560099132589838, 0.8244972577696527, 0.18523002421307505, 0.27679558011049726, 0.9961038961038962, 0.18682634730538922, 0.9790209790209791, 0.31257557436517536, 0.9314442413162706, 0.3140990745781165, 0.2088724584103512]","[0.07029177718832891, 0.9802784222737819, 0.9973285841495992, 0.9108781127129751, 0.08299477655252467, 0.08620689655172414, 0.12623490669593854, 0.4382440476190476, 0.08058968058968059, 0.14684860298895386, 0.14173228346456693, 0.16804550155118925, 0.2892249527410208]",64.39780766722433,45.58258649388859,65.23924196092823,25.12341070175171,9.912211418151855,7.116946697235107,8.094252586364746,14038.70458984375,4769.0625,6223.60693359375,3046.03515625,14013.5810546875,4759.150390625,6216.48974609375,3037.94091796875,,COMPLETE,False,25.12341070175171,14013.5810546875,
pareto_mean,49,,2026-10-07 00:47:20.565914,2026-10-07 00:49:34.700462,0 days 00:02:14.134548,0.4,0.0037245949165886,0.000495920154895,,,,157.64440298784334,47.45186567071889,38.23017408954328,64.23645277496911,39.88897014764428,"[0.07345286292654714, 0.36109303838646717, 0.9788484136310224, 0.8495145631067961, 0.060206422018348624, 0.07863571766935101, 0.9387129724208376, 0.9946571682991986, 0.10248635536688902, 0.05580110497237569, 0.5, 0.0783132530120482, 0.06908724155320221, 0.21141525917297613]","[0.9973262032085561, 0.9960159362549801, 0.9804651162790697, 0.18922470433639949, 0.7708333333333334, 0.28795098706603134, 0.21069019200830305, 0.9961038961038962, 0.9487179487179487, 0.9813519813519813, 0.199317738791423, 0.9677113010446344, 0.28833693304535635, 0.17905711695376247]","[0.036374133949191687, 0.989522700814901, 0.9973285841495992, 0.9790575916230366, 0.037520391517128875, 0.050830397584297936, 0.9137931034482759, 0.5003717472118959, 0.04144385026737968, 0.07377049180327869, 0.05608028335301062, 0.17379958246346555, 0.3356732610082961]",61.76982591045672,35.76354722503089,60.11102985235572,23.28719186782837,7.92165994644165,7.327462196350098,8.038069725036621,3591.2814331054688,970.0198364257812,1971.6568603515625,649.604736328125,3567.994201660156,962.0982055664062,1964.329345703125,641.566650390625,,COMPLETE,False,23.28719186782837,3567.994201660156,
pareto_mean,50,,2026-10-07 00:49:34.707990,2026-10-07 00:52:28.030870,0 days 00:02:53.322880,0.9,0.0001113641495718,0.0485467434262639,,,,171.1972534081125,42.9342488639625,42.008332991904,47.28143834879495,39.51297525118856,"[0.27058823529411763, 0.30045871559633025, 0.2994152046783626, 0.48066298342541436, 0.32729624838292365, 0.5608288770053476, 0.5739583333333333, 0.7619893428063943, 0.3148148148148148, 0.3087719298245614, 0.32823259372609026, 0.6546644844517185, 0.45845921450151056, 0.24102564102564103]","[0.6169193934557063, 0.606655290102389, 0.30489614243323443, 0.27708703374777977, 0.5289982425307557, 0.4491017964071856, 0.7365079365079366, 0.3898963730569948, 0.28029197080291973, 0.6525252525252525, 0.20559006211180125, 0.5102790014684288, 0.5127701375245579, 0.5478827361563517]","[0.25126050420168067, 0.4889406286379511, 0.5779162956366874, 0.45039164490861616, 0.47368421052631576, 0.3298872180451128, 0.5096359743040685, 0.3185011709601874, 0.5893877551020408, 0.2356101304681504, 0.23876404494382023, 0.45023696682464454, 0.22247023809523808]",57.991667008096,52.71856165120505,60.48702474881144,45.7011775970459,12.26971435546875,22.95471572875977,10.476747512817385,358747.0546875,123179.4296875,152049.359375,83518.265625,358701.3515625,123167.15625,152026.40625,83507.7890625,,COMPLETE,False,45.7011775970459,358701.3515625,
pareto_mean,51,,2026-10-07 00:52:28.037457,2026-10-07 00:55:15.662826,0 days 00:02:47.625369,0.4,0.0267485050544143,0.0009407242380623,,,,222.3435504465806,25.88548318447313,18.4141887941162,33.190498510729135,26.05176224857408,"[0.05250245338567223, 0.9720149253731343, 0.06534870950027458, 0.046242774566473986, 0.05491990846681922, 0.03582766439909297, 0.062467464862051014, 0.9759572573463936, 0.047534165181224004, 0.0489010989010989, 0.06942949407965554, 0.03927492447129909, 0.03538928210313448, 0.0721763085399449]","[0.9964349376114082, 0.1389937106918239, 0.19452054794520549, 0.10324483775811209, 0.9279661016949152, 0.0684312459651388, 0.08977436389822371, 0.9974025974025974, 0.11508951406649616, 0.09581646423751687, 0.19966814159292035, 0.6322314049586777, 0.04365620736698499, 0.04343971631205674]","[0.03842315369261477, 0.9871944121071012, 0.9955476402493322, 0.9855832241153342, 0.03488996242619431, 0.048858204992033985, 0.04459251665812404, 0.04732013520038629, 0.04494882064975523, 0.040210627094303494, 0.038187702265372166, 0.035493827160493825, 0.0454788657035848]",81.5858112058838,66.80950148927087,73.94823775142592,25.69946384429932,8.31833553314209,9.036056518554688,8.345071792602539,4982.138549804688,1493.5955810546875,2449.38427734375,1039.15869140625,4956.43896484375,1485.2772216796875,2440.34814453125,1030.8135986328125,,COMPLETE,False,25.69946384429932,4956.43896484375,
pareto_mean,52,,2026-10-07 00:55:15.670756,2026-10-07 00:58:06.875072,0 days 00:02:51.204316,0.4,0.0077008868759863,0.0031677662047225,,,,124.23945415649412,58.58684861450197,45.68373230269004,93.39545864049776,36.68135490031808,"[0.06953476738369184, 0.9897388059701493, 0.9894242068155111, 0.9536637931034483, 0.06601607347876004, 0.071461716937355, 0.9621052631578947, 0.9955476402493322, 0.10091743119266056, 0.05816993464052288, 0.07189157336476135, 0.9095394736842105, 0.08687164470473402, 0.07084019769357495]","[0.9973262032085561, 0.9960159362549801, 0.987906976744186, 0.9608323133414932, 0.9815817984832069, 0.9478357380688124, 0.9399671052631579, 0.9974025974025974, 0.9751552795031055, 0.9848484848484849, 0.9473206176203451, 0.9625719769673704, 0.5930154466084621, 0.8035837353549277]","[0.03537338573834924, 0.9941792782305006, 0.9973285841495992, 0.9855832241153342, 0.04298150163220892, 0.0447198275862069, 0.9637912673056444, 0.4518736223365173, 0.04090706980880391, 0.044457274826789836, 0.03759398496240601, 0.048436811977102597, 0.0813503043718871]",54.31626769730996,6.6045413595022495,63.31864509968192,21.65153884887696,7.412188529968262,5.6847333908081055,8.554616928100586,55314.25390625,19164.60546875,22416.21875,13733.4296875,55292.6015625,19157.193359375,22410.533203125,13724.875,,COMPLETE,False,21.65153884887696,55292.6015625,
pareto_mean,53,,2026-10-07 00:58:06.881527,2026-10-07 01:00:46.579946,0 days 00:02:39.698419,0.1,0.0040697398883669,0.0325089710472965,,,,103.9350202211848,65.35499325960507,49.82687204382858,97.50008881435043,48.73801892063619,"[0.07475560667050028, 0.23893805309734514, 0.9941245593419507, 0.966996699669967, 0.05709342560553633, 0.8801369863013698, 0.9704016913319239, 0.9964381121994658, 0.14357366771159874, 0.05294506949040371, 0.3719839142091153, 0.924404272801972, 0.24565469293163383, 0.058315334773218146]","[0.9973262032085561, 0.99800796812749, 0.9944186046511628, 0.9680589680589681, 0.9891540130151844, 0.9687848383500557, 0.9703703703703703, 0.9974025974025974, 0.9751552795031055, 0.9883449883449883, 0.9700272479564033, 0.9865384615384616, 0.9523052464228935, 0.8941176470588236]","[0.0341545352743561, 0.9871944121071012, 0.9964381121994658, 0.9868938401048493, 0.043549265106151334, 0.039174166225516144, 0.9786096256684492, 0.430635838150289, 0.9031224979983987, 0.04, 0.040369088811995385, 0.813622754491018, 0.04217832354511479]",50.17312795617142,2.499911185649566,51.26198107936381,18.969295263290405,7.352542877197266,3.6163508892059326,8.000401496887207,327640.3203125,111303.296875,141386.75,74950.2734375,327621.359375,111295.9453125,141383.140625,74942.2734375,,COMPLETE,True,18.969295263290405,327621.359375,
pareto_mean,54,,2026-10-07 01:00:46.588056,2026-10-07 01:03:39.117374,0 days 00:02:52.529318,0.3,0.0097999566981207,0.009749568337478,,,,119.28248591931558,60.23917136022814,48.95019215993468,95.50817590314138,36.25914601760837,"[0.07589025102159953, 0.9869402985074627, 0.9905992949471211, 0.9768211920529801, 0.9716859716859717, 0.04283054003724395, 0.9725158562367865, 0.9946571682991986, 0.1438529784537389, 0.06162464985994398, 0.06659012629161883, 0.4162062615101289, 0.08255984367366878, 0.07025246981339188]","[0.9964349376114082, 0.9920318725099602, 0.987906976744186, 0.957002457002457, 0.980498374864572, 0.955456570155902, 0.9366255144032922, 0.9974025974025974, 0.9751552795031055, 0.9813519813519813, 0.9464123524069028, 0.9596153846153846, 0.8897700237906423, 0.8154803040774016]","[0.033444816053511704, 0.9941792782305006, 0.9973285841495992, 0.9868938401048493, 0.041916167664670656, 0.043501611170784105, 0.9627659574468085, 0.4282608695652174, 0.04769475357710652, 0.04582366589327146, 0.035280508964719494, 0.04713656387665198, 0.04946236559139785]",51.04980784006532,4.491824096858622,63.74085398239163,21.69772958755493,7.763351440429687,5.503528118133545,8.4308500289917,257402.80078125,83175.15625,116404.1875,57823.45703125,257381.10546875,83167.390625,116398.6875,57815.02734375,,COMPLETE,False,21.69772958755493,257381.10546875,
pareto_mean,55,,2026-10-07 01:03:39.123795,2026-10-07 01:06:00.966758,0 days 00:02:21.842963,0.1,0.0013213997645104,0.0455336676404736,,,,119.74096697168532,60.08634434277156,51.1181991619465,74.79665389579878,54.34417997056939,"[0.2511415525114155, 0.13807047949162335, 0.3288, 0.958011049723757, 0.45429362880886426, 0.8848773841961853, 0.939873417721519, 0.9964381121994658, 0.25519955030916247, 0.1887925283522348, 0.3961593172119488, 0.9178981937602627, 0.34360189573459715, 0.10339077265147303]","[0.9973262032085561, 0.9970119521912351, 0.2214597629444791, 0.18455598455598454, 0.9837310195227765, 0.967670011148272, 0.9753086419753086, 0.9974025974025974, 0.15886188500296383, 0.9883449883449883, 0.19379391100702575, 0.9769894534995206, 0.9236883942766295, 0.9053867403314917]","[0.2268637532133676, 0.9604190919674039, 0.9973285841495992, 0.9038701622971286, 0.876905041031653, 0.11783960720130933, 0.37525218560860796, 0.408929836995039, 0.8998384491114702, 0.2771392081736909, 0.11161583387410773, 0.8181818181818182, 0.09055982436882547]",48.8818008380535,25.203346104201216,45.65582002943061,28.106228828430176,14.3191499710083,4.545979499816895,9.24109935760498,353351.8046875,121160.125,150170.640625,82021.0390625,353323.6953125,121145.8046875,150166.09375,82011.796875,,COMPLETE,False,28.106228828430176,353323.6953125,
pareto_mean,56,,2026-10-07 01:06:00.974753,2026-10-07 01:08:23.806073,0 days 00:02:22.831320,0.4,0.0197368774137797,0.0049461377550757,,,,162.72146378338476,45.75951207220509,33.041362188055345,72.00692675484703,32.230247273712884,"[0.06686746987951807, 0.9841417910447762, 0.9905992949471211, 0.04834471886495008, 0.1662106703146375, 0.03821062441752097, 0.9536354056902002, 0.9902048085485308, 0.08465286236297198, 0.05549389567147614, 0.08057971014492754, 0.043617021276595745, 0.050620347394540945, 0.0726120857699805]","[0.9964349376114082, 0.9761194029850746, 0.9646511627906976, 0.2236024844720497, 0.9642857142857143, 0.876243093922652, 0.14022140221402213, 0.9974025974025974, 0.9420289855072463, 0.9533799533799534, 0.8754512635379061, 0.8726053639846744, 0.22986666666666666, 0.06867671691792294]","[0.03913894324853229, 0.9941792782305006, 0.9973285841495992, 0.9593709043250328, 0.036997319034852545, 0.043973941368078175, 0.852910052910053, 0.04633431085043988, 0.044802867383512544, 0.04855769230769231, 0.037267080745341616, 0.04341164453524004, 0.04565952649379933]",66.95863781194466,27.99307324515297,67.76975272628712,24.703524112701416,7.982455730438232,8.13825798034668,8.582810401916504,137827.64453125,45761.5234375,60200.62109375,31865.5,137802.94140625,45753.5390625,60192.484375,31856.91796875,,COMPLETE,False,24.703524112701416,137802.94140625,
pareto_mean,57,,2026-10-07 01:08:23.820238,2026-10-07 01:11:01.929467,0 days 00:02:38.109229,0.3,0.003525835635175,0.0030143337085572,,,,123.94609878294224,58.68463373901924,44.37367671923671,88.70911754141275,42.97110695640829,"[0.0736902705814623, 0.06438746438746439, 0.9764982373678026, 0.9392324093816631, 0.06567675613934894, 0.07480150438779774, 0.9704952581664911, 0.9955476402493322, 0.5019731649565904, 0.05534034311012728, 0.45362318840579713, 0.9292763157894737, 0.05085574572127139, 0.06091644204851752]","[0.9973262032085561, 0.9970119521912351, 0.9916279069767442, 0.9680589680589681, 0.9848320693391116, 0.9600443951165372, 0.9637860082304527, 0.9974025974025974, 0.7842105263157895, 0.9871794871794872, 0.27932960893854747, 0.9817483189241114, 0.654054054054054, 0.8726643598615917]","[0.03995433789954338, 0.9941792782305006, 0.9973285841495992, 0.9855832241153342, 0.04004329004329004, 0.04818652849740933, 0.9818569903948773, 0.4457392571012382, 0.0427426536064114, 0.06113033448673587, 0.056422569027611044, 0.8396009209516501, 0.053475935828877004]",55.62632328076329,11.290882458587248,57.02889304359171,21.945444107055664,7.658040523529053,5.9433274269104,8.344076156616211,48905.267578125,16988.115234375,19538.85546875,12378.296875,48883.322265625,16980.45703125,19532.912109375,12369.953125,,COMPLETE,False,21.945444107055664,48883.322265625,
pareto_mean,58,,2026-10-07 01:11:01.940799,2026-10-07 01:13:46.580591,0 days 00:02:44.639792,0.1,0.0078208670008996,0.0215789381109018,,,,116.0099531306544,61.3300156231152,53.150337068812256,95.98502382961811,34.85468597091523,"[0.07890122735242548, 0.9869402985074627, 0.9905992949471211, 0.9605263157894737, 0.8777348777348777, 0.15791814946619218, 0.926906779661017, 0.9955476402493322, 0.14267596702599875, 0.06382978723404255, 0.0673758865248227, 0.9104354971240756, 0.2160458452722063, 0.06560962274466922]","[0.9973262032085561, 0.9940239043824701, 0.9897674418604652, 0.9533169533169533, 0.9859002169197397, 0.939799331103679, 0.9497942386831276, 0.9974025974025974, 0.9751552795031055, 0.9848484848484849, 0.9382379654859219, 0.9663461538461539, 0.9062748212867355, 0.8597097442985487]","[0.03577417551704863, 0.9941792782305006, 0.9973285841495992, 0.9868938401048493, 0.04352557127312296, 0.039913700107874865, 0.8913738019169329, 0.3044936284372904, 0.06066093254866455, 0.047180667433831994, 0.03411131059245961, 0.048513986013986016, 0.04715969989281887]",46.849662931187744,4.014976170381871,65.14531402908477,20.62063789367676,7.47446346282959,4.518044471740723,8.628129959106445,301066.5546875,100580.890625,132127.296875,68358.3671875,301045.9375,100573.4140625,132122.78125,68349.7421875,,COMPLETE,False,20.62063789367676,301045.9375,
pareto_mean,59,,2026-10-07 01:13:46.589454,2026-10-07 01:16:13.000907,0 days 00:02:26.411453,0.4,0.0061140088417142,0.0028587603928672,,,,127.518228716569,57.49392376114366,42.089011832696585,93.98857694571493,36.40418250501949,"[0.07777132907719095, 0.11162521688837479, 0.9952996474735605, 0.9219562955254943, 0.05765870704717531, 0.06368899917287014, 0.9696335078534032, 0.9955476402493322, 0.10275229357798166, 0.05343007915567282, 0.46652267818574517, 0.9194078947368421, 0.09046454767726161, 0.06670281995661605]","[0.9973262032085561, 0.9960159362549801, 0.9906976744186047, 0.9595588235294118, 0.9826652221018418, 0.9522752497225305, 0.944078947368421, 0.9974025974025974, 0.9741468459152016, 0.986013986013986, 0.9554950045413261, 0.972168905950096, 0.6108870967741935, 0.8396682791983414]","[0.03346346904629113, 0.9953434225844005, 0.9973285841495992, 0.9855832241153342, 0.04298150163220892, 0.041353383458646614, 0.9776119402985075, 0.4441197954711468, 0.041370106761565835, 0.04214780600461894, 0.035398230088495575, 0.04847950639048039, 0.04736275565123789]",57.910988167303415,6.011423054285075,63.59581749498051,22.05272436141968,7.74822473526001,5.72402286529541,8.580476760864258,42607.0859375,14851.6083984375,16748.58984375,11006.8876953125,42585.033203125,14843.8603515625,16742.865234375,10998.3076171875,,COMPLETE,False,22.05272436141968,42585.033203125,
pareto_mean,60,,2026-10-07 01:16:13.008771,2026-10-07 01:18:32.518335,0 days 00:02:19.509564,0.9,0.0312254576006187,0.0024978916545761,,,,223.98906214717888,25.33697928427371,24.28640918115365,33.228204962742325,18.496323708925143,"[0.051192842942345926, 0.9515377446411929, 0.061850027367268745, 0.04254044337926902, 0.045429052159282106, 0.041666666666666664, 0.8832644628099173, 0.9741763134461264, 0.08160779537149818, 0.04833333333333333, 0.07549361207897794, 0.04035639412997904, 0.035467980295566505, 0.0671806167400881]","[0.9955436720142602, 0.13962264150943396, 0.9386617100371747, 0.18425076452599387, 0.22521957340025095, 0.0632666236281472, 0.0668824163969795, 0.9974025974025974, 0.07306501547987616, 0.622398414271556, 0.19902617163724892, 0.06642449403217436, 0.043627450980392155, 0.036557149467838966]","[0.03417533432392273, 0.9778812572759022, 0.9910952804986642, 0.0441008018327606, 0.03234501347708895, 0.06481481481481481, 0.0445996775926921, 0.04310344827586207, 0.02971311475409836, 0.03459372485921158, 0.030693677102516883, 0.04060687193217314, 0.036799065420560745]",75.71359081884634,66.77179503725768,81.50367629107485,26.689817905426025,7.988647937774658,10.05915069580078,8.642019271850586,30109.890625,10630.0576171875,10868.478515625,8611.3544921875,30083.201171875,10622.0693359375,10858.4189453125,8602.712890625,,COMPLETE,False,26.689817905426025,30083.201171875,
pareto_mean,61,,2026-10-07 01:18:32.527749,2026-10-07 01:21:07.202127,0 days 00:02:34.674378,0.9,0.0001206911350805,0.0003103037167147,,,,159.76028850608355,46.74657049797215,43.270230841566274,54.39024983886242,42.57923081348775,"[0.24889543446244478, 0.29263437292634376, 0.3274647887323944, 0.7740899357601713, 0.33548387096774196, 0.6048593350383632, 0.3464095744680851, 0.9946571682991986, 0.2944369063772049, 0.3171759747102213, 0.4185412406271302, 0.601067887109077, 0.265375854214123, 0.23673997412677877]","[0.9973262032085561, 0.6368760064412239, 0.2943894389438944, 0.26083530338849487, 0.38832315003394435, 0.32027491408934705, 0.6710816777041942, 0.9479034307496823, 0.2692552514322088, 0.7626050420168067, 0.26272784412319294, 0.7608359133126935, 0.5041113219481341, 0.5380894800483675]","[0.21599402092675635, 0.5937136204889406, 0.9973285841495992, 0.4888597640891219, 0.43630573248407645, 0.31601731601731603, 0.3277545327754533, 0.3975988700564972, 0.5602553870710295, 0.23227206946454415, 0.29426860564585117, 0.4630503144654088, 0.21188118811881188]",56.729769158433726,45.609750161137576,57.42076918651225,38.889166831970215,11.23469066619873,16.394908905029297,11.259567260742188,8816.834228515625,2893.922607421875,4105.62158203125,1817.2900390625,8777.9453125,2882.68798828125,4089.226806640625,1806.030517578125,,COMPLETE,False,38.889166831970215,8777.9453125,
pareto_mean,62,,2026-10-07 01:21:07.211534,2026-10-07 01:23:52.740779,0 days 00:02:45.529245,0.3,0.0060329725255646,0.0014267730062104,,,,134.2969974820261,55.23433417265797,47.4397208466007,81.50217937199751,36.761102299375686,"[0.07002967359050445, 0.11149425287356322, 0.9870740305522914, 0.917098445595855, 0.8669250645994832, 0.05996691480562448, 0.934010152284264, 0.993766696349065, 0.09993906154783669, 0.05345096004151531, 0.4811320754716981, 0.9158496732026143, 0.08230842005676443, 0.06851549755301795]","[0.9973262032085561, 0.9960159362549801, 0.9897674418604652, 0.9668304668304668, 0.9741657696447793, 0.9368770764119602, 0.9087171052631579, 0.9974025974025974, 0.9638055842812823, 0.9813519813519813, 0.24830977258758452, 0.9741131351869607, 0.2913513513513514, 0.18427069044352995]","[0.03346346904629113, 0.9906868451688009, 0.9973285841495992, 0.9855832241153342, 0.04298150163220892, 0.04838709677419355, 0.9436170212765957, 0.4744633604737232, 0.04138851802403204, 0.05302593659942363, 0.03961584633853541, 0.04455958549222798, 0.0838423098278734]",52.5602791533993,18.497820628002486,63.23889770062432,25.04466485977173,10.203567504882812,6.417328357696533,8.423768997192383,6798.661010742188,3367.194091796875,948.3345947265624,2483.13232421875,6773.6162109375,3356.990478515625,941.917236328125,2474.70849609375,,COMPLETE,False,25.04466485977173,6773.6162109375,
pareto_mean,63,,2026-10-07 01:23:52.749630,2026-10-07 01:26:29.790600,0 days 00:02:37.040970,0.1,0.01379393235451,0.0407731651788645,,,,130.5937571615243,56.46874761282523,46.63200573434575,90.09324077077862,32.68099633335131,"[0.07407407407407407, 0.976679104477612, 0.9717978848413631, 0.9359116022099447, 0.9210866752910737, 0.05810684161199625, 0.8133616118769883, 0.9919857524487978, 0.14204185161699429, 0.0628154795288839, 0.061307113938692884, 0.39646772228989036, 0.06847935548841894, 0.054365733113673806]","[0.9973262032085561, 0.9810756972111554, 0.9534883720930233, 0.910757946210269, 0.96529284164859, 0.8585746102449888, 0.8255144032921811, 0.9974025974025974, 0.9461697722567288, 0.9685314685314685, 0.794755877034358, 0.9106628242074928, 0.8066561014263075, 0.6968449931412894]","[0.030657748049052396, 0.9906868451688009, 0.9955476402493322, 0.9842726081258192, 0.04582651391162029, 0.04808211777417612, 0.8707264957264957, 0.04506699147381242, 0.054820415879017016, 0.04849884526558892, 0.03933253873659118, 0.046902654867256637, 0.04810810810810811]",53.367994265654254,9.90675922922138,67.31900366664868,25.95448303222656,8.465887069702148,9.164861679077148,8.323734283447266,344533.6015625,117790.3828125,147144.0,79599.21875,344507.640625,117781.9140625,147134.828125,79590.8984375,,COMPLETE,False,25.95448303222656,344507.640625,
pareto_mean,64,,2026-10-07 01:26:29.799619,2026-10-07 01:28:58.256852,0 days 00:02:28.457233,0.4,0.0068863972436725,0.0036053213800761,,,,117.2000671239592,60.933310958680266,52.42350549156172,93.9225839827932,36.45384340168588,"[0.07723577235772358, 0.9888164026095061, 0.9952996474735605, 0.9547413793103449, 0.9101412066752247, 0.06502709462275948, 0.9600420609884333, 0.9955476402493322, 0.10214067278287461, 0.05573951434878587, 0.16365899191039204, 0.915296052631579, 0.08824963432471965, 0.06735469853340575]","[0.9973262032085561, 0.9960159362549801, 0.9897674418604652, 0.9571603427172583, 0.9837486457204767, 0.9522222222222222, 0.944078947368421, 0.9974025974025974, 0.9761904761904762, 0.986013986013986, 0.9582198001816531, 0.9692898272552783, 0.6095430107526881, 0.8321823204419889]","[0.0339265850945495, 0.9953434225844005, 0.9973285841495992, 0.9842726081258192, 0.041916167664670656, 0.04040948275862069, 0.9765208110992529, 0.4441197954711468, 0.041370106761565835, 0.04513888888888889, 0.03318077803203661, 0.05764866091693146, 0.04782375067168189]",47.57649450843828,6.077416017206801,63.54615659831412,21.82915544509888,7.800057411193848,5.6520209312438965,8.377077102661133,74401.193359375,25332.388671875,31175.556640625,17893.248046875,74379.36328125,25324.587890625,31169.904296875,17884.87109375,,COMPLETE,False,21.82915544509888,74379.36328125,
pareto_mean,65,,2026-10-07 01:28:58.266936,2026-10-07 01:31:29.511956,0 days 00:02:31.245020,0.1,0.0015578638162374,0.004988253868003,,,,136.87171713095486,54.37609428968171,47.11340131120272,78.02631818602373,37.988563371818685,"[0.09476744186046511, 0.05583756345177665, 0.8705202312138728, 0.9265658747300216, 0.07827566647759501, 0.8087941372418388, 0.9590766002098636, 0.9964381121994658, 0.15938018815716656, 0.20262390670553937, 0.42478510028653294, 0.9030944625407166, 0.05650994575045208, 0.059206952743074415]","[0.9973262032085561, 0.99800796812749, 0.9168126094570929, 0.16133246244284782, 0.9837310195227765, 0.9246119733924612, 0.9637860082304527, 0.9974025974025974, 0.20012128562765313, 0.9883449883449883, 0.22931873479318735, 0.9769673704414588, 0.7039337474120083, 0.8819875776397516]","[0.08959537572254335, 0.9790697674418605, 0.9973285841495992, 0.9816993464052287, 0.05817782656421515, 0.10534674430915829, 0.8053097345132744, 0.44992743105950656, 0.12224448897795591, 0.09656398104265403, 0.09701492537313433, 0.08258527827648116, 0.07364975450081833]",52.88659868879728,21.97368181397627,62.01143662818132,25.19912910461425,9.513773918151855,6.374316215515137,9.311038970947266,139810.220703125,46406.265625,61105.0390625,32298.916015625,139785.01953125,46396.75,61098.6640625,32289.60546875,,COMPLETE,False,25.19912910461425,139785.01953125,
pareto_mean,66,,2026-10-07 01:31:29.520123,2026-10-07 01:33:58.050852,0 days 00:02:28.530729,0.5,0.0003827768232968,0.0059471190336309,,,,140.71039992019536,53.09653335993488,47.01764160617973,62.81012166175558,49.46183681186932,"[0.2682119205298013, 0.2802746566791511, 0.3148901545972335, 0.8867924528301887, 0.5166340508806262, 0.7360931435963778, 0.3504885993485342, 0.9955476402493322, 0.30500951173113505, 0.2775574940523394, 0.40930869267624914, 0.6728045325779037, 0.3338842975206612, 0.23497267759562843]","[0.9973262032085561, 0.9701789264413518, 0.15745192307692307, 0.26625386996904027, 0.8146067415730337, 0.20913016656384947, 0.8112324492979719, 0.9974025974025974, 0.19767441860465115, 0.9593023255813954, 0.13692480359147025, 0.841025641025641, 0.6906116642958748, 0.7442953020134229]","[0.23167358229598894, 0.883855981416957, 0.9973285841495992, 0.6474442988204456, 0.4972924187725632, 0.25246913580246916, 0.3990450204638472, 0.3979094076655052, 0.6923076923076923, 0.2734056987788331, 0.28134556574923547, 0.6477941176470589, 0.22816728167281672]",52.98235839382027,37.18987833824442,50.53816318813068,45.20231628417969,20.60507202148437,9.572564125061035,15.024680137634276,181732.96875,59181.3984375,80748.5859375,41802.984375,181687.76953125,59160.79296875,80739.015625,41787.9609375,,COMPLETE,False,45.20231628417969,181687.76953125,
pareto_mean,67,,2026-10-07 01:33:58.065197,2026-10-07 01:36:25.269764,0 days 00:02:27.204567,0.1,0.0026945539758455,0.0128570484810077,,,,123.06596104660434,58.97801298446522,52.43659117826568,87.29515915359924,37.20228862153073,"[0.06693363844393593, 0.06072644721906924, 0.9776733254994124, 0.9392624728850325, 0.7699757869249395, 0.8763513513513513, 0.9683210137275607, 0.9964381121994658, 0.09168900804289544, 0.1174881836596894, 0.4240056818181818, 0.9327868852459016, 0.06235878897424311, 0.057112068965517244]","[0.9973262032085561, 0.99800796812749, 0.9944186046511628, 0.9065868263473054, 0.9880694143167028, 0.9687848383500557, 0.9753086419753086, 0.9974025974025974, 0.5516956162117452, 0.9883449883449883, 0.2607626076260763, 0.9855769230769231, 0.7059228650137741, 0.903114186851211]","[0.045376220562894885, 0.9837019790454016, 0.9973285841495992, 0.9855832241153342, 0.04112554112554113, 0.054641909814323604, 0.976545842217484, 0.43713872832369943, 0.08683602771362586, 0.06303724928366762, 0.05826957033549147, 0.06460176991150443, 0.04211087420042644]",47.56340882173432,12.704840846400757,62.79771137846927,22.92898464202881,8.781346321105957,5.572234153747559,8.575404167175293,271942.6875,88698.5546875,121567.34375,61676.7890625,271919.76171875,88689.7734375,121561.7734375,61668.21484375,,COMPLETE,False,22.92898464202881,271919.76171875,
pareto_mean,68,,2026-10-07 01:36:25.277169,2026-10-07 01:38:57.199881,0 days 00:02:31.922712,0.2,0.0080557606522307,0.0180228090775322,,,,110.15979414540016,63.28006861819994,53.85145747359979,96.20644745669068,39.782300924309375,"[0.0793002915451895, 0.9869402985074627, 0.9917743830787309, 0.9649122807017544, 0.9161290322580645, 0.15569395017793594, 0.9703703703703703, 0.993766696349065, 0.14204185161699429, 0.06274509803921569, 0.06855791962174941, 0.9202302631578947, 0.2205128205128205, 0.0662287903667214]","[0.9973262032085561, 0.9930278884462151, 0.9897674418604652, 0.9545454545454546, 0.9880694143167028, 0.9576365663322185, 0.951440329218107, 0.9974025974025974, 0.9782608695652174, 0.9836829836829837, 0.9518619436875567, 0.9692307692307692, 0.9093799682034976, 0.8472702142363511]","[0.03529411764705882, 0.9953434225844005, 0.9973285841495992, 0.9868938401048493, 0.041893362350380846, 0.039913700107874865, 0.9712460063897763, 0.44436363636363635, 0.04594112399643176, 0.04660529344073648, 0.03440094899169632, 0.4835766423357664, 0.04889844169801182]",46.14854252640021,3.793552543309332,60.21769907569063,21.2529354095459,7.5571208000183105,4.852346897125244,8.843467712402344,290500.265625,96379.4296875,128382.8359375,65738.0,290479.015625,96371.875,128377.984375,65729.15625,,COMPLETE,False,21.2529354095459,290479.015625,
pareto_mean,69,,2026-10-07 01:38:57.208663,2026-10-07 01:41:30.048950,0 days 00:02:32.840287,0.5,0.0854994037525036,0.0413937186546725,,,,285.1665105264989,4.944496491167027,2.5707691954804752,5.720535486541979,6.542184791478626,"[0.02996005326231691, 0.03965832824893228, 0.0035252643948296123, 0.021621621621621623, 0.053203040173724216, 0.024923702950152594, 0.024805102763997167, 0.022518765638031693, 0.0205819730305181, 0.014447884416924664, 0.010138248847926268, 0.030042918454935622, 0.0361504640937958, 0.028330319469559977]","[0.06311360448807854, 0.027675276752767528, 0.033825338253382534, 0.027491408934707903, 0.017825311942959002, 0.028109627547434995, 0.028587135788894998, 0.3756476683937824, 0.02620967741935484, 0.08482490272373541, 0.023781212841854936, 0.024824952259707194, 0.010316875460574797, 0.028641975308641977]","[0.020061728395061727, 0.0633245382585752, 0.17662337662337663, 0.42670157068062825, 0.0024479804161566705, 0.015806988352745424, 0.018198362147406732, 0.032280219780219783, 0.027266962587190868, 0.032992930086410056, 0.018853102906520033, 0.008227374719521317, 0.007698887938408896]",97.42923080451952,94.27946451345802,93.45781520852135,32.51908493041992,8.567605972290039,14.951478958129885,9.0,345712.8671875,118247.2109375,147554.078125,79911.578125,345680.34375,118238.640625,147539.125,79902.578125,,COMPLETE,False,32.51908493041992,345680.34375,
pareto_mean,70,,2026-10-07 01:41:30.059618,2026-10-07 01:44:00.736352,0 days 00:02:30.676734,0.6,0.0073279088774307,0.0014134277466068,,,,131.1534262180945,56.282191260635166,45.76604367053708,86.4524645431591,36.62806556820934,"[0.07044334975369458, 0.11942028985507247, 0.9905992949471211, 0.9192546583850931, 0.6625, 0.06982193064667291, 0.8989205103042198, 0.9946571682991986, 0.10060975609756098, 0.055862831858407076, 0.46613255644573925, 0.9015586546349467, 0.08357348703170028, 0.07389162561576355]","[0.9973262032085561, 0.9950199203187251, 0.9888372093023255, 0.9680589680589681, 0.9816216216216216, 0.9413067552602437, 0.9194078947368421, 0.9974025974025974, 0.9689762150982419, 0.9813519813519813, 0.9419764279238441, 0.9721421709894332, 0.28370330265295074, 0.16621376811594202]","[0.034288926363125354, 0.9906868451688009, 0.9973285841495992, 0.9855832241153342, 0.042368278109722976, 0.04452789699570815, 0.976545842217484, 0.4677177177177177, 0.04092526690391459, 0.044186046511627906, 0.042011834319526625, 0.04757709251101322, 0.04790096878363832]",54.23395632946292,13.547535456840905,63.37193443179066,21.697575569152832,7.373169898986816,6.032387733459473,8.292017936706543,6686.50439453125,3268.584716796875,960.428955078125,2457.49072265625,6664.806701660156,3261.21142578125,954.3965454101562,2449.19873046875,,COMPLETE,False,21.697575569152832,6664.806701660156,
pareto_mean,71,,2026-10-07 01:44:00.747163,2026-10-07 01:46:31.240887,0 days 00:02:30.493724,0.7000000000000001,0.0032005072091699,0.0030799458992036,,,,129.70380495980336,56.76539834673221,45.67817490533045,87.9599344014039,36.65808573346228,"[0.0736902705814623, 0.06370875995449374, 0.9847238542890717, 0.9579288025889967, 0.07080673244341265, 0.0740895772289661, 0.9810326659641728, 0.9964381121994658, 0.590625, 0.05530973451327434, 0.4505415162454874, 0.9474116680361545, 0.08765560165975103, 0.06098219104155424]","[0.9973262032085561, 0.99800796812749, 0.9934883720930232, 0.9668711656441717, 0.9880694143167028, 0.9711111111111111, 0.9695473251028807, 0.9974025974025974, 0.6001683501683501, 0.9883449883449883, 0.28473520249221185, 0.9827089337175793, 0.6714188730482009, 0.9051903114186851]","[0.04345273047563124, 0.9953434225844005, 0.9973285841495992, 0.9829619921363041, 0.041938997821350764, 0.04504021447721179, 0.932446264073695, 0.44494047619047616, 0.04235399019170753, 0.06291192330736968, 0.055654233274126705, 0.06729900632339657, 0.05387931034482758]",54.32182509466955,12.0400655985961,63.34191426653772,22.65133142471313,7.871457099914551,6.060495853424072,8.719378471374512,51653.4970703125,17941.259765625,20755.056640625,12957.1806640625,51630.845703125,17933.388671875,20748.99609375,12948.4609375,,COMPLETE,False,22.65133142471313,51630.845703125,
pareto_mean,72,,2026-10-07 01:46:31.247796,2026-10-07 01:49:00.642027,0 days 00:02:29.394231,0.7000000000000001,0.0024703169648251,0.000971331086348,,,,155.9454926217175,48.018169126094165,42.29574501351409,71.1832092188786,30.575553145889785,"[0.06471935853379153, 0.11674259681093394, 0.9647887323943662, 0.8936170212765957, 0.06567675613934894, 0.0707112970711297, 0.9716684155299056, 0.9955476402493322, 0.19028571428571428, 0.05509641873278237, 0.47058823529411764, 0.9006568144499179, 0.06915699141847552, 0.09214830970556162]","[0.9973262032085561, 0.9940239043824701, 0.9888372093023255, 0.19240837696335078, 0.9806243272335845, 0.9328932893289329, 0.939917695473251, 0.9961038961038962, 0.23433583959899748, 0.9813519813519813, 0.23550945698596706, 0.9818007662835249, 0.3039695486677542, 0.206546795758414]","[0.04345238095238095, 0.9930151338766007, 0.9973285841495992, 0.9738562091503268, 0.047933884297520664, 0.05529473135106938, 0.06359875904860393, 0.47054436987322895, 0.05555555555555555, 0.08348567946374162, 0.07349397590361446, 0.04909332153914197, 0.06816932380428807]",57.70425498648591,28.8167907811214,69.42444685411022,23.23749303817749,8.023459434509277,6.954662799835205,8.259370803833008,5067.6119384765625,1570.5438232421875,2375.74267578125,1121.325439453125,5044.37451171875,1562.5203857421875,2368.7880859375,1113.0660400390625,,COMPLETE,False,23.23749303817749,5044.37451171875,
pareto_mean,73,,2026-10-07 01:49:00.651946,2026-10-07 01:51:35.100873,0 days 00:02:34.448927,0.7000000000000001,0.0283336776087001,0.0008153969043866,,,,226.45294505944688,24.51568498018437,18.55915281766467,29.415528389300416,25.57237373358804,"[0.05244928253339931, 0.9645522388059702, 0.06589785831960461, 0.048818897637795275, 0.055651176133103844, 0.03594771241830065, 0.06429691583899634, 0.9866429207479964, 0.047619047619047616, 0.046754675467546754, 0.07650765076507651, 0.049951969260326606, 0.03645083932853717, 0.06674020959735245]","[0.9973262032085561, 0.13962264150943396, 0.27767910005920665, 0.10265486725663717, 0.8081395348837209, 0.06894329896907217, 0.07817745803357314, 0.9974025974025974, 0.07544836116264687, 0.20283436669619131, 0.20436628259551243, 0.06926629040533606, 0.051821446895844024, 0.04449152542372881]","[0.03674669279764821, 0.9883585564610011, 0.993766696349065, 0.9121887287024901, 0.0430976430976431, 0.05002526528549773, 0.047667862634546386, 0.042335766423357665, 0.044662795891022775, 0.045364891518737675, 0.038629283489096576, 0.03737373737373737, 0.044190665342601784]",81.44084718233533,70.58447161069958,74.42762626641196,26.01115322113037,8.395912170410156,9.14993381500244,8.465307235717773,4856.7237548828125,1288.671875,2751.91650390625,816.1353759765625,4830.712646484375,1280.2760009765625,2742.7666015625,807.6700439453125,,COMPLETE,False,26.01115322113037,4830.712646484375,
pareto_mean,74,,2026-10-07 01:51:35.107886,2026-10-07 01:54:06.072364,0 days 00:02:30.964478,0.2,0.0040970018483576,0.0244625666712026,,,,104.60029158066683,65.13323613977771,55.51917781310871,97.65680805775617,42.223722548468274,"[0.07533064979873491, 0.9519056261343013, 0.9941245593419507, 0.9691969196919692, 0.05950317735413056, 0.8920027341079972, 0.982010582010582, 0.9964381121994658, 0.1470031545741325, 0.05813953488372093, 0.40467997247075016, 0.9374485596707819, 0.24610951008645532, 0.05879180151024811]","[0.9973262032085561, 0.99800796812749, 0.9944186046511628, 0.9791154791154791, 0.9891540130151844, 0.9754738015607581, 0.9720164609053498, 0.9974025974025974, 0.9782608695652174, 0.9871794871794872, 0.9727767695099818, 0.9865384615384616, 0.9515488482922955, 0.8927335640138409]","[0.03411633109619687, 0.989522700814901, 0.9973285841495992, 0.9868938401048493, 0.04298150163220892, 0.03880914407230197, 0.9818181818181818, 0.43249097472924186, 0.049575703439035286, 0.04047890535917902, 0.04057971014492753, 0.8123100303951368, 0.04217832354511479]",44.48082218689129,2.343191942243834,57.776277451531726,19.34719443321228,7.089809894561768,3.9319393634796143,8.325445175170898,308624.5390625,103667.7578125,134841.796875,70114.984375,308605.1875,103660.671875,134837.859375,70106.65625,,COMPLETE,False,19.34719443321228,308605.1875,
pareto_mean,75,,2026-10-07 01:54:06.080597,2026-10-07 01:56:27.965007,0 days 00:02:21.884410,0.7000000000000001,0.0059780396334865,0.0111203927416917,,,,106.86101394677182,64.37966201774272,52.8714927720568,97.80763521925738,42.459858061914005,"[0.07723577235772358, 0.9897388059701493, 0.9894242068155111, 0.973655323819978, 0.918918918918919, 0.08005029337803855, 0.9809523809523809, 0.9964381121994658, 0.14666666666666667, 0.051655629139072845, 0.07028571428571428, 0.9506172839506173, 0.1074420896993593, 0.06892778993435449]","[0.9973262032085561, 0.99800796812749, 0.9953488372093023, 0.9717444717444718, 0.9880694143167028, 0.9755011135857461, 0.974485596707819, 0.9974025974025974, 0.9886128364389234, 0.9906759906759907, 0.9782016348773842, 0.9826923076923076, 0.954653937947494, 0.9003460207612457]","[0.03411028993746447, 0.9953434225844005, 0.9973285841495992, 0.9842726081258192, 0.042437431991294884, 0.041022908897176344, 0.9754535752401281, 0.42344322344322344, 0.05738816086760054, 0.0412071967498549, 0.03546099290780142, 0.845229151014275, 0.047084002140181914]",47.1285072279432,2.192364780742622,57.540141938086,21.191890239715576,8.055880546569824,4.643599033355713,8.492410659790039,264329.08203125,85907.4609375,118878.2890625,59543.33203125,264307.89453125,85899.40625,118873.6484375,59534.83984375,,COMPLETE,False,21.191890239715576,264307.89453125,
pareto_mean,76,,2026-10-07 01:56:27.974823,2026-10-07 01:58:52.240306,0 days 00:02:24.265483,0.8,0.0104958442087469,0.0158440166882751,,,,116.52399196734834,61.15866934421722,52.7076491195252,96.35809362227248,34.41026529085398,"[0.07656341320864991, 0.9897388059701493, 0.9894242068155111, 0.9833887043189369, 0.9341935483870968, 0.07811843763124737, 0.9714285714285714, 0.9964381121994658, 0.14575411913814956, 0.05040322580645161, 0.0779816513761468, 0.9242798353909465, 0.09059576563269325, 0.07076247942951179]","[0.9973262032085561, 0.9950199203187251, 0.9869767441860465, 0.9595588235294118, 0.9848156182212582, 0.955406911928651, 0.9530864197530864, 0.9974025974025974, 0.9855072463768116, 0.986013986013986, 0.9573115349682108, 0.9663461538461539, 0.9139442231075697, 0.8514167242570836]","[0.03236607142857143, 0.9941792782305006, 0.9973285841495992, 0.9855832241153342, 0.041916167664670656, 0.04408602150537634, 0.9403620873269436, 0.2083618917066484, 0.05, 0.046430644225188625, 0.03566009104704097, 0.04759806081974438, 0.04946236559139785]",47.2923508804748,3.641906377727509,65.58973470914603,21.65117883682251,7.500980854034424,5.629330635070801,8.520867347717285,283899.46484375,93636.890625,125822.015625,64440.55859375,283877.8125,93629.390625,125816.3828125,64432.0390625,,COMPLETE,False,21.65117883682251,283877.8125,
pareto_mean,77,,2026-10-07 01:58:52.247805,2026-10-07 02:01:16.052514,0 days 00:02:23.804709,0.6,0.0173415750864272,0.0019676303015404,,,,174.14130293244867,41.95289902251711,32.20903561286361,65.29969588692444,28.34996556776329,"[0.06551549009649568, 0.9878731343283582, 0.9917743830787309, 0.050473186119873815, 0.05668016194331984, 0.04106596767147226, 0.9398340248962656, 0.9902048085485308, 0.09007912355447352, 0.05119896305897602, 0.07789959607616849, 0.046922300706357216, 0.04962779156327544, 0.07011605415860735]","[0.9973262032085561, 0.9850746268656716, 0.9730232558139534, 0.222999222999223, 0.9740820734341252, 0.14159811985898943, 0.09975062344139651, 0.9974025974025974, 0.943064182194617, 0.9592074592074592, 0.8834688346883469, 0.7326297273526825, 0.16106719367588934, 0.07126330402591392]","[0.02807411566535654, 0.9941792782305006, 0.9973285841495992, 0.9856020942408377, 0.041349292709466814, 0.05595116988809766, 0.33084745762711865, 0.04720616570327553, 0.03597883597883598, 0.04464766003227542, 0.03379224030037547, 0.04147196261682243, 0.04906666666666667]",67.7909643871364,34.70030411307556,71.65003443223671,22.661741256713867,7.627208232879639,7.297830104827881,7.736702919006348,16171.23828125,6882.39697265625,4104.2509765625,5184.59033203125,16148.576171875,6874.76953125,4096.953125,5176.853515625,,COMPLETE,False,22.661741256713867,16148.576171875,
pareto_mean,78,,2026-10-07 02:01:16.064406,2026-10-07 02:03:37.364856,0 days 00:02:21.300450,0.7000000000000001,0.0114585245551882,0.0041102370523601,,,,126.03472381107886,57.98842539630704,45.88349395742718,92.8203101279602,35.261472103533755,"[0.07267144319344933, 0.9897388059701493, 0.9882491186839013, 0.9544468546637744, 0.9703989703989704, 0.04515828677839851, 0.9735729386892178, 0.9955476402493322, 0.09140767824497258, 0.05454545454545454, 0.0699942627653471, 0.06736938588450962, 0.07982583454281568, 0.07076247942951179]","[0.9973262032085561, 0.9930278884462151, 0.9869767441860465, 0.9595588235294118, 0.9848156182212582, 0.9424141749723145, 0.9292181069958848, 0.9974025974025974, 0.9730848861283644, 0.9801864801864801, 0.9455535390199638, 0.951969260326609, 0.5691166554281861, 0.784192439862543]","[0.03467561521252797, 0.9941792782305006, 0.9973285841495992, 0.9855832241153342, 0.041893362350380846, 0.045871559633027525, 0.9637912673056444, 0.2991573033707865, 0.03912850155624722, 0.04723032069970846, 0.03816793893129771, 0.047954245490541135, 0.0490301724137931]",54.11650604257282,7.179689872039788,64.73852789646625,22.55153751373291,8.077936172485352,6.132264137268066,8.341337203979492,98241.875,33063.86328125,41956.15625,23221.85546875,98219.322265625,33055.78515625,41950.0234375,23213.513671875,,COMPLETE,False,22.55153751373291,98219.322265625,
pareto_mean,79,,2026-10-07 02:03:37.372391,2026-10-07 02:06:05.118100,0 days 00:02:27.745709,0.7000000000000001,0.0015112423788367,0.0201585198482191,,,,130.8889458903596,56.37035136988013,48.22027270610482,76.96337199509813,43.92740940843745,"[0.07981755986316989, 0.055398530243075186, 0.9375, 0.974669603524229, 0.0875995449374289, 0.8789722785665991, 0.9674027339642481, 0.9964381121994658, 0.1218851570964247, 0.19543317662860982, 0.4232655921513665, 0.9127625201938611, 0.06649616368286446, 0.053197205803331545]","[0.9973262032085561, 0.99800796812749, 0.3199737187910644, 0.21346023113528212, 0.9880694143167028, 0.9755011135857461, 0.9777777777777777, 0.9974025974025974, 0.22297297297297297, 0.9906759906759907, 0.22920406941950927, 0.9875, 0.9517405063291139, 0.9252595155709342]","[0.09253547193090685, 0.9953434225844005, 0.9973285841495992, 0.9305373525557011, 0.12574493444576879, 0.07831646244006393, 0.12193664076509265, 0.4141193595342067, 0.8651863600317209, 0.09113149847094801, 0.13211249182472204, 0.8081123244929798, 0.05815831987075929]",51.77972729389518,23.03662800490187,56.07259059156255,25.746500492095947,10.090131759643556,6.4522576332092285,9.204111099243164,297139.4296875,98970.453125,130702.8046875,67466.171875,297113.6796875,98960.359375,130696.3515625,67456.96875,,COMPLETE,False,25.746500492095947,297113.6796875,
pareto_mean,80,,2026-10-07 02:06:05.127140,2026-10-07 02:08:31.399848,0 days 00:02:26.272708,0.6,0.0133543986994908,0.0015750209848839,,,,157.84350759008893,47.38549746997035,40.068995438188175,68.7069339032094,33.38056306851349,"[0.07186544342507645, 0.9869402985074627, 0.9894242068155111, 0.247537754432042, 0.9263565891472868, 0.045804620997162544, 0.9399585921325052, 0.9919857524487978, 0.09744214372716199, 0.050521691378363535, 0.06990580069410014, 0.06407322654462243, 0.05421686746987952, 0.07362637362637363]","[0.9973262032085561, 0.9890438247011952, 0.986046511627907, 0.25316455696202533, 0.9815817984832069, 0.2684563758389262, 0.12878370941111722, 0.9974025974025974, 0.9606625258799172, 0.9696969696969697, 0.9031674208144796, 0.9341603053435115, 0.17380478087649404, 0.07567316620241411]","[0.0413625304136253, 0.9941792782305006, 0.9973285841495992, 0.9842726081258192, 0.041893362350380846, 0.056795131845841784, 0.9618239660657476, 0.04807692307692308, 0.03525782282944028, 0.048323471400394474, 0.03961584633853541, 0.04302747537584241, 0.047516198704103674]",59.93100456181183,31.2930660967906,66.61943693148652,22.85193157196045,7.840991973876953,6.965134620666504,8.045804977416992,8447.6943359375,4334.20849609375,984.133544921875,3129.352294921875,8424.842468261719,4326.36767578125,977.1683959960938,3121.306396484375,,COMPLETE,False,22.85193157196045,8424.842468261719,
pareto_mean,81,,2026-10-07 02:08:31.409527,2026-10-07 02:11:07.806717,0 days 00:02:36.397190,0.3,0.0008516786793852,0.0117784963387085,,,,134.8453513750348,55.05154954165507,43.59087745801814,72.50398181983016,49.05978934711692,"[0.20512820512820512, 0.10107893242475866, 0.35284552845528455, 0.9354838709677419, 0.5261627906976745, 0.8480161398789509, 0.13267543859649122, 0.9964381121994658, 0.2511389521640091, 0.2342857142857143, 0.41655076495132126, 0.8518225039619651, 0.1541095890410959, 0.09698630136986301]","[0.9973262032085561, 0.9950199203187251, 0.2011104256631709, 0.15925394548063126, 0.9815618221258134, 0.8594249201277955, 0.9540229885057471, 0.9974025974025974, 0.1559202813599062, 0.9848484848484849, 0.17243367935409457, 0.9584120982986768, 0.8754925137903862, 0.8583275742916379]","[0.2232947232947233, 0.969732246798603, 0.9973285841495992, 0.8740648379052369, 0.2466755319148936, 0.1734860883797054, 0.4120805369127517, 0.42329545454545453, 0.7897943640517898, 0.18322023442319557, 0.21021611001964635, 0.7724867724867724, 0.1020971302428256]",56.40912254198186,27.49601818016984,50.94021065288308,33.22375679016113,14.014023780822754,5.988486289978027,13.221246719360352,267487.7109375,87006.8984375,119918.46875,60562.34375,267454.48046875,86992.8828125,119912.4765625,60549.12109375,,COMPLETE,False,33.22375679016113,267454.48046875,
pareto_mean,82,,2026-10-07 02:11:07.817271,2026-10-07 02:14:04.532992,0 days 00:02:56.715721,0.3,0.0018639635377443,0.0287388631044454,,,,117.60564110139582,60.79811963286807,51.26112956954664,81.64725274289007,49.48597658616747,"[0.0628212450028555, 0.056593095642331635, 0.9637850467289719, 0.9649122807017544, 0.6154649947753396, 0.8796169630642955, 0.9703389830508474, 0.9964381121994658, 0.0964818763326226, 0.10963455149501661, 0.4147887323943662, 0.9261083743842364, 0.0647351742870077, 0.054838709677419356]","[0.9973262032085561, 0.99800796812749, 0.954177897574124, 0.23136427566807313, 0.9880694143167028, 0.9765886287625418, 0.9777777777777777, 0.9974025974025974, 0.23587833643699566, 0.9906759906759907, 0.2355421686746988, 0.9875, 0.9461172741679873, 0.9141868512110727]","[0.05406943653955606, 0.9930151338766007, 0.9973285841495992, 0.9855832241153342, 0.04004329004329004, 0.06694560669456066, 0.9454354669464848, 0.44211287988422576, 0.8822134387351779, 0.061849710982658956, 0.07725321888412018, 0.836687306501548, 0.05063965884861407]",48.73887043045336,18.352747257109925,50.51402341383253,22.97770404815674,10.19862937927246,5.401316165924072,7.377758502960205,318998.609375,107881.5078125,138475.0,72642.1015625,318975.6328125,107871.3125,138469.59375,72634.7265625,,COMPLETE,False,22.97770404815674,318975.6328125,
pareto_mean,83,,2026-10-07 02:14:04.542462,2026-10-07 02:16:41.631368,0 days 00:02:37.088906,0.7000000000000001,0.0049958306148869,0.0143537333180312,,,,104.94348545474614,65.01883818175129,60.76864036621388,98.04649528175936,36.24137889728064,"[0.07473928157589803, 0.9860205032618826, 0.9917743830787309, 0.9790979097909791, 0.8727506426735219, 0.9068493150684932, 0.9830866807610994, 0.9964381121994658, 0.1473015873015873, 0.050033806626098715, 0.17957957957957957, 0.9580246913580247, 0.3159371492704826, 0.06597600872410032]","[0.9973262032085561, 0.99800796812749, 0.9953488372093023, 0.9766584766584766, 0.9869848156182213, 0.9810479375696767, 0.974485596707819, 0.9974025974025974, 0.989648033126294, 0.9906759906759907, 0.9782016348773842, 0.9846153846153847, 0.9570747217806042, 0.9190311418685121]","[0.0338409475465313, 0.9953434225844005, 0.9973285841495992, 0.9842726081258192, 0.04137180185084377, 0.04153354632587859, 0.9764957264957265, 0.4178232286340394, 0.050604567845947156, 0.04072134962187318, 0.03775811209439528, 0.04931748128577719, 0.044967880085653104]",39.23135963378612,1.9535047182406515,63.75862110271936,20.186115741729736,7.130667686462402,4.45521879196167,8.600229263305664,278538.57421875,91529.40625,123839.1953125,63169.97265625,278518.38671875,91522.2734375,123834.7421875,63161.37109375,,COMPLETE,False,20.186115741729736,278518.38671875,
pareto_mean,84,,2026-10-07 02:16:41.641070,2026-10-07 02:19:09.322140,0 days 00:02:27.681070,0.6,0.0074614763436915,0.011961946423083,,,,113.20060763864517,62.266464120451616,52.94404215316919,97.43514111722348,36.42020909096218,"[0.07044410413476264, 0.9906716417910447, 0.9941245593419507, 0.9736263736263736, 0.9600515463917526, 0.08827238335435057, 0.9777777777777777, 0.9964381121994658, 0.14403553299492386, 0.05725403001667593, 0.06918238993710692, 0.9275720164609054, 0.09301181102362205, 0.06970362239297476]","[0.9973262032085561, 0.99800796812749, 0.9934883720930232, 0.972972972972973, 0.9880694143167028, 0.9699331848552338, 0.9637860082304527, 0.9974025974025974, 0.9855072463768116, 0.9895104895104895, 0.9645776566757494, 0.9807692307692307, 0.947452229299363, 0.8921161825726142]","[0.035934868051656375, 0.9953434225844005, 0.9973285841495992, 0.9855832241153342, 0.042437431991294884, 0.04326923076923077, 0.9723404255319149, 0.4387380777696258, 0.045454545454545456, 0.045402298850574715, 0.03499406880189798, 0.049491825011047284, 0.04830917874396135]",47.05595784683081,2.5648588827765195,63.57979090903782,21.35212564468384,7.704134464263916,4.899367332458496,8.748623847961426,268404.4921875,87318.15625,120221.921875,60864.4140625,268383.140625,87310.453125,120217.0234375,60855.6640625,,COMPLETE,False,21.35212564468384,268383.140625,
pareto_mean,85,,2026-10-07 02:19:09.351135,2026-10-07 02:21:47.390933,0 days 00:02:38.039798,0.6,0.0030764844178459,0.0111439236676521,,,,118.3316887701392,60.55610374328693,45.44133495014055,93.1967898584608,43.03018642125945,"[0.07179781734635267, 0.06370875995449374, 0.9776733254994124, 0.9704918032786886, 0.06655192197360872, 0.08354324097397145, 0.9788806758183738, 0.9964381121994658, 0.1447014523937601, 0.05626034197462769, 0.4561781609195402, 0.9539473684210527, 0.4827586206896552, 0.058855291576673865]","[0.9973262032085561, 0.99800796812749, 0.9953488372093023, 0.9669117647058824, 0.9880694143167028, 0.9821627647714605, 0.9761316872427983, 0.9974025974025974, 0.5644222776392352, 0.9906759906759907, 0.9773960216998192, 0.9875, 0.7037037037037037, 0.9224913494809689]","[0.04380403458213256, 0.9953434225844005, 0.9973285841495992, 0.9842726081258192, 0.04300489929232444, 0.04371002132196162, 0.975609756097561, 0.4364963503649635, 0.043789097408400354, 0.05847607796810396, 0.0637920850561134, 0.8678071539657853, 0.040490143846563666]",54.55866504985945,6.8032101415392106,56.96981357874055,20.79604721069336,7.336428165435791,5.073913097381592,8.385705947875977,264509.9453125,85946.921875,118916.390625,59646.6328125,264489.15234375,85939.5859375,118911.3203125,59638.24609375,,COMPLETE,False,20.79604721069336,264489.15234375,
pareto_mean,86,,2026-10-07 02:21:47.397684,2026-10-07 02:24:50.064619,0 days 00:03:02.666935,0.1,0.0010916800753167,0.0001024997084821,,,,175.9162959393268,41.36123468689106,33.819096762065044,51.82836645937067,38.43624083923747,"[0.19283919597989949, 0.360377358490566, 0.7854821235102926, 0.7784926470588235, 0.09871495327102804, 0.09681528662420383, 0.1507293354943274, 0.9946571682991986, 0.11401172083111348, 0.12878787878787878, 0.48201438848920863, 0.1110586011342155, 0.08079409048938135, 0.35989879822896903]","[0.9973262032085561, 0.39949748743718594, 0.48565573770491804, 0.14569125852448853, 0.7953736654804271, 0.1820931639443436, 0.24322860238353197, 0.993514915693904, 0.18029850746268658, 0.969732246798603, 0.46321525885558584, 0.8976868327402135, 0.3008225616921269, 0.2018348623853211]","[0.07378640776699029, 0.9790940766550522, 0.9973285841495992, 0.9572538860103627, 0.10718358038768529, 0.10824742268041238, 0.3182397959183674, 0.5018315018315018, 0.10652275926794932, 0.22613065326633167, 0.1925925925925926, 0.10068337129840546, 0.32781667727562064]",66.18090323793496,48.17163354062933,61.56375916076253,25.24915885925293,9.398378372192385,7.4960784912109375,8.35470199584961,23675.71240234375,7990.8232421875,10251.9052734375,5432.98388671875,23650.46337890625,7981.4248046875,10244.4091796875,5424.62939453125,,COMPLETE,False,25.24915885925293,23650.46337890625,
pareto_mean,87,,2026-10-07 02:24:50.077618,2026-10-07 02:27:25.045546,0 days 00:02:34.967928,0.7000000000000001,0.0042397458796484,0.0168036602448272,,,,97.13817006874233,67.62060997708589,62.24002483637376,98.15166522887996,42.47013986600396,"[0.07430875576036866, 0.9547920433996383, 0.9905992949471211, 0.9746974697469747, 0.8622908622908623, 0.9076607387140903, 0.985200845665962, 0.9964381121994658, 0.1468354430379747, 0.05611111111111111, 0.42618384401114207, 0.9555555555555556, 0.32130777903043967, 0.061621621621621624]","[0.9973262032085561, 0.99800796812749, 0.9953488372093023, 0.9742014742014742, 0.9880694143167028, 0.9821627647714605, 0.9761316872427983, 0.9974025974025974, 0.989648033126294, 0.9906759906759907, 0.9791099000908265, 0.9884615384615385, 0.9594272076372315, 0.9252595155709342]","[0.03323943661971831, 0.9953434225844005, 0.9973285841495992, 0.9842726081258192, 0.041916167664670656, 0.03987240829346093, 0.9786096256684492, 0.42062911485003657, 0.050314465408805034, 0.04074505238649592, 0.03742690058479532, 0.8592420726991493, 0.04217832354511479]",37.75997516362624,1.8483347711200369,57.52986013399604,19.828264236450195,7.317429065704346,4.12268590927124,8.38814926147461,286918.28515625,94876.5859375,126991.953125,65049.74609375,286898.453125,94869.265625,126987.828125,65041.359375,,COMPLETE,False,19.828264236450195,286898.453125,
pareto_mean,88,,2026-10-07 02:27:25.057555,2026-10-07 02:29:53.780306,0 days 00:02:28.722751,0.6,0.0035528250103334,0.0380540915445876,,,,102.225788588738,65.92473713708733,57.03664278620472,98.12315922758243,42.61440939747485,"[0.07290470723306544, 0.0702054794520548, 0.9917743830787309, 0.9790055248618784, 0.8651399491094147, 0.913013698630137, 0.9830687830687831, 0.9964381121994658, 0.14824120603015076, 0.050558108995403805, 0.42409470752089135, 0.9522633744855967, 0.4818181818181818, 0.05660377358490566]","[0.9973262032085561, 0.99800796812749, 0.9944186046511628, 0.9668711656441717, 0.9880694143167028, 0.9832775919732442, 0.9761316872427983, 0.9974025974025974, 0.9886128364389234, 0.9906759906759907, 0.9809437386569873, 0.9884615384615385, 0.9617834394904459, 0.9252595155709342]","[0.033314511575381144, 0.9953434225844005, 0.9973285841495992, 0.9855832241153342, 0.04246053347849755, 0.040498442367601244, 0.9828877005347594, 0.4298181818181818, 0.048660714285714286, 0.04013961605584642, 0.051222351571594875, 0.8504601226993865, 0.04215581643543223]",42.96335721379528,1.876840772417552,57.38559060252516,19.8145718574524,7.90838623046875,3.549767017364502,8.35641860961914,339162.0625,115770.515625,145317.109375,78074.4375,339142.25,115762.609375,145313.5625,78066.078125,,COMPLETE,False,19.8145718574524,339142.25,
pareto_mean,89,,2026-10-07 02:29:53.788383,2026-10-07 02:32:56.645260,0 days 00:03:02.856877,0.6,0.0053342587576078,0.0005139124808724,,,,161.9634124056424,46.012195864785866,37.77978643521082,69.81497886555134,30.44182229359544,"[0.07002314814814815, 0.14876507754164273, 0.9847238542890717, 0.8290598290598291, 0.05759162303664921, 0.06737760542898691, 0.9034825870646767, 0.9955476402493322, 0.10212765957446808, 0.05229517722254503, 0.5, 0.4074754901960784, 0.08600095556617296, 0.08469945355191257]","[0.9973262032085561, 0.9940239043824701, 0.9841860465116279, 0.9471744471744472, 0.809437386569873, 0.2868913857677903, 0.19763860369609856, 0.9974025974025974, 0.9597107438016529, 0.9790209790209791, 0.20632603406326033, 0.9695238095238096, 0.2787682333873582, 0.16666666666666666]","[0.034266133637921185, 0.9906868451688009, 0.9973285841495992, 0.9803664921465969, 0.04312227074235808, 0.046511627906976744, 0.0548436699128652, 0.4962574850299401, 0.04112650871703174, 0.06510263929618769, 0.04394942805538832, 0.04814487632508834, 0.11573033707865168]",62.22021356478918,30.18502113444866,69.55817770640456,22.340269565582275,7.527928352355957,6.956000328063965,7.8563408851623535,3523.3132934570312,959.8883056640624,1894.608642578125,668.8163452148438,3500.972961425781,952.3603515625,1887.652587890625,660.9600219726562,,COMPLETE,False,22.340269565582275,3500.972961425781,
pareto_mean,90,,2026-10-07 02:32:56.655097,2026-10-07 02:36:08.243258,0 days 00:03:11.588161,0.5,0.000138532818404,0.0001429266959044,,,,162.52400590237,45.82533136587667,40.65422500707898,51.842158184939095,44.97961090561192,"[0.2581913499344692, 0.29209183673469385, 0.2977667493796526, 0.8048048048048048, 0.28419452887537994, 0.5016987542468856, 0.3206831119544592, 0.9946571682991986, 0.282798833819242, 0.24130273871206515, 0.4311050477489768, 0.45286506469500926, 0.2590425531914894, 0.2703889585947302]","[0.9973262032085561, 0.5691847419596111, 0.3, 0.2542901716068643, 0.3673064195896757, 0.2958776595744681, 0.5837765957446809, 0.9743260590500642, 0.267632241813602, 0.7462082912032356, 0.2712700369913687, 0.7726550079491256, 0.43335325762104004, 0.42469545957918053]","[0.21877156659765357, 0.8734321550741163, 0.9973285841495992, 0.6133682830930537, 0.32200886262924666, 0.289544235924933, 0.3399871216999356, 0.4201388888888889, 0.4585870889159562, 0.27643908969210174, 0.3102362204724409, 0.4644487932159165, 0.263058527375708]",59.34577499292102,48.157841815060905,55.02038909438808,45.21073722839356,18.5131950378418,13.718935012817385,12.978607177734377,19196.5302734375,6567.224609375,8256.9072265625,4372.3984375,19151.31982421875,6548.71142578125,8243.1884765625,4359.419921875,,COMPLETE,False,45.21073722839356,19151.31982421875,
pareto_mean,91,,2026-10-07 02:36:08.271217,2026-10-07 02:38:44.271237,0 days 00:02:36.000020,0.6,0.0042468563816809,0.0012510477522742,,,,140.263994413085,53.245335195638326,47.45876793292019,82.21780617017544,30.05943148381938,"[0.07390300230946882, 0.0660968660968661, 0.9882491186839013, 0.9075025693730729, 0.8560700876095119, 0.06935215946843853, 0.9574247144340602, 0.9955476402493322, 0.1035953686776356, 0.055862831858407076, 0.4788011695906433, 0.9343724364232978, 0.0884652981427175, 0.06898424769147203]","[0.9973262032085561, 0.9970119521912351, 0.9925581395348837, 0.961916461916462, 0.9795258620689655, 0.9535398230088495, 0.9292763157894737, 0.9974025974025974, 0.9659090909090909, 0.986013986013986, 0.24816176470588236, 0.9827089337175793, 0.2959738846572361, 0.22316784869976358]","[0.03317811408614668, 0.9953434225844005, 0.9973285841495992, 0.9842726081258192, 0.044021739130434785, 0.04148936170212766, 0.05325140809011777, 0.47651006711409394, 0.04055258467023173, 0.06286721504112809, 0.05132743362831858, 0.0422177009155646, 0.08536585365853659]",52.54123206707981,17.782193829824564,69.94056851618062,22.71851587295532,8.39857006072998,6.383907794952393,7.936038017272949,5541.6055908203125,2290.717529296875,1323.8370361328125,1927.051025390625,5518.886962890625,2282.31884765625,1317.453125,1919.114990234375,,COMPLETE,False,22.71851587295532,5518.886962890625,
pareto_mean,92,,2026-10-07 02:38:44.279556,2026-10-07 02:41:28.356298,0 days 00:02:44.076742,0.7000000000000001,0.0094615870774202,0.000199378264348,,,,197.9669720464444,34.01100931785189,29.867568547902003,55.488351181643225,16.677108224010432,"[0.06303580433686334, 0.44542372881355935, 0.9788484136310224, 0.33204384268214054, 0.06314580941446613, 0.04625850340136054, 0.8288621646623496, 0.9902048085485308, 0.10121212121212121, 0.05555555555555555, 0.06761391474767271, 0.06495882891125343, 0.06803401700850426, 0.07626208378088077]","[0.9973262032085561, 0.9840637450199203, 0.974907063197026, 0.16560509554140126, 0.764808362369338, 0.2148708254568368, 0.14383561643835616, 0.9961038961038962, 0.1690694626474443, 0.9662398137369034, 0.23706070287539935, 0.8869955156950673, 0.16470009832841692, 0.10278276481149012]","[0.0380859375, 0.9837209302325581, 0.15502055196711687, 0.05593220338983051, 0.0446866485013624, 0.053007135575942915, 0.05333333333333334, 0.4901812688821752, 0.03959074733096085, 0.042948345908299476, 0.04550970873786408, 0.04902826855123675, 0.11697898921067575]",70.13243145209799,44.511648818356775,83.32289177598958,24.01343011856079,7.897528171539307,7.643937110900879,8.471964836120605,14869.39990234375,5137.56591796875,6473.70458984375,3258.12939453125,14845.386474609377,5129.66845703125,6466.060546875,3249.657470703125,,COMPLETE,False,24.01343011856079,14845.386474609377,
pareto_mean,93,,2026-10-07 02:41:28.371185,2026-10-07 02:44:18.611789,0 days 00:02:50.240604,0.8,0.0057827007990812,0.0294070571333075,,,,99.31158142030615,66.89613952656461,59.50252154973796,98.01494825368384,43.170948776272034,"[0.07482598607888631, 0.9888059701492538, 0.9917743830787309, 0.9789823008849557, 0.8708010335917312, 0.884404924760602, 0.9798728813559322, 0.9964381121994658, 0.14638783269961977, 0.13071895424836602, 0.06758304696449026, 0.9572016460905349, 0.19916796671866874, 0.0633879781420765]","[0.9973262032085561, 0.99800796812749, 0.9953488372093023, 0.9778869778869779, 0.9880694143167028, 0.9810479375696767, 0.974485596707819, 0.9974025974025974, 0.9906832298136646, 0.9906759906759907, 0.9791099000908265, 0.9826923076923076, 0.9537848605577689, 0.9155709342560554]","[0.029545454545454545, 0.9953434225844005, 0.9973285841495992, 0.9855832241153342, 0.04141689373297003, 0.04215581643543223, 0.9733191035218783, 0.43446244477172313, 0.9380603096984516, 0.041617819460726846, 0.03697078115682767, 0.049845610939567714, 0.046573875802997856]",40.49747845026204,1.9850517463161736,56.829051223727966,20.177653789520264,7.6853108406066895,3.996898651123047,8.495444297790527,320651.1953125,108552.4765625,139006.859375,73091.859375,320631.015625,108544.7890625,139002.859375,73083.3671875,,COMPLETE,False,20.177653789520264,320631.015625,
pareto_mean,94,,2026-10-07 02:44:18.621115,2026-10-07 02:47:08.303186,0 days 00:02:49.682071,0.7000000000000001,0.0027709903637224,0.0038899973193193,,,,132.97721715305667,55.67426094898111,42.24250931943065,87.76644412808562,37.01382939942706,"[0.0718803910293272, 0.06352807714123652, 0.9847417840375586, 0.9537136706135629, 0.07352096496266514, 0.07666527021365731, 0.9789251844046365, 0.9964381121994658, 0.13130765056972327, 0.05518763796909492, 0.44787922358015814, 0.9491386382280558, 0.07058217413704276, 0.060442525634106854]","[0.9973262032085561, 0.99800796812749, 0.9934883720930232, 0.9681372549019608, 0.9891540130151844, 0.9744444444444444, 0.9728395061728395, 0.9974025974025974, 0.5668316831683168, 0.9883449883449883, 0.2711550339715874, 0.9846301633045149, 0.6748133061778683, 0.9107266435986159]","[0.043478260869565216, 0.9953434225844005, 0.9973285841495992, 0.9829619921363041, 0.042483660130718956, 0.06213176218532405, 0.9356486210418795, 0.4455223880597015, 0.044702726866338846, 0.07785153892576946, 0.06539833531510107, 0.06645735217163788, 0.05248917748917749]",57.75749068056935,12.233555871914376,62.98617060057294,22.81016445159912,7.997531414031982,6.022341251373291,8.790291786193848,87968.427734375,29798.216796875,37194.140625,20976.0703125,87945.615234375,29790.21875,37188.1171875,20967.279296875,,COMPLETE,False,22.81016445159912,87945.615234375,
pareto_mean,95,,2026-10-07 02:47:08.311746,2026-10-07 02:49:42.214754,0 days 00:02:33.903008,0.8,0.0068356364480154,0.0008854491721536,,,,132.84717776774602,55.71760741075133,48.69612530241976,81.64041049404221,36.81628643579202,"[0.06777645659928656, 0.928379588182632, 0.9847238542890717, 0.2496790757381258, 0.9124839124839125, 0.06482320942883046, 0.9332648870636551, 0.9955476402493322, 0.10261080752884032, 0.053126729385722195, 0.4822222222222222, 0.8989317995069844, 0.07377866400797607, 0.07010869565217391]","[0.9973262032085561, 0.9940239043824701, 0.9888372093023255, 0.9606879606879607, 0.9795258620689655, 0.9370165745856354, 0.2659748771163299, 0.9961038961038962, 0.96794208893485, 0.9848484848484849, 0.9421338155515371, 0.970334928229665, 0.28, 0.1649016641452345]","[0.031286210892236384, 0.9918509895227008, 0.9973285841495992, 0.9803407601572739, 0.042934782608695654, 0.052445789208270296, 0.9597457627118644, 0.46787603930461075, 0.040979955456570155, 0.04247787610619469, 0.04509921828021648, 0.04962339388568897, 0.08412787436904094]",51.30387469758024,18.359589505957786,63.18371356420798,21.65070390701294,7.2551116943359375,6.159979343414307,8.235612869262695,5028.949096679688,1329.0748291015625,2782.51806640625,917.356201171875,5007.298461914063,1321.8197021484375,2776.358154296875,909.12060546875,,COMPLETE,False,21.65070390701294,5007.298461914063,
pareto_mean,96,,2026-10-07 02:49:42.225593,2026-10-07 02:52:27.541662,0 days 00:02:45.316069,0.8,0.0111745189280169,0.0004224685902228,,,,173.30724291708168,42.23091902763944,34.39907495339233,62.334419361863965,29.95926276766201,"[0.07139214686384497, 0.9489981785063752, 0.9858989424206815, 0.4061841180604357, 0.056, 0.045348293595137916, 0.8993020937188435, 0.9919857524487978, 0.10012135922330097, 0.051347881899871634, 0.0641842234198922, 0.06064751481988144, 0.06322711178553364, 0.07123287671232877]","[0.9973262032085561, 0.9880478087649402, 0.9786046511627907, 0.23377638780297108, 0.7837354781054513, 0.27157190635451506, 0.1415041782729805, 0.9974025974025974, 0.9555785123966942, 0.9685314685314685, 0.20696617869762746, 0.9449715370018975, 0.1734189723320158, 0.08538283062645012]","[0.03974793989335919, 0.9883585564610011, 0.9973285841495992, 0.981651376146789, 0.042934782608695654, 0.05340050377833753, 0.050230650948231675, 0.4779299847792998, 0.036395916555703504, 0.04895437262357415, 0.05060975609756098, 0.037567968363816116, 0.0895937673900946]",65.60092504660767,37.66558063813604,70.04073723233799,22.861897945404053,7.541524410247803,7.152740478515625,8.167633056640625,5072.45947265625,1536.334716796875,2581.979736328125,954.14501953125,5049.597534179688,1528.793212890625,2574.826904296875,945.9774169921876,,COMPLETE,False,22.861897945404053,5049.597534179688,
pareto_mean,97,,2026-10-07 02:52:27.550040,2026-10-07 02:55:00.312948,0 days 00:02:32.762908,0.9,0.0036233023546448,0.0003592027004355,,,,169.13844635621547,43.62051788126151,40.38518185487576,61.59232512256069,28.88404666634808,"[0.07394366197183098, 0.5872905027932961, 0.8883666274970623, 0.8244274809160306, 0.06682161533991865, 0.07577174929840973, 0.9290780141843972, 0.993766696349065, 0.10753341433778858, 0.05373961218836565, 0.4435240963855422, 0.4237392373923739, 0.0662839248434238, 0.11963882618510158]","[0.9973262032085561, 0.9940239043824701, 0.986046511627907, 0.18081659105638367, 0.7688311688311689, 0.2570307390451275, 0.2869806094182826, 0.9961038961038962, 0.5639097744360902, 0.9825174825174825, 0.1973051010587103, 0.9605633802816902, 0.27075812274368233, 0.18071203244704823]","[0.02737110120942075, 0.8790697674418605, 0.9973285841495992, 0.8269986893840104, 0.03822372119168072, 0.047128927410617555, 0.05735140771637122, 0.3955056179775281, 0.04032258064516129, 0.06467358145210494, 0.052733118971061095, 0.042214912280701754, 0.28600405679513186]",59.61481814512424,38.40767487743931,71.11595333365193,22.69765520095825,7.742824554443359,7.231862545013428,7.722968101501465,6880.991943359375,2192.784423828125,3319.7880859375,1368.41943359375,6858.2940673828125,2185.04150390625,3312.55615234375,1360.6964111328125,,COMPLETE,False,22.69765520095825,6858.2940673828125,
pareto_mean,98,,2026-10-07 02:55:00.324788,2026-10-07 02:57:47.214494,0 days 00:02:46.889706,0.9,0.0157032253442544,0.0014513765899827,,,,172.8589986755665,42.38033377481116,33.490832488079704,67.4731476889338,26.17702114741998,"[0.06513994910941476, 0.9832089552238806, 0.9870740305522914, 0.21497740477727567, 0.054857142857142854, 0.041879944160074456, 0.9558359621451105, 0.9919857524487978, 0.09393939393939393, 0.052734375, 0.06777713957495692, 0.04788306451612903, 0.06277244986922406, 0.06865098415746519]","[0.9973262032085561, 0.2908863920099875, 0.9795348837209302, 0.22783825816485226, 0.9794372294372294, 0.9043956043956044, 0.11813186813186813, 0.9974025974025974, 0.9596273291925466, 0.9615384615384616, 0.8896925858951176, 0.9282296650717703, 0.1599009900990099, 0.052298608182201604]","[0.029411764705882353, 0.9883585564610011, 0.9973285841495992, 0.9855832241153342, 0.03653949489521763, 0.05365355135411344, 0.0519280205655527, 0.04816955684007707, 0.03455608718766613, 0.04321988114532685, 0.046090108751942, 0.03968253968253968, 0.04849137931034483]",66.5091675119203,32.52685231106619,73.82297885258002,22.23041343688965,7.306727886199951,7.254292964935303,7.669392585754394,6987.390441894531,3514.556884765625,903.5444946289062,2569.2890625,6965.160095214844,3507.250244140625,896.2902221679688,2561.61962890625,,COMPLETE,False,22.23041343688965,6965.160095214844,
pareto_mean,99,,2026-10-07 02:57:47.222563,2026-10-07 02:59:57.892157,0 days 00:02:10.669594,0.9,0.0054074058066749,0.0009738962593801,,,,142.62121854726644,52.459593817577854,46.74447478960816,81.66708274413502,28.96722391899039,"[0.06926658905704307, 0.8838427947598253, 0.972972972972973, 0.8727634194831014, 0.061011040092969204, 0.0735632183908046, 0.9475308641975309, 0.9946571682991986, 0.10139647844565877, 0.05472636815920398, 0.46797287113790503, 0.909688013136289, 0.06577540106951872, 0.06905927134312126]","[0.9973262032085561, 0.9960159362549801, 0.9925581395348837, 0.9606879606879607, 0.9837837837837838, 0.9456762749445676, 0.905505341002465, 0.9961038961038962, 0.9730848861283644, 0.986013986013986, 0.25385089340727046, 0.975071907957814, 0.29150892374256354, 0.17620345140781107]","[0.02751196172248804, 0.9743888242142026, 0.9973285841495992, 0.9515072083879423, 0.042810098792535674, 0.050308008213552365, 0.05489994869163674, 0.41654135338345866, 0.04107142857142857, 0.045229244114002476, 0.046894803548795945, 0.04362801377726751, 0.0736196319018405]",53.25552521039184,18.332917255864984,71.03277608100962,21.458165645599365,7.113803863525391,6.321402072906494,8.02295970916748,5066.9739990234375,1578.9462890625,2361.996826171875,1126.0308837890625,5045.5159912109375,1571.83251953125,2355.675537109375,1118.0079345703125,,COMPLETE,False,21.458165645599365,5045.5159912109375,
pareto_sum,0,,2026-10-06 23:05:16.361668,2026-10-06 23:11:12.293914,0 days 00:05:55.932246,0.8,0.003,0.007,,,,121.50651815768695,59.49782728077101,47.84313144340754,88.29922032297333,42.35113007593216,"[0.07179781734635267, 0.06370875995449374, 0.9670975323149236, 0.9641693811074918, 0.8278481012658228, 0.08305369127516779, 0.9820485744456178, 0.9964381121994658, 0.12731229597388466, 0.08579088471849866, 0.4335965541995693, 0.953125, 0.08157653528872594, 0.06047516198704104]","[0.9973262032085561, 0.99800796812749, 0.9953488372093023, 0.9596083231334149, 0.9880694143167028, 0.9777530589543938, 0.9786008230452675, 0.9974025974025974, 0.5685785536159601, 0.9895104895104895, 0.29356652092442226, 0.9865384615384616, 0.703551912568306, 0.9280276816608997]","[0.04021937842778794, 0.9941792782305006, 0.9973285841495992, 0.9842726081258192, 0.041916167664670656, 0.05447680690399137, 0.9402677651905252, 0.43820224719101125, 0.040625, 0.041742286751361164, 0.0626865671641791, 0.829153605015674, 0.0405766150560598]",52.15686855659246,11.700779677026674,57.64886992406784,310.62317657470703,120.22801971435548,81.22879028320312,109.16636657714844,219385.54296875,69829.46875,99138.015625,50418.05859375,219074.921875,69709.2421875,99056.7890625,50308.890625,"{'wh_learning_rate': 0.007, 'sv_learning_rate': 0.003, 'centroid_momentum': 0.8}",COMPLETE,False,310.62317657470703,219074.921875,
pareto_sum,1,,2026-10-06 23:05:16.361772,2026-10-06 23:11:13.940160,0 days 00:05:57.578388,0.7000000000000001,0.0711447600934342,0.0010253509690168,,,,263.65243052670235,12.115856491099224,4.590362236465436,14.343377158430712,17.41383007840152,"[0.02874251497005988, 0.04272683629380701, 0.10448642266824085, 0.027482823235477825, 0.043132803632236094, 0.039180765805877114, 0.034482758620689655, 0.11378923766816143, 0.03115814226925338, 0.04371584699453552, 0.0466704610130905, 0.03003625064733299, 0.02935514918190568, 0.027690700104493208]","[0.5092067988668555, 0.048268625393494226, 0.05552645364064956, 0.05120481927710843, 0.02792022792022792, 0.03349282296650718, 0.0342562177381511, 0.9831168831168832, 0.030321406913280776, 0.0936849410131853, 0.03506907545164718, 0.03453453453453453, 0.03162260238465526, 0.03984739296311997]","[0.034760705289672546, 0.03801546391752577, 0.9715048975957258, 0.9569190600522193, 0.025957170668397145, 0.008866995073891626, 0.02949208083014746, 0.04061416542842992, 0.03442879499217527, 0.028504944735311226, 0.0266497461928934, 0.02960361264425489, 0.038480272771553824]",95.40963776353456,85.65662284156929,82.58616992159848,371.5102462768554,127.8881378173828,123.36248779296876,120.2596206665039,5604.578125,1930.2843017578125,2259.96728515625,1414.3265380859375,5233.0677490234375,1802.3961181640625,2136.604736328125,1294.06689453125,,COMPLETE,False,371.5102462768554,5233.0677490234375,
pareto_sum,2,,2026-10-06 23:05:16.362206,2026-10-06 23:12:21.780720,0 days 00:07:05.418514,0.2,0.0002938027938703,0.0041282053438262,,,,144.7308513799049,51.75638287336503,46.221171821730856,60.59408355384025,48.45389324452399,"[0.26072386058981234, 0.289490245437382, 0.3170926517571885, 0.8494167550371156, 0.4665461121157324, 0.6892405063291139, 0.37178642056690836, 0.9955476402493322, 0.31005221932114885, 0.26881720430107525, 0.4038199181446112, 0.6664290805416964, 0.33583815028901737, 0.2461632903621854]","[0.9973262032085561, 0.921645445641528, 0.2610271903323263, 0.27016520894071916, 0.7230443974630021, 0.19607843137254902, 0.750375939849624, 0.9922077922077922, 0.23003003003003003, 0.8845714285714286, 0.19727891156462585, 0.7849720223820943, 0.6306306306306306, 0.643818065342729]","[0.22924901185770752, 0.8677494199535963, 0.9973285841495992, 0.662962962962963, 0.47116237799467614, 0.2729641693811075, 0.39645776566757496, 0.3913337846987136, 0.656758669497523, 0.2782204515272244, 0.278778386844166, 0.5617897727272727, 0.2342507645259939]",53.77882817826914,39.40591644615975,51.54610675547601,702.6828918457031,327.4472045898437,141.735595703125,233.5000915527344,99768.150390625,33651.28515625,42485.140625,23631.724609375,99065.470703125,33323.83984375,42343.40625,23398.224609375,,COMPLETE,False,702.6828918457031,99065.470703125,
pareto_sum,3,,2026-10-06 23:05:16.362437,2026-10-06 23:12:21.789346,0 days 00:07:05.426909,0.6,0.0396760507705299,0.000143471595172,,,,262.722419406747,12.425860197750994,6.853520374483581,19.93553477562284,10.488525443146566,"[0.05527638190954774, 0.06143344709897611, 0.05480195333695062, 0.03715170278637771, 0.04793289394847214, 0.04125816993464052, 0.049586776859504134, 0.2955696202531646, 0.0491504854368932, 0.04676489429852659, 0.07684319833852545, 0.03911735205616851, 0.03861342694164107, 0.06599254922831294]","[0.9901960784313726, 0.09005235602094241, 0.15021199273167776, 0.07624633431085044, 0.10771793448084398, 0.0336644591611479, 0.041589648798521256, 0.9857697283311773, 0.05827886710239651, 0.07869040781160253, 0.05315947843530592, 0.030801911842804036, 0.053230209281164696, 0.04136546184738956]","[0.03201970443349754, 0.048728813559322036, 0.8920552677029361, 0.04230118443316413, 0.034519956850053934, 0.04602510460251046, 0.047968021319120584, 0.045318725099601595, 0.040806969280146724, 0.03190883190883191, 0.031610942249240125, 0.03213610586011342, 0.038108680310515175]",93.14647962551642,80.06446522437716,89.51147455685343,371.9053955078125,126.0,128.9053955078125,117.0,19489.75244140625,6658.3359375,8366.3515625,4465.06494140625,19117.84716796875,6532.3359375,8237.4462890625,4348.06494140625,,COMPLETE,False,371.9053955078125,19117.84716796875,
pareto_sum,4,,2026-10-06 23:05:16.362651,2026-10-06 23:15:02.230173,0 days 00:09:45.867522,0.9,0.0001152798712823,0.0081482932101052,,,,157.8584928005523,47.380502399815896,46.221700574215205,56.08022742901929,39.8395791962132,"[0.26479750778816197, 0.29582448690728946, 0.32784958871915393, 0.605524861878453, 0.35058214747736094, 0.6546426185704742, 0.6383616383616384, 0.9367764915405165, 0.2933709449929478, 0.327683615819209, 0.37163636363636365, 0.6683046683046683, 0.4899845916795069, 0.24569855471438404]","[0.8522727272727273, 0.7086330935251799, 0.30942334739803096, 0.26994359387590655, 0.6849056603773584, 0.5852534562211982, 0.76640625, 0.5050732807215332, 0.2903448275862069, 0.7631862217438106, 0.2586094866796621, 0.6206156048675734, 0.5981830887491265, 0.6383812010443864]","[0.24089852827265684, 0.5075669383003493, 0.6322350845948352, 0.44692005242463956, 0.4504283965728274, 0.31378600823045266, 0.47644539614561027, 0.3520912547528517, 0.5543744889615699, 0.25245653817082386, 0.27039413382218147, 0.45569620253164556, 0.22585227272727273]",53.7782994257848,43.91977257098071,60.1604208037868,607.2367248535156,161.93658447265625,328.3001403808594,117.0,243012.01171875,75600.578125,112569.5703125,54841.86328125,242404.77734375,75438.640625,112241.2734375,54724.86328125,,COMPLETE,False,607.2367248535156,242404.77734375,
pareto_sum,5,,2026-10-06 23:05:16.362856,2026-10-06 23:15:12.652267,0 days 00:09:56.289411,0.2,0.0004335281794951,0.0176497158481757,,,,127.9432996649343,57.3522334450219,51.406159693459344,68.17872051148885,52.47182013011751,"[0.28561872909699, 0.3076923076923077, 0.3295081967213115, 0.8468085106382979, 0.3840889649272883, 0.7917771883289124, 0.6208053691275168, 0.9919857524487978, 0.32243589743589746, 0.28095975232198145, 0.37037037037037035, 0.8424, 0.5618915159944368, 0.26051980198019803]","[0.9973262032085561, 0.9207920792079208, 0.31432274789371356, 0.2338387869114126, 0.797427652733119, 0.7700312174817898, 0.9056910569105691, 0.84688995215311, 0.2586999343401182, 0.9580908032596042, 0.25180288461538464, 0.7665130568356375, 0.7394957983193278, 0.7840986977381769]","[0.24277067921990586, 0.8767441860465116, 0.9982190560997328, 0.6582278481012658, 0.6590673575129534, 0.2645939086294416, 0.4796747967479675, 0.35102853351028535, 0.847068145800317, 0.2767253044654939, 0.24892703862660945, 0.683933933933934, 0.2343558282208589]",48.593840306540656,31.821279488511152,47.52817986988249,626.6975021362305,331.5074157714844,127.6679916381836,167.5220947265625,290025.640625,96273.375,128080.265625,65672.0,289398.94140625,95941.8671875,127952.59375,65504.48046875,,COMPLETE,False,626.6975021362305,289398.94140625,
pareto_sum,6,,2026-10-06 23:05:16.363069,2026-10-06 23:15:12.668039,0 days 00:09:56.304970,0.5,0.0008179499475211,0.0003126102910311,,,,175.9616258455761,41.3461247181413,30.971564220987712,54.01831509982939,39.04849483360682,"[0.21702944942381563, 0.3242730720606827, 0.28841786525359575, 0.8391472868217055, 0.1022196261682243, 0.1111111111111111, 0.1437837837837838, 0.9964381121994658, 0.1134185303514377, 0.2240398293029872, 0.46771879483500717, 0.12855787476280836, 0.09537037037037037, 0.2844932844932845]","[0.9973262032085561, 0.9742828882294757, 0.21818181818181817, 0.13801601971657423, 0.9475341028331584, 0.19123020706455543, 0.2784880489160645, 0.9961038961038962, 0.15988200589970503, 0.9696969696969697, 0.21539379474940334, 0.9202898550724637, 0.33668341708542715, 0.21945488721804512]","[0.15071151358344115, 0.967816091954023, 0.9973285841495992, 0.8888888888888888, 0.1163895486935867, 0.13846153846153847, 0.14324178782983307, 0.48424908424908425, 0.14836223506743737, 0.23245331616226658, 0.2491605104096709, 0.27835616438356164, 0.28088506453595574]",69.02843577901228,45.98168490017061,60.95150516639318,383.890022277832,168.43711853027344,102.32427978515624,113.12862396240234,9102.57275390625,3033.741455078125,4180.52685546875,1888.304443359375,8718.6826171875,2865.304443359375,4078.202392578125,1775.17578125,,COMPLETE,False,383.890022277832,8718.6826171875,
pareto_sum,7,,2026-10-06 23:05:16.363270,2026-10-06 23:16:50.564029,0 days 00:11:34.200759,0.6,0.0007476312062252,0.00146489551328,,,,160.63282959310664,46.455723468964464,32.531042582571345,63.73995365938544,43.09617416493659,"[0.24334847501622323, 0.22044917257683216, 0.3290529695024077, 0.8964803312629399, 0.1011764705882353, 0.22237442922374429, 0.11442516268980477, 0.9964381121994658, 0.29120198265179675, 0.24629080118694363, 0.45526127415891193, 0.14732787674530573, 0.08669724770642202, 0.20382165605095542]","[0.9973262032085561, 0.9930348258706467, 0.20198881292728402, 0.23455933379597502, 0.9816414686825053, 0.23037974683544304, 0.8866559485530546, 0.9974025974025974, 0.15533411488862836, 0.9743589743589743, 0.19579193454120397, 0.9550140581068416, 0.8278816199376947, 0.29222387320455673]","[0.1787598944591029, 0.9744483159117305, 0.9973285841495992, 0.7967171717171717, 0.1244047619047619, 0.167828418230563, 0.3230088495575221, 0.45161290322580644, 0.2272032603158431, 0.21940104166666666, 0.26996466431095406, 0.7325842696629213, 0.13924050632911392]",67.46895741742865,36.26004634061456,56.90382583506341,487.53619384765625,192.4169158935547,120.23828125,174.88099670410156,7615.814208984375,3788.728759765625,992.895263671875,2834.190185546875,7128.27783203125,3596.311767578125,872.656982421875,2659.30908203125,,COMPLETE,False,487.53619384765625,7128.27783203125,
pareto_sum,8,,2026-10-06 23:05:16.363469,2026-10-06 23:19:07.353172,0 days 00:13:50.989703,0.4,0.0007523742884534,0.0002379522116387,,,,178.2065799002274,40.5978066999242,31.02163822880518,54.737361548520965,36.03442032244645,"[0.2159744408945687, 0.3125778331257783, 0.2933730454206999, 0.8234732824427481, 0.11229314420803782, 0.12087441063009001, 0.14810690423162584, 0.9964381121994658, 0.12008616047388261, 0.21822033898305085, 0.4668094218415418, 0.13444180522565322, 0.08685555039479796, 0.2935049019607843]","[0.9973262032085561, 0.9616141732283464, 0.360180412371134, 0.12843488649940263, 0.9404388714733543, 0.19383259911894274, 0.26578802855573863, 0.9935064935064936, 0.15985790408525755, 0.9662398137369034, 0.2599643069601428, 0.9159891598915989, 0.3129516397998888, 0.20710612435717626]","[0.09141135107985937, 0.9610983981693364, 0.9973285841495992, 0.47315436241610737, 0.13489208633093525, 0.15876398508257858, 0.1737218251786696, 0.4897360703812317, 0.16522157996146436, 0.2355584082156611, 0.28215488215488216, 0.24586666666666668, 0.27556644213104714]",68.97836177119481,45.26263845147904,63.96557967755356,394.7430419921875,171.0926055908203,112.1041259765625,111.54631042480467,12929.57080078125,4424.2021484375,5743.16650390625,2762.2021484375,12534.82763671875,4253.109375,5631.0625,2650.65576171875,,COMPLETE,False,394.7430419921875,12534.82763671875,
pareto_sum,9,,2026-10-06 23:05:16.363670,2026-10-06 23:19:07.363052,0 days 00:13:50.999382,0.2,0.0226739865237804,0.0017018418817029,,,,204.92529909954152,31.691566966819497,24.760906900177684,44.49204155974459,25.82175244053621,"[0.05808713069604406, 0.9729477611940298, 0.06236323851203501, 0.048921620199894794, 0.05663615560640732, 0.038180341186027617, 0.906832298136646, 0.9821905609973286, 0.07211538461538461, 0.04565916398713826, 0.07184241019698726, 0.0398989898989899, 0.03827519379844961, 0.0725767169995129]","[0.9973262032085561, 0.164804469273743, 0.9525581395348838, 0.14777708202880402, 0.9436170212765957, 0.07295029051000645, 0.0938177874186551, 0.9974025974025974, 0.15544041450777202, 0.9137529137529138, 0.26868327402135234, 0.3971119133574007, 0.07680722891566265, 0.04683648315529992]","[0.02983362019506598, 0.9604190919674039, 0.9964381121994658, 0.981675392670157, 0.03542673107890499, 0.05730223123732252, 0.04734945959855893, 0.047388781431334626, 0.04400538841490795, 0.039978390059427334, 0.02961135101789019, 0.04263736263736264, 0.04476190476190476]",75.23909309982231,55.50795844025541,74.17824755946378,331.1461486816406,108.98031616210938,121.3070068359375,100.85882568359376,11016.599731445312,5377.43408203125,1900.3731689453125,3738.79248046875,10685.453369140623,5268.45361328125,1779.066162109375,3637.93359375,,COMPLETE,False,331.1461486816406,10685.453369140623,
pareto_sum,10,,2026-10-06 23:05:16.363868,2026-10-06 23:20:38.700194,0 days 00:15:22.336326,0.1,0.0059874749104614,0.0024428866967349,,,,123.14673797909296,58.95108734030234,48.34661537425304,86.4678064896077,42.038840157046295,"[0.06673407482305359, 0.07564469914040114, 0.9858989424206815, 0.9332627118644068, 0.9002557544757033, 0.06431535269709543, 0.9411157024793388, 0.9946571682991986, 0.10195360195360195, 0.05567805953693495, 0.45389563974267333, 0.9090909090909091, 0.219248291571754, 0.06677524429967427]","[0.9973262032085561, 0.9960159362549801, 0.986046511627907, 0.9462102689486552, 0.9741379310344828, 0.946843853820598, 0.9259868421052632, 0.9974025974025974, 0.9710444674250258, 0.9825174825174825, 0.9355716878402904, 0.9665391969407265, 0.28672086720867207, 0.19312906220984216]","[0.03350083752093802, 0.9906868451688009, 0.9973285841495992, 0.9855832241153342, 0.041893362350380846, 0.041827187671986794, 0.9722814498933902, 0.449521002210759, 0.041370106761565835, 0.043153049482163405, 0.03468208092485549, 0.785935085007728, 0.047286405158516925]",51.65338462574696,13.532193510392304,57.961159842953705,307.4502487182617,111.64778137207033,86.82855987548828,108.97390747070312,28626.9248046875,10045.1982421875,10130.9423828125,8450.7841796875,28319.4755859375,9933.55078125,10044.1142578125,8341.810546875,,COMPLETE,False,307.4502487182617,28319.4755859375,
pareto_sum,11,,2026-10-06 23:05:16.364076,2026-10-06 23:21:19.723077,0 days 00:16:03.359001,0.1,0.0003247673570627,0.0043625993625605,,,,144.61037348717252,51.796542170942494,45.95618325035532,60.82873073051466,48.60471253195749,"[0.26040268456375837, 0.2842767295597484, 0.3185483870967742, 0.8460721868365181, 0.47093023255813954, 0.6982097186700768, 0.3585155732273029, 0.9955476402493322, 0.31085420680796405, 0.25868725868725867, 0.40054869684499317, 0.6676197283774125, 0.3194523673702225, 0.2442002442002442]","[0.9973262032085561, 0.9349112426035503, 0.25059952038369304, 0.2524271844660194, 0.7300743889479278, 0.2058096415327565, 0.7686453576864536, 0.9948051948051948, 0.22195416164053075, 0.9064665127020786, 0.17060810810810811, 0.7937147461724415, 0.6297056810403833, 0.658974358974359]","[0.2304635761589404, 0.8327526132404182, 0.9973285841495992, 0.7472527472527473, 0.4746059544658494, 0.27145847871598044, 0.3858695652173913, 0.3957909029192125, 0.6397212543554007, 0.2705187130663165, 0.27022900763358776, 0.5714285714285714, 0.23119266055045873]",54.04381674964469,39.17126926948534,51.39528746804251,640.6555862426758,281.0799560546875,127.4584732055664,232.11715698242188,110793.20703125,37147.66796875,47596.234375,26049.3046875,110152.5546875,36866.58984375,47468.77734375,25817.1875,,COMPLETE,False,640.6555862426758,110152.5546875,
pareto_sum,12,,2026-10-06 23:05:16.364277,2026-10-06 23:22:39.486897,0 days 00:17:23.122620,0.8,0.0788671412999049,0.0363926434536779,,,,284.723524935667,5.092158354777671,3.0942583275788715,8.727297296669354,3.4549194400847867,"[0.02916274694261524, 0.027346177750155375, 0.10462776659959759, 0.02877697841726619, 0.022332506203473945, 0.03330161750713606, 0.018469656992084433, 0.029450261780104712, 0.014873140857392825, 0.013793103448275862, 0.04032766225582861, 0.027872582480091012, 0.019888129272840272, 0.02297383535417996]","[0.16181448882870683, 0.03269586674892042, 0.025153374233128835, 0.004914004914004914, 0.004329004329004329, 0.020657995409334353, 0.02465233881163085, 0.8359173126614987, 0.004140786749482402, 0.0034965034965034965, 0.024219247928616953, 0.027794561933534745, 0.030087527352297593, 0.021948608137044967]","[0.011955593509820665, 0.07789678675754626, 0.2526690391459075, 0.002621231979030144, 0.0024479804161566705, 0.014358108108108109, 0.02145922746781116, 0.0243161094224924, 0.006230529595015576, 0.0028116213683223993, 0.013461538461538462, 0.00547302580140735, 0.013438735177865613]",96.90574167242112,91.27270270333064,96.54508055991522,453.45560455322266,120.3116226196289,216.1439819335937,117.0,336308.734375,114591.9140625,144404.484375,77312.3359375,335855.28125,114471.6015625,144188.34375,77195.3359375,,COMPLETE,False,453.45560455322266,335855.28125,
pareto_sum,13,,2026-10-06 23:05:16.364477,2026-10-06 23:22:45.182445,0 days 00:17:28.817968,0.7000000000000001,0.0001963434157293,0.0006639623079859,,,,153.72550880573624,48.75816373142124,43.01818966344255,57.3944040684064,45.8618974624148,"[0.26365475387727577, 0.29260450160771706, 0.30016863406408095, 0.8434959349593496, 0.4297520661157025, 0.5570588235294117, 0.3237364043506078, 0.9955476402493322, 0.3107307439104674, 0.26687354538401864, 0.42699724517906334, 0.4877126654064272, 0.27262931034482757, 0.25158428390367554]","[0.9973262032085561, 0.743073047858942, 0.30103359173126615, 0.2721758908263836, 0.3836265223274696, 0.30264900662251654, 0.6867732558139535, 0.9909208819714657, 0.2719352831362788, 0.8415730337078652, 0.26150121065375304, 0.7993579454253612, 0.587248322147651, 0.5960223741454319]","[0.22254127781765973, 0.8602771362586605, 0.9973285841495992, 0.5923984272608126, 0.36762360446570974, 0.2711081794195251, 0.35079575596816975, 0.42108938547486036, 0.5267857142857143, 0.25781792911744267, 0.3027823240589198, 0.556693489392831, 0.2348048624440179]",56.98181033655745,42.6055959315936,54.138102537585205,681.1675720214844,276.6387939453125,209.38381958007807,195.1449584960937,4357.039611816406,1211.2760009765625,2282.50341796875,863.2601928710938,3675.8720703125,934.63720703125,2073.11962890625,668.115234375,,COMPLETE,False,681.1675720214844,3675.8720703125,
pareto_sum,14,,2026-10-06 23:05:16.364675,2026-10-06 23:26:23.312675,0 days 00:21:06.948000,0.5,0.0002323350351539,0.0015415527060141,,,,150.3710877434803,49.87630408550657,43.87867870179146,58.64406287801034,47.10617067671791,"[0.2642384105960265, 0.2878787878787879, 0.3083956774729842, 0.8507157464212679, 0.39950576606260296, 0.645625, 0.3333333333333333, 0.9964381121994658, 0.3093385214007782, 0.25577812018489987, 0.4208683473389356, 0.5359435173299102, 0.292436974789916, 0.24251870324189526]","[0.9973262032085561, 0.8385321100917431, 0.2999357739242132, 0.2593774940143655, 0.4660471765546819, 0.2326007326007326, 0.7137518684603886, 0.9909208819714657, 0.26779026217228463, 0.8715909090909091, 0.2474596533173939, 0.7962813257881972, 0.6050700466977985, 0.6234843650287173]","[0.2214484679665738, 0.8642691415313225, 0.9973285841495992, 0.6212319790301442, 0.42013311148086524, 0.2837022132796781, 0.3617021276595745, 0.41164241164241167, 0.5805592543275633, 0.27408412483039346, 0.2979559748427673, 0.5416058394160584, 0.24813895781637718]",56.12132129820854,41.35593712198966,52.89382932328209,766.4342041015625,346.3394470214844,208.193115234375,211.90164184570312,8596.360229492188,4422.31396484375,1010.2674560546876,3163.77880859375,7829.925903320312,4075.974365234375,802.0743408203125,2951.877197265625,,COMPLETE,False,766.4342041015625,7829.925903320312,
pareto_sum,15,,2026-10-06 23:26:23.319471,2026-10-06 23:28:20.976220,0 days 00:01:57.656749,0.7000000000000001,0.0967155792703917,0.0014440863101931,,,,274.38837014075494,8.53720995308168,3.836678479710837,9.120591775650611,12.654359603883588,"[0.030525720746184284, 0.04126473740621651, 0.03363518758085381, 0.03129973474801061, 0.09256449165402124, 0.025884838880084523, 0.031982942430703626, 0.07230769230769231, 0.03354632587859425, 0.02765273311897106, 0.038461538461538464, 0.033350436121087734, 0.028930131004366814, 0.015728476821192054]","[0.38477088948787064, 0.04265402843601896, 0.036458333333333336, 0.028185554903112156, 0.03183183183183183, 0.028296207104154123, 0.036425449247207385, 0.5167144221585482, 0.004140786749482402, 0.025440313111545987, 0.03691813804173355, 0.03531300160513644, 0.03272910372608258, 0.037004788855028295]","[0.03291442250149611, 0.08942558746736293, 0.9476021314387212, 0.369449378330373, 0.0024479804161566705, 0.03316749585406302, 0.03141671606401897, 0.024955436720142603, 0.012601927353595256, 0.029394812680115272, 0.03055721989215099, 0.03007518796992481, 0.011058451816745656]",96.16332152028916,90.8794082243494,87.34564039611641,382.9649200439453,131.60549926757812,121.76492309570312,129.59449768066406,7286.0296630859375,3584.93701171875,1030.6434326171875,2670.44921875,6903.064758300781,3453.33154296875,908.8784790039062,2540.854736328125,,COMPLETE,False,382.9649200439453,6903.064758300781,
pareto_sum,16,,2026-10-06 23:28:20.984062,2026-10-06 23:30:33.718045,0 days 00:02:12.733983,0.4,0.007683595150388,0.0152901210371928,,,,113.09730545885944,62.30089818038018,53.6760834332808,96.7740054287997,36.452605679060056,"[0.0793928779918272, 0.9888059701492538, 0.9941245593419507, 0.974669603524229, 0.9653846153846154, 0.15939447907390916, 0.9756613756613757, 0.9964381121994658, 0.14457831325301204, 0.06326987681970885, 0.06941176470588235, 0.934156378600823, 0.10024691358024691, 0.06911684037301152]","[0.9973262032085561, 0.9960159362549801, 0.9925581395348837, 0.9631449631449631, 0.9869848156182213, 0.9643255295429208, 0.9588477366255144, 0.9974025974025974, 0.9813664596273292, 0.9871794871794872, 0.9627611262488647, 0.9740384615384615, 0.931637519872814, 0.8547717842323651]","[0.035934868051656375, 0.9941792782305006, 0.9973285841495992, 0.9868938401048493, 0.041893362350380846, 0.04066345639379347, 0.9744408945686901, 0.43509789702683105, 0.05600722673893405, 0.04660529344073648, 0.03325554259043174, 0.04764005293339215, 0.04889844169801182]",46.323916566719205,3.225994571200303,63.54739432093994,289.6645278930664,108.1270523071289,67.54908752441406,113.98838806152344,282346.48046875,93001.8359375,125178.90625,64165.73828125,282056.8203125,92893.7109375,125111.359375,64051.75,,COMPLETE,False,289.6645278930664,282056.8203125,
pareto_sum,17,,2026-10-06 23:30:33.723637,2026-10-06 23:32:23.049596,0 days 00:01:49.325959,0.1,0.0158317741651143,0.002070336417559,,,,167.72194338652497,44.09268553782501,38.85458830946686,60.76943169127771,32.65403661273047,"[0.05852674066599395, 0.9785447761194029, 0.9870740305522914, 0.8836734693877552, 0.1684931506849315, 0.04145319049836982, 0.9393939393939394, 0.98753339269813, 0.08703590992087644, 0.05161998901702362, 0.07295373665480427, 0.05927952576379389, 0.05201750121536218, 0.07204301075268817]","[0.9964349376114082, 0.9800796812749004, 0.9711627906976744, 0.2222222222222222, 0.9612903225806452, 0.14042303172737955, 0.1534603811434303, 0.9974025974025974, 0.9347826086956522, 0.9592074592074592, 0.22996941896024464, 0.731750219876869, 0.15753811405985318, 0.07199665131854333]","[0.032407407407407406, 0.9871944121071012, 0.9973285841495992, 0.9842726081258192, 0.04451682953311618, 0.04515418502202643, 0.8878406708595388, 0.05181598062953995, 0.03693813974187806, 0.04030346135609293, 0.040380047505938245, 0.04711580801409071, 0.04975662520281233]",61.14541169053314,39.23056830872229,67.34596338726953,319.4087600708008,108.90135192871094,105.2259521484375,105.28145599365234,18594.6748046875,7378.2578125,5306.205078125,5910.2119140625,18275.26611328125,7269.3564453125,5200.97900390625,5804.9306640625,,COMPLETE,False,319.4087600708008,18275.26611328125,
pareto_sum,18,,2026-10-06 23:32:23.063995,2026-10-06 23:33:55.521640,0 days 00:01:32.457645,0.9,0.0183826757303881,0.0002111785428053,,,,214.11524441235176,28.628251862549416,17.94133179645637,42.11883933759904,25.82458445359283,"[0.058587881822734104, 0.23412698412698413, 0.09347345132743363, 0.056782334384858045, 0.054746651135701804, 0.04221190375685943, 0.6366694701429773, 0.9848619768477292, 0.06363636363636363, 0.04822505023442733, 0.06262230919765166, 0.05859030837004405, 0.04605611434621493, 0.07119565217391305]","[0.9973262032085561, 0.19213483146067414, 0.2918149466192171, 0.12132822477650064, 0.7522045855379189, 0.1405152224824356, 0.09309718437783833, 0.9961038961038962, 0.12779552715654952, 0.9441210710128056, 0.19684611201740077, 0.9075471698113208, 0.08751279426816785, 0.0482897384305835]","[0.02949517867271696, 0.9394644935972061, 0.9839715048975958, 0.8958594730238394, 0.044906900328587074, 0.05021141649048626, 0.049586776859504134, 0.14356435643564355, 0.038984587488667274, 0.045251118846345105, 0.04271961492178099, 0.04532019704433497, 0.04786036036036036]",82.05866820354363,57.881160662400966,74.17541554640717,336.77391052246094,113.85594177246094,114.13807678222656,108.77989196777344,14491.671142578123,4905.45361328125,6419.47998046875,3166.737548828125,14154.897216796877,4791.59765625,6305.341796875,3057.957763671875,,COMPLETE,False,336.77391052246094,14154.897216796877,
pareto_sum,19,,2026-10-06 23:33:55.528544,2026-10-06 23:35:49.888430,0 days 00:01:54.359886,0.1,0.0900519864463695,0.0001085334493343,,,,275.5803748979907,8.139875034003113,9.478592943879914,8.53068866328579,6.410343494843636,"[0.029334730225248823, 0.04409603135717785, 0.049161364950838636, 0.03307607497243661, 0.32713440405748095, 0.038411739318083726, 0.03387096774193549, 0.5632273079906904, 0.03235470341521869, 0.043631245601688955, 0.04803843074459568, 0.0311601150527325, 0.02569593147751606, 0.027809965237543453]","[0.6420807453416149, 0.041237113402061855, 0.03541147132169576, 0.03676913803496082, 0.0359955005624297, 0.027843601895734597, 0.03207276208712303, 0.08604091456077016, 0.030385241454150842, 0.09753086419753086, 0.033367556468172486, 0.02972972972972973, 0.03415369161225515, 0.031678082191780824]","[0.0321390937829294, 0.05546403075233388, 0.4722222222222222, 0.04482132041187159, 0.020480854853072127, 0.031121550205519672, 0.02918502202643172, 0.03352847259180415, 0.02984344422700587, 0.028254847645429362, 0.020594965675057208, 0.009530791788856305, 0.026158038147138966]",90.52140705612008,91.4693113367142,93.58965650515636,371.0353240966797,126.00768280029295,126.0,119.02764129638672,23506.2236328125,7981.4169921875,10202.6923828125,5322.1142578125,23135.18798828125,7855.4091796875,10076.6923828125,5203.08642578125,,COMPLETE,False,371.0353240966797,23135.18798828125,
pareto_sum,20,,2026-10-06 23:35:49.893567,2026-10-06 23:37:52.947665,0 days 00:02:03.054098,0.6,0.0288726645441708,0.0057424577204941,,,,209.28721179519863,30.23759606826712,27.810489261428987,44.25083198208984,18.65146696128253,"[0.0560280140070035, 0.9673507462686567, 0.9812206572769953, 0.048870204939569103, 0.04660303200449186, 0.03733084461035931, 0.43402225755166934, 0.9848619768477292, 0.08160779537149818, 0.048703352308665404, 0.08062645011600927, 0.022617124394184167, 0.0377643504531722, 0.06586169045005488]","[0.9937611408199644, 0.40294117647058825, 0.9395348837209302, 0.20930232558139536, 0.9502164502164502, 0.0671400903808909, 0.1156963890935888, 0.9974025974025974, 0.2092739475289811, 0.9125874125874126, 0.2006006006006006, 0.11199026171637248, 0.050445103857566766, 0.03422409751523676]","[0.033549146556798116, 0.9918509895227008, 0.9964381121994658, 0.023591087811271297, 0.03483386923901393, 0.051399491094147584, 0.047471620227038186, 0.04552058111380145, 0.043965903992821895, 0.044561571633924296, 0.03834066624764299, 0.03720106288751107, 0.03596660244059088]",72.18951073857102,55.749168017910165,81.34853303871748,370.2965469360352,115.51847839355467,144.81204223632812,109.96602630615234,173540.8984375,56712.57421875,76885.171875,39943.15234375,173170.6015625,56597.0546875,76740.359375,39833.1875,,COMPLETE,False,370.2965469360352,173170.6015625,
pareto_sum,21,,2026-10-06 23:37:52.953396,2026-10-06 23:39:38.278720,0 days 00:01:45.325324,0.1,0.007454912440908,0.0005963416788585,,,,163.88830046396342,45.3705665120122,34.42448770152095,68.09402306992315,33.59318876459248,"[0.06656580937972768, 0.09862385321100918, 0.9835487661574618, 0.8526829268292683, 0.06318207926479034, 0.05993431855500821, 0.8655705996131529, 0.9928762243989314, 0.09425981873111783, 0.05067350865939705, 0.49299926308032427, 0.0695852534562212, 0.05263157894736842, 0.07629427792915532]","[0.9973262032085561, 0.9880478087649402, 0.9832558139534884, 0.9155446756425949, 0.8037974683544303, 0.2694610778443114, 0.16791979949874686, 0.9974025974025974, 0.9535603715170279, 0.9743589743589743, 0.21351766513056836, 0.9524262607040913, 0.22839152833428736, 0.08815298507462686]","[0.04279390063944909, 0.9883585564610011, 0.9973285841495992, 0.9829619921363041, 0.04416575790621592, 0.04495005549389567, 0.9480381760339343, 0.04922779922779923, 0.04228028503562945, 0.04542840713053479, 0.03611971104231166, 0.04405286343612335, 0.10140845070422536]",65.57551229847905,31.905976930076847,66.40681123540752,309.59862518310547,106.0696029663086,96.8253402709961,106.70368194580078,3899.3988037109375,1234.4569091796875,1852.8538818359373,812.0880126953125,3589.8002319335938,1128.3873291015625,1756.028564453125,705.3843383789062,,COMPLETE,False,309.59862518310547,3589.8002319335938,
pareto_sum,22,,2026-10-06 23:39:38.288285,2026-10-06 23:41:43.724107,0 days 00:02:05.435822,0.1,0.0015339018347636,0.0006470976309107,,,,179.17322347751386,40.27559217416205,25.38120100893424,59.53585584858513,35.909719664966794,"[0.08147713950762016, 0.16869565217391305, 0.1281761716544325, 0.8877551020408163, 0.06674272675413577, 0.07919123841617523, 0.08956796628029505, 0.9964381121994658, 0.15900056785917094, 0.05216913783635365, 0.4647272727272727, 0.08252202132591563, 0.06082614616432138, 0.23607888631090487]","[0.9973262032085561, 0.9920318725099602, 0.29493087557603687, 0.15576923076923077, 0.9394572025052192, 0.2332904884318766, 0.8887987012987013, 0.9974025974025974, 0.1901877649909146, 0.9743589743589743, 0.22691611345805673, 0.9612109744560076, 0.28121606948968514, 0.2021227503461006]","[0.09731343283582089, 0.9779326364692218, 0.9973285841495992, 0.9725848563968669, 0.06761957119296316, 0.09417273673257023, 0.4164889836531628, 0.4966936076414401, 0.06523722627737226, 0.11844431349440189, 0.11977886977886978, 0.07390917186108638, 0.17075956596230726]",74.61879899106577,40.46414415141487,64.09028033503321,347.0477828979492,115.35789489746094,104.53529357910156,127.15459442138672,3944.5994262695312,1052.611083984375,2106.555419921875,785.4329223632812,3597.5515747070312,937.2532348632812,2002.02001953125,658.2783203125,,COMPLETE,False,347.0477828979492,3597.5515747070312,
pareto_sum,23,,2026-10-06 23:41:43.729811,2026-10-06 23:43:33.271345,0 days 00:01:49.541534,0.4,0.0040824994913793,0.0427220955161184,,,,103.00410918261042,65.66529693912985,49.92008506110464,97.953517845903,49.12228791038192,"[0.07533064979873491, 0.2410941475826972, 0.9952996474735605, 0.9756906077348066, 0.061224489795918366, 0.906100068540096, 0.9809523809523809, 0.9964381121994658, 0.14608150470219436, 0.05193951347797501, 0.2109375, 0.9530864197530864, 0.33638443935926776, 0.05825242718446602]","[0.9973262032085561, 0.99800796812749, 0.9944186046511628, 0.9717791411042945, 0.9880694143167028, 0.9821627647714605, 0.974485596707819, 0.9974025974025974, 0.9875776397515528, 0.9906759906759907, 0.9782214156079855, 0.9875, 0.9585987261146497, 0.9072664359861592]","[0.03365114974761638, 0.9953434225844005, 0.9964381121994658, 0.9868938401048493, 0.04300489929232444, 0.04046242774566474, 0.9818181818181818, 0.438953488372093, 0.91941982272361, 0.04050925925925926, 0.042318840579710144, 0.8249056603773585, 0.04217832354511479]",50.07991493889536,2.046482154096992,50.87771208961808,259.8951606750488,101.70736694335938,52.51900100708008,105.66879272460938,348406.6328125,119286.375,148440.328125,80679.9296875,348146.734375,119184.6640625,148387.8125,80574.2578125,,COMPLETE,True,259.8951606750488,348146.734375,
pareto_sum,24,,2026-10-06 23:43:33.287907,2026-10-06 23:45:26.535180,0 days 00:01:53.247273,0.2,0.0077254516232262,0.000137423541502,,,,182.0860086070236,39.304663797658826,31.451370196818413,55.79765819348742,30.66496300267065,"[0.06653225806451613, 0.26633785450061653, 0.9776995305164319, 0.3242894056847545, 0.06318207926479034, 0.04959677419354839, 0.7839506172839507, 0.9928762243989314, 0.0967548076923077, 0.05213825424721734, 0.5390334572490706, 0.06740491092922485, 0.05625950329447542, 0.06713615023474179]","[0.9973262032085561, 0.31269160024524834, 0.9646840148698885, 0.17129928894634777, 0.773286467486819, 0.20747663551401868, 0.15604938271604937, 0.9961038961038962, 0.9350515463917526, 0.9708624708624709, 0.19162253249879635, 0.8722466960352423, 0.17696490360850223, 0.08600650860065086]","[0.032917139614074914, 0.9662398137369034, 0.9973285841495992, 0.9699346405228758, 0.042599672310213, 0.051934826883910386, 0.3288409703504043, 0.051541425818882464, 0.044845122515025426, 0.05321507760532151, 0.03666841278156103, 0.05243619489559165, 0.35794330916282135]",68.54862980318158,44.20234180651258,69.33503699732935,324.79332733154297,109.93402862548828,108.69903564453124,106.16026306152344,20044.5380859375,6847.09814453125,8583.7001953125,4613.73974609375,19719.74462890625,6737.1640625,8475.0009765625,4507.57958984375,,COMPLETE,False,324.79332733154297,19719.74462890625,
pareto_sum,25,,2026-10-06 23:45:26.546159,2026-10-06 23:46:59.391758,0 days 00:01:32.845599,0.2,0.0661819450093468,0.0213488202627452,,,,262.68140884425253,12.439530385249162,5.147518437337533,14.159398046296564,18.011674672113386,"[0.03712995484194681, 0.04610130904951622, 0.0933641975308642, 0.03208556149732621, 0.18963337547408343, 0.03361344537815126, 0.040715607649599014, 0.036752605595172794, 0.025708635464733027, 0.047244094488188976, 0.048344370860927154, 0.029692470837751856, 0.03589277601090413, 0.024374176548089592]","[0.8058252427184466, 0.04769647696476965, 0.0375, 0.029952348536419333, 0.0394311570782159, 0.016047297297297296, 0.03741314804917156, 0.07354838709677419, 0.02702702702702703, 0.7445887445887446, 0.028960817717206135, 0.026602176541717048, 0.037243947858473, 0.030478955007256895]","[0.03558718861209965, 0.16943521594684385, 0.9573333333333334, 0.8743455497382199, 0.03407601572739188, 0.0389030612244898, 0.03197831978319783, 0.037388392857142856, 0.035037878787878785, 0.034329307056579786, 0.033268101761252444, 0.02631578947368421, 0.0335195530726257]",94.85248156266246,85.84060195370344,81.98832532788661,442.4902725219727,120.10712432861328,204.6357879638672,117.7473602294922,300881.40625,100443.1875,132091.359375,68346.859375,300438.90625,100323.078125,131886.71875,68229.109375,,COMPLETE,False,442.4902725219727,300438.90625,
pareto_sum,26,,2026-10-06 23:46:59.397317,2026-10-06 23:49:07.641648,0 days 00:02:08.244331,0.4,0.0096964655191448,0.00063403975032,,,,161.0716208328139,46.30945972239537,34.345819155262745,67.62302520384532,36.95953480807805,"[0.06401209677419355, 0.11458333333333333, 0.9858989424206815, 0.8468992248062015, 0.06332757628094415, 0.046830843762616065, 0.861969111969112, 0.9946571682991986, 0.09425981873111783, 0.05367231638418079, 0.48725418790968683, 0.06293063849333946, 0.06666666666666667, 0.0654527559055118]","[0.9973262032085561, 0.9890438247011952, 0.9832558139534884, 0.22734375, 0.8069216757741348, 0.8996692392502756, 0.16524787180771155, 0.9974025974025974, 0.9513960703205792, 0.9731934731934732, 0.23114355231143552, 0.9521531100478469, 0.18331668331668333, 0.10980966325036604]","[0.03333333333333333, 0.989522700814901, 0.9973285841495992, 0.9855832241153342, 0.04300489929232444, 0.05199306759098787, 0.9628055260361318, 0.4796686746987952, 0.03868385949310805, 0.045454545454545456, 0.04319906596614127, 0.04854368932038835, 0.08561835478455512]",65.65418084473725,32.376974796154684,63.04046519192195,305.80039978027344,103.7202377319336,96.69293975830078,105.38722229003906,3864.357055664064,1068.464111328125,2027.2283935546875,768.66455078125,3558.556579589844,964.7438354492188,1930.535400390625,663.27734375,,COMPLETE,False,305.80039978027344,3558.556579589844,
pareto_sum,27,,2026-10-06 23:49:07.648754,2026-10-06 23:51:04.014069,0 days 00:01:56.365315,0.5,0.007005935391435,0.0011161063623866,,,,143.56356911564237,52.14547696145255,38.29969910571761,81.14599894396682,36.99073283467321,"[0.06797583081570997, 0.10720461095100864, 0.9870740305522914, 0.8927125506072875, 0.9382239382239382, 0.059164253206454284, 0.12529976019184652, 0.9946571682991986, 0.10048721071863581, 0.05101509630400833, 0.4846715328467153, 0.41017780502759044, 0.06998992950654583, 0.07330415754923414]","[0.9973262032085561, 0.9940239043824701, 0.9897674418604652, 0.9594594594594594, 0.9762675296655879, 0.9336283185840708, 0.8981101068200493, 0.9974025974025974, 0.9627714581178903, 0.9813519813519813, 0.25400739827373614, 0.9702495201535508, 0.28486486486486484, 0.16120906801007556]","[0.03355704697986577, 0.9906868451688009, 0.9973285841495992, 0.9842726081258192, 0.04409363091997823, 0.04403866809881848, 0.9691489361702128, 0.4858420268256334, 0.04048042704626335, 0.045850261172373764, 0.040780141843971635, 0.0475142982842059, 0.08520179372197309]",61.70030089428239,18.854001056033184,63.00926716532679,344.7727966308594,149.72975158691406,89.27691650390625,105.76612854003906,5608.3458251953125,2147.693359375,1838.53369140625,1622.1187744140625,5263.5728759765625,1997.9635009765625,1749.2567138671875,1516.3526611328125,,COMPLETE,False,344.7727966308594,5263.5728759765625,
pareto_sum,28,,2026-10-06 23:51:04.022388,2026-10-06 23:53:08.575466,0 days 00:02:04.553078,0.4,0.0086905986897365,0.0227151893434337,,,,109.42602392671796,63.52465869109401,58.45952973673164,96.47770610676196,35.63674022978845,"[0.07817969661610269, 0.9850746268656716, 0.9917743830787309, 0.9767955801104973, 0.984516129032258, 0.8184931506849316, 0.9777777777777777, 0.9955476402493322, 0.1439441978440076, 0.063794068270845, 0.07696726019529006, 0.9161184210526315, 0.10802775024777007, 0.06732348111658457]","[0.9973262032085561, 0.9940239043824701, 0.9906976744186047, 0.9582309582309583, 0.9859002169197397, 0.9609810479375697, 0.951440329218107, 0.9974025974025974, 0.979296066252588, 0.986013986013986, 0.9591280653950953, 0.9673076923076923, 0.9235668789808917, 0.8555632342778162]","[0.035854341736694675, 0.9953434225844005, 0.9973285841495992, 0.9868938401048493, 0.04198473282442748, 0.04378003203416978, 0.9765708200212992, 0.3149394347240915, 0.056833558863328824, 0.04728950403690888, 0.03798947983635301, 0.04847950639048039, 0.04948897256589564]",41.54047026326836,3.522293893238043,64.36325977021156,285.7119140625,102.36212921142578,70.18344116210938,113.16634368896484,304301.9453125,101929.8984375,133287.984375,69084.0625,304016.234375,101827.5390625,133217.796875,68970.8984375,,COMPLETE,False,285.7119140625,304016.234375,
pareto_sum,29,,2026-10-06 23:53:08.583789,2026-10-06 23:54:48.956392,0 days 00:01:40.372603,0.5,0.0003357770285521,0.0395830942723669,,,,141.88032838986356,52.7065572033788,49.96415831383701,57.12047838324333,51.03503491305609,"[0.30428571428571427, 0.3099062918340027, 0.30743243243243246, 0.712678936605317, 0.3083403538331929, 0.7306701030927835, 0.7577220077220077, 0.92988606485539, 0.32484929671801743, 0.2967213114754098, 0.34513274336283184, 0.819047619047619, 0.5712328767123288, 0.2770764119601329]","[0.7872516556291391, 0.7741635687732342, 0.29185667752442995, 0.26986754966887416, 0.6973947895791583, 0.6066350710900474, 0.8539967373572593, 0.34858044164037855, 0.2848605577689243, 0.8320180383314544, 0.24811083123425692, 0.6485480268056589, 0.6524257784214338, 0.7011572498298162]","[0.26691176470588235, 0.7736900780379041, 0.7947136563876652, 0.566747572815534, 0.6555555555555556, 0.3002144388849178, 0.7763671875, 0.32634521313766596, 0.8009404388714734, 0.2771345875542692, 0.24751655629139072, 0.6013264554163597, 0.24709103353867215]",50.035841686163,42.87952161675667,48.96496508694391,836.7258911132812,362.01568603515625,270.4083557128906,204.3018493652344,342976.0,117258.515625,146612.453125,79105.03125,342139.2734375,116896.5,146342.046875,78900.7265625,,COMPLETE,False,836.7258911132812,342139.2734375,
pareto_sum,30,,2026-10-06 23:54:48.966094,2026-10-06 23:56:50.312550,0 days 00:02:01.346456,0.9,0.0015082832451836,0.0371460811665403,,,,123.28247408869365,58.90584197043545,48.53976760227805,76.6576312254452,51.52012708358311,"[0.09705882352941177, 0.05212464589235127, 0.5240328253223916, 0.9690265486725663, 0.4453024453024453, 0.8761969904240766, 0.9478623566214807, 0.9964381121994658, 0.09546925566343042, 0.28970331588132636, 0.42528735632183906, 0.9188524590163935, 0.10815850815850817, 0.05005382131324004]","[0.9973262032085561, 0.99800796812749, 0.28802588996763756, 0.20743243243243242, 0.9880694143167028, 0.9765886287625418, 0.9769547325102881, 0.9974025974025974, 0.21800367421922842, 0.9906759906759907, 0.2191780821917808, 0.9875, 0.9484944532488114, 0.9384083044982698]","[0.09824561403508772, 0.940628637951106, 0.9973285841495992, 0.8204456094364351, 0.6572827417380661, 0.10503685503685503, 0.8910256410256411, 0.4074074074074074, 0.8340147179067866, 0.08271144278606965, 0.10060769750168805, 0.7111286503551697, 0.05175292153589316]",51.46023239772195,23.3423687745548,48.47987291641689,296.4590072631836,116.12210083007812,81.45491027832031,98.88199615478516,337644.609375,115174.2421875,144775.78125,77694.5859375,337348.1484375,115058.1171875,144694.328125,77595.703125,,COMPLETE,False,296.4590072631836,337348.1484375,
pareto_sum,31,,2026-10-06 23:56:50.322615,2026-10-06 23:58:52.889804,0 days 00:02:02.567189,0.4,0.0178696392433147,0.0004248187043331,,,,210.7299976147677,29.756667461744087,25.42351077196504,44.428826999069344,19.417664614197868,"[0.05555555555555555, 0.9655172413793104, 0.0826353992183138, 0.05044666316342617, 0.1952542372881356, 0.046417305092383954, 0.8057889822595705, 0.9866429207479964, 0.09036144578313253, 0.0519159456118665, 0.06375674350171653, 0.05101535413571075, 0.04449877750611247, 0.06948493683187561]","[0.9973262032085561, 0.16359810625986324, 0.9683720930232558, 0.14723032069970846, 0.7348160821214713, 0.14428152492668622, 0.1005586592178771, 0.6617933723196882, 0.12531969309462915, 0.9405594405594405, 0.18926247288503253, 0.9031339031339032, 0.08995716325559258, 0.05382674516400336]","[0.0293141592920354, 0.12594312246082415, 0.9973285841495992, 0.9764397905759162, 0.03646112600536193, 0.053393213572854294, 0.0498220640569395, 0.049943246311010214, 0.03687445127304653, 0.04187058183795541, 0.040847983453981385, 0.04098765432098765, 0.04507042253521127]",74.57648922803496,55.571173000930656,80.58233538580214,332.7102127075196,111.48419189453124,111.23015594482422,109.99586486816406,5311.53369140625,1621.56494140625,2646.874267578125,1043.094482421875,4978.8233642578125,1510.0806884765625,2535.64404296875,933.0986328125,,COMPLETE,False,332.7102127075196,4978.8233642578125,
pareto_sum,32,,2026-10-06 23:58:52.894899,2026-10-07 00:00:58.140597,0 days 00:02:05.245698,0.4,0.0064120948794385,0.0058863863907885,,,,112.44859126898902,62.51713624367033,56.44547975490747,94.76067369870574,36.34525527739777,"[0.07661056297156123, 0.9906716417910447, 0.9952996474735605, 0.9641304347826087, 0.910371318822023, 0.07157806613645877, 0.9746835443037974, 0.9955476402493322, 0.3362193362193362, 0.05490848585690516, 0.43162393162393164, 0.9375, 0.09418145956607495, 0.06904109589041096]","[0.9973262032085561, 0.99800796812749, 0.9916279069767442, 0.9668304668304668, 0.9869848156182213, 0.96, 0.9580246913580247, 0.9974025974025974, 0.9803312629399586, 0.9883449883449883, 0.9691189827429609, 0.9721153846153846, 0.6303030303030303, 0.8700760193503801]","[0.0334075723830735, 0.9953434225844005, 0.9973285841495992, 0.9855832241153342, 0.044541010320478004, 0.04066345639379347, 0.9765208110992529, 0.4279411764705882, 0.04870420017873101, 0.04498269896193772, 0.03412377096587623, 0.0479964773227653, 0.04774678111587983]",43.55452024509253,5.239326301294256,63.65474472260223,293.42188262939453,105.81912231445312,75.51966857910156,112.08309173583984,179376.13671875,58410.3671875,79640.8046875,41324.96484375,179082.7109375,58304.546875,79565.28125,41212.8828125,,COMPLETE,False,293.42188262939453,179082.7109375,
pareto_sum,33,,2026-10-07 00:00:58.156171,2026-10-07 00:02:35.299468,0 days 00:01:37.143297,0.4,0.0084299108453746,0.0476970197810681,,,,106.1640501933556,64.61198326888146,59.99781028137136,96.54761488326264,37.29052464201042,"[0.08182349503214495, 0.9832089552238806, 0.9917743830787309, 0.9679558011049724, 0.9857881136950905, 0.8316221765913757, 0.9713983050847458, 0.9946571682991986, 0.1484771573604061, 0.06453423120089787, 0.07290470723306544, 0.9300411522633745, 0.311503416856492, 0.06400437636761488]","[0.9973262032085561, 0.9950199203187251, 0.9934883720930232, 0.9631449631449631, 0.9859002169197397, 0.9665551839464883, 0.9588477366255144, 0.9974025974025974, 0.979296066252588, 0.9848484848484849, 0.9527702089009991, 0.9759615384615384, 0.9243630573248408, 0.8417415342087077]","[0.030337078651685393, 0.9953434225844005, 0.9964381121994658, 0.9855832241153342, 0.04475982532751092, 0.04505971769815418, 0.9658848614072495, 0.04861111111111111, 0.5547652916073968, 0.04720782959124928, 0.03772455089820359, 0.04764005293339215, 0.04841312533620226]",40.00218971862864,3.452385116737375,62.70947535798958,292.4354934692383,100.1651840209961,82.15489196777344,110.11541748046876,357482.1875,122719.09375,151590.6875,83172.40625,357189.75,122618.9296875,151508.53125,83062.2890625,,COMPLETE,False,292.4354934692383,357189.75,
pareto_sum,34,,2026-10-07 00:02:35.305479,2026-10-07 00:04:40.112429,0 days 00:02:04.806950,0.4,0.0043229047341414,0.0021550320164878,,,,119.19766865519624,60.26744378160126,47.76874138840029,90.09035146603864,42.94323849036481,"[0.07373271889400922, 0.07252998286693318, 0.9882491186839013, 0.9208333333333333, 0.9081761006289308, 0.06994171523730225, 0.9624217118997912, 0.9955476402493322, 0.10548780487804878, 0.055862831858407076, 0.47467438494934877, 0.9369369369369369, 0.05529473135106938, 0.06793478260869565]","[0.9973262032085561, 0.9970119521912351, 0.9916279069767442, 0.9631449631449631, 0.9826839826839827, 0.955703211517165, 0.9473251028806584, 0.9974025974025974, 0.9762150982419855, 0.986013986013986, 0.9350533807829181, 0.9827089337175793, 0.6478968792401628, 0.25253500724287786]","[0.03872053872053872, 0.9953434225844005, 0.9973285841495992, 0.9842726081258192, 0.04456521739130435, 0.04046242774566474, 0.9776357827476039, 0.4525925925925926, 0.04138851802403204, 0.06231967686093479, 0.038100820633059786, 0.8381099922540666, 0.07178082191780821]",52.231258611599706,9.909648533961343,57.05676150963519,313.154541015625,121.09849548339844,83.59009552001953,108.46595001220705,20347.6064453125,7541.658203125,6274.4892578125,6531.458984375,20034.45166015625,7420.5595703125,6190.89892578125,6422.9931640625,,COMPLETE,False,313.154541015625,20034.45166015625,
pareto_sum,35,,2026-10-07 00:04:40.119379,2026-10-07 00:07:14.126159,0 days 00:02:34.006780,0.5,0.0126203111446774,0.0008767521331872,,,,177.03206186089085,40.98931271303638,33.19765960048556,63.41381005736667,26.35646848125691,"[0.06785714285714285, 0.9544626593806922, 0.9882491186839013, 0.2472204054937868, 0.056712962962962965, 0.04613516794819911, 0.8791423001949318, 0.9928762243989314, 0.09520921770770163, 0.05051150895140665, 0.07106017191977078, 0.06307129798903108, 0.06529516994633273, 0.06986899563318777]","[0.9973262032085561, 0.9900398406374502, 0.9823255813953489, 0.24542897327707455, 0.9657754010695188, 0.22201017811704835, 0.12720264317180616, 0.9974025974025974, 0.9523809523809523, 0.9603729603729604, 0.23486238532110093, 0.9341603053435115, 0.18693693693693694, 0.08170844939647168]","[0.04093567251461988, 0.9906868451688009, 0.9973285841495992, 0.9855832241153342, 0.04298150163220892, 0.05472901168969182, 0.0548155737704918, 0.048053820278712155, 0.03896103896103896, 0.041028446389496716, 0.040117994100294985, 0.0421417947446703, 0.04897739504843918]",66.80234039951443,36.58618994263333,73.64353151874309,303.9555053710937,103.95753479003906,97.72242736816406,102.27554321289062,5253.734008789063,1428.998779296875,2828.55078125,996.1844482421876,4949.778564453125,1325.041259765625,2730.828369140625,893.908935546875,,COMPLETE,False,303.9555053710937,4949.778564453125,
pareto_sum,36,,2026-10-07 00:07:14.132366,2026-10-07 00:09:56.654546,0 days 00:02:42.522180,0.9,0.0022884418896458,0.002723103653254,,,,133.57882368783984,55.47372543738672,46.51219219794887,85.31291162955614,34.59607248465514,"[0.06323185011709602, 0.061224489795918366, 0.9482961222091657, 0.9284210526315789, 0.5891472868217055, 0.07325240686479699, 0.9736842105263158, 0.9964381121994658, 0.08606777837547068, 0.303422756706753, 0.43265007320644217, 0.92616899097621, 0.07276034561164166, 0.056941431670282]","[0.9973262032085561, 0.9970119521912351, 0.9925581395348837, 0.9499389499389499, 0.987012987012987, 0.9634146341463414, 0.9679012345679012, 0.9974025974025974, 0.2413793103448276, 0.9871794871794872, 0.23684210526315788, 0.983669548511047, 0.7369146005509641, 0.9052558782849239]","[0.03618421052631579, 0.9743888242142026, 0.9973285841495992, 0.9161205766710354, 0.04204035874439462, 0.13015873015873017, 0.08693304535637149, 0.4287856071964018, 0.05693348365276212, 0.05618686868686869, 0.08505315822388994, 0.6464566929133858, 0.04091928251121076]",53.48780780205113,14.68708837044386,65.40392751534486,320.73167419433594,129.7870635986328,89.00489807128906,101.93971252441406,37854.3408203125,13374.4443359375,14516.8525390625,9963.0439453125,37533.609375,13244.6572265625,14427.84765625,9861.1044921875,,COMPLETE,False,320.73167419433594,37533.609375,
pareto_sum,37,,2026-10-07 00:09:56.660635,2026-10-07 00:11:41.721059,0 days 00:01:45.060424,0.6,0.0110571609761352,0.0020375725608418,,,,138.53823084877365,53.82058971707545,45.25984445573196,80.29763774335247,35.90428695214191,"[0.06458123107971746, 0.9869402985074627, 0.9929494712103408, 0.9063786008230452, 0.9716859716859717, 0.04477611940298507, 0.9603340292275574, 0.993766696349065, 0.09018890920170627, 0.052749719416386086, 0.06934097421203439, 0.06501831501831502, 0.06349206349206349, 0.07417582417582418]","[0.9973262032085561, 0.9920318725099602, 0.9869767441860465, 0.22999222999222999, 0.9826839826839827, 0.9434589800443459, 0.8874281018898932, 0.9974025974025974, 0.9658385093167702, 0.972027972027972, 0.9256572982774252, 0.9455066921606119, 0.2775067750677507, 0.13783132530120482]","[0.0319031903190319, 0.9930151338766007, 0.9973285841495992, 0.9842726081258192, 0.04352557127312296, 0.04413347685683531, 0.9628450106157113, 0.3891660727013542, 0.04005281690140845, 0.04316939890710383, 0.03964984552008239, 0.049491825011047284, 0.04900376952073236]",54.74015554426804,19.70236225664753,64.09571304785808,307.1135711669922,107.75057220458984,89.83908081054688,109.52391815185548,17949.3076171875,7330.26025390625,4926.86767578125,5692.1796875,17642.1943359375,7222.509765625,4837.02880859375,5582.65576171875,,COMPLETE,False,307.1135711669922,17642.1943359375,
pareto_sum,38,,2026-10-07 00:11:41.726512,2026-10-07 00:14:09.320935,0 days 00:02:27.594423,0.6,0.0086295675420498,0.000116284462805,,,,181.67002172201103,39.44332609266298,31.077584569779987,50.321345839919765,36.931047868289205,"[0.0646138313982837, 0.6116863905325444, 0.9670975323149236, 0.2281639928698752, 0.06540447504302926, 0.046336633663366336, 0.485838779956427, 0.9910952804986642, 0.09644364074743822, 0.05558613098514034, 0.543247344461305, 0.05709876543209876, 0.06951871657754011, 0.06873032528856243]","[0.9973262032085561, 0.3137254901960784, 0.9739776951672863, 0.1544256120527307, 0.7720070422535211, 0.20898315658140987, 0.15601783060921248, 0.9961038961038962, 0.16983606557377048, 0.9673659673659674, 0.19318734793187348, 0.8811002661934338, 0.15905096660808435, 0.10188087774294671]","[0.040886699507389164, 0.9871944121071012, 0.9973285841495992, 0.9777486910994765, 0.04471101417666303, 0.056494192185850056, 0.7132680320569902, 0.5018811136192626, 0.03964365256124722, 0.04251794588625069, 0.043151969981238276, 0.05024455313472655, 0.30596536241180244]",68.92241543022001,49.67865416008024,63.0689521317108,328.0168991088867,109.84765625,112.93467712402344,105.23456573486328,22453.37548828125,7665.677734375,9707.537109375,5080.16064453125,22125.35888671875,7555.830078125,9594.6025390625,4974.92626953125,,COMPLETE,False,328.0168991088867,22125.35888671875,
pareto_sum,39,,2026-10-07 00:14:09.328991,2026-10-07 00:16:34.855310,0 days 00:02:25.526319,0.6,0.0020520160119526,0.0292190358492363,,,,112.58450947114773,62.471830176284094,52.31874595676144,85.49878233996428,49.59796223212656,"[0.0633923472301542, 0.05889014722536806, 0.9754098360655737, 0.9801324503311258, 0.7142857142857143, 0.8961038961038961, 0.9798515376458112, 0.9964381121994658, 0.06220095693779904, 0.08859145952836202, 0.4258741258741259, 0.952341824157765, 0.07576543850544888, 0.055346587855991405]","[0.9973262032085561, 0.99800796812749, 0.9925581395348837, 0.6666666666666666, 0.9880694143167028, 0.9821627647714605, 0.9777777777777777, 0.9974025974025974, 0.26586294416243655, 0.9906759906759907, 0.23847087378640777, 0.9884615384615385, 0.9555908009516257, 0.9307958477508651]","[0.05046403712296984, 0.9953434225844005, 0.9973285841495992, 0.9842726081258192, 0.036936447582835416, 0.06046267087276551, 0.937888198757764, 0.43731778425655976, 0.9008792965627498, 0.05652680652680653, 0.09570552147239264, 0.8471683475562451, 0.04744136460554371]",47.68125404323856,14.50121766003572,50.402037767873445,310.59241485595703,146.6225128173828,68.32453155517578,95.64537048339844,320481.171875,108505.5703125,138919.03125,73056.5703125,320170.5703125,108358.9453125,138850.703125,72960.921875,,COMPLETE,False,310.59241485595703,320170.5703125,
pareto_sum,40,,2026-10-07 00:16:34.861875,2026-10-07 00:18:55.540935,0 days 00:02:20.679060,0.4,0.0685652079115684,0.0008800803621045,,,,267.92477021132424,10.691743262891912,9.45185117859838,11.713480895357431,10.909897714719923,"[0.041895261845386535, 0.04258064516129032, 0.05353200883002208, 0.03359580052493438, 0.0398406374501992, 0.03303862261516985, 0.03571428571428571, 0.8251457119067444, 0.027590435315757205, 0.04258064516129032, 0.05319750990379174, 0.026901189860320744, 0.038334122101277804, 0.029312288613303268]","[0.5793000744601638, 0.05730511099638617, 0.032225579053373615, 0.04913456169737577, 0.048154093097913325, 0.0396964389959136, 0.035256410256410256, 0.5987654320987654, 0.02469813391877058, 0.044921875, 0.032752245113576335, 0.030966364121729845, 0.0280040733197556, 0.038706933219906425]","[0.035228988424760944, 0.06674831598285365, 0.9750889679715302, 0.044860874503123226, 0.03468586387434555, 0.03690888119953864, 0.030635838150289016, 0.0387906446092413, 0.03964984552008239, 0.03266972945380296, 0.02169869807811531, 0.03010204081632653, 0.031218014329580348]",90.54814882140164,88.28651910464257,89.09010228528008,384.8655242919922,130.23968505859375,129.3736114501953,125.25222778320312,5338.5029296875,1440.333740234375,2874.255859375,1023.913330078125,4953.637390136719,1310.093994140625,2744.88232421875,898.6610717773438,,COMPLETE,False,384.8655242919922,4953.637390136719,
pareto_sum,41,,2026-10-07 00:18:55.547446,2026-10-07 00:20:59.869160,0 days 00:02:04.321714,0.2,0.0029132167991134,0.0312551651761396,,,,110.56012789356498,63.14662403547834,55.50410235700778,90.54299811175358,43.39277163767367,"[0.07163323782234957, 0.06385404789053592, 0.9800235017626322, 0.9680968096809681, 0.7836185819070904, 0.886986301369863, 0.9725158562367865, 0.9964381121994658, 0.1406333870101986, 0.05026109660574413, 0.4345070422535211, 0.9292763157894737, 0.4361567635903919, 0.056573275862068964]","[0.9973262032085561, 0.99800796812749, 0.9944186046511628, 0.9357575757575758, 0.9880694143167028, 0.9732441471571907, 0.9769547325102881, 0.9974025974025974, 0.7061946902654868, 0.9906759906759907, 0.2697530864197531, 0.989423076923077, 0.9459888800635425, 0.91280276816609]","[0.0335195530726257, 0.9871944121071012, 0.9973285841495992, 0.9868938401048493, 0.04343105320304017, 0.04263157894736842, 0.9797008547008547, 0.4388124547429399, 0.9019607843137255, 0.04280821917808219, 0.05040556199304751, 0.09588327253778009, 0.040490143846563666]",44.49589764299222,9.457001888246424,56.60722836232633,263.2575988769531,102.57857513427734,60.17272186279297,100.5063018798828,325164.28125,110301.796875,140507.640625,74354.84375,324901.0234375,110199.21875,140447.46875,74254.3359375,,COMPLETE,False,263.2575988769531,324901.0234375,
pareto_sum,42,,2026-10-07 00:20:59.875306,2026-10-07 00:23:02.774426,0 days 00:02:02.899120,0.2,0.001630990702258,0.025284040350456,,,,127.4206317641694,57.5264560786102,50.62390712205308,76.49891363620404,45.45654747757349,"[0.07187678265830005, 0.05480225988700565, 0.9476744186046512, 0.9583789704271632, 0.5545977011494253, 0.8690637720488467, 0.9565677966101694, 0.9964381121994658, 0.11656772800863464, 0.13855799373040753, 0.3831578947368421, 0.9220672682526662, 0.06439909297052154, 0.053197205803331545]","[0.9973262032085561, 0.99800796812749, 0.31839156229400134, 0.2146814404432133, 0.9869848156182213, 0.9710144927536232, 0.9753086419753086, 0.9974025974025974, 0.22235872235872237, 0.9895104895104895, 0.22934131736526947, 0.9826923076923076, 0.9374009508716323, 0.889426399447132]","[0.06221719457013575, 0.9837019790454016, 0.9973285841495992, 0.9791395045632334, 0.044444444444444446, 0.08082408874801902, 0.9068825910931174, 0.4392523364485981, 0.8716323296354992, 0.07184241019698726, 0.1037394451145959, 0.3121664887940235, 0.056179775280898875]",49.37609287794692,23.501086363795963,54.543452522426506,346.7736892700196,161.2316436767578,83.76653289794922,101.7755126953125,310917.78125,104635.7578125,135654.671875,70627.3515625,310571.0078125,104474.5234375,135570.90625,70525.578125,,COMPLETE,False,346.7736892700196,310571.0078125,
pareto_sum,43,,2026-10-07 00:23:02.780311,2026-10-07 00:25:30.061583,0 days 00:02:27.281272,0.5,0.0302466912057195,0.0020838240087656,,,,227.7837009553167,24.0720996815611,24.38719693695921,29.2749041398339,18.5541979678902,"[0.055650198750709826, 0.9533582089552238, 0.061850027367268745, 0.046242774566473986, 0.04550561797752809, 0.03733084461035931, 0.8985655737704918, 0.9777382012466608, 0.047505938242280284, 0.04720087815587267, 0.09096142774899252, 0.0377453447408153, 0.04424003504161191, 0.0703125]","[0.9937611408199644, 0.14025157232704402, 0.9348837209302325, 0.10265486725663717, 0.20097697138869505, 0.06520335700451904, 0.0799347471451876, 0.9857328145265889, 0.11580294305822136, 0.09379217273954116, 0.1915915915915916, 0.10753341433778858, 0.05335291238374939, 0.03301435406698565]","[0.034096444227959086, 0.9918509895227008, 0.9955476402493322, 0.04325842696629213, 0.03529411764705882, 0.05256723716381418, 0.04683479155944416, 0.047960308710033074, 0.031746031746031744, 0.035239745811669554, 0.03464474456840869, 0.03234086242299795, 0.030664395229982964]",75.61280306304079,70.7250958601661,81.44580203210981,352.20020294189453,114.70026397705078,124.3289794921875,113.17095947265624,18953.9052734375,7450.90380859375,5478.22216796875,6024.779296875,18601.705078125,7336.20361328125,5353.89306640625,5911.6083984375,,COMPLETE,False,352.20020294189453,18601.705078125,
pareto_sum,44,,2026-10-07 00:25:30.068415,2026-10-07 00:27:47.489174,0 days 00:02:17.420759,0.2,0.0001395849739655,0.0006050830534057,,,,156.31452697780804,47.89515767406399,43.28460789682037,54.10508517365705,46.29577995171452,"[0.262434554973822, 0.29974326059050066, 0.3103448275862069, 0.7947916666666667, 0.3746654772524532, 0.5813813813813814, 0.3489583333333333, 0.9946571682991986, 0.3033012379642366, 0.2533543804262036, 0.4132231404958678, 0.569937369519833, 0.28401360544217685, 0.2690387016229713]","[0.9973262032085561, 0.6855241264559068, 0.297634691195795, 0.24876847290640394, 0.3287577213452299, 0.3393476752255378, 0.6596971881759193, 0.9616858237547893, 0.27887139107611547, 0.7266260162601627, 0.26073428749222155, 0.7335398915569326, 0.5261437908496732, 0.5300546448087432]","[0.2294314381270903, 0.8372093023255814, 0.9973285841495992, 0.6428571428571429, 0.3814102564102564, 0.28982456140350876, 0.3767629281396911, 0.40644276901987664, 0.5619615639496355, 0.2736911862160371, 0.2773497688751926, 0.49339819318971506, 0.2507836990595611]",56.71539210317963,45.89491482634295,53.70422004828548,839.6145172119141,358.7444152832031,230.4768218994141,250.39328002929688,4391.89501953125,1448.78515625,1993.5489501953125,949.5609130859376,3552.280578613281,1090.040771484375,1763.0721435546875,699.1676635742188,,COMPLETE,False,839.6145172119141,3552.280578613281,
pareto_sum,45,,2026-10-07 00:27:47.496208,2026-10-07 00:30:15.145993,0 days 00:02:27.649785,0.1,0.005334067458098,0.0129973921447668,,,,108.24806009002629,63.91731330332457,52.955769050304745,97.04500615046116,41.75116470920781,"[0.07625649913344887, 0.9813606710158435, 0.9941245593419507, 0.9639344262295082, 0.8759493670886076, 0.0594390958560067, 0.9714889123548046, 0.9964381121994658, 0.14213197969543148, 0.05742683600220872, 0.08994082840236686, 0.9243421052631579, 0.2183381088825215, 0.06263616557734204]","[0.9973262032085561, 0.99800796812749, 0.9916279069767442, 0.9668304668304668, 0.9880694143167028, 0.959866220735786, 0.9654320987654321, 0.9974025974025974, 0.9824016563146998, 0.9871794871794872, 0.9636363636363636, 0.9788461538461538, 0.9397781299524565, 0.8698961937716263]","[0.03450194769059544, 0.9953434225844005, 0.9973285841495992, 0.9868938401048493, 0.043997827267789245, 0.03961456102783726, 0.9178228388473852, 0.4215473608098337, 0.04642857142857143, 0.04247990815154994, 0.032806092560046865, 0.8238944918541505, 0.04499196572040707]",47.044230949695255,2.954993849538837,58.24883529079219,285.6225280761719,110.6165771484375,64.46395111083984,110.54199981689452,272696.66796875,89012.4765625,121850.8515625,61833.33984375,272411.046875,88901.859375,121786.390625,61722.796875,,COMPLETE,False,285.6225280761719,272411.046875,
pareto_sum,46,,2026-10-07 00:30:15.153432,2026-10-07 00:32:04.078207,0 days 00:01:48.924775,0.2,0.0047418719869744,0.0128169577272059,,,,98.80682333854188,67.06439222048604,61.40484763601525,97.4470241839181,42.34130484152476,"[0.07727797001153403, 0.983271375464684, 0.9929494712103408, 0.9639344262295082, 0.8580402010050251, 0.8836413415468857, 0.9778481012658228, 0.9964381121994658, 0.1444866920152091, 0.055893746541228556, 0.4391796322489392, 0.922633744855967, 0.24161849710982658, 0.05946535733769776]","[0.9973262032085561, 0.99800796812749, 0.9934883720930232, 0.9778869778869779, 0.9880694143167028, 0.9732441471571907, 0.9703703703703703, 0.9974025974025974, 0.9834368530020704, 0.9895104895104895, 0.9663941871026339, 0.9826923076923076, 0.943784639746635, 0.8809688581314878]","[0.034288926363125354, 0.9953434225844005, 0.9973285841495992, 0.9868938401048493, 0.04298150163220892, 0.038995726495726496, 0.9829059829059829, 0.419054441260745, 0.04685408299866131, 0.04247990815154994, 0.03456221198156682, 0.839968774395004, 0.04271222637479979]",38.59515236398475,2.552975816081897,57.65869515847524,274.64281463623047,102.6262664794922,63.68375396728516,108.33279418945312,272046.94921875,88739.28125,121557.203125,61750.46484375,271772.3046875,88636.65625,121493.515625,61642.1328125,,COMPLETE,False,274.64281463623047,271772.3046875,
pareto_sum,47,,2026-10-07 00:32:04.086449,2026-10-07 00:34:33.601741,0 days 00:02:29.515292,0.3,0.0020328680334316,0.005441524340108,,,,132.90484732990612,55.69838422336463,41.2225071513873,83.18254791285378,42.6900976058528,"[0.06518010291595197, 0.056625141562853906, 0.969626168224299, 0.948220064724919, 0.06518010291595197, 0.07679465776293823, 0.9703389830508474, 0.9964381121994658, 0.09829059829059829, 0.050190943807965085, 0.42806267806267806, 0.928045789043336, 0.06334841628959276, 0.054809242342826435]","[0.9973262032085561, 0.99800796812749, 0.9916279069767442, 0.703205791106515, 0.9880694143167028, 0.9710789766407119, 0.974485596707819, 0.9974025974025974, 0.22373300370828184, 0.9883449883449883, 0.23180428134556574, 0.983669548511047, 0.7012987012987013, 0.8955017301038062]","[0.06242840778923253, 0.9930151338766007, 0.9973285841495992, 0.9855832241153342, 0.048701298701298704, 0.04843001596593933, 0.8308157099697885, 0.4511661807580175, 0.07119889756545705, 0.08716136631330977, 0.07273802483737433, 0.8416220351951033, 0.05952380952380952]",58.7774928486127,16.817452087146222,57.3099023941472,327.9267120361328,122.20970153808594,91.80690002441406,113.9101104736328,160714.62890625,52977.296875,70744.2109375,36993.12109375,160386.703125,52855.0859375,70652.40625,36879.2109375,,COMPLETE,False,327.9267120361328,160386.703125,
pareto_sum,48,,2026-10-07 00:34:33.613863,2026-10-07 00:36:49.262421,0 days 00:02:15.648558,0.2,0.0088991456398509,0.0126730947719772,,,,115.8432690547593,61.3855769817469,52.0743717672842,95.6333280882866,36.44903108966991,"[0.07669789227166277, 0.9906716417910447, 0.9905992949471211, 0.9650273224043716, 0.910025706940874, 0.05663497312939231, 0.9704016913319239, 0.9946571682991986, 0.14140773620798985, 0.06215005599104143, 0.0696165191740413, 0.9013157894736842, 0.09095378564405113, 0.07025246981339188]","[0.9973262032085561, 0.9930278884462151, 0.9888372093023255, 0.9508599508599509, 0.9815618221258134, 0.9521158129175946, 0.9473251028806584, 0.9974025974025974, 0.974120082815735, 0.9813519813519813, 0.9455040871934605, 0.9586538461538462, 0.9078633836378078, 0.8127159640635798]","[0.03367003367003367, 0.9953434225844005, 0.9973285841495992, 0.9868938401048493, 0.041893362350380846, 0.043548387096774194, 0.9616204690831557, 0.4441980783444198, 0.05500450856627592, 0.047153536515238646, 0.036151603498542274, 0.04669603524229075, 0.04887218045112782]",47.9256282327158,4.366671911713411,63.55096891033009,292.2256317138672,106.51343536376952,71.56536102294922,114.14683532714844,271551.29296875,88524.8828125,121331.0703125,61695.33984375,271259.06640625,88418.3671875,121259.5078125,61581.19140625,,COMPLETE,False,292.2256317138672,271259.06640625,
pareto_sum,49,,2026-10-07 00:36:49.273451,2026-10-07 00:38:35.087920,0 days 00:01:45.814469,0.3,0.0103001774619446,0.0058774702836132,,,,131.27578240601844,56.24140586466052,45.612326387981376,87.69475579592454,35.41713541007566,"[0.07204905467552376, 0.9906716417910447, 0.9917743830787309, 0.9618736383442266, 0.9431524547803618, 0.04613233923578751, 0.9704016913319239, 0.993766696349065, 0.0871951219512195, 0.04038577456298975, 0.06796690307328605, 0.07100046104195482, 0.07855421686746988, 0.070801317233809]","[0.9964349376114082, 0.9910358565737052, 0.986046511627907, 0.2535211267605634, 0.982646420824295, 0.9522222222222222, 0.9259259259259259, 0.9974025974025974, 0.9730848861283644, 0.9825174825174825, 0.9384057971014492, 0.95, 0.5735392881128274, 0.7744827586206896]","[0.032723239046034386, 0.9953434225844005, 0.9973285841495992, 0.9855832241153342, 0.041893362350380846, 0.044671689989235736, 0.9659574468085106, 0.31228551818805766, 0.04376953997320232, 0.04668587896253602, 0.038755137991779216, 0.04801762114537445, 0.05121293800539083]",54.387673612018624,12.305244204075464,64.58286458992434,308.1267623901367,115.48397064208984,81.95504760742188,110.687744140625,179010.3046875,58297.6328125,79473.9765625,41238.6953125,178702.1796875,58182.1484375,79392.0234375,41128.0078125,,COMPLETE,False,308.1267623901367,178702.1796875,
pareto_sum,50,,2026-10-07 00:38:35.094079,2026-10-07 00:40:43.517027,0 days 00:02:08.422948,0.3,0.0031953260426368,0.0143910588566451,,,,118.81038206418474,60.396539311938426,48.12322252860947,90.28784315158951,42.77855225561628,"[0.0717154331612163, 0.06385404789053592, 0.981198589894242, 0.9725274725274725, 0.06497987349051179, 0.8910958904109589, 0.9757127771911299, 0.9964381121994658, 0.1371610845295056, 0.0592401802962009, 0.4562899786780384, 0.9391947411668036, 0.06851179673321234, 0.0593311758360302]","[0.9973262032085561, 0.99800796812749, 0.9944186046511628, 0.9693251533742331, 0.9880694143167028, 0.9777034559643255, 0.9736625514403292, 0.9974025974025974, 0.6133671742808798, 0.9895104895104895, 0.30206378986866794, 0.9855769230769231, 0.9438291139240507, 0.9100346020761245]","[0.03937007874015748, 0.9953434225844005, 0.9973285841495992, 0.9855832241153342, 0.04345464421510049, 0.04779607010090282, 0.9765708200212992, 0.4344677769732078, 0.05485611510791367, 0.053325688073394495, 0.05575117370892019, 0.8368740515933232, 0.040490143846563666]",51.87677747139053,9.712156848410489,57.22144774438372,283.7666320800781,104.09654235839844,70.62698364257812,109.04310607910156,278929.87890625,91685.078125,123961.109375,63283.69140625,278646.1171875,91580.984375,123890.484375,63174.6484375,,COMPLETE,False,283.7666320800781,278646.1171875,
pareto_sum,51,,2026-10-07 00:40:43.523683,2026-10-07 00:42:59.819437,0 days 00:02:16.295754,0.1,0.0181683140136006,0.0420893586157262,,,,152.20092752997706,49.26635749000764,42.21685144997131,73.55560120964303,32.02661981040859,"[0.06549423893268648, 0.9673507462686567, 0.9659224441833137, 0.9005524861878453, 0.7596899224806202, 0.0391425908667288, 0.6755037115588547, 0.9857524487978628, 0.14077362079898542, 0.060859854829704074, 0.06296296296296296, 0.06808707735062529, 0.0805277525022748, 0.13773934527486104]","[0.9901960784313726, 0.953187250996016, 0.9098513011152416, 0.2916321458160729, 0.9382448537378115, 0.7635960044395117, 0.4198849630238291, 0.9974025974025974, 0.9109730848861284, 0.9428904428904429, 0.5983899821109123, 0.8250478011472275, 0.6951124903025602, 0.06137517305029996]","[0.031179138321995464, 0.9883585564610011, 0.9928762243989314, 0.9855832241153342, 0.049781181619256015, 0.058027079303675046, 0.7497326203208556, 0.04291845493562232, 0.09438332368268675, 0.0451650260567458, 0.030346820809248554, 0.05038961038961039, 0.04471931493815414]",57.78314855002869,26.44439879035697,67.97338018959141,390.22096252441406,120.10677337646484,159.11451721191406,110.99967193603516,347359.8515625,118857.390625,148142.953125,80359.5078125,346969.6328125,118737.28125,147983.84375,80248.5078125,,COMPLETE,False,390.22096252441406,346969.6328125,
pareto_sum,52,,2026-10-07 00:42:59.826923,2026-10-07 00:44:43.510600,0 days 00:01:43.683677,0.1,0.0020711612337902,0.0433266667391968,,,,115.71897801072862,61.42700732975712,50.27022450727793,85.00926122217119,49.00153625982225,"[0.062356979405034325, 0.05895691609977324, 0.9671746776084408, 0.9616648411829135, 0.603950103950104, 0.8870636550308009, 0.9682875264270613, 0.9964381121994658, 0.0806193272824346, 0.043010752688172046, 0.38128986534372783, 0.9095394736842105, 0.06425339366515836, 0.0532258064516129]","[0.9973262032085561, 0.99800796812749, 0.9897769516728625, 0.658753709198813, 0.9869848156182213, 0.9710144927536232, 0.9786008230452675, 0.9974025974025974, 0.2686662412252712, 0.9883449883449883, 0.23749246534056662, 0.9855769230769231, 0.9374009508716323, 0.9059474412171508]","[0.049069373942470386, 0.9837019790454016, 0.9964381121994658, 0.9855832241153342, 0.04121475054229935, 0.052576235541535225, 0.9453207150368034, 0.44132469402447805, 0.8752997601918465, 0.05523590333716916, 0.07482185273159145, 0.8264591439688715, 0.043153969099627064]",49.72977549272207,14.99073877782881,50.99846374017775,300.27478790283203,137.3314666748047,64.23365783691406,98.70966339111328,349569.0078125,119750.78125,148834.078125,80984.1484375,349268.734375,119613.453125,148769.84375,80885.4375,,COMPLETE,False,300.27478790283203,349268.734375,
pareto_sum,53,,2026-10-07 00:44:43.516545,2026-10-07 00:47:36.614664,0 days 00:02:53.098119,0.5,0.0024555477039451,0.0074648934786614,,,,128.8575687750174,57.04747707499419,46.56466299060671,87.50636555463765,37.07140267973822,"[0.064, 0.059490084985835696, 0.9694477085781433, 0.962080173347779, 0.7295742232451093, 0.08340318524727577, 0.9778247096092925, 0.9964381121994658, 0.09946524064171124, 0.056074766355140186, 0.4368794326241135, 0.9548440065681445, 0.0724191063174114, 0.057112068965517244]","[0.9973262032085561, 0.99800796812749, 0.9944186046511628, 0.9372738238841978, 0.9880694143167028, 0.9777530589543938, 0.9753086419753086, 0.9974025974025974, 0.5336, 0.9895104895104895, 0.26057633353770693, 0.9875, 0.6978810663021189, 0.9162629757785468]","[0.046010483401281305, 0.9953434225844005, 0.9973285841495992, 0.9842726081258192, 0.040584415584415584, 0.05249204665959703, 0.9440993788819876, 0.4449307075127644, 0.05291479820627803, 0.07988165680473373, 0.07291049199762893, 0.05562913907284768, 0.052884615384615384]",53.43533700939329,12.493634445362346,62.92859732026178,318.2741470336914,121.2181167602539,82.6911392211914,114.3648910522461,230332.40234375,71907.734375,105731.3359375,52693.33203125,230014.1328125,71786.515625,105648.6484375,52578.96875,,COMPLETE,False,318.2741470336914,230014.1328125,
pareto_sum,54,,2026-10-07 00:47:36.621756,2026-10-07 00:50:13.138292,0 days 00:02:36.516536,0.4,0.0056913556349489,0.0035472431410419,,,,120.68008465878322,59.77330511373893,42.43364063779892,94.51475574187292,42.37151896154495,"[0.07830626450116009, 0.10989010989010989, 0.9964747356051704, 0.9558189655172413, 0.057692307692307696, 0.06859054788791301, 0.9674711437565582, 0.9955476402493322, 0.10797546012269939, 0.055893746541228556, 0.4529791816223977, 0.940935192780968, 0.08519961051606621, 0.06793478260869565]","[0.9973262032085561, 0.9970119521912351, 0.9897674418604652, 0.9632352941176471, 0.9848320693391116, 0.9577777777777777, 0.9522633744855967, 0.9974025974025974, 0.9761904761904762, 0.9871794871794872, 0.9591280653950953, 0.9769452449567724, 0.6334902488231339, 0.859515570934256]","[0.03314606741573034, 0.9953434225844005, 0.9973285841495992, 0.9855832241153342, 0.04298150163220892, 0.04229122055674518, 0.9786780383795309, 0.43736263736263736, 0.04225978647686833, 0.04209919261822376, 0.0336231884057971, 0.8308766485647789, 0.04672395273899033]",57.56635936220109,5.485244258127082,57.62848103845505,296.4080276489258,108.59029388427734,78.73237609863281,109.08535766601562,72018.70703125,24548.765625,30046.787109375,17423.154296875,71722.298828125,24440.17578125,29968.0546875,17314.068359375,,COMPLETE,False,296.4080276489258,71722.298828125,
pareto_sum,55,,2026-10-07 00:50:13.146087,2026-10-07 00:52:31.347986,0 days 00:02:18.201899,0.8,0.0014154829011569,0.0001188864234221,,,,178.2878611073671,40.57071296421097,34.57402505838959,51.48225761771127,35.65585621653205,"[0.14303877940241577, 0.39935064935064934, 0.08112582781456953, 0.7346014492753623, 0.6416978776529338, 0.07633909742724589, 0.45527859237536655, 0.9964381121994658, 0.14482758620689656, 0.1702571230020848, 0.47594752186588923, 0.09499298081422555, 0.07646791078743742, 0.35]","[0.9973262032085561, 0.38226108682073706, 0.3673337637185281, 0.15832805573147563, 0.7864674868189807, 0.18753781004234724, 0.27361190612478536, 0.9948119325551232, 0.19242333132892364, 0.9778554778554779, 0.45849802371541504, 0.9195298372513563, 0.3053600433134813, 0.2061711079943899]","[0.054019292604501605, 0.9813953488372092, 0.9973285841495992, 0.926605504587156, 0.07455890722822994, 0.07296849087893864, 0.33088725817211473, 0.4280415430267062, 0.06710158434296365, 0.14395886889460155, 0.1351875808538163, 0.1201780415430267, 0.30303030303030304]",65.4259749416104,48.51774238228873,64.34414378346796,339.0438995361328,132.25119018554688,98.93191528320312,107.8607940673828,22156.40283203125,7579.98095703125,9524.5986328125,5051.8232421875,21817.359375,7447.72998046875,9425.6669921875,4943.96240234375,,COMPLETE,False,339.0438995361328,21817.359375,
pareto_sum,56,,2026-10-07 00:52:31.354490,2026-10-07 00:54:45.404543,0 days 00:02:14.050053,0.1,0.0020073955247657,0.0064838754771588,,,,136.6116624823157,54.462779172561454,47.22316163726777,79.33989810299077,36.8252777774258,"[0.0630787037037037, 0.057223796033994336, 0.968421052631579, 0.9428879310344828, 0.10654313839027214, 0.8651006711409396, 0.9629629629629629, 0.9964381121994658, 0.096, 0.11622125543816035, 0.42131263232180666, 0.903277378097522, 0.05693628558517849, 0.054838709677419356]","[0.9964349376114082, 0.99800796812749, 0.9897674418604652, 0.19431988041853512, 0.9859002169197397, 0.96440489432703, 0.9679012345679012, 0.9974025974025974, 0.22620519159456118, 0.9895104895104895, 0.23308270676691728, 0.9827089337175793, 0.6862210095497954, 0.8957182320441989]","[0.059530623926731537, 0.9918509895227008, 0.9973285841495992, 0.9842931937172775, 0.050351922035733625, 0.054868208714362564, 0.8385469223007064, 0.4436416184971098, 0.06663644605621033, 0.08866705813270699, 0.08771929824561403, 0.06496415770609319, 0.05888708806050783]",52.77683836273223,20.660101897009227,63.17472222257421,344.8080139160156,134.7776336669922,94.005615234375,116.02476501464844,202849.0703125,65379.8125,90685.75,46783.5078125,202504.26171875,65245.03515625,90591.7421875,46667.484375,,COMPLETE,False,344.8080139160156,202504.26171875,
pareto_sum,57,,2026-10-07 00:54:45.412154,2026-10-07 00:57:22.188798,0 days 00:02:36.776644,0.3,0.0075416371872259,0.0035373195838295,,,,124.55994416625498,58.48001861124834,45.64454015693865,93.45084872158782,36.34466695521855,"[0.06994424733907754, 0.9916044776119403, 0.9905992949471211, 0.9568034557235421, 0.06601607347876004, 0.06867356538099718, 0.9620253164556962, 0.9955476402493322, 0.09847094801223241, 0.05289672544080604, 0.07206142941523921, 0.9095394736842105, 0.08642578125, 0.06962719298245613]","[0.9973262032085561, 0.9940239043824701, 0.987906976744186, 0.9474327628361858, 0.9815817984832069, 0.9500554938956715, 0.9399671052631579, 0.9974025974025974, 0.9751552795031055, 0.9836829836829837, 0.9482288828337875, 0.9654510556621881, 0.5997313633310947, 0.8151724137931035]","[0.03396436525612472, 0.9953434225844005, 0.9973285841495992, 0.9842726081258192, 0.041893362350380846, 0.04092622509423802, 0.9680170575692963, 0.44590643274853803, 0.04092526690391459, 0.044611819235225954, 0.03540833809251856, 0.048436811977102597, 0.04777241009125067]",54.35545984306135,6.549151278412182,63.65533304478145,295.93848419189453,105.20333099365234,79.54866027832031,111.18649291992188,71566.06640625,24394.59375,29843.34765625,17328.125,71270.12890625,24289.390625,29763.798828125,17216.939453125,,COMPLETE,False,295.93848419189453,71270.12890625,
pareto_sum,58,,2026-10-07 00:57:22.196006,2026-10-07 00:59:02.498969,0 days 00:01:40.302963,0.3,0.0092064910248246,0.0043372837492959,,,,119.3719830082257,60.2093389972581,51.437032492824976,92.86798555046065,36.32299894848868,"[0.07871720116618076, 0.9906716417910447, 0.9917743830787309, 0.9331919406150583, 0.9266409266409267, 0.05668183698800165, 0.9652265542676501, 0.993766696349065, 0.09602446483180428, 0.054959785522788206, 0.06969875959834614, 0.896636587366694, 0.07913669064748201, 0.06805708013172337]","[0.9973262032085561, 0.9920318725099602, 0.987906976744186, 0.9448529411764706, 0.9815817984832069, 0.9490586932447398, 0.9300986842105263, 0.9974025974025974, 0.9699792960662525, 0.9790209790209791, 0.941923774954628, 0.9520613614573347, 0.581989247311828, 0.7962835512732278]","[0.035955056179775284, 0.9953434225844005, 0.9973285841495992, 0.9868938401048493, 0.041893362350380846, 0.044919786096256686, 0.9691160809371672, 0.42794440380395027, 0.04092526690391459, 0.04734411085450346, 0.037388724035608306, 0.048038783605112385, 0.04889844169801182]",48.562967507175024,7.132014449539355,63.67700105151132,296.89552307128906,107.62519073486328,80.1961441040039,109.07418823242188,109245.966796875,36590.33984375,46991.640625,25663.986328125,108949.072265625,36482.71484375,46911.4453125,25554.912109375,,COMPLETE,False,296.89552307128906,108949.072265625,
pareto_sum,59,,2026-10-07 00:59:02.505374,2026-10-07 01:01:03.493048,0 days 00:02:00.987674,0.2,0.0036231356431115,0.0031921699015745,,,,126.1013741627942,57.96620861240194,44.600663393451725,92.42390977974732,36.874052664006754,"[0.07377521613832853, 0.06442417331812998, 0.9776733254994124, 0.9451022604951561, 0.06381766381766382, 0.06859054788791301, 0.9663157894736842, 0.9955476402493322, 0.5461049284578696, 0.05534034311012728, 0.4513338139870223, 0.9243421052631579, 0.05188679245283019, 0.05983827493261455]","[0.9973262032085561, 0.9970119521912351, 0.9906976744186047, 0.9692874692874693, 0.9826839826839827, 0.9578713968957872, 0.9621399176954732, 0.9974025974025974, 0.6584723441615452, 0.9871794871794872, 0.936, 0.9779058597502401, 0.6491582491582492, 0.876210235131397]","[0.041119360365505425, 0.9941792782305006, 0.9973285841495992, 0.9855832241153342, 0.04002163331530557, 0.040125065138092754, 0.9797225186766275, 0.45149525893508385, 0.0427426536064114, 0.06152961472110408, 0.052568697729988054, 0.04715733803437638, 0.060053619302949064]",55.39933660654828,7.576090220252666,63.125947335993246,299.7207946777344,107.96942901611328,80.39274597167969,111.3586196899414,56599.2783203125,19570.6796875,22959.115234375,14069.4833984375,56299.55859375,19462.7109375,22878.72265625,13958.125,,COMPLETE,False,299.7207946777344,56299.55859375,
pareto_sum,60,,2026-10-07 01:01:03.500017,2026-10-07 01:03:38.707917,0 days 00:02:35.207900,0.9,0.0312254576006187,0.0024978916545761,,,,223.98906214717888,25.33697928427371,24.28640918115365,33.228204962742325,18.496323708925143,"[0.051192842942345926, 0.9515377446411929, 0.061850027367268745, 0.04254044337926902, 0.045429052159282106, 0.041666666666666664, 0.8832644628099173, 0.9741763134461264, 0.08160779537149818, 0.04833333333333333, 0.07549361207897794, 0.04035639412997904, 0.035467980295566505, 0.0671806167400881]","[0.9955436720142602, 0.13962264150943396, 0.9386617100371747, 0.18425076452599387, 0.22521957340025095, 0.0632666236281472, 0.0668824163969795, 0.9974025974025974, 0.07306501547987616, 0.622398414271556, 0.19902617163724892, 0.06642449403217436, 0.043627450980392155, 0.036557149467838966]","[0.03417533432392273, 0.9778812572759022, 0.9910952804986642, 0.0441008018327606, 0.03234501347708895, 0.06481481481481481, 0.0445996775926921, 0.04310344827586207, 0.02971311475409836, 0.03459372485921158, 0.030693677102516883, 0.04060687193217314, 0.036799065420560745]",75.71359081884634,66.77179503725768,81.50367629107485,365.0154342651367,111.84107208251952,140.82810974121094,112.34625244140624,30448.216796875,10733.91015625,10999.2470703125,8715.0595703125,30083.201171875,10622.0693359375,10858.4189453125,8602.712890625,,COMPLETE,False,365.0154342651367,30083.201171875,
pareto_sum,61,,2026-10-07 01:03:38.714544,2026-10-07 01:06:16.333522,0 days 00:02:37.618978,0.9,0.0001206911350805,0.0003103037167147,,,,159.76028850608355,46.74657049797215,43.270230841566274,54.39024983886242,42.57923081348775,"[0.24889543446244478, 0.29263437292634376, 0.3274647887323944, 0.7740899357601713, 0.33548387096774196, 0.6048593350383632, 0.3464095744680851, 0.9946571682991986, 0.2944369063772049, 0.3171759747102213, 0.4185412406271302, 0.601067887109077, 0.265375854214123, 0.23673997412677877]","[0.9973262032085561, 0.6368760064412239, 0.2943894389438944, 0.26083530338849487, 0.38832315003394435, 0.32027491408934705, 0.6710816777041942, 0.9479034307496823, 0.2692552514322088, 0.7626050420168067, 0.26272784412319294, 0.7608359133126935, 0.5041113219481341, 0.5380894800483675]","[0.21599402092675635, 0.5937136204889406, 0.9973285841495992, 0.4888597640891219, 0.43630573248407645, 0.31601731601731603, 0.3277545327754533, 0.3975988700564972, 0.5602553870710295, 0.23227206946454415, 0.29426860564585117, 0.4630503144654088, 0.21188118811881188]",56.729769158433726,45.609750161137576,57.42076918651225,533.1887664794922,157.28567504882812,229.5287170410156,146.37437438964844,9311.133911132812,3039.9736328125,4318.75537109375,1952.4049072265625,8777.9453125,2882.68798828125,4089.226806640625,1806.030517578125,,COMPLETE,False,533.1887664794922,8777.9453125,
pareto_sum,62,,2026-10-07 01:06:16.340897,2026-10-07 01:08:56.299187,0 days 00:02:39.958290,0.2,0.0043058853280801,0.0168550200026244,,,,98.60965553700036,67.13011482099988,61.42079465382676,97.61077545407784,42.35877435509504,"[0.07528735632183908, 0.9786839666357738, 0.9905992949471211, 0.9681318681318681, 0.8366093366093366, 0.889344262295082, 0.9820295983086681, 0.9964381121994658, 0.14655716993051168, 0.05750273822562979, 0.4398016997167139, 0.9316872427983539, 0.24725592143269787, 0.058982683982683984]","[0.9973262032085561, 0.99800796812749, 0.9944186046511628, 0.9754299754299754, 0.9891540130151844, 0.9732441471571907, 0.974485596707819, 0.9974025974025974, 0.9813664596273292, 0.9895104895104895, 0.9673024523160763, 0.9855769230769231, 0.9516256938937351, 0.8906574394463668]","[0.0341545352743561, 0.9953434225844005, 0.9973285841495992, 0.9868938401048493, 0.04298150163220892, 0.040275569687334395, 0.9829059829059829, 0.4314574314574315, 0.05152329749103943, 0.04, 0.03775743707093822, 0.8222390317700454, 0.04378003203416978]",38.57920534617324,2.3892245459221613,57.64122564490496,273.1628189086914,103.76046752929688,58.46405029296875,110.93830108642578,287319.140625,95040.859375,127106.9140625,65171.3671875,287045.984375,94937.1015625,127048.453125,65060.4296875,,COMPLETE,False,273.1628189086914,287045.984375,
pareto_sum,63,,2026-10-07 01:08:56.306439,2026-10-07 01:10:58.725369,0 days 00:02:02.418930,0.3,0.0127231232564323,0.0014308530664411,,,,164.2287909052071,45.2570696982643,33.798563447437935,69.0372995986431,32.93534604871186,"[0.06826286296484972, 0.9878731343283582, 0.9894242068155111, 0.24511082138200782, 0.04915254237288136, 0.04195804195804196, 0.9478623566214807, 0.9919857524487978, 0.09448818897637795, 0.05161998901702362, 0.06839080459770115, 0.061683220073183484, 0.05728241563055062, 0.07670454545454546]","[0.9973262032085561, 0.9870517928286853, 0.9776744186046512, 0.24647887323943662, 0.9719525350593312, 0.2697466467958271, 0.1378755364806867, 0.9974025974025974, 0.9483471074380165, 0.9615384615384616, 0.8970189701897019, 0.9302769818529131, 0.2340085287846482, 0.10852329038652131]","[0.042573778422835024, 0.9918509895227008, 0.9973285841495992, 0.9593709043250328, 0.039850560398505604, 0.04357181280258203, 0.9367088607594937, 0.04773384763741562, 0.035856573705179286, 0.047126436781609195, 0.043094496365524405, 0.04757709251101322, 0.04895104895104895]",66.20143655256206,30.96270040135689,67.06465395128814,302.57030487060547,102.45609283447266,94.76729583740234,105.34691619873048,7125.755737304688,3488.96044921875,1027.8270263671875,2608.96826171875,6823.185424804688,3386.50439453125,933.0596923828124,2503.621337890625,,COMPLETE,False,302.57030487060547,6823.185424804688,
pareto_sum,64,,2026-10-07 01:10:58.731859,2026-10-07 01:13:27.543262,0 days 00:02:28.811403,0.9,0.0002042315814368,0.0366294569836081,,,,159.30187564574788,46.89937478475071,46.01256419215526,53.68346359975068,41.00209656234617,"[0.2648, 0.3069526627218935, 0.3172737955346651, 0.5715859030837004, 0.3389391979301423, 0.6515353805073432, 0.6520833333333333, 0.8691006233303651, 0.3021939136588818, 0.33225458468176916, 0.34190620272314676, 0.7059787059787059, 0.5434451219512195, 0.2437095614665708]","[0.7015793848711555, 0.7019319227230911, 0.30377094972067037, 0.2769874476987448, 0.6302752293577981, 0.5454545454545454, 0.8050161812297735, 0.4454428754813864, 0.2957540263543192, 0.7554112554112554, 0.2267019167217449, 0.5794053662073967, 0.5881944444444445, 0.6597593582887701]","[0.2454328832406672, 0.5238649592549476, 0.6117542297417632, 0.4803664921465969, 0.48592411260709917, 0.332378223495702, 0.5246252676659529, 0.3264840182648402, 0.6222403924775143, 0.24012158054711247, 0.245662100456621, 0.4743083003952569, 0.21710999281092738]",53.98743580784474,46.31653640024932,58.99790343765383,551.2066497802734,154.6337432861328,279.5729064941406,117.0,336889.5078125,114811.765625,144620.109375,77457.6328125,336338.296875,114657.1328125,144340.53125,77340.6328125,,COMPLETE,False,551.2066497802734,336338.296875,
pareto_sum,65,,2026-10-07 01:13:27.559026,2026-10-07 01:15:20.028394,0 days 00:01:52.469368,0.3,0.0200448737017312,0.0040870097068153,,,,168.9783298575557,43.67389004748142,32.77438404440053,69.9508675415306,28.29641855651316,"[0.06690777576853527, 0.980410447761194, 0.9847238542890717, 0.048870204939569103, 0.16632443531827515, 0.0392156862745098, 0.9403141361256544, 0.9902048085485308, 0.08338405356055995, 0.05104281009879254, 0.07109826589595376, 0.043663471778487756, 0.04967709885742673, 0.0725767169995129]","[0.9955436720142602, 0.9741293532338309, 0.9609302325581396, 0.22032583397982933, 0.9643628509719222, 0.8670329670329671, 0.13874538745387455, 0.9974025974025974, 0.9420889348500517, 0.9487179487179487, 0.8465703971119134, 0.6890829694323144, 0.1769316909294513, 0.07125662012518055]","[0.03560975609756097, 0.9941792782305006, 0.9902135231316725, 0.9868938401048493, 0.0352, 0.04302832244008715, 0.32532601235415237, 0.04664723032069971, 0.043789097408400354, 0.04752760441670667, 0.039925140361821584, 0.0439453125, 0.046249294980259446]",67.22561595559947,30.0491324584694,71.70358144348685,331.54563903808594,110.76666259765624,112.53282165527344,108.24615478515624,97457.2890625,32816.55859375,41557.2734375,23083.45703125,97125.744140625,32705.791015625,41444.7421875,22975.2109375,,COMPLETE,False,331.54563903808594,97125.744140625,
pareto_sum,66,,2026-10-07 01:15:20.041648,2026-10-07 01:17:36.059062,0 days 00:02:16.017414,0.3,0.0016440356334651,0.0314955951892194,,,,122.97380235449242,59.00873254850253,50.78063025765146,76.68135112741508,49.56421626044103,"[0.0719588806396345, 0.05536723163841808, 0.9367088607594937, 0.9627601314348302, 0.5605911330049261, 0.8706603131381893, 0.9565217391304348, 0.9964381121994658, 0.11248654467168999, 0.13141809290953546, 0.4076388888888889, 0.9293924466338259, 0.06412005457025921, 0.0532258064516129]","[0.9973262032085561, 0.99800796812749, 0.31992084432717677, 0.21717877094972068, 0.9869848156182213, 0.9765886287625418, 0.9777777777777777, 0.9974025974025974, 0.22338461538461538, 0.9895104895104895, 0.22388059701492538, 0.9826923076923076, 0.943695479777954, 0.9010380622837371]","[0.06246450880181715, 0.9871944121071012, 0.9973285841495992, 0.9816993464052287, 0.048317046688382194, 0.07127771911298839, 0.9345794392523364, 0.44404332129963897, 0.8744038155802861, 0.07051282051282051, 0.08617482951022938, 0.8335913312693498, 0.05176093916755603]",49.21936974234854,23.31864887258492,50.43578373955897,336.7706756591797,156.54983520507812,82.82207489013672,97.39876556396484,325728.546875,110554.9609375,140709.296875,74464.2890625,325391.7734375,110398.4140625,140626.46875,74366.890625,,COMPLETE,False,336.7706756591797,325391.7734375,
pareto_sum,67,,2026-10-07 01:17:36.067137,2026-10-07 01:19:38.909404,0 days 00:02:02.842267,0.7000000000000001,0.0003810708971915,0.004424778062579,,,,141.93814046681487,52.68728651106171,46.0085175688344,63.76687209821223,48.286469866138496,"[0.2702156334231806, 0.27879169288860917, 0.30861040068201195, 0.8888888888888888, 0.46892039258451473, 0.7196141479099678, 0.36357702349869453, 0.9955476402493322, 0.30916030534351147, 0.28907563025210087, 0.41672473867595816, 0.610770279481936, 0.2922181048173637, 0.22907758094074526]","[0.9973262032085561, 0.9731610337972167, 0.16004813477737664, 0.271461716937355, 0.8988988988988988, 0.20727945712523133, 0.8110236220472441, 0.9974025974025974, 0.19014492753623188, 0.9569767441860465, 0.1377952755905512, 0.8739205526770294, 0.6960227272727273, 0.75590020229265]","[0.22389127324749641, 0.8745644599303136, 0.9973285841495992, 0.6081258191349934, 0.4655326768128917, 0.2490372272143774, 0.3796169630642955, 0.4049645390070922, 0.7103905674281503, 0.2534246575342466, 0.2747426761678543, 0.6310904872389791, 0.20453115166771554]",53.9914824311656,36.23312790178777,51.713530133861504,540.6598358154297,227.1226959228516,133.52442932128906,180.01271057128906,113646.880859375,38042.79296875,48962.84375,26641.244140625,113106.22265625,37815.671875,48829.3203125,26461.23046875,,COMPLETE,False,540.6598358154297,113106.22265625,
pareto_sum,68,,2026-10-07 01:19:38.919503,2026-10-07 01:21:29.072451,0 days 00:01:50.152948,0.3,0.0023256694865681,0.0006381105811985,,,,157.14019735893214,47.61993421368928,41.957833091716026,65.64916781709087,35.25280173226098,"[0.06261075014766686, 0.16666666666666666, 0.9543325526932084, 0.874251497005988, 0.06477272727272727, 0.0681438127090301, 0.9550209205020921, 0.9955476402493322, 0.11397260273972602, 0.05518763796909492, 0.47218155197657397, 0.8709150326797386, 0.04880478087649402, 0.1716884593519045]","[0.9973262032085561, 0.9960159362549801, 0.9823255813953489, 0.18116415958142576, 0.9506302521008403, 0.27061170212765956, 0.9190515126737531, 0.9974025974025974, 0.22602739726027396, 0.9790209790209791, 0.2309090909090909, 0.9668874172185431, 0.29571351058057516, 0.19779715465810005]","[0.042898550724637684, 0.989522700814901, 0.9973285841495992, 0.9790849673202614, 0.054098360655737705, 0.054858934169279, 0.5195103289977047, 0.49963154016212236, 0.058664259927797835, 0.08780200353565115, 0.09199522102747909, 0.055381866904868245, 0.15208690680388792]",58.04216690828397,34.35083218290913,64.74719826773902,331.9832229614258,109.94296264648438,101.24370574951172,120.79655456542967,3915.80908203125,1063.7613525390625,2060.831787109375,791.2159423828125,3583.825927734375,953.8184204101562,1959.588134765625,670.4193725585938,,COMPLETE,False,331.9832229614258,3583.825927734375,
pareto_sum,69,,2026-10-07 01:21:29.123770,2026-10-07 01:23:20.381381,0 days 00:01:51.257611,0.5,0.0854994037525036,0.0413937186546725,,,,285.1665105264989,4.944496491167027,2.5707691954804752,5.720535486541979,6.542184791478626,"[0.02996005326231691, 0.03965832824893228, 0.0035252643948296123, 0.021621621621621623, 0.053203040173724216, 0.024923702950152594, 0.024805102763997167, 0.022518765638031693, 0.0205819730305181, 0.014447884416924664, 0.010138248847926268, 0.030042918454935622, 0.0361504640937958, 0.028330319469559977]","[0.06311360448807854, 0.027675276752767528, 0.033825338253382534, 0.027491408934707903, 0.017825311942959002, 0.028109627547434995, 0.028587135788894998, 0.3756476683937824, 0.02620967741935484, 0.08482490272373541, 0.023781212841854936, 0.024824952259707194, 0.010316875460574797, 0.028641975308641977]","[0.020061728395061727, 0.0633245382585752, 0.17662337662337663, 0.42670157068062825, 0.0024479804161566705, 0.015806988352745424, 0.018198362147406732, 0.032280219780219783, 0.027266962587190868, 0.032992930086410056, 0.018853102906520033, 0.008227374719521317, 0.007698887938408896]",97.42923080451952,94.27946451345802,93.45781520852135,446.26719665527344,119.9464874267578,209.3207092285156,117.0,346126.6171875,118358.5859375,147748.453125,80019.578125,345680.34375,118238.640625,147539.125,79902.578125,,COMPLETE,False,446.26719665527344,345680.34375,
pareto_sum,70,,2026-10-07 01:23:20.388232,2026-10-07 01:25:41.248378,0 days 00:02:20.860146,0.2,0.008244191705713,0.001441439272843,,,,149.08604666474318,50.30465111175227,34.01415400652853,80.34843738106393,36.551361947664354,"[0.06843718079673136, 0.10823258491652274, 0.982373678025852, 0.9167533818938606, 0.07436260623229461, 0.047685834502103785, 0.9402677651905252, 0.993766696349065, 0.09750152346130408, 0.05098684210526316, 0.28187919463087246, 0.07053941908713693, 0.05518169582772544, 0.07401315789473684]","[0.9973262032085561, 0.9910358565737052, 0.986046511627907, 0.2535310734463277, 0.9698275862068966, 0.9303867403314917, 0.8725328947368421, 0.9974025974025974, 0.9607032057911065, 0.9731934731934732, 0.9240506329113924, 0.9540229885057471, 0.27502691065662, 0.16369455875628716]","[0.03455964325529543, 0.9918509895227008, 0.9973285841495992, 0.9855832241153342, 0.041893362350380846, 0.044541010320478004, 0.9351753453772582, 0.4727941176470588, 0.037349933303690526, 0.0440324449594438, 0.03249540159411404, 0.047556142668428, 0.08651685393258426]",65.98584599347147,19.65156261893607,63.448638052335646,305.86279296875,113.06815338134766,87.16700744628906,105.62763214111328,7202.9947509765625,3558.413818359375,1002.2821044921876,2642.298828125,6897.1319580078125,3445.345703125,915.1151123046876,2536.671142578125,,COMPLETE,False,305.86279296875,6897.1319580078125,
pareto_sum,71,,2026-10-07 01:25:41.260253,2026-10-07 01:28:03.356449,0 days 00:02:22.096196,0.3,0.0208288494234472,0.0022746971646655,,,,190.28482247187145,36.571725842709526,26.09937335608426,57.64194252221081,25.97386164983351,"[0.05811623246492986, 0.9785447761194029, 0.06879471656576774, 0.048870204939569103, 0.16232876712328767, 0.03867660764212488, 0.9251559251559252, 0.9857524487978628, 0.08277541083384053, 0.050521691378363535, 0.07937427578215528, 0.05229649840836744, 0.04962779156327544, 0.07307692307692308]","[0.9973262032085561, 0.9711442786069652, 0.9655813953488372, 0.21678321678321677, 0.9634408602150538, 0.1398354876615746, 0.09902067464635474, 0.9974025974025974, 0.9245087900723888, 0.9312354312354313, 0.2139364303178484, 0.5271439811172305, 0.0745814307458143, 0.04793117574764441]","[0.03323615160349854, 0.9941792782305006, 0.9973285841495992, 0.9580602883355177, 0.03594420600858369, 0.053779807204464736, 0.048767967145790556, 0.04243008678881389, 0.034108527131782945, 0.04056246619794483, 0.047769028871391075, 0.04407443682664055, 0.04636118598382749]",73.90062664391574,42.35805747778919,74.02613835016649,327.3770294189453,107.0147476196289,114.1741943359375,106.1880874633789,23424.71044921875,8211.5244140625,7818.8330078125,7394.35302734375,23097.3330078125,8104.50927734375,7704.65869140625,7288.1650390625,,COMPLETE,False,327.3770294189453,23097.3330078125,
pareto_sum,72,,2026-10-07 01:28:03.362203,2026-10-07 01:30:38.868827,0 days 00:02:35.506624,0.3,0.007015585737954,0.0020270500019741,,,,134.37301754353095,55.20899415215635,47.8571257817761,81.29694364603415,36.4729130286588,"[0.06972010178117048, 0.10689655172413794, 0.9894242068155111, 0.9384288747346072, 0.9242618741976893, 0.06922712185870081, 0.9452479338842975, 0.9955476402493322, 0.10207823960880195, 0.05156657963446475, 0.4713144517066086, 0.9051512673753066, 0.05829596412556054, 0.0728368017524644]","[0.9973262032085561, 0.9950199203187251, 0.9869767441860465, 0.24628616106333073, 0.9752155172413793, 0.9456762749445676, 0.921875, 0.9974025974025974, 0.9700103412616339, 0.9813519813519813, 0.9329102447869447, 0.9626794258373206, 0.29027027027027025, 0.17857142857142858]","[0.03460207612456748, 0.9941792782305006, 0.9973285841495992, 0.9855832241153342, 0.041893362350380846, 0.043991416309012876, 0.9723404255319149, 0.4549483013293944, 0.04048042704626335, 0.04277456647398844, 0.036924939467312345, 0.04847950639048039, 0.047952586206896554]",52.1428742182239,18.70305635396585,63.5270869713412,308.52850341796875,112.56537628173828,86.56749725341797,109.3956298828125,17725.13525390625,7319.95263671875,4809.0185546875,5596.1640625,17416.60693359375,7207.38720703125,4722.451171875,5486.7685546875,,COMPLETE,False,308.52850341796875,17416.60693359375,
pareto_sum,73,,2026-10-07 01:30:38.876286,2026-10-07 01:33:01.627201,0 days 00:02:22.750915,0.5,0.0131183934096797,0.010299706598594,,,,129.1162757364173,56.961241421194245,45.85678031232763,91.62534686481207,33.401597086443005,"[0.07247223845704266, 0.9869402985074627, 0.9905992949471211, 0.9713971397139713, 0.944516129032258, 0.04380242311276794, 0.9714285714285714, 0.993766696349065, 0.08836075563680683, 0.062219730941704035, 0.08032128514056225, 0.06837999082147775, 0.0733365711510442, 0.07240811848601207]","[0.9964349376114082, 0.9910358565737052, 0.9832558139534884, 0.9411042944785276, 0.9794149512459371, 0.9309576837416481, 0.9218106995884774, 0.9974025974025974, 0.9720496894409938, 0.9766899766899767, 0.9292196007259528, 0.9461538461538461, 0.8681493248610008, 0.3938692886061307]","[0.04176904176904177, 0.9953434225844005, 0.9973285841495992, 0.9868938401048493, 0.04198473282442748, 0.04504021447721179, 0.9575371549893843, 0.04467564259485924, 0.04244861483467382, 0.05245428296438884, 0.040606060606060604, 0.047556142668428, 0.048569886670264434]",54.14321968767237,8.374653135187927,66.598402913557,307.6353912353516,108.86505126953124,89.95198059082031,108.818359375,260541.4140625,84483.125,117538.8125,58519.4765625,260233.7734375,84374.2578125,117448.859375,58410.65625,,COMPLETE,False,307.6353912353516,260233.7734375,
pareto_sum,74,,2026-10-07 01:33:01.638210,2026-10-07 01:34:44.153021,0 days 00:01:42.514811,0.2,0.0038782820792867,0.0179876936397312,,,,110.30827136887274,63.230576210375744,49.57970904725386,97.57157324078028,42.54044634309313,"[0.07528735632183908, 0.06922196796338673, 0.9882491186839013, 0.9692307692307692, 0.059336823734729496, 0.8823529411764706, 0.9830866807610994, 0.9964381121994658, 0.14663310258023915, 0.05085865257595773, 0.43626062322946174, 0.9366776315789473, 0.2892416225749559, 0.05828386400431732]","[0.9973262032085561, 0.99800796812749, 0.9944186046511628, 0.9680589680589681, 0.9891540130151844, 0.9732441471571907, 0.974485596707819, 0.9974025974025974, 0.9834368530020704, 0.9895104895104895, 0.9682107175295186, 0.9855769230769231, 0.9484536082474226, 0.8927335640138409]","[0.03473389355742297, 0.9930151338766007, 0.9973285841495992, 0.9868938401048493, 0.043997827267789245, 0.04012671594508976, 0.9818376068376068, 0.4348452123830094, 0.050672645739910316, 0.04006868918145392, 0.040137614678899085, 0.8444444444444444, 0.04215581643543223]",50.42029095274614,2.4284267592197324,57.45955365690687,271.0383949279785,103.2483139038086,57.48013687133789,110.30994415283205,290582.4921875,96429.6015625,128386.6796875,65766.2109375,290311.453125,96326.3515625,128329.203125,65655.8984375,,COMPLETE,False,271.0383949279785,290311.453125,
pareto_sum,75,,2026-10-07 01:34:44.162865,2026-10-07 01:37:08.498231,0 days 00:02:24.335366,0.2,0.0140401274684398,0.0063091556271524,,,,134.94739115607177,55.01753628130941,44.288385832133706,86.99544194344332,33.76878106835118,"[0.06884681583476764, 0.9897388059701493, 0.9870740305522914, 0.9551422319474836, 0.8227684346701164, 0.038175046554934824, 0.9544973544973545, 0.9928762243989314, 0.08531383302864107, 0.05149971703452179, 0.0667433831990794, 0.06820276497695853, 0.04975347377857463, 0.06974190005491489]","[0.9964349376114082, 0.9860557768924303, 0.9767441860465116, 0.9374233128834356, 0.9772481040086674, 0.9090909090909091, 0.8987654320987655, 0.9974025974025974, 0.9627329192546584, 0.9685314685314685, 0.898458748866727, 0.9115384615384615, 0.5709413369713506, 0.18799368088467613]","[0.034059184812953655, 0.9953434225844005, 0.9973285841495992, 0.9868938401048493, 0.041916167664670656, 0.04542996214169821, 0.9510117145899893, 0.12352576039726877, 0.03231518370960602, 0.04753722794959908, 0.03843843843843844, 0.047493403693931395, 0.04864864864864865]",55.71161416786629,13.004558056556675,66.23121893164881,316.82518768310547,112.13304138183594,95.01117706298828,109.68096923828124,196205.4140625,63386.48828125,87587.859375,45231.06640625,195888.59375,63274.35546875,87492.8515625,45121.38671875,,COMPLETE,False,316.82518768310547,195888.59375,
pareto_sum,76,,2026-10-07 01:37:08.504832,2026-10-07 01:39:42.706747,0 days 00:02:34.201915,0.3,0.0040513314170843,0.0084580336318176,,,,119.145232119504,60.28492262683201,42.56515759566592,95.62248638536362,42.66712389946648,"[0.07479861910241657, 0.0684931506849315, 0.9870740305522914, 0.9652173913043478, 0.0800230282095567, 0.08053691275167785, 0.9809725158562368, 0.9964381121994658, 0.1702944942381562, 0.05521811154058531, 0.4514978601997147, 0.932621199671323, 0.05587170201758924, 0.060064935064935064]","[0.9973262032085561, 0.99800796812749, 0.9944186046511628, 0.9692874692874693, 0.9880694143167028, 0.9766407119021134, 0.9728395061728395, 0.9974025974025974, 0.9824198552223371, 0.9883449883449883, 0.97, 0.9826923076923076, 0.6714285714285714, 0.8982698961937716]","[0.03539325842696629, 0.9953434225844005, 0.9973285841495992, 0.9855832241153342, 0.04241435562805873, 0.03837953091684435, 0.9861111111111112, 0.4375, 0.04644930772666369, 0.053082191780821915, 0.04087507196315487, 0.8455538221528861, 0.04271222637479979]",57.43484240433408,4.377513614636385,57.332876100533525,288.54100799560547,111.39128112792967,69.52177429199219,107.6279525756836,246607.34765625,77663.578125,113445.359375,55498.41015625,246318.8046875,77552.1875,113375.8359375,55390.78125,,COMPLETE,False,288.54100799560547,246318.8046875,
pareto_sum,77,,2026-10-07 01:39:42.714532,2026-10-07 01:41:56.032195,0 days 00:02:13.317663,0.3,0.0164778069748187,0.0005070042911183,,,,199.80513279036285,33.39828906987905,26.180649057156952,48.07465812345403,25.939560029026165,"[0.058320764203117145, 0.9114490161001789, 0.08272778088317496, 0.049921177088807146, 0.1945578231292517, 0.04306436990027199, 0.8727634194831014, 0.9857524487978628, 0.06486210418794688, 0.057350032959789056, 0.16574245224892176, 0.05620503597122302, 0.04987654320987654, 0.07269789983844911]","[0.9973262032085561, 0.17114093959731544, 0.9683720930232558, 0.14566642388929352, 0.7937956204379562, 0.1449530516431925, 0.09902067464635474, 0.9974025974025974, 0.1278772378516624, 0.9488372093023256, 0.22480146609651802, 0.9019980970504282, 0.14184008762322015, 0.06742043551088778]","[0.029395452024403773, 0.9814169570267132, 0.9964381121994658, 0.9554390563564875, 0.04017139796464917, 0.046027742749054225, 0.048106448311156604, 0.0494716618635927, 0.043882978723404256, 0.04684512428298279, 0.04289405684754522, 0.04408122833085686, 0.047972587093089665]",73.81935094284304,51.92534187654597,74.06043997097383,327.9911346435547,106.33992004394533,112.92391967773438,108.727294921875,3853.200500488281,1065.373291015625,2019.0946044921875,768.7326049804688,3525.209289550781,959.0333251953124,1906.170654296875,660.0053100585938,,COMPLETE,False,327.9911346435547,3525.209289550781,
pareto_sum,78,,2026-10-07 01:41:56.042682,2026-10-07 01:43:38.822234,0 days 00:01:42.779552,0.3,0.0001827699892147,0.0104791904285607,,,,142.72255021182252,52.42581659605916,48.96193757276253,57.69429469133627,50.62121752407869,"[0.2918918918918919, 0.3088042049934297, 0.326334208223972, 0.7568134171907757, 0.37060414788097384, 0.7078795643818065, 0.6204869857262805, 0.9804096170970614, 0.32483221476510066, 0.2708006279434851, 0.35614617940199333, 0.7742681047765794, 0.497972972972973, 0.2674271229404309]","[0.8991304347826087, 0.7284710017574693, 0.2955729166666667, 0.2651704073150457, 0.7253521126760564, 0.6215469613259669, 0.7911145752143414, 0.4944237918215613, 0.2956698240866035, 0.7873051224944321, 0.26045627376425856, 0.6548736462093863, 0.6166902404526167, 0.6414239482200648]","[0.25, 0.8113636363636364, 0.993766696349065, 0.5986928104575163, 0.5887755102040816, 0.29424460431654675, 0.5982070089649552, 0.3395973154362416, 0.7724784988272088, 0.27715877437325903, 0.26477359938603223, 0.5506512301013025, 0.24104859335038364]",51.03806242723747,42.30570530866373,49.37878247592131,926.1329650878906,392.9989013671875,287.3067321777344,245.82733154296875,261941.30078125,85135.8046875,118061.84375,58743.65234375,261015.16796875,84742.8046875,117774.5390625,58497.82421875,,COMPLETE,False,926.1329650878906,261015.16796875,
pareto_sum,79,,2026-10-07 01:43:38.834104,2026-10-07 01:45:50.211504,0 days 00:02:11.377400,0.3,0.0049574753684087,0.007838333908845,,,,104.41490917546584,65.19503027484471,56.52383074600517,96.58265746592114,42.47860261260784,"[0.07625649913344887, 0.9851162790697674, 0.9917743830787309, 0.9661941112322792, 0.8887468030690537, 0.08050314465408805, 0.9789029535864979, 0.9964381121994658, 0.15085932527052834, 0.05742683600220872, 0.45014245014245013, 0.923582580115037, 0.2984650369528141, 0.06892778993435449]","[0.9973262032085561, 0.99800796812749, 0.9934883720930232, 0.9705159705159705, 0.9869848156182213, 0.9721913236929922, 0.9711934156378601, 0.9974025974025974, 0.9813664596273292, 0.9895104895104895, 0.971843778383288, 0.9798076923076923, 0.837192474674385, 0.8747404844290657]","[0.0334075723830735, 0.9953434225844005, 0.9973285841495992, 0.9855832241153342, 0.043997827267789245, 0.03848209513629075, 0.9839743589743589, 0.43147208121827413, 0.04642857142857143, 0.04422745548535324, 0.03622771707878091, 0.8408736349453978, 0.04487179487179487]",43.476169253994826,3.4173425340788555,57.52139738739216,287.1986846923828,109.3101043701172,69.11761474609375,108.77096557617188,237429.484375,73111.2890625,110265.3359375,54052.859375,237142.28515625,73001.9765625,110196.21875,53944.08984375,,COMPLETE,False,287.1986846923828,237142.28515625,
pareto_sum,80,,2026-10-07 01:45:50.221278,2026-10-07 01:47:44.267795,0 days 00:01:54.046517,0.3,0.0042724745371288,0.0017394384153679,,,,133.35474462296884,55.54841845901039,41.354171931767816,82.40988194179567,42.88120150346767,"[0.07492795389048991, 0.07028571428571428, 0.9858989424206815, 0.9013360739979445, 0.067816091954023, 0.06899418121363259, 0.956386292834891, 0.9955476402493322, 0.10414129110840438, 0.05583195135433942, 0.4732272069464544, 0.9170090386195563, 0.05032067094227923, 0.06786102062975027]","[0.9973262032085561, 0.9970119521912351, 0.9906976744186047, 0.9619631901840491, 0.980561555075594, 0.9490586932447398, 0.9366776315789473, 0.9974025974025974, 0.9649122807017544, 0.986013986013986, 0.24984653161448742, 0.9798270893371758, 0.3013623978201635, 0.24472168905950095]","[0.037334865020103386, 0.9918509895227008, 0.9973285841495992, 0.9842726081258192, 0.042958129418162044, 0.04078389830508475, 0.9712765957446808, 0.46439169139465875, 0.04183355585224744, 0.06181398035817447, 0.040694195092758824, 0.8285492629945694, 0.07146783947223749]",58.64582806823218,17.590118058204325,57.118798496532335,307.9773941040039,106.36753845214844,92.2218017578125,109.38805389404295,11737.939453125,5675.83203125,2148.83251953125,3913.27490234375,11429.9619140625,5569.46435546875,2056.610595703125,3803.886962890625,,COMPLETE,False,307.9773941040039,11429.9619140625,
pareto_sum,81,,2026-10-07 01:47:44.275109,2026-10-07 01:50:32.817113,0 days 00:02:48.542004,0.4,0.0007169727577172,0.0023053530950044,,,,151.90473744912555,49.36508751695815,37.07835795189064,67.2633629246354,43.7535416743484,"[0.2333767926988266, 0.20508274231678486, 0.32406671961874506, 0.9049630411826821, 0.21343085106382978, 0.7876221498371335, 0.13145029875067898, 0.9964381121994658, 0.29081947011706716, 0.23684210526315788, 0.43604240282685514, 0.18391368317802845, 0.08044382801664356, 0.1664779161947905]","[0.9973262032085561, 0.9950248756218906, 0.18703703703703703, 0.24302496328928047, 0.9816216216216216, 0.23682539682539683, 0.887987012987013, 0.9974025974025974, 0.1497076023391813, 0.9766899766899767, 0.1730879815986199, 0.9476145930776426, 0.8290598290598291, 0.8144611186903138]","[0.20622568093385213, 0.9650756693830035, 0.9973285841495992, 0.8293299620733249, 0.15370483772198407, 0.1827956989247312, 0.20046484601975595, 0.444605358435916, 0.3947951273532669, 0.22959183673469388, 0.22628250175685172, 0.7078734363502576, 0.1498868778280543]",62.92164204810936,32.7366370753646,56.2464583256516,519.1770477294922,214.9475250244141,114.77365112304688,189.45587158203125,24590.54150390625,8659.76953125,8227.9306640625,7702.84130859375,24071.36474609375,8444.822265625,8113.1572265625,7513.38525390625,,COMPLETE,False,519.1770477294922,24071.36474609375,
pareto_sum,82,,2026-10-07 01:50:32.824307,2026-10-07 01:52:32.387386,0 days 00:01:59.563079,0.1,0.0002823297627855,0.0377747983587776,,,,148.34448969580274,50.55183676806576,48.45874287654807,53.12796952126181,50.068797906387374,"[0.30013927576601673, 0.3114209827357238, 0.307426597582038, 0.6587872559095581, 0.33515482695810567, 0.6810126582278481, 0.725883476599809, 0.9203463203463204, 0.3263086335825969, 0.2838427947598253, 0.3362952836637047, 0.8003169572107766, 0.5265635507733692, 0.2707253886010363]","[0.7471544715447155, 0.7104779411764706, 0.2957650273224044, 0.2504743833017078, 0.6323251417769377, 0.5383211678832117, 0.8058017727639001, 0.32829046898638425, 0.28975741239892183, 0.7830802603036876, 0.23845193508114856, 0.5797950219619327, 0.5880177514792899, 0.6502029769959404]","[0.266384778012685, 0.7347560975609756, 0.861013986013986, 0.519650655021834, 0.6310679611650486, 0.31723625557206536, 0.7166998011928429, 0.3178717598908595, 0.7919876733436055, 0.2871287128712871, 0.2435791217895609, 0.5778251599147122, 0.2437417654808959]",51.54125712345193,46.87203047873819,49.93120209361263,892.0531921386719,359.5562744140625,294.78729248046875,237.70962524414065,339474.0,115903.84375,145419.109375,78151.046875,338581.953125,115544.2890625,145124.328125,77913.3359375,,COMPLETE,False,892.0531921386719,338581.953125,
pareto_sum,83,,2026-10-07 01:52:32.397351,2026-10-07 01:54:57.630475,0 days 00:02:25.233124,0.4,0.0092118824430673,0.0038741267281722,,,,118.84305063667156,60.38564978777615,52.00276085023619,92.9040268736397,36.25016163945256,"[0.07871720116618076, 0.9906716417910447, 0.9905992949471211, 0.9342523860021209, 0.9794079794079794, 0.06824644549763033, 0.9746568109820486, 0.9946571682991986, 0.09418960244648318, 0.05425055928411633, 0.0677382319173364, 0.9029605263157895, 0.07919847328244274, 0.07084019769357495]","[0.9973262032085561, 0.9920318725099602, 0.9888372093023255, 0.9510403916768666, 0.980498374864572, 0.9501661129568106, 0.9358552631578947, 0.9974025974025974, 0.9730848861283644, 0.9790209790209791, 0.9428312159709619, 0.9577735124760077, 0.5748824714573539, 0.7858126721763086]","[0.03387007218212104, 0.9953434225844005, 0.9973285841495992, 0.9855832241153342, 0.041893362350380846, 0.04410973641742873, 0.9659211927582535, 0.4288840262582057, 0.04048042704626335, 0.04684788895315211, 0.03825779870512066, 0.046177526936890714, 0.04782375067168189]",47.99723914976381,7.095973126360306,63.74983836054744,299.43748474121094,107.49464416503906,81.40824890136719,110.53459167480467,87513.109375,29666.51953125,36929.31640625,20917.2734375,87213.669921875,29559.025390625,36847.90625,20806.73828125,,COMPLETE,False,299.43748474121094,87213.669921875,
pareto_sum,84,,2026-10-07 01:54:57.641301,2026-10-07 01:56:47.940677,0 days 00:01:50.299376,0.2,0.0036010722719648,0.0080256142547226,,,,119.62423902853024,60.12525365715658,45.10647980130983,92.79449103672584,42.47479013343408,"[0.07479861910241657, 0.06735159817351598, 0.9753231492361927, 0.9619565217391305, 0.06601607347876004, 0.08120552532440352, 0.9715789473684211, 0.9964381121994658, 0.2068746021642266, 0.054817275747508304, 0.4447632711621234, 0.9376538146021329, 0.4167664670658683, 0.05936319481921209]","[0.9973262032085561, 0.99800796812749, 0.9934883720930232, 0.9656019656019657, 0.9869848156182213, 0.9733036707452726, 0.9728395061728395, 0.9974025974025974, 0.5988175675675675, 0.9895104895104895, 0.9637023593466425, 0.9826923076923076, 0.6712049012933968, 0.9003460207612457]","[0.03948110547095319, 0.9953434225844005, 0.9973285841495992, 0.9855832241153342, 0.043997827267789245, 0.038523274478330656, 0.9829242262540021, 0.4418604651162791, 0.04644930772666369, 0.055176336746302616, 0.04372842347525892, 0.8097043214556482, 0.0416221985058698]",54.89352019869017,7.20550896327417,57.52520986656592,290.9769744873047,109.0428237915039,73.19829559326172,108.73585510253906,241253.19921875,74735.53125,111997.3984375,54520.26953125,240962.23046875,74626.4921875,111924.203125,54411.53515625,,COMPLETE,False,290.9769744873047,240962.23046875,
pareto_sum,85,,2026-10-07 01:56:47.946166,2026-10-07 01:59:55.995358,0 days 00:03:08.049192,0.1,0.0658779327639581,0.001749261978017,,,,277.3474550322724,7.55084832257587,4.027738701450319,7.745437934853147,10.879368331424146,"[0.04, 0.04497098646034816, 0.05427841634738186, 0.035800970873786406, 0.041289592760180995, 0.03867640739149119, 0.03811659192825112, 0.037199124726477024, 0.03273657289002557, 0.037925696594427245, 0.06039915966386555, 0.036585365853658534, 0.032696177062374245, 0.03320835565077665]","[0.42006688963210703, 0.05389221556886228, 0.039816232771822356, 0.03137254901960784, 0.0463720676486634, 0.028589185829707892, 0.03528172722485519, 0.17321178120617112, 0.034698521046643914, 0.0910209102091021, 0.03289473684210526, 0.033366045142296366, 0.02969814995131451, 0.034080298786181136]","[0.034673366834170855, 0.04141291108404385, 0.08323895809739525, 0.9594240837696335, 0.03389830508474576, 0.043545081967213115, 0.028901734104046242, 0.03905447070914697, 0.04081632653061224, 0.03326063249727372, 0.023537803138373753, 0.03620309050772627, 0.016351118760757316]",95.97226129854968,92.25456206514686,89.12063166857585,356.35145568847656,118.47325897216795,127.5644760131836,110.313720703125,12005.11328125,5768.27587890625,2259.488525390625,3977.348876953125,11648.761962890623,5649.802734375,2131.924072265625,3867.03515625,,COMPLETE,False,356.35145568847656,11648.761962890623,
pareto_sum,86,,2026-10-07 01:59:56.002829,2026-10-07 02:01:40.669610,0 days 00:01:44.666781,0.1,0.0010916800753167,0.0001024997084821,,,,175.9162959393268,41.36123468689106,33.819096762065044,51.82836645937067,38.43624083923747,"[0.19283919597989949, 0.360377358490566, 0.7854821235102926, 0.7784926470588235, 0.09871495327102804, 0.09681528662420383, 0.1507293354943274, 0.9946571682991986, 0.11401172083111348, 0.12878787878787878, 0.48201438848920863, 0.1110586011342155, 0.08079409048938135, 0.35989879822896903]","[0.9973262032085561, 0.39949748743718594, 0.48565573770491804, 0.14569125852448853, 0.7953736654804271, 0.1820931639443436, 0.24322860238353197, 0.993514915693904, 0.18029850746268658, 0.969732246798603, 0.46321525885558584, 0.8976868327402135, 0.3008225616921269, 0.2018348623853211]","[0.07378640776699029, 0.9790940766550522, 0.9973285841495992, 0.9572538860103627, 0.10718358038768529, 0.10824742268041238, 0.3182397959183674, 0.5018315018315018, 0.10652275926794932, 0.22613065326633167, 0.1925925925925926, 0.10068337129840546, 0.32781667727562064]",66.18090323793496,48.17163354062933,61.56375916076253,345.1335220336914,131.57730102539062,104.94509887695312,108.61112213134766,23995.59716796875,8113.001953125,10349.3544921875,5533.24072265625,23650.46337890625,7981.4248046875,10244.4091796875,5424.62939453125,,COMPLETE,False,345.1335220336914,23650.46337890625,
pareto_sum,87,,2026-10-07 02:01:40.675712,2026-10-07 02:04:08.344620,0 days 00:02:27.668908,0.2,0.0051252711459453,0.0263370225324663,,,,107.3392176793657,64.22026077354477,58.74941735345621,97.4338581092722,36.47750685790589,"[0.07576633892423366, 0.9822761194029851, 0.9941245593419507, 0.9669603524229075, 0.8600252206809584, 0.8577291381668947, 0.982010582010582, 0.9955476402493322, 0.1444866920152091, 0.05852842809364549, 0.08111308466548253, 0.9275720164609054, 0.23672055427251731, 0.06205770277626565]","[0.9973262032085561, 0.99800796812749, 0.9934883720930232, 0.9705159705159705, 0.9891540130151844, 0.9721293199554069, 0.9646090534979423, 0.9974025974025974, 0.979296066252588, 0.9883449883449883, 0.9700272479564033, 0.9817307692307692, 0.951510333863275, 0.8871972318339101]","[0.03413542249580302, 0.9953434225844005, 0.9973285841495992, 0.9868938401048493, 0.04298150163220892, 0.03995737879595099, 0.9818181818181818, 0.42795389048991356, 0.0675371454299865, 0.04183381088825215, 0.033642691415313224, 0.047219770520741396, 0.045430251202565476]",41.25058264654379,2.566141890727806,63.52249314209411,273.12154388427734,100.75479888916016,55.159210205078125,117.20753479003906,313448.78125,105625.7890625,136561.484375,71261.5078125,313175.65625,105525.03125,136506.328125,71144.296875,,COMPLETE,False,273.12154388427734,313175.65625,
pareto_sum,88,,2026-10-07 02:04:08.351632,2026-10-07 02:05:43.433035,0 days 00:01:35.081403,0.7000000000000001,0.0012891527568217,0.000948709297412,,,,159.13476809790603,46.95507730069799,37.80040726417531,64.88599158186723,38.17883305605142,"[0.15789473684210525, 0.14227877385772122, 0.8547486033519553, 0.8909090909090909, 0.06592765460910152, 0.0759228187919463, 0.8655705996131529, 0.9964381121994658, 0.23125357756153406, 0.21484098939929328, 0.4665194996320824, 0.0887546468401487, 0.06997518610421836, 0.17102272727272727]","[0.9973262032085561, 0.9950199203187251, 0.2933070866141732, 0.15375, 0.9795479009687836, 0.26046511627906976, 0.9161873459326212, 0.9974025974025974, 0.18328358208955223, 0.9825174825174825, 0.22631261315630657, 0.96875, 0.8804091266719118, 0.24975984630163303]","[0.0788787483702738, 0.9860788863109049, 0.9973285841495992, 0.9187418086500655, 0.0760068065796937, 0.09717868338557993, 0.09787234042553192, 0.4684484038604306, 0.07077205882352941, 0.12507778469197262, 0.15399484536082475, 0.778988326848249, 0.11388101983002832]",62.19959273582469,35.11400841813277,61.82116694394858,367.5674591064453,153.8700714111328,97.72126770019533,115.9761199951172,5330.469604492188,1643.4095458984375,2516.543212890625,1170.516845703125,4962.902221679688,1489.5394287109375,2418.822021484375,1054.540771484375,,COMPLETE,False,367.5674591064453,4962.902221679688,
pareto_sum,89,,2026-10-07 02:05:43.441312,2026-10-07 02:08:38.747492,0 days 00:02:55.306180,0.7000000000000001,0.0054123815737125,0.0114882221824854,,,,111.01712752886584,62.99429082371139,54.73076086133965,97.91151652906407,36.34059508073042,"[0.07647740440324449, 0.9897388059701493, 0.9917743830787309, 0.9716157205240175, 0.9601542416452442, 0.0809903483004616, 0.9809725158562368, 0.9964381121994658, 0.1473015873015873, 0.05067567567567568, 0.08581235697940504, 0.9506172839506173, 0.3113573407202216, 0.06838074398249452]","[0.9973262032085561, 0.99800796812749, 0.9953488372093023, 0.9778869778869779, 0.9880694143167028, 0.9799554565701559, 0.974485596707819, 0.9974025974025974, 0.989648033126294, 0.9906759906759907, 0.9754768392370572, 0.9836538461538461, 0.9531001589825119, 0.9065743944636678]","[0.03569436698271054, 0.9953434225844005, 0.9973285841495992, 0.9842726081258192, 0.04137180185084377, 0.042621204049014386, 0.9765208110992529, 0.4192841490138787, 0.05972850678733032, 0.03965014577259475, 0.03620178041543027, 0.04973591549295775, 0.046524064171122995]",45.269239138660346,2.088483470935927,63.659404919269576,284.0236358642578,105.56505584716795,65.4009017944336,113.05767822265624,266415.75,86596.859375,119522.5859375,60296.3046875,266131.73046875,86491.296875,119457.1875,60183.24609375,,COMPLETE,False,284.0236358642578,266131.73046875,
pareto_sum,90,,2026-10-07 02:08:38.754441,2026-10-07 02:11:25.072286,0 days 00:02:46.317845,0.5,0.000138532818404,0.0001429266959044,,,,162.52400590237,45.82533136587667,40.65422500707898,51.842158184939095,44.97961090561192,"[0.2581913499344692, 0.29209183673469385, 0.2977667493796526, 0.8048048048048048, 0.28419452887537994, 0.5016987542468856, 0.3206831119544592, 0.9946571682991986, 0.282798833819242, 0.24130273871206515, 0.4311050477489768, 0.45286506469500926, 0.2590425531914894, 0.2703889585947302]","[0.9973262032085561, 0.5691847419596111, 0.3, 0.2542901716068643, 0.3673064195896757, 0.2958776595744681, 0.5837765957446809, 0.9743260590500642, 0.267632241813602, 0.7462082912032356, 0.2712700369913687, 0.7726550079491256, 0.43335325762104004, 0.42469545957918053]","[0.21877156659765357, 0.8734321550741163, 0.9973285841495992, 0.6133682830930537, 0.32200886262924666, 0.289544235924933, 0.3399871216999356, 0.4201388888888889, 0.4585870889159562, 0.27643908969210174, 0.3102362204724409, 0.4644487932159165, 0.263058527375708]",59.34577499292102,48.157841815060905,55.02038909438808,619.9717102050781,259.1847229003906,192.06509399414065,168.72189331054688,19771.29150390625,6807.89599609375,8435.25390625,4528.1416015625,19151.31982421875,6548.71142578125,8243.1884765625,4359.419921875,,COMPLETE,False,619.9717102050781,19151.31982421875,
pareto_sum,91,,2026-10-07 02:11:25.080859,2026-10-07 02:14:21.426275,0 days 00:02:56.345416,0.3,0.0040422196205385,0.0267575518197536,,,,105.25773865913804,64.91408711362065,54.45618367658861,97.84219648811865,42.44388117615474,"[0.07533064979873491, 0.9581818181818181, 0.9941245593419507, 0.9746416758544653, 0.060093348891481914, 0.8975409836065574, 0.982010582010582, 0.9964381121994658, 0.14608150470219436, 0.058107360265633644, 0.42145328719723185, 0.9374485596707819, 0.06358974358974359, 0.058823529411764705]","[0.9973262032085561, 0.99800796812749, 0.9944186046511628, 0.9680589680589681, 0.9880694143167028, 0.9777034559643255, 0.9769547325102881, 0.9974025974025974, 0.9803312629399586, 0.9895104895104895, 0.9754990925589837, 0.9855769230769231, 0.9562450278440732, 0.91280276816609]","[0.03372681281618887, 0.9953434225844005, 0.9973285841495992, 0.9868938401048493, 0.043549265106151334, 0.03919491525423729, 0.983957219251337, 0.434876989869754, 0.04689593568557392, 0.040160642570281124, 0.041040462427745665, 0.8325581395348837, 0.04217832354511479]",45.54381632341139,2.1578035118813688,57.55611882384526,265.00292587280273,103.18938446044922,51.85824966430664,109.95529174804688,314434.34375,106014.2265625,136926.921875,71493.1953125,314169.34375,105911.0390625,136875.0625,71383.2421875,,COMPLETE,False,265.00292587280273,314169.34375,
pareto_sum,92,,2026-10-07 02:14:21.435793,2026-10-07 02:16:04.822496,0 days 00:01:43.386703,0.4,0.0059954867817784,0.042357503836041,,,,102.52604598274836,65.82465133908387,59.20669644545491,97.47245153181004,40.79480603998667,"[0.0781702374059062, 0.9850746268656716, 0.9964747356051704, 0.9724061810154525, 0.919496855345912, 0.8737997256515775, 0.9714285714285714, 0.9964381121994658, 0.14657360406091371, 0.06319910514541387, 0.06807780320366133, 0.9366255144032922, 0.220997375328084, 0.060175054704595186]","[0.9973262032085561, 0.9970119521912351, 0.9944186046511628, 0.9742014742014742, 0.9880694143167028, 0.9777034559643255, 0.9613168724279836, 0.9974025974025974, 0.9865424430641822, 0.9883449883449883, 0.971843778383288, 0.9798076923076923, 0.949800796812749, 0.8823529411764706]","[0.03481190342504211, 0.9953434225844005, 0.9973285841495992, 0.9855832241153342, 0.04421397379912664, 0.043010752688172046, 0.9682203389830508, 0.43421998562185476, 0.6238401142041399, 0.045324153757888695, 0.03633217993079585, 0.04852227613586237, 0.046573875802997856]",40.79330355454509,2.5275484681899485,59.20519396001333,277.530086517334,102.15314483642578,59.60444259643555,115.77249908447266,347764.40625,119034.5625,148212.15625,80517.6875,347486.8671875,118932.40625,148152.546875,80401.9140625,,COMPLETE,False,277.530086517334,347486.8671875,
pareto_sum,93,,2026-10-07 02:16:04.856157,2026-10-07 02:19:19.765906,0 days 00:03:14.909749,0.4,0.0015610429964999,0.0397252335519752,,,,121.72631924787964,59.42456025070678,51.6229410623788,76.64755514104999,50.00318454869157,"[0.10186263096623982, 0.053167420814479636, 0.8720538720538721, 0.9701986754966887, 0.5893223819301848, 0.8721804511278195, 0.95864262990456, 0.9964381121994658, 0.13062330623306234, 0.148125, 0.4214235377026075, 0.9244663382594417, 0.1365568544102019, 0.0521505376344086]","[0.9973262032085561, 0.99800796812749, 0.29719137818419333, 0.21066846725185687, 0.9859002169197397, 0.9788182831661093, 0.9777777777777777, 0.9974025974025974, 0.21731123388581952, 0.9906759906759907, 0.22182468694096602, 0.9875, 0.9484536082474226, 0.9217993079584775]","[0.09601873536299765, 0.9941792782305006, 0.9973285841495992, 0.9739243807040417, 0.82847533632287, 0.08235919234856535, 0.11567164179104478, 0.43927272727272726, 0.888532477947073, 0.08308780200353565, 0.09648058252427184, 0.8421461897356143, 0.06293706293706294]",48.3770589376212,23.352444858950008,49.99681545130843,353.254150390625,169.14651489257812,81.36764526367188,102.739990234375,342757.3515625,117163.75,146510.734375,79082.8671875,342404.0859375,116994.6015625,146429.359375,78980.125,,COMPLETE,False,353.254150390625,342404.0859375,
pareto_sum,94,,2026-10-07 02:19:19.774017,2026-10-07 02:22:16.887588,0 days 00:02:57.113571,0.4,0.0066601281055436,0.0198058064956676,,,,111.94516015601302,62.68494661466233,54.25611721871295,97.34964043949138,36.44908218578265,"[0.0793002915451895, 0.9850746268656716, 0.9917743830787309, 0.9790055248618784, 0.9691912708600771, 0.1707425522454424, 0.9724867724867725, 0.9955476402493322, 0.14457831325301204, 0.06323447118074986, 0.06941176470588235, 0.9292181069958848, 0.17783505154639176, 0.06845564074479737]","[0.9973262032085561, 0.9960159362549801, 0.9934883720930232, 0.9705159705159705, 0.9880694143167028, 0.9721293199554069, 0.9613168724279836, 0.9974025974025974, 0.9834368530020704, 0.9895104895104895, 0.9727520435967303, 0.9759615384615384, 0.9459029435163087, 0.885121107266436]","[0.03337041156840934, 0.9953434225844005, 0.9973285841495992, 0.9855832241153342, 0.04357298474945534, 0.0400427122263748, 0.9786780383795309, 0.43836615609044494, 0.04689593568557392, 0.045376220562894885, 0.035169988276670575, 0.05149330587023687, 0.04715969989281887]",45.74388278128705,2.650359560508619,63.55091781421735,281.8947067260742,106.47361755371094,61.85787963867188,113.5632095336914,296415.2265625,98645.9453125,130383.4765625,67385.8046875,296133.328125,98539.46875,130321.6171875,67272.2421875,,COMPLETE,False,281.8947067260742,296133.328125,
pareto_sum,95,,2026-10-07 02:22:16.894113,2026-10-07 02:25:07.472555,0 days 00:02:50.578442,0.4,0.002581599374979,0.0064170083660154,,,,128.81036341532723,57.06321219489092,46.585652082999815,87.32913865188723,37.27484584978571,"[0.064, 0.059490084985835696, 0.9764982373678026, 0.9609967497291441, 0.7527675276752768, 0.07589098532494759, 0.9767687434002112, 0.9964381121994658, 0.09732620320855614, 0.05473453749315818, 0.43629893238434164, 0.95004095004095, 0.06362815884476535, 0.057112068965517244]","[0.9973262032085561, 0.99800796812749, 0.9934883720930232, 0.9443099273607748, 0.9880694143167028, 0.9721913236929922, 0.9711934156378601, 0.9974025974025974, 0.5324259407526021, 0.9895104895104895, 0.2624462200368777, 0.9846153846153847, 0.6836734693877551, 0.9114186851211072]","[0.04325259515570934, 0.9953434225844005, 0.9973285841495992, 0.9855832241153342, 0.040584415584415584, 0.04917156600748263, 0.9420889348500517, 0.45149525893508385, 0.03974988834301027, 0.08240794856808883, 0.06956004756242569, 0.09672961768770152, 0.052434456928838954]",53.414347917000185,12.670861348112766,62.72515415021429,315.64784240722656,119.58439636230467,84.4147720336914,111.64867401123048,200436.6953125,64740.93359375,89503.2421875,46192.51953125,200121.046875,64621.34765625,89418.828125,46080.87109375,,COMPLETE,False,315.64784240722656,200121.046875,
pareto_sum,96,,2026-10-07 02:25:07.479714,2026-10-07 02:27:55.198278,0 days 00:02:47.718564,0.2,0.0063770956028902,0.0077440642446911,,,,121.61725393256684,59.46091535581106,47.32809142951736,94.7118633709876,36.34279126692819,"[0.07710144927536232, 0.9888059701492538, 0.9929494712103408, 0.9630434782608696, 0.0694687682428488, 0.06966824644549763, 0.9694415173867229, 0.9964381121994658, 0.15596919127086006, 0.0560799555802332, 0.08422301304863583, 0.9219391947411668, 0.2146118721461187, 0.0661925601750547]","[0.9973262032085561, 0.9970119521912351, 0.9906976744186047, 0.9656019656019657, 0.9848156182212582, 0.9577308120133482, 0.9539094650205762, 0.9974025974025974, 0.974120082815735, 0.9871794871794872, 0.9645454545454546, 0.9740384615384615, 0.6501358695652174, 0.8651452282157677]","[0.035634743875278395, 0.9953434225844005, 0.9973285841495992, 0.9868938401048493, 0.044541010320478004, 0.04122055674518201, 0.9765208110992529, 0.43034281546316555, 0.047342563644484144, 0.0430786904078116, 0.03398617511520737, 0.044072278536800354, 0.04825737265415549]",52.67190857048264,5.288136629012399,63.65720873307181,288.1472930908203,102.14192199707033,72.25071716308594,113.75465393066406,235811.29296875,72731.5390625,109185.875,53893.87890625,235523.1484375,72629.3984375,109113.625,53780.125,,COMPLETE,False,288.1472930908203,235523.1484375,
pareto_sum,97,,2026-10-07 02:27:55.205786,2026-10-07 02:30:41.552964,0 days 00:02:46.347178,0.3,0.0231103262379855,0.0266052448183599,,,,155.77137066893533,48.07620977702157,41.9974655743391,72.31498816315002,29.916175593575563,"[0.06583278472679395, 0.9626865671641791, 0.9659224441833137, 0.9088913282107574, 0.7829457364341085, 0.04500412881915772, 0.7470899470899471, 0.9839715048975958, 0.13987341772151898, 0.05862646566164154, 0.06336260978670012, 0.048446069469835464, 0.048635235732009924, 0.058356940509915016]","[0.9893048128342246, 0.9402985074626866, 0.9246511627906977, 0.2878289473684211, 0.9329004329004329, 0.7209302325581395, 0.7426948051948052, 0.9948051948051948, 0.906832298136646, 0.9277389277389277, 0.6833184656556646, 0.7952153110047847, 0.22511574074074073, 0.052463503649635035]","[0.030939871570344425, 0.9883585564610011, 0.9955476402493322, 0.9842726081258192, 0.04580152671755725, 0.06103575832305795, 0.5121076233183857, 0.04692791485244315, 0.0423614240648941, 0.04867469879518072, 0.04179728317659352, 0.044072278536800354, 0.04720564297341291]",58.0025344256609,27.68501183684998,70.08382440642444,424.5219192504883,125.51089477539062,182.0069580078125,117.00406646728516,314263.546875,105916.921875,136924.828125,71421.796875,313839.03125,105791.4140625,136742.828125,71304.7890625,,COMPLETE,False,424.5219192504883,313839.03125,
pareto_sum,98,,2026-10-07 02:30:41.562366,2026-10-07 02:33:16.094569,0 days 00:02:34.532203,0.4,0.003407513632036,0.0159283204715945,,,,108.27364817046345,63.90878394317885,51.05109303413692,97.98753090920098,42.68772788619864,"[0.0717154331612163, 0.0684931506849315, 0.9870740305522914, 0.9746974697469747, 0.0594059405940594, 0.9034907597535934, 0.9778012684989429, 0.9964381121994658, 0.14831038798498122, 0.04970568999345978, 0.4446012702893437, 0.9423868312757202, 0.4647802528597231, 0.05825242718446602]","[0.9973262032085561, 0.99800796812749, 0.9944186046511628, 0.9680589680589681, 0.9869848156182213, 0.9810479375696767, 0.9769547325102881, 0.9974025974025974, 0.9865563598759048, 0.9895104895104895, 0.9764065335753176, 0.9875, 0.9562798092209857, 0.9217993079584775]","[0.03372681281618887, 0.9953434225844005, 0.9973285841495992, 0.9855832241153342, 0.04345464421510049, 0.04067617538298996, 0.9818376068376068, 0.4391304347826087, 0.04421616793211255, 0.04500865551067513, 0.049653579676674366, 0.851823118696664, 0.0416221985058698]",48.94890696586308,2.012469090799016,57.31227211380136,267.8802032470703,98.73532104492188,61.06695556640625,108.0779266357422,284391.5,93825.2421875,125973.3125,64592.9453125,284123.6171875,93726.5078125,125912.2421875,64484.8671875,,COMPLETE,False,267.8802032470703,284123.6171875,
pareto_sum,99,,2026-10-07 02:33:16.102676,2026-10-07 02:36:08.025519,0 days 00:02:51.922843,0.6,0.0062020090595342,0.0477161540104666,,,,104.3072776635569,65.23090744548104,54.920514755197495,97.6460586819872,43.1261488992584,"[0.07848837209302326, 0.9869402985074627, 0.9941245593419507, 0.9800884955752213, 0.8870558375634517, 0.17592181252776543, 0.9798728813559322, 0.9964381121994658, 0.1484771573604061, 0.06323447118074986, 0.06872852233676977, 0.9547325102880658, 0.3145939806927882, 0.060175054704595186]","[0.9973262032085561, 0.99800796812749, 0.9953488372093023, 0.972972972972973, 0.9880694143167028, 0.9810479375696767, 0.968724279835391, 0.9974025974025974, 0.9875776397515528, 0.9895104895104895, 0.9754768392370572, 0.9807692307692307, 0.9482484076433121, 0.8899653979238754]","[0.034288926363125354, 0.9953434225844005, 0.9973285841495992, 0.9855832241153342, 0.04421397379912664, 0.04091392136025505, 0.9724284199363733, 0.4356005788712012, 0.9265905383360522, 0.04382929642445214, 0.035160905840286055, 0.04854368932038835, 0.046573875802997856]",45.079485244802505,2.353941318012801,56.8738511007416,280.73085021972656,104.5072784423828,60.74495697021485,115.4786148071289,357503.9765625,122735.171875,151580.921875,83187.8828125,357223.2421875,122630.6640625,151520.171875,83072.40625,,COMPLETE,False,280.73085021972656,357223.2421875,
roa,0,,2026-10-06 23:05:34.295942,2026-10-06 23:11:33.374459,0 days 00:05:59.078517,0.8,0.003,0.007,52.15686855659246,11.700779677026674,57.64886992406784,121.50651815768695,59.49782728077101,47.84313144340754,88.29922032297333,42.35113007593216,"[0.07179781734635267, 0.06370875995449374, 0.9670975323149236, 0.9641693811074918, 0.8278481012658228, 0.08305369127516779, 0.9820485744456178, 0.9964381121994658, 0.12731229597388466, 0.08579088471849866, 0.4335965541995693, 0.953125, 0.08157653528872594, 0.06047516198704104]","[0.9973262032085561, 0.99800796812749, 0.9953488372093023, 0.9596083231334149, 0.9880694143167028, 0.9777530589543938, 0.9786008230452675, 0.9974025974025974, 0.5685785536159601, 0.9895104895104895, 0.29356652092442226, 0.9865384615384616, 0.703551912568306, 0.9280276816608997]","[0.04021937842778794, 0.9941792782305006, 0.9973285841495992, 0.9842726081258192, 0.041916167664670656, 0.05447680690399137, 0.9402677651905252, 0.43820224719101125, 0.040625, 0.041742286751361164, 0.0626865671641791, 0.829153605015674, 0.0405766150560598]",52.15686855659246,11.700779677026674,57.64886992406784,22.787185668945312,8.587716102600098,5.802056312561035,8.39741325378418,219097.7109375,69717.828125,99062.59375,50317.2890625,219074.921875,69709.2421875,99056.7890625,50308.890625,"{'wh_learning_rate': 0.007, 'sv_learning_rate': 0.003, 'centroid_momentum': 0.8}",COMPLETE,False,,,121.50651815768695
roa,1,,2026-10-06 23:05:34.296044,2026-10-06 23:11:40.955150,0 days 00:06:06.659106,0.7000000000000001,0.0711447600934342,0.0010253509690168,95.40963776353456,85.65662284156929,82.58616992159848,263.65243052670235,12.115856491099224,4.590362236465436,14.343377158430712,17.41383007840152,"[0.02874251497005988, 0.04272683629380701, 0.10448642266824085, 0.027482823235477825, 0.043132803632236094, 0.039180765805877114, 0.034482758620689655, 0.11378923766816143, 0.03115814226925338, 0.04371584699453552, 0.0466704610130905, 0.03003625064733299, 0.02935514918190568, 0.027690700104493208]","[0.5092067988668555, 0.048268625393494226, 0.05552645364064956, 0.05120481927710843, 0.02792022792022792, 0.03349282296650718, 0.0342562177381511, 0.9831168831168832, 0.030321406913280776, 0.0936849410131853, 0.03506907545164718, 0.03453453453453453, 0.03162260238465526, 0.03984739296311997]","[0.034760705289672546, 0.03801546391752577, 0.9715048975957258, 0.9569190600522193, 0.025957170668397145, 0.008866995073891626, 0.02949208083014746, 0.04061416542842992, 0.03442879499217527, 0.028504944735311226, 0.0266497461928934, 0.02960361264425489, 0.038480272771553824]",95.40963776353456,85.65662284156929,82.58616992159848,27.1972131729126,9.13486671447754,8.811606407165527,9.250740051269531,5260.264892578125,1811.531005859375,2145.416259765625,1303.317626953125,5233.0677490234375,1802.3961181640625,2136.604736328125,1294.06689453125,,COMPLETE,False,,,263.65243052670235
roa,2,,2026-10-06 23:05:34.296458,2026-10-06 23:11:40.971272,0 days 00:06:06.674814,0.2,0.0002938027938703,0.0041282053438262,53.77882817826914,39.40591644615975,51.54610675547601,144.7308513799049,51.75638287336503,46.221171821730856,60.59408355384025,48.45389324452399,"[0.26072386058981234, 0.289490245437382, 0.3170926517571885, 0.8494167550371156, 0.4665461121157324, 0.6892405063291139, 0.37178642056690836, 0.9955476402493322, 0.31005221932114885, 0.26881720430107525, 0.4038199181446112, 0.6664290805416964, 0.33583815028901737, 0.2461632903621854]","[0.9973262032085561, 0.921645445641528, 0.2610271903323263, 0.27016520894071916, 0.7230443974630021, 0.19607843137254902, 0.750375939849624, 0.9922077922077922, 0.23003003003003003, 0.8845714285714286, 0.19727891156462585, 0.7849720223820943, 0.6306306306306306, 0.643818065342729]","[0.22924901185770752, 0.8677494199535963, 0.9973285841495992, 0.662962962962963, 0.47116237799467614, 0.2729641693811075, 0.39645776566757496, 0.3913337846987136, 0.656758669497523, 0.2782204515272244, 0.278778386844166, 0.5617897727272727, 0.2342507645259939]",53.77882817826914,39.40591644615975,51.54610675547601,51.474602699279785,23.38908576965332,10.123970985412598,17.961545944213867,99116.947265625,33347.23046875,42353.53125,23416.185546875,99065.470703125,33323.83984375,42343.40625,23398.224609375,,COMPLETE,False,,,144.7308513799049
roa,3,,2026-10-06 23:05:34.296693,2026-10-06 23:11:40.972773,0 days 00:06:06.676080,0.6,0.0396760507705299,0.000143471595172,93.14647962551642,80.06446522437716,89.51147455685343,262.722419406747,12.425860197750994,6.853520374483581,19.93553477562284,10.488525443146566,"[0.05527638190954774, 0.06143344709897611, 0.05480195333695062, 0.03715170278637771, 0.04793289394847214, 0.04125816993464052, 0.049586776859504134, 0.2955696202531646, 0.0491504854368932, 0.04676489429852659, 0.07684319833852545, 0.03911735205616851, 0.03861342694164107, 0.06599254922831294]","[0.9901960784313726, 0.09005235602094241, 0.15021199273167776, 0.07624633431085044, 0.10771793448084398, 0.0336644591611479, 0.041589648798521256, 0.9857697283311773, 0.05827886710239651, 0.07869040781160253, 0.05315947843530592, 0.030801911842804036, 0.053230209281164696, 0.04136546184738956]","[0.03201970443349754, 0.048728813559322036, 0.8920552677029361, 0.04230118443316413, 0.034519956850053934, 0.04602510460251046, 0.047968021319120584, 0.045318725099601595, 0.040806969280146724, 0.03190883190883191, 0.031610942249240125, 0.03213610586011342, 0.038108680310515175]",93.14647962551642,80.06446522437716,89.51147455685343,27.207528114318848,9.0,9.207528114318848,9.0,19145.05517578125,6541.3359375,8246.654296875,4357.06494140625,19117.84716796875,6532.3359375,8237.4462890625,4348.06494140625,,COMPLETE,False,,,262.722419406747
roa,4,,2026-10-06 23:05:34.296894,2026-10-06 23:15:09.279211,0 days 00:09:34.982317,0.9,0.0001152798712823,0.0081482932101052,53.7782994257848,43.91977257098071,60.1604208037868,157.8584928005523,47.380502399815896,46.221700574215205,56.08022742901929,39.8395791962132,"[0.26479750778816197, 0.29582448690728946, 0.32784958871915393, 0.605524861878453, 0.35058214747736094, 0.6546426185704742, 0.6383616383616384, 0.9367764915405165, 0.2933709449929478, 0.327683615819209, 0.37163636363636365, 0.6683046683046683, 0.4899845916795069, 0.24569855471438404]","[0.8522727272727273, 0.7086330935251799, 0.30942334739803096, 0.26994359387590655, 0.6849056603773584, 0.5852534562211982, 0.76640625, 0.5050732807215332, 0.2903448275862069, 0.7631862217438106, 0.2586094866796621, 0.6206156048675734, 0.5981830887491265, 0.6383812010443864]","[0.24089852827265684, 0.5075669383003493, 0.6322350845948352, 0.44692005242463956, 0.4504283965728274, 0.31378600823045266, 0.47644539614561027, 0.3520912547528517, 0.5543744889615699, 0.25245653817082386, 0.27039413382218147, 0.45569620253164556, 0.22585227272727273]",53.7782994257848,43.91977257098071,60.1604208037868,44.0169095993042,11.566899299621582,23.450010299682617,9.0,242448.80078125,75450.2109375,112264.7265625,54733.86328125,242404.77734375,75438.640625,112241.2734375,54724.86328125,,COMPLETE,False,,,157.8584928005523
roa,5,,2026-10-06 23:05:34.297086,2026-10-06 23:15:11.547303,0 days 00:09:37.250217,0.2,0.0004335281794951,0.0176497158481757,48.593840306540656,31.821279488511152,47.52817986988249,127.9432996649343,57.3522334450219,51.406159693459344,68.17872051148885,52.47182013011751,"[0.28561872909699, 0.3076923076923077, 0.3295081967213115, 0.8468085106382979, 0.3840889649272883, 0.7917771883289124, 0.6208053691275168, 0.9919857524487978, 0.32243589743589746, 0.28095975232198145, 0.37037037037037035, 0.8424, 0.5618915159944368, 0.26051980198019803]","[0.9973262032085561, 0.9207920792079208, 0.31432274789371356, 0.2338387869114126, 0.797427652733119, 0.7700312174817898, 0.9056910569105691, 0.84688995215311, 0.2586999343401182, 0.9580908032596042, 0.25180288461538464, 0.7665130568356375, 0.7394957983193278, 0.7840986977381769]","[0.24277067921990586, 0.8767441860465116, 0.9982190560997328, 0.6582278481012658, 0.6590673575129534, 0.2645939086294416, 0.4796747967479675, 0.35102853351028535, 0.847068145800317, 0.2767253044654939, 0.24892703862660945, 0.683933933933934, 0.2343558282208589]",48.593840306540656,31.821279488511152,47.52817986988249,45.68455982208252,23.679101943969727,9.119142532348633,12.88631534576416,289444.625,95965.546875,127961.7109375,65517.3671875,289398.94140625,95941.8671875,127952.59375,65504.48046875,,COMPLETE,False,,,127.9432996649343
roa,6,,2026-10-06 23:05:34.297274,2026-10-06 23:15:16.550765,0 days 00:09:42.253491,0.5,0.0008179499475211,0.0003126102910311,69.02843577901228,45.98168490017061,60.95150516639318,175.9616258455761,41.3461247181413,30.971564220987712,54.01831509982939,39.04849483360682,"[0.21702944942381563, 0.3242730720606827, 0.28841786525359575, 0.8391472868217055, 0.1022196261682243, 0.1111111111111111, 0.1437837837837838, 0.9964381121994658, 0.1134185303514377, 0.2240398293029872, 0.46771879483500717, 0.12855787476280836, 0.09537037037037037, 0.2844932844932845]","[0.9973262032085561, 0.9742828882294757, 0.21818181818181817, 0.13801601971657423, 0.9475341028331584, 0.19123020706455543, 0.2784880489160645, 0.9961038961038962, 0.15988200589970503, 0.9696969696969697, 0.21539379474940334, 0.9202898550724637, 0.33668341708542715, 0.21945488721804512]","[0.15071151358344115, 0.967816091954023, 0.9973285841495992, 0.8888888888888888, 0.1163895486935867, 0.13846153846153847, 0.14324178782983307, 0.48424908424908425, 0.14836223506743737, 0.23245331616226658, 0.2491605104096709, 0.27835616438356164, 0.28088506453595574]",69.02843577901228,45.98168490017061,60.95150516639318,28.04230117797852,12.031222343444824,7.308876991271973,8.702201843261719,8746.724853515625,2877.335693359375,4085.51123046875,1783.8779296875,8718.6826171875,2865.304443359375,4078.202392578125,1775.17578125,,COMPLETE,False,,,175.9616258455761
roa,7,,2026-10-06 23:05:34.297459,2026-10-06 23:15:19.022591,0 days 00:09:44.725132,0.6,0.0007476312062252,0.00146489551328,67.46895741742865,36.26004634061456,56.90382583506341,160.63282959310664,46.455723468964464,32.531042582571345,63.73995365938544,43.09617416493659,"[0.24334847501622323, 0.22044917257683216, 0.3290529695024077, 0.8964803312629399, 0.1011764705882353, 0.22237442922374429, 0.11442516268980477, 0.9964381121994658, 0.29120198265179675, 0.24629080118694363, 0.45526127415891193, 0.14732787674530573, 0.08669724770642202, 0.20382165605095542]","[0.9973262032085561, 0.9930348258706467, 0.20198881292728402, 0.23455933379597502, 0.9816414686825053, 0.23037974683544304, 0.8866559485530546, 0.9974025974025974, 0.15533411488862836, 0.9743589743589743, 0.19579193454120397, 0.9550140581068416, 0.8278816199376947, 0.29222387320455673]","[0.1787598944591029, 0.9744483159117305, 0.9973285841495992, 0.7967171717171717, 0.1244047619047619, 0.167828418230563, 0.3230088495575221, 0.45161290322580644, 0.2272032603158431, 0.21940104166666666, 0.26996466431095406, 0.7325842696629213, 0.13924050632911392]",67.46895741742865,36.26004634061456,56.90382583506341,35.784897804260254,13.744065284729004,8.588448524475098,13.452383995056152,7164.062805175781,3610.055908203125,881.2454223632812,2672.761474609375,7128.27783203125,3596.311767578125,872.656982421875,2659.30908203125,,COMPLETE,False,,,160.63282959310664
roa,8,,2026-10-06 23:05:34.297659,2026-10-06 23:18:47.834164,0 days 00:13:13.536505,0.4,0.0007523742884534,0.0002379522116387,68.97836177119481,45.26263845147904,63.96557967755356,178.2065799002274,40.5978066999242,31.02163822880518,54.737361548520965,36.03442032244645,"[0.2159744408945687, 0.3125778331257783, 0.2933730454206999, 0.8234732824427481, 0.11229314420803782, 0.12087441063009001, 0.14810690423162584, 0.9964381121994658, 0.12008616047388261, 0.21822033898305085, 0.4668094218415418, 0.13444180522565322, 0.08685555039479796, 0.2935049019607843]","[0.9973262032085561, 0.9616141732283464, 0.360180412371134, 0.12843488649940263, 0.9404388714733543, 0.19383259911894274, 0.26578802855573863, 0.9935064935064936, 0.15985790408525755, 0.9662398137369034, 0.2599643069601428, 0.9159891598915989, 0.3129516397998888, 0.20710612435717626]","[0.09141135107985937, 0.9610983981693364, 0.9973285841495992, 0.47315436241610737, 0.13489208633093525, 0.15876398508257858, 0.1737218251786696, 0.4897360703812317, 0.16522157996146436, 0.2355584082156611, 0.28215488215488216, 0.24586666666666668, 0.27556644213104714]",68.97836177119481,45.26263845147904,63.96557967755356,28.80882358551025,12.220900535583496,8.007437705993652,8.580485343933105,12563.63623046875,4265.330078125,5639.06982421875,2659.236328125,12534.82763671875,4253.109375,5631.0625,2650.65576171875,,COMPLETE,False,,,178.2065799002274
roa,9,,2026-10-06 23:05:34.297844,2026-10-06 23:18:51.130303,0 days 00:13:16.832459,0.2,0.0226739865237804,0.0017018418817029,75.23909309982231,55.50795844025541,74.17824755946378,204.92529909954152,31.691566966819497,24.760906900177684,44.49204155974459,25.82175244053621,"[0.05808713069604406, 0.9729477611940298, 0.06236323851203501, 0.048921620199894794, 0.05663615560640732, 0.038180341186027617, 0.906832298136646, 0.9821905609973286, 0.07211538461538461, 0.04565916398713826, 0.07184241019698726, 0.0398989898989899, 0.03827519379844961, 0.0725767169995129]","[0.9973262032085561, 0.164804469273743, 0.9525581395348838, 0.14777708202880402, 0.9436170212765957, 0.07295029051000645, 0.0938177874186551, 0.9974025974025974, 0.15544041450777202, 0.9137529137529138, 0.26868327402135234, 0.3971119133574007, 0.07680722891566265, 0.04683648315529992]","[0.02983362019506598, 0.9604190919674039, 0.9964381121994658, 0.981675392670157, 0.03542673107890499, 0.05730223123732252, 0.04734945959855893, 0.047388781431334626, 0.04400538841490795, 0.039978390059427334, 0.02961135101789019, 0.04263736263736264, 0.04476190476190476]",75.23909309982231,55.50795844025541,74.17824755946378,24.20746612548828,7.784308433532715,8.664786338806152,7.758371353149414,10709.66064453125,5276.23779296875,1787.73095703125,3645.69189453125,10685.453369140623,5268.45361328125,1779.066162109375,3637.93359375,,COMPLETE,False,,,204.92529909954152
roa,10,,2026-10-06 23:05:34.298031,2026-10-06 23:18:56.044504,0 days 00:13:21.746473,0.1,0.0059874749104614,0.0024428866967349,51.65338462574696,13.532193510392304,57.961159842953705,123.14673797909296,58.95108734030234,48.34661537425304,86.4678064896077,42.038840157046295,"[0.06673407482305359, 0.07564469914040114, 0.9858989424206815, 0.9332627118644068, 0.9002557544757033, 0.06431535269709543, 0.9411157024793388, 0.9946571682991986, 0.10195360195360195, 0.05567805953693495, 0.45389563974267333, 0.9090909090909091, 0.219248291571754, 0.06677524429967427]","[0.9973262032085561, 0.9960159362549801, 0.986046511627907, 0.9462102689486552, 0.9741379310344828, 0.946843853820598, 0.9259868421052632, 0.9974025974025974, 0.9710444674250258, 0.9825174825174825, 0.9355716878402904, 0.9665391969407265, 0.28672086720867207, 0.19312906220984216]","[0.03350083752093802, 0.9906868451688009, 0.9973285841495992, 0.9855832241153342, 0.041893362350380846, 0.041827187671986794, 0.9722814498933902, 0.449521002210759, 0.041370106761565835, 0.043153049482163405, 0.03468208092485549, 0.785935085007728, 0.047286405158516925]",51.65338462574696,13.532193510392304,57.961159842953705,22.559490203857425,7.974841594696045,6.202040195465088,8.382608413696289,28342.03515625,9941.525390625,10050.31640625,8350.193359375,28319.4755859375,9933.55078125,10044.1142578125,8341.810546875,,COMPLETE,False,,,123.14673797909296
roa,11,,2026-10-06 23:05:34.298217,2026-10-06 23:18:56.046056,0 days 00:13:21.747839,0.1,0.0003247673570627,0.0043625993625605,54.04381674964469,39.17126926948534,51.39528746804251,144.61037348717252,51.796542170942494,45.95618325035532,60.82873073051466,48.60471253195749,"[0.26040268456375837, 0.2842767295597484, 0.3185483870967742, 0.8460721868365181, 0.47093023255813954, 0.6982097186700768, 0.3585155732273029, 0.9955476402493322, 0.31085420680796405, 0.25868725868725867, 0.40054869684499317, 0.6676197283774125, 0.3194523673702225, 0.2442002442002442]","[0.9973262032085561, 0.9349112426035503, 0.25059952038369304, 0.2524271844660194, 0.7300743889479278, 0.2058096415327565, 0.7686453576864536, 0.9948051948051948, 0.22195416164053075, 0.9064665127020786, 0.17060810810810811, 0.7937147461724415, 0.6297056810403833, 0.658974358974359]","[0.2304635761589404, 0.8327526132404182, 0.9973285841495992, 0.7472527472527473, 0.4746059544658494, 0.27145847871598044, 0.3858695652173913, 0.3957909029192125, 0.6397212543554007, 0.2705187130663165, 0.27022900763358776, 0.5714285714285714, 0.23119266055045873]",54.04381674964469,39.17126926948534,51.39528746804251,47.03648090362549,20.07713890075684,9.10417652130127,17.855165481567383,110199.59375,36886.66796875,47477.8828125,25835.04296875,110152.5546875,36866.58984375,47468.77734375,25817.1875,,COMPLETE,False,,,144.61037348717252
roa,12,,2026-10-06 23:05:34.298404,2026-10-06 23:22:05.317835,0 days 00:16:31.019431,0.8,0.0788671412999049,0.0363926434536779,96.90574167242112,91.27270270333064,96.54508055991522,284.723524935667,5.092158354777671,3.0942583275788715,8.727297296669354,3.4549194400847867,"[0.02916274694261524, 0.027346177750155375, 0.10462776659959759, 0.02877697841726619, 0.022332506203473945, 0.03330161750713606, 0.018469656992084433, 0.029450261780104712, 0.014873140857392825, 0.013793103448275862, 0.04032766225582861, 0.027872582480091012, 0.019888129272840272, 0.02297383535417996]","[0.16181448882870683, 0.03269586674892042, 0.025153374233128835, 0.004914004914004914, 0.004329004329004329, 0.020657995409334353, 0.02465233881163085, 0.8359173126614987, 0.004140786749482402, 0.0034965034965034965, 0.024219247928616953, 0.027794561933534745, 0.030087527352297593, 0.021948608137044967]","[0.011955593509820665, 0.07789678675754626, 0.2526690391459075, 0.002621231979030144, 0.0024479804161566705, 0.014358108108108109, 0.02145922746781116, 0.0243161094224924, 0.006230529595015576, 0.0028116213683223993, 0.013461538461538462, 0.00547302580140735, 0.013438735177865613]",96.90574167242112,91.27270270333064,96.54508055991522,33.03254318237305,8.593687057495117,15.43885612487793,9.0,335888.3125,114480.1953125,144203.78125,77204.3359375,335855.28125,114471.6015625,144188.34375,77195.3359375,,COMPLETE,False,,,284.723524935667
roa,13,,2026-10-06 23:05:34.298605,2026-10-06 23:22:07.500416,0 days 00:16:33.201811,0.7000000000000001,0.0001963434157293,0.0006639623079859,56.98181033655745,42.6055959315936,54.138102537585205,153.72550880573624,48.75816373142124,43.01818966344255,57.3944040684064,45.8618974624148,"[0.26365475387727577, 0.29260450160771706, 0.30016863406408095, 0.8434959349593496, 0.4297520661157025, 0.5570588235294117, 0.3237364043506078, 0.9955476402493322, 0.3107307439104674, 0.26687354538401864, 0.42699724517906334, 0.4877126654064272, 0.27262931034482757, 0.25158428390367554]","[0.9973262032085561, 0.743073047858942, 0.30103359173126615, 0.2721758908263836, 0.3836265223274696, 0.30264900662251654, 0.6867732558139535, 0.9909208819714657, 0.2719352831362788, 0.8415730337078652, 0.26150121065375304, 0.7993579454253612, 0.587248322147651, 0.5960223741454319]","[0.22254127781765973, 0.8602771362586605, 0.9973285841495992, 0.5923984272608126, 0.36762360446570974, 0.2711081794195251, 0.35079575596816975, 0.42108938547486036, 0.5267857142857143, 0.25781792911744267, 0.3027823240589198, 0.556693489392831, 0.2348048624440179]",56.98181033655745,42.6055959315936,54.138102537585205,49.72705173492432,19.75991439819336,14.955986976623535,15.011150360107422,3725.599182128906,954.3970947265624,2088.07568359375,683.1264038085938,3675.8720703125,934.63720703125,2073.11962890625,668.115234375,,COMPLETE,False,,,153.72550880573624
roa,14,,2026-10-06 23:05:34.298799,2026-10-06 23:22:07.544431,0 days 00:16:33.245632,0.5,0.0002323350351539,0.0015415527060141,56.12132129820854,41.35593712198966,52.89382932328209,150.3710877434803,49.87630408550657,43.87867870179146,58.64406287801034,47.10617067671791,"[0.2642384105960265, 0.2878787878787879, 0.3083956774729842, 0.8507157464212679, 0.39950576606260296, 0.645625, 0.3333333333333333, 0.9964381121994658, 0.3093385214007782, 0.25577812018489987, 0.4208683473389356, 0.5359435173299102, 0.292436974789916, 0.24251870324189526]","[0.9973262032085561, 0.8385321100917431, 0.2999357739242132, 0.2593774940143655, 0.4660471765546819, 0.2326007326007326, 0.7137518684603886, 0.9909208819714657, 0.26779026217228463, 0.8715909090909091, 0.2474596533173939, 0.7962813257881972, 0.6050700466977985, 0.6234843650287173]","[0.2214484679665738, 0.8642691415313225, 0.9973285841495992, 0.6212319790301442, 0.42013311148086524, 0.2837022132796781, 0.3617021276595745, 0.41164241164241167, 0.5805592543275633, 0.27408412483039346, 0.2979559748427673, 0.5416058394160584, 0.24813895781637718]",56.12132129820854,41.35593712198966,52.89382932328209,55.90959453582764,24.7385311126709,14.870936393737791,16.300127029418945,7885.835388183594,4100.712890625,816.9452514648438,2968.17724609375,7829.925903320312,4075.974365234375,802.0743408203125,2951.877197265625,,COMPLETE,False,,,150.3710877434803
roa,15,,2026-10-06 23:22:07.545632,2026-10-06 23:23:23.105306,0 days 00:01:15.559674,0.8,0.0045457151756061,0.0034379621616415,57.99674573309792,4.593104967388882,63.609323260226766,126.19917396071358,57.93360867976214,42.00325426690208,95.40689503261112,36.390676739773234,"[0.07479861910241657, 0.07081667618503712, 0.9882491186839013, 0.9268547544409613, 0.058584686774941996, 0.07241523650062788, 0.9759162303664921, 0.9964381121994658, 0.11226993865030675, 0.05543237250554324, 0.4357501794687724, 0.9547325102880658, 0.0897560975609756, 0.06844106463878327]","[0.9973262032085561, 0.9970119521912351, 0.9944186046511628, 0.9705159705159705, 0.9869848156182213, 0.9766666666666667, 0.9679012345679012, 0.9974025974025974, 0.9803516028955532, 0.9883449883449883, 0.9718181818181818, 0.9817483189241114, 0.6572008113590264, 0.889273356401384]","[0.03051643192488263, 0.9953434225844005, 0.9973285841495992, 0.9842726081258192, 0.04187058183795541, 0.041531823085221145, 0.9787007454739084, 0.4288905435591958, 0.04413731609451627, 0.05382775119617225, 0.04241338112305854, 0.04754601226993865, 0.0444087747458534]",57.99674573309792,4.593104967388882,63.609323260226766,21.96082592010498,7.730506896972656,5.641616821289063,8.588702201843262,66795.15625,22793.30078125,27741.638671875,16260.216796875,66773.1943359375,22785.5703125,27735.99609375,16251.6279296875,,COMPLETE,False,,,126.19917396071358
roa,16,,2026-10-06 23:23:23.112814,2026-10-06 23:24:36.620107,0 days 00:01:13.507293,0.2,0.0818156647071139,0.020317398724569,94.92264793434695,93.4153734749054,90.64345798069382,278.9814793899462,7.006173536684607,5.077352065653037,6.584626525094604,9.35654201930618,"[0.029850746268656716, 0.04345340194396798, 0.09621993127147767, 0.02327173169062286, 0.208803611738149, 0.0331002331002331, 0.03404255319148936, 0.03746556473829201, 0.034997426659804425, 0.04112676056338028, 0.04848046309696093, 0.027991218441273325, 0.022183304144775248, 0.029842342342342343]","[0.4151599443671766, 0.02443494196701283, 0.037130270610446825, 0.03399615137908916, 0.032776349614395885, 0.024601063829787235, 0.033466533466533464, 0.17235901509134233, 0.027232425585813805, 0.025350233488992662, 0.030197444831591175, 0.02484848484848485, 0.01079913606911447, 0.029495718363463368]","[0.03182308522114347, 0.06048387096774194, 0.5700934579439252, 0.29924953095684803, 0.02206405693950178, 0.03247970018738289, 0.03076923076923077, 0.028296207104154123, 0.03951975987993997, 0.031306441902468396, 0.026156941649899398, 0.02981171548117155, 0.014296463506395787]",94.92264793434695,93.4153734749054,90.64345798069382,35.52273082733154,8.836613655090332,17.414997100830078,9.271120071411133,297633.5625,99155.4453125,130880.5859375,67597.53125,297598.0390625,99146.609375,130863.171875,67588.2578125,,COMPLETE,False,,,278.9814793899462
roa,17,,2026-10-06 23:24:36.628831,2026-10-06 23:25:50.211694,0 days 00:01:13.582863,0.4,0.0031751751568253,0.0052808771193714,55.51593715867473,12.22942552631858,63.80325742954236,131.54862011453565,56.15045996182144,44.48406284132527,87.77057447368142,36.19674257045765,"[0.0736902705814623, 0.06370875995449374, 0.9800235017626322, 0.9556277056277056, 0.06453455168475157, 0.07618250313938886, 0.9747102212855637, 0.9964381121994658, 0.43946188340807174, 0.055279159756771695, 0.45500359971202303, 0.9524200164068909, 0.08138932089165371, 0.05929919137466307]","[0.9973262032085561, 0.99800796812749, 0.9925581395348837, 0.9669117647058824, 0.9880694143167028, 0.9688888888888889, 0.9703703703703703, 0.9974025974025974, 0.572977481234362, 0.9895104895104895, 0.2834890965732087, 0.983669548511047, 0.6707399864222675, 0.9079584775086506]","[0.0414985590778098, 0.9953434225844005, 0.9973285841495992, 0.9855832241153342, 0.04343105320304017, 0.0453091684434968, 0.09644939056703762, 0.4534798534798535, 0.04365256124721604, 0.06242774566473988, 0.061910377358490566, 0.8295625942684767, 0.0496]",55.51593715867473,12.22942552631858,63.80325742954236,21.8077359199524,7.9901251792907715,5.927356243133545,7.890254497528076,153353.16796875,50757.44921875,67318.859375,35276.859375,153331.359375,50749.4609375,67312.9296875,35268.96875,,COMPLETE,False,,,131.54862011453565
roa,18,,2026-10-06 23:25:50.218188,2026-10-06 23:27:02.914750,0 days 00:01:12.696562,0.1,0.0041608558227116,0.0156058439967409,44.865153648217785,2.668901421590135,57.80498073359403,105.33903580340194,64.88698806553269,55.134846351782215,97.33109857840986,42.19501926640597,"[0.07528735632183908, 0.918942731277533, 0.9870740305522914, 0.9615806805708014, 0.059953434225844, 0.8796169630642955, 0.9725448785638859, 0.9964381121994658, 0.14854614412136535, 0.057534246575342465, 0.4379872430900071, 0.9235197368421053, 0.24106113033448673, 0.05879180151024811]","[0.9973262032085561, 0.99800796812749, 0.9934883720930232, 0.9680589680589681, 0.9891540130151844, 0.967670011148272, 0.9753086419753086, 0.9974025974025974, 0.9834368530020704, 0.9895104895104895, 0.9645776566757494, 0.9855769230769231, 0.936558287073751, 0.8802768166089966]","[0.034753363228699555, 0.9848661233993015, 0.9973285841495992, 0.9868938401048493, 0.043997827267789245, 0.03854389721627409, 0.9807692307692307, 0.41774891774891776, 0.0464078536367693, 0.039886039886039885, 0.03983596953719976, 0.8315629742033384, 0.04275788348476751]",44.865153648217785,2.668901421590135,57.80498073359403,19.57154560089112,7.032761573791504,4.218891143798828,8.319892883300781,283130.328125,93324.3046875,125517.171875,64288.8515625,283110.7578125,93317.2734375,125512.953125,64280.53125,,COMPLETE,False,,,105.33903580340194
roa,19,,2026-10-06 23:27:02.921444,2026-10-06 23:28:34.290482,0 days 00:01:31.369038,0.8,0.0046587158101604,0.0476822859098298,39.49566827398099,1.8179686340886008,56.71741703926244,98.03105394733204,67.32298201755599,60.50433172601901,98.1820313659114,43.28258296073756,"[0.07501442585112522, 0.9851024208566108, 0.9847238542890717, 0.9779005524861878, 0.8348271446862996, 0.9128943758573388, 0.9851694915254238, 0.9964381121994658, 0.1516497461928934, 0.13961988304093567, 0.07973621103117506, 0.9572016460905349, 0.33029612756264237, 0.060032449972958354]","[0.9973262032085561, 0.99800796812749, 0.9953488372093023, 0.9742014742014742, 0.9880694143167028, 0.9810479375696767, 0.974485596707819, 0.9974025974025974, 0.9906832298136646, 0.9906759906759907, 0.9827429609445958, 0.9855769230769231, 0.9625796178343949, 0.9273356401384083]","[0.02966343411294923, 0.9953434225844005, 0.9973285841495992, 0.9829619921363041, 0.04141689373297003, 0.041031036296685953, 0.9828877005347594, 0.44494047619047616, 0.935720097640358, 0.04058823529411765, 0.03871351995235259, 0.05398457583547558, 0.04215581643543223]",39.49566827398099,1.8179686340886008,56.71741703926244,20.589446544647217,8.410886764526367,3.6993117332458496,8.479248046875,357184.1953125,122618.328125,151503.140625,83062.7265625,357163.6015625,122609.9140625,151499.4375,83054.25,,COMPLETE,False,,,98.03105394733204
roa,20,,2026-10-06 23:28:34.297204,2026-10-06 23:29:47.669104,0 days 00:01:13.371900,0.2,0.0043544223790983,0.030498820582351,44.889334781153245,2.302471438129558,56.87440966182819,104.066215881111,65.311261372963,55.11066521884676,97.69752856187044,43.12559033817181,"[0.07471264367816093, 0.9696412143514259, 0.9952996474735605, 0.9691629955947136, 0.060093348891481914, 0.8850102669404517, 0.982010582010582, 0.9964381121994658, 0.1446700507614213, 0.05325443786982249, 0.3587533156498674, 0.9276315789473685, 0.24002313475997686, 0.05879180151024811]","[0.9973262032085561, 0.99800796812749, 0.9944186046511628, 0.9643734643734644, 0.9891540130151844, 0.9765886287625418, 0.9728395061728395, 0.9974025974025974, 0.979296066252588, 0.9883449883449883, 0.9727520435967303, 0.9855769230769231, 0.9570747217806042, 0.9044982698961938]","[0.0341545352743561, 0.9953434225844005, 0.9964381121994658, 0.9868938401048493, 0.043549265106151334, 0.03927813163481953, 0.9807486631016042, 0.4302241503976862, 0.9056, 0.040641099026903264, 0.03861671469740634, 0.0720580611715915, 0.0427807486631016]",44.889334781153245,2.302471438129558,56.87440966182819,18.92019033432007,7.041469573974609,3.6444363594055176,8.234284400939941,323327.328125,109542.359375,139874.6875,73910.28125,323308.4140625,109535.3203125,139871.046875,73902.046875,,COMPLETE,False,,,104.066215881111
roa,21,,2026-10-06 23:29:47.677973,2026-10-06 23:30:58.508336,0 days 00:01:10.830363,0.1,0.0061863585818567,0.0253221633587462,42.00691988643851,3.120169916237529,57.36484986307945,102.4919396657555,65.83602011141484,57.99308011356149,96.87983008376249,42.63515013692055,"[0.0776361529548088, 0.980410447761194, 0.9941245593419507, 0.9626373626373627, 0.8628719275549805, 0.8445807770961146, 0.9186906019007391, 0.9955476402493322, 0.1432192648922687, 0.060622914349276975, 0.06729634002361275, 0.9268092105263158, 0.2208237986270023, 0.06376021798365122]","[0.9973262032085561, 0.9970119521912351, 0.9934883720930232, 0.9631449631449631, 0.9880694143167028, 0.967670011148272, 0.9547325102880658, 0.9974025974025974, 0.9772256728778468, 0.9871794871794872, 0.9591280653950953, 0.9740384615384615, 0.939538583929992, 0.8672199170124482]","[0.0339077265147304, 0.9930151338766007, 0.9973285841495992, 0.9868938401048493, 0.044021739130434785, 0.039978958442924775, 0.9691160809371672, 0.42961342086068566, 0.8824959481361426, 0.042382588774341354, 0.03486997635933806, 0.041300980898296334, 0.04764453961456103]",42.00691988643851,3.120169916237529,57.36484986307945,19.77974224090576,7.076942443847656,4.190733909606934,8.512065887451172,310687.7265625,104521.078125,135613.4375,70553.2109375,310667.9453125,104514.0,135609.25,70544.6953125,,COMPLETE,False,,,102.4919396657555
roa,22,,2026-10-06 23:30:58.514596,2026-10-06 23:32:12.722450,0 days 00:01:14.207854,0.8,0.0059031563294998,0.0430241420487778,39.7667900821382,1.9986579425998483,56.99927329006366,98.7647213148017,67.07842622839944,60.2332099178618,98.00134205740017,43.00072670993634,"[0.07424593967517401, 0.9878731343283582, 0.9858989424206815, 0.9778761061946902, 0.8457583547557841, 0.8863013698630137, 0.9788135593220338, 0.9964381121994658, 0.14784263959390864, 0.13619810633648943, 0.06758304696449026, 0.9572016460905349, 0.3244620611551529, 0.0661563696008748]","[0.9973262032085561, 0.99800796812749, 0.9953488372093023, 0.9742014742014742, 0.9880694143167028, 0.9821627647714605, 0.9736625514403292, 0.9974025974025974, 0.9906832298136646, 0.9906759906759907, 0.9791099000908265, 0.9826923076923076, 0.9545816733067729, 0.9162629757785468]","[0.02937853107344633, 0.9953434225844005, 0.9973285841495992, 0.9829619921363041, 0.041462084015275506, 0.042689434364994665, 0.9691160809371672, 0.434878587196468, 0.9250203748981255, 0.04352941176470588, 0.03328981723237598, 0.04852227613586237, 0.046573875802997856]",39.7667900821382,1.9986579425998483,56.99927329006366,20.62496852874756,7.803761959075928,4.244297504425049,8.576909065246582,348724.3359375,119403.3203125,148583.84375,80737.171875,348703.703125,119395.515625,148579.59375,80728.59375,,COMPLETE,False,,,98.7647213148017
roa,23,,2026-10-06 23:32:12.728610,2026-10-06 23:33:28.241002,0 days 00:01:15.512392,0.9,0.0032192722048725,0.0497495889241739,41.70494679446648,1.849034836610812,46.39108598088568,89.94506761196297,70.01831079601233,58.29505320553352,98.1509651633892,53.60891401911432,"[0.0717154331612163, 0.06963470319634703, 0.9623971797884842, 0.9767955801104973, 0.6975546975546976, 0.9190672153635117, 0.9788359788359788, 0.9964381121994658, 0.17906008328375966, 0.05055401662049862, 0.40921985815602835, 0.951440329218107, 0.8413897280966768, 0.057204533189422556]","[0.9973262032085561, 0.99800796812749, 0.9953488372093023, 0.9656441717791411, 0.9880694143167028, 0.9832775919732442, 0.9786008230452675, 0.9974025974025974, 0.9865563598759048, 0.9906759906759907, 0.9773960216998192, 0.9855769230769231, 0.9657643312101911, 0.9314878892733564]","[0.03041144901610018, 0.9953434225844005, 0.9973285841495992, 0.9803407601572739, 0.7811735941320294, 0.03718091009988901, 0.9401709401709402, 0.4208955223880597, 0.8863450531479967, 0.031746031746031744, 0.04556500607533415, 0.7830853563038371, 0.039572192513368985]",41.70494679446648,1.849034836610812,46.39108598088568,20.19585609436035,7.934199810028076,3.74570894241333,8.515947341918945,360822.6640625,123951.0859375,152749.234375,84122.34375,360802.4609375,123943.1484375,152745.484375,84113.828125,,COMPLETE,False,,,89.94506761196297
roa,24,,2026-10-06 23:33:28.247073,2026-10-06 23:34:40.363363,0 days 00:01:12.116290,0.9,0.0013273588900355,0.043730058323777,45.13236306485759,23.972793588638268,49.78915663855325,118.8943132920491,60.36856223598364,54.867636935142414,76.02720641136173,50.21084336144676,"[0.22990033222591363, 0.09868796349115802, 0.4766355140186916, 0.9635761589403974, 0.4252577319587629, 0.8747433264887063, 0.9390115667718192, 0.9964381121994658, 0.15283122594832327, 0.2885615251299827, 0.4103671706263499, 0.9186524239934265, 0.8082618862042089, 0.09854423292273236]","[0.9973262032085561, 0.9970119521912351, 0.25142857142857145, 0.18311981914091938, 0.9924078091106291, 0.979933110367893, 0.9769547325102881, 0.9974025974025974, 0.2012084592145015, 0.9906759906759907, 0.2045990566037736, 0.9855907780979827, 0.9491255961844197, 0.9370242214532872]","[0.191027496382055, 0.889406286379511, 0.9973285841495992, 0.6749672346002621, 0.6609547123623011, 0.11891208096141682, 0.6395721925133689, 0.3956619296933433, 0.8242027800490597, 0.23460207612456746, 0.12611991729841487, 0.6895734597156398, 0.08508088675853805]",45.13236306485759,23.972793588638268,49.78915663855325,19.705512523651123,7.672805309295654,4.542933940887451,7.489773273468018,350039.1328125,119888.6171875,149030.84375,81119.671875,350019.421875,119880.9453125,149026.296875,81112.1796875,,COMPLETE,False,,,118.8943132920491
roa,25,,2026-10-06 23:34:40.369627,2026-10-06 23:35:51.688345,0 days 00:01:11.318718,0.8,0.0071991248844401,0.0349287328484508,44.87537719943936,2.38049819100506,58.3643135578422,105.62018894828662,64.79327035057112,55.12462280056064,97.61950180899494,41.6356864421578,"[0.07890122735242548, 0.9878731343283582, 0.9905992949471211, 0.982281284606866, 0.9341935483870968, 0.15987599645704162, 0.9798941798941799, 0.9964381121994658, 0.14784263959390864, 0.05618615209988649, 0.07347876004592423, 0.9481481481481482, 0.3098751418842225, 0.0718595721338453]","[0.9973262032085561, 0.99800796812749, 0.9953488372093023, 0.9742014742014742, 0.9880694143167028, 0.9788182831661093, 0.968724279835391, 0.9974025974025974, 0.9906832298136646, 0.9906759906759907, 0.9700272479564033, 0.9769230769230769, 0.9450199203187251, 0.8955017301038062]","[0.030491247882552232, 0.9953434225844005, 0.9973285841495992, 0.9855832241153342, 0.041462084015275506, 0.04287245444801715, 0.9743863393810032, 0.4247076023391813, 0.748702742772424, 0.04478491455509723, 0.03197674418604651, 0.04671661524900837, 0.048283261802575105]",44.87537719943936,2.38049819100506,58.3643135578422,20.46573209762573,7.272587299346924,4.58676815032959,8.606376647949219,332879.9375,113303.8203125,143158.234375,76417.8828125,332859.4609375,113296.546875,143153.640625,76409.2734375,,COMPLETE,False,,,105.62018894828662
roa,26,,2026-10-06 23:35:51.697093,2026-10-06 23:37:06.590065,0 days 00:01:14.892972,0.5,0.009776445360037,0.0387207314487266,40.56736398654025,3.7659433679393146,62.32457030626776,106.65787766074732,64.44737411308422,59.43263601345975,96.23405663206069,37.67542969373224,"[0.07876312718786464, 0.9832089552238806, 0.9917743830787309, 0.9690265486725663, 0.9366925064599483, 0.819672131147541, 0.9745762711864406, 0.993766696349065, 0.14521242866201647, 0.06457046603032005, 0.0757314974182444, 0.9185185185185185, 0.30611079383209594, 0.06294471811713191]","[0.9973262032085561, 0.9940239043824701, 0.987906976744186, 0.961916461916462, 0.9859002169197397, 0.9643255295429208, 0.9580246913580247, 0.9974025974025974, 0.9782608695652174, 0.9848484848484849, 0.9500454132606722, 0.9730769230769231, 0.9076433121019108, 0.8320663441603318]","[0.031932773109243695, 0.9953434225844005, 0.9964381121994658, 0.9855832241153342, 0.045280960174577195, 0.04415724286483576, 0.9711846318036286, 0.049948506694129764, 0.5968660968660968, 0.04838709677419355, 0.036231884057971016, 0.048038783605112385, 0.04841312533620226]",40.56736398654025,3.7659433679393146,62.32457030626776,21.550891399383545,7.307543754577637,6.168287754058838,8.07505989074707,340474.5234375,116269.1953125,145773.234375,78432.09375,340452.96875,116261.890625,145767.0625,78424.015625,,COMPLETE,False,,,106.65787766074732
roa,27,,2026-10-06 23:37:06.596173,2026-10-06 23:38:18.978421,0 days 00:01:12.382248,0.6,0.0002407889115577,0.0278464149503915,50.508851652176965,44.81089748331208,50.487671296375375,145.8074204318644,51.39752652271186,49.49114834782304,55.18910251668792,49.51232870362463,"[0.30318021201413425, 0.3088829071332436, 0.31153184165232356, 0.7058823529411765, 0.33112582781456956, 0.7238520408163265, 0.7138888888888889, 0.9353146853146853, 0.3237071860308932, 0.2997502081598668, 0.3517006802721088, 0.7980922098569158, 0.5463347164591977, 0.2755170113408939]","[0.7559183673469387, 0.715939447907391, 0.2946138870863076, 0.27893890675241156, 0.6857419980601358, 0.5679785330948122, 0.8279742765273312, 0.3422459893048128, 0.2895460797799175, 0.7906724511930586, 0.24685138539042822, 0.6117136659436009, 0.6314639475600874, 0.6868754163890739]","[0.2598075499629904, 0.6857142857142857, 0.7820284697508897, 0.5786736020806242, 0.647982062780269, 0.28735632183908044, 0.7222222222222222, 0.32842105263157895, 0.7890127388535032, 0.27066569129480617, 0.2608695652173913, 0.5800304878048781, 0.2438186813186813]",50.508851652176965,44.81089748331208,50.487671296375375,66.08044719696045,27.792770385742188,24.08622360229492,14.20145320892334,316772.84375,106976.46875,137796.375,72000.0,316706.7578125,106948.6796875,137772.28125,71985.796875,,COMPLETE,False,,,145.8074204318644
roa,28,,2026-10-06 23:38:18.985392,2026-10-06 23:39:30.028274,0 days 00:01:11.042882,0.8,0.006573971182385,0.0348667974303928,45.13306483090288,2.172189026594808,56.81597069919472,104.1212245566924,65.2929251477692,54.86693516909712,97.8278109734052,43.18402930080528,"[0.07885514018691589, 0.9878731343283582, 0.9847238542890717, 0.9800884955752213, 0.8980645161290323, 0.1622340425531915, 0.9756613756613757, 0.9964381121994658, 0.14720812182741116, 0.05615428247305729, 0.06754436176302232, 0.9596707818930041, 0.3199320498301246, 0.06692265496434449]","[0.9973262032085561, 0.99800796812749, 0.9953488372093023, 0.9742014742014742, 0.9880694143167028, 0.979933110367893, 0.9695473251028807, 0.9974025974025974, 0.9906832298136646, 0.9906759906759907, 0.9754768392370572, 0.9807692307692307, 0.949800796812749, 0.9086505190311419]","[0.030525720746184284, 0.9953434225844005, 0.9973285841495992, 0.9829619921363041, 0.04198473282442748, 0.04226859283039058, 0.9712765957446808, 0.44205052005943535, 0.9307253463732681, 0.04467960023515579, 0.03942652329749104, 0.04768211920529802, 0.047670058918050345]",45.13306483090288,2.172189026594808,56.81597069919472,20.412768840789795,7.521747589111328,4.367126941680908,8.523894309997559,332743.8203125,113253.65625,143113.296875,76376.8671875,332723.4140625,113246.1328125,143108.9375,76368.34375,,COMPLETE,False,,,104.1212245566924
roa,29,,2026-10-06 23:39:30.034956,2026-10-06 23:40:41.909699,0 days 00:01:11.874743,0.7000000000000001,0.0015365523153894,0.0488643770480349,45.32454102869404,23.39649797804909,48.9412151746938,117.66225418143694,60.779248606187686,54.67545897130596,76.6035020219509,51.058784825306205,"[0.15997603355302575, 0.10227272727272728, 0.5409836065573771, 0.9723451327433629, 0.4324561403508772, 0.894808743169399, 0.9692796610169492, 0.9964381121994658, 0.1487151448879169, 0.2038173142467621, 0.4335219236209335, 0.9342105263157895, 0.8033409263477601, 0.062398263700488336]","[0.9973262032085561, 0.99800796812749, 0.2810289389067524, 0.19753886010362695, 0.9880694143167028, 0.9843924191750278, 0.9777777777777777, 0.9974025974025974, 0.21555419473361911, 0.9906759906759907, 0.21964285714285714, 0.9884615384615385, 0.9515873015873015, 0.9370242214532872]","[0.20293724966622162, 0.9557625145518044, 0.9973285841495992, 0.8664921465968587, 0.8890229191797346, 0.0924092409240924, 0.1431682090364725, 0.41691176470588237, 0.9415109666937449, 0.1260037059913527, 0.110397946084724, 0.8213166144200627, 0.0743801652892562]",45.32454102869404,23.39649797804909,48.9412151746938,28.95344877243042,15.35153102874756,5.646459102630615,7.955458641052246,359278.2109375,123385.421875,152224.921875,83667.8671875,359249.265625,123370.0703125,152219.28125,83659.9140625,,COMPLETE,False,,,117.66225418143694
roa,30,,2026-10-06 23:40:41.917044,2026-10-06 23:41:59.028646,0 days 00:01:17.111602,0.9,0.0141960180302717,0.0065080491706178,56.56740383037139,10.19688648898358,67.50563617662893,134.2699264959839,55.24335783467203,43.43259616962861,89.80311351101642,32.494363823371074,"[0.16233766233766234, 0.9888059701492538, 0.9482961222091657, 0.9691629955947136, 0.047752808988764044, 0.044268406337371856, 0.9777777777777777, 0.9946571682991986, 0.09135200974421437, 0.5835351089588378, 0.06536697247706422, 0.06416131989000917, 0.07338551859099804, 0.06970362239297476]","[0.9973262032085561, 0.9920318725099602, 0.9851162790697674, 0.944920440636475, 0.9837486457204767, 0.9367369589345172, 0.922633744855967, 0.9974025974025974, 0.9803312629399586, 0.9743589743589743, 0.9192377495462795, 0.9346153846153846, 0.26977248104008666, 0.7342032967032966]","[0.030405405405405407, 0.9930151338766007, 0.9973285841495992, 0.9868938401048493, 0.040805223068552776, 0.045379989065062874, 0.7654584221748401, 0.1532033426183844, 0.032300884955752215, 0.047619047619047616, 0.034993270524899055, 0.047053649956024624, 0.04981050351922036]",56.56740383037139,10.19688648898358,67.50563617662893,22.602746963500977,7.705029964447021,6.691116809844971,8.206600189208984,203378.171875,65473.58203125,91018.40625,46886.18359375,203355.57421875,65465.87890625,91011.71875,46877.9765625,,COMPLETE,False,,,134.2699264959839
roa,31,,2026-10-06 23:41:59.036142,2026-10-06 23:43:12.492601,0 days 00:01:13.456459,0.9,0.0083150097959384,0.0425385821302019,37.85317086060479,2.889288060622192,60.61856379455067,101.36102271577764,66.21299242807412,62.14682913939521,97.1107119393778,39.38143620544933,"[0.07459207459207459, 0.9878731343283582, 0.9870740305522914, 0.9778516057585825, 0.8783958602846055, 0.8556771545827634, 0.9798515376458112, 0.9964381121994658, 0.14784263959390864, 0.5853365384615384, 0.06846950517836593, 0.9382716049382716, 0.15372750642673522, 0.06915477497255763]","[0.9973262032085561, 0.9970119521912351, 0.9934883720930232, 0.9668304668304668, 0.9880694143167028, 0.9721293199554069, 0.9670781893004116, 0.9974025974025974, 0.9875776397515528, 0.9883449883449883, 0.9645776566757494, 0.9759615384615384, 0.9338645418326693, 0.8658367911479945]","[0.030216647662485746, 0.9941792782305006, 0.9973285841495992, 0.9855832241153342, 0.03736263736263736, 0.041599135602377095, 0.9317697228144989, 0.041695146958304855, 0.8916938110749185, 0.04448398576512456, 0.02748091603053435, 0.04675782973092192, 0.049435787211176786]",37.85317086060479,2.889288060622192,60.61856379455067,21.26115131378174,7.684082984924316,5.496615409851074,8.080452919006348,347839.3125,119065.7890625,148271.90625,80501.6171875,347818.046875,119058.1015625,148266.40625,80493.5390625,,COMPLETE,False,,,101.36102271577764
roa,32,,2026-10-06 23:43:12.500957,2026-10-06 23:44:23.293946,0 days 00:01:10.792989,0.9,0.0081927996261863,0.0496225300618312,36.75272512486988,2.899045667862524,63.04875498438646,102.70052577711886,65.76649140762704,63.24727487513013,97.10095433213748,36.95124501561354,"[0.07463556851311953, 0.9888059701492538, 0.9858989424206815, 0.9767441860465116, 0.8696774193548387, 0.8574366004112406, 0.9787910922587487, 0.9964381121994658, 0.1484771573604061, 0.5885167464114832, 0.06904487917146145, 0.9390946502057613, 0.31186440677966104, 0.06919275123558484]","[0.9973262032085561, 0.9970119521912351, 0.9934883720930232, 0.9643734643734644, 0.9880694143167028, 0.9732441471571907, 0.9662551440329218, 0.9974025974025974, 0.9865424430641822, 0.9883449883449883, 0.9600363306085377, 0.9740384615384615, 0.9338645418326693, 0.8741355463347165]","[0.029545454545454545, 0.9953434225844005, 0.9955476402493322, 0.9855832241153342, 0.03982542280414621, 0.0425764192139738, 0.9348290598290598, 0.041638225255972695, 0.5722419928825623, 0.04451038575667656, 0.027439024390243903, 0.04675782973092192, 0.04782375067168189]",36.75272512486988,2.899045667862524,63.04875498438646,21.966980457305908,8.094018936157227,5.78683614730835,8.086125373840332,360600.390625,123868.5078125,152677.703125,84054.1796875,360578.4296875,123860.4140625,152671.921875,84046.09375,,COMPLETE,False,,,102.70052577711886
roa,33,,2026-10-06 23:44:23.302373,2026-10-06 23:45:31.390830,0 days 00:01:08.088457,0.9,0.0027453974147235,0.0177943892361734,43.874220524345866,9.815047084526045,48.84221733987426,102.53148494874615,65.82283835041794,56.12577947565413,90.18495291547396,51.15778266012574,"[0.06819484240687679, 0.06370875995449374, 0.954171562867215, 0.9812362030905077, 0.4974160206718346, 0.9165526675786594, 0.982010582010582, 0.9964381121994658, 0.06293706293706294, 0.4462809917355372, 0.43072505384063176, 0.9555921052631579, 0.44571085782843434, 0.05663430420711974]","[0.9973262032085561, 0.99800796812749, 0.9953488372093023, 0.9571603427172583, 0.9880694143167028, 0.9821627647714605, 0.9810699588477366, 0.9974025974025974, 0.5803497085761865, 0.9906759906759907, 0.28155940594059403, 0.9875, 0.9556962025316456, 0.9335640138408304]","[0.03627267041901188, 0.9953434225844005, 0.9973285841495992, 0.9724770642201835, 0.6092796092796092, 0.05568445475638051, 0.8765957446808511, 0.40946045824094607, 0.8387622149837134, 0.048484848484848485, 0.0742671009771987, 0.6970889063729347, 0.039466666666666664]",43.874220524345866,9.815047084526045,48.84221733987426,19.517224311828613,6.921499729156494,4.941291332244873,7.654433250427246,289805.28125,96083.0859375,128112.7421875,65609.453125,289785.765625,96076.1640625,128107.8046875,65601.796875,,COMPLETE,False,,,102.53148494874615
roa,34,,2026-10-06 23:45:31.399522,2026-10-06 23:46:44.617367,0 days 00:01:13.217845,0.9,0.0116049911045276,0.0497326378506654,42.51294141457858,4.797972821390346,61.30452431163393,108.61543854760284,63.79485381746571,57.487058585421416,95.20202717860964,38.69547568836607,"[0.07470588235294118, 0.9860074626865671, 0.9717978848413631, 0.9679203539823009, 0.8072445019404916, 0.5908806995627732, 0.9692796610169492, 0.993766696349065, 0.1453045685279188, 0.062464828362408555, 0.20404172099087353, 0.9071487263763353, 0.2956867196367764, 0.07193849533223504]","[0.9973262032085561, 0.9930278884462151, 0.9832558139534884, 0.950920245398773, 0.9848156182212582, 0.947603121516165, 0.9423868312757202, 0.9974025974025974, 0.979296066252588, 0.9825174825174825, 0.9400544959128065, 0.9509615384615384, 0.8853503184713376, 0.7933655839668279]","[0.029612756264236904, 0.9918509895227008, 0.9893143365983972, 0.9855832241153342, 0.7686658506731946, 0.042116630669546434, 0.9552238805970149, 0.043853820598006646, 0.051989150090415916, 0.046181172291296625, 0.03300076745970836, 0.04675782973092192, 0.046261430876815494]",42.51294141457858,4.797972821390346,61.30452431163393,26.004918098449707,7.890887260437012,8.333884239196777,9.780146598815918,360798.6953125,123940.0546875,152744.078125,84114.5625,360772.6953125,123932.1640625,152735.75,84104.78125,,COMPLETE,False,,,108.61543854760284
roa,35,,2026-10-06 23:46:44.624336,2026-10-06 23:47:58.534616,0 days 00:01:13.910280,0.7000000000000001,0.0028245925463235,0.0118843740589959,46.10787099726876,9.961054529337744,56.99011936767172,113.05904489427824,62.31365170190725,53.89212900273124,90.03894547066226,43.00988063232828,"[0.0717154331612163, 0.06367254121660035, 0.9753231492361927, 0.9662676822633297, 0.8379396984924623, 0.9137577002053389, 0.9820485744456178, 0.9964381121994658, 0.11952406706327745, 0.080078125, 0.4442857142857143, 0.9564144736842105, 0.08082901554404145, 0.05660377358490566]","[0.9973262032085561, 0.99800796812749, 0.9953488372093023, 0.9608323133414932, 0.9880694143167028, 0.9821627647714605, 0.9794238683127572, 0.9974025974025974, 0.5647840531561462, 0.9906759906759907, 0.28155940594059403, 0.9875, 0.9494869771112865, 0.9328719723183391]","[0.04531902206320811, 0.9953434225844005, 0.9973285841495992, 0.9842726081258192, 0.041916167664670656, 0.054933333333333334, 0.9704016913319239, 0.4357090374724467, 0.047064096817570594, 0.0599406528189911, 0.06362545018007203, 0.8549618320610687, 0.04046858359957402]",46.10787099726876,9.961054529337744,56.99011936767172,21.883909702301025,8.145934104919434,5.441043376922607,8.296932220458984,267958.7578125,87185.453125,120094.3125,60678.9921875,267936.875,87177.3046875,120088.875,60670.6953125,,COMPLETE,False,,,113.05904489427824
roa,36,,2026-10-06 23:47:58.542671,2026-10-06 23:49:11.510068,0 days 00:01:12.967397,0.7000000000000001,0.0038901028631424,0.0474530200588806,41.91668128914239,1.845963540849965,50.530871988815,94.29351681880736,68.56882772706422,58.08331871085761,98.15403645915003,49.469128011185,"[0.07286288009179576, 0.23725613593455003, 0.9894242068155111, 0.9767955801104973, 0.8459595959595959, 0.9122085048010974, 0.9840933191940615, 0.9964381121994658, 0.14821763602251406, 0.051827242524916946, 0.42, 0.9572016460905349, 0.48217522658610273, 0.057204533189422556]","[0.9973262032085561, 0.99800796812749, 0.9953488372093023, 0.9692874692874693, 0.9880694143167028, 0.9832775919732442, 0.974485596707819, 0.9974025974025974, 0.989648033126294, 0.9906759906759907, 0.9818511796733213, 0.9855769230769231, 0.9625796178343949, 0.9280276816608997]","[0.03076923076923077, 0.9953434225844005, 0.9973285841495992, 0.9855832241153342, 0.041916167664670656, 0.04054054054054054, 0.9850267379679144, 0.4371785451873622, 0.9471974004874086, 0.041836141778036025, 0.0498220640569395, 0.836266258607498, 0.04217832354511479]",41.91668128914239,1.845963540849965,50.530871988815,19.6702401638031,8.004396438598633,3.536323308944702,8.129520416259766,356791.828125,122468.296875,151362.046875,82961.484375,356772.15625,122460.2890625,151358.515625,82953.3515625,,COMPLETE,False,,,94.29351681880736
roa,37,,2026-10-06 23:49:11.517199,2026-10-06 23:50:22.057613,0 days 00:01:10.540414,0.6,0.0025119212102139,0.0420052147396832,42.4731930381508,10.04174247702538,50.53394849613496,103.04888401131116,65.65037199622962,57.5268069618492,89.95825752297462,49.466051503865046,"[0.06518010291595197, 0.06416808631459398, 0.9764982373678026, 0.9790286975717439, 0.7422802850356295, 0.9007529089664613, 0.9798728813559322, 0.9964381121994658, 0.07188841201716738, 0.04905166775670373, 0.4353023909985935, 0.9515201314708299, 0.7852586817859674, 0.05651237890204521]","[0.9973262032085561, 0.99800796812749, 0.9944186046511628, 0.9492753623188406, 0.9869848156182213, 0.9821627647714605, 0.9769547325102881, 0.9974025974025974, 0.5798668885191348, 0.9906759906759907, 0.25919117647058826, 0.989423076923077, 0.960285941223193, 0.9321799307958477]","[0.041666666666666664, 0.9953434225844005, 0.9973285841495992, 0.9842726081258192, 0.04246053347849755, 0.0495611770779556, 0.9786780383795309, 0.43180160466812545, 0.9097502014504432, 0.039673278879813305, 0.06861575178997613, 0.8514774494556765, 0.03995737879595099]",42.4731930381508,10.04174247702538,50.53394849613496,20.081286907196045,8.020894050598145,4.617396831512451,7.442996025085449,346828.4453125,118683.9609375,147934.703125,80209.78125,346808.3515625,118675.9375,147930.078125,80202.3359375,,COMPLETE,False,,,103.04888401131116
roa,38,,2026-10-06 23:50:22.065349,2026-10-06 23:51:34.592692,0 days 00:01:12.527343,0.6,0.0367506413247868,0.0086148444667839,72.90161218627446,67.60386953713153,75.1692100317771,215.6746917551831,28.108436081605635,27.098387813725545,32.39613046286847,24.830789968222906,"[0.05558337506259389, 0.9236499068901304, 0.9741784037558685, 0.04304461942257218, 0.04652466367713005, 0.04514030093533957, 0.41148325358851673, 0.97506678539626, 0.07668898356664638, 0.0493046776232617, 0.061260210035005834, 0.03001132502831257, 0.037815126050420166, 0.06402266288951841]","[0.9830659536541889, 0.1371069182389937, 0.8865116279069768, 0.20508866615265997, 0.26778242677824265, 0.06382978723404255, 0.035509138381201046, 0.9896103896103896, 0.07368421052631578, 0.5232558139534884, 0.19007803790412486, 0.10298598415600244, 0.04505437597099948, 0.03189493433395872]","[0.032825322391559206, 0.8777648428405123, 0.9946571682991986, 0.9868938401048493, 0.03064516129032258, 0.048426150121065374, 0.050617283950617285, 0.04505813953488372, 0.0388739946380697, 0.04341534008683068, 0.01904761904761905, 0.019455252918287938, 0.04032258064516129]",72.90161218627446,67.60386953713153,75.1692100317771,29.11731719970703,8.90931224822998,11.55403995513916,8.65396499633789,248208.77734375,78807.65625,113763.5078125,55637.61328125,248179.6640625,78798.75,113751.953125,55628.9609375,,COMPLETE,False,,,215.6746917551831
roa,39,,2026-10-06 23:51:34.600520,2026-10-06 23:53:05.355673,0 days 00:01:30.755153,0.1,0.0019864635056609,0.0001186315246441,65.34355974082749,51.65524308989656,63.00313689180995,180.001939722534,39.999353425822,34.65644025917252,48.34475691010344,36.99686310819005,"[0.07883817427385892, 0.4409240924092409, 0.08700501952035694, 0.731537793223284, 0.06809001731102135, 0.07967959527824621, 0.918724279835391, 0.993766696349065, 0.07735085945399393, 0.05950413223140496, 0.4913294797687861, 0.3759305210918114, 0.07286314806165343, 0.37635782747603835]","[0.9973262032085561, 0.3648148148148148, 0.36990801576872534, 0.1639135959339263, 0.7559726962457338, 0.1829121540312876, 0.21391213389121339, 0.9948119325551232, 0.21314496314496315, 0.9755244755244755, 0.2026431718061674, 0.8913427561837456, 0.2489040428641013, 0.1931350114416476]","[0.08284023668639054, 0.9883585564610011, 0.9973285841495992, 0.9699346405228758, 0.062019758507135016, 0.0701844262295082, 0.35790172642762286, 0.5022058823529412, 0.06133575647432985, 0.15542168674698795, 0.12088569718731298, 0.06806049822064057, 0.37311475409836065]",65.34355974082749,51.65524308989656,63.00313689180995,23.85844087600708,8.034788131713867,7.330881595611572,8.49277114868164,21869.78662109375,7466.068359375,9449.462890625,4954.25537109375,21845.92822265625,7458.03369140625,9442.1318359375,4945.7626953125,,COMPLETE,False,,,180.001939722534
roa,40,,2026-10-06 23:53:05.361531,2026-10-06 23:54:18.295211,0 days 00:01:12.933680,0.7000000000000001,0.0052467726832285,0.0199668090664423,40.843376666593336,1.9695892526358847,63.71299657104706,106.52596249027629,64.49134583657458,59.15662333340666,98.03041074736412,36.287003428952936,"[0.07531865585168018, 0.9878731343283582, 0.9917743830787309, 0.9790055248618784, 0.8791773778920309, 0.9060356652949245, 0.9756613756613757, 0.9964381121994658, 0.14521242866201647, 0.049898853674983146, 0.07731958762886598, 0.9522633744855967, 0.19979242345614945, 0.0661563696008748]","[0.9973262032085561, 0.99800796812749, 0.9953488372093023, 0.9754299754299754, 0.9880694143167028, 0.9832775919732442, 0.9736625514403292, 0.9974025974025974, 0.989648033126294, 0.9906759906759907, 0.9782016348773842, 0.9826923076923076, 0.9561752988047809, 0.9183391003460207]","[0.034988713318284424, 0.9953434225844005, 0.9973285841495992, 0.9855832241153342, 0.04137180185084377, 0.041044776119402986, 0.9764957264957265, 0.4283625730994152, 0.046875, 0.04065040650406504, 0.036556603773584904, 0.04776579352850539, 0.0449438202247191]",40.843376666593336,1.9695892526358847,63.71299657104706,20.0891342163086,7.14319372177124,4.152914524078369,8.793025970458984,296613.359375,98742.25,130497.71875,67373.390625,296593.265625,98735.109375,130493.5625,67364.59375,,COMPLETE,False,,,106.52596249027629
roa,41,,2026-10-06 23:54:18.303337,2026-10-06 23:55:28.800411,0 days 00:01:10.497074,0.8,0.0024910923697489,0.0444825376871927,47.26960849274698,9.967418411267433,50.88091740257837,108.1179443065928,63.96068523113573,52.73039150725302,90.03258158873257,49.11908259742163,"[0.06697195191757298, 0.06416808631459398, 0.9706227967097533, 0.980110497237569, 0.7678132678132679, 0.9300411522633745, 0.9819915254237288, 0.9964381121994658, 0.07154297917778964, 0.04508748317631225, 0.43059490084985835, 0.9506578947368421, 0.06961038961038961, 0.05660377358490566]","[0.9973262032085561, 0.99800796812749, 0.9953488372093023, 0.9480048367593712, 0.9880694143167028, 0.9843924191750278, 0.9777777777777777, 0.9974025974025974, 0.5806988352745425, 0.9906759906759907, 0.26028238182934316, 0.9875, 0.9634340222575517, 0.9356401384083045]","[0.03966844286560095, 0.9953434225844005, 0.9973285841495992, 0.981651376146789, 0.04100601421541826, 0.0429769392033543, 0.9776119402985075, 0.4199261992619926, 0.910483870967742, 0.03697078115682767, 0.06359781950333132, 0.8389366692728695, 0.03997867803837953]",47.26960849274698,9.967418411267433,50.88091740257837,20.878750801086422,8.675141334533691,4.616306304931641,7.587303161621094,351434.7578125,120409.6640625,149509.59375,81515.5,351413.890625,120400.9921875,149504.984375,81507.9140625,,COMPLETE,False,,,108.1179443065928
roa,42,,2026-10-06 23:55:28.807700,2026-10-06 23:56:52.445890,0 days 00:01:23.638190,0.6,0.0144097688629567,0.0404390251581516,47.4955151167786,6.949576667262846,62.756145537041256,117.2012373210827,60.93292089297244,52.5044848832214,93.05042333273715,37.24385446295874,"[0.0667070952092177, 0.9794776119402985, 0.9894242068155111, 0.959070796460177, 0.9172056921086675, 0.04765784114052953, 0.9575821845174973, 0.9928762243989314, 0.1439441978440076, 0.06341189674523008, 0.24002493765586036, 0.637660485021398, 0.28415614236509756, 0.07142857142857142]","[0.9973262032085561, 0.9860557768924303, 0.9739534883720931, 0.9325980392156863, 0.9761388286334056, 0.923162583518931, 0.9160493827160494, 0.9974025974025974, 0.9575569358178054, 0.9743589743589743, 0.9011786038077969, 0.9259615384615385, 0.8696343402225755, 0.6956819739547635]","[0.029542920847268672, 0.9930151338766007, 0.9973285841495992, 0.9855832241153342, 0.041462084015275506, 0.043243243243243246, 0.9583333333333334, 0.044444444444444446, 0.5684882895670689, 0.048150322959483266, 0.03795966785290629, 0.04719894133215704, 0.04695089044792229]",47.4955151167786,6.949576667262846,62.756145537041256,25.85163974761963,7.947329521179199,9.433859825134276,8.470450401306152,343880.7890625,117547.4765625,146925.34375,79407.96875,343854.9375,117539.53125,146915.90625,79399.5,,COMPLETE,False,,,117.2012373210827
roa,43,,2026-10-06 23:56:52.455764,2026-10-06 23:58:06.859045,0 days 00:01:14.403281,0.9,0.0054653565129214,0.0252039873368568,38.337810521515735,1.8980206503946,60.01794603983123,100.25377721174156,66.58207426275281,61.662189478484265,98.1019793496054,39.98205396016877,"[0.07312826465467208, 0.9888059701492538, 0.9576968272620446, 0.9811946902654868, 0.8273195876288659, 0.8907103825136612, 0.9766949152542372, 0.9964381121994658, 0.14638783269961977, 0.5114045618247299, 0.06434474616292798, 0.9473251028806584, 0.20783289817232375, 0.0634226353198469]","[0.9973262032085561, 0.99800796812749, 0.9953488372093023, 0.9791154791154791, 0.9880694143167028, 0.979933110367893, 0.9753086419753086, 0.9974025974025974, 0.9917184265010351, 0.9906759906759907, 0.9791099000908265, 0.9826923076923076, 0.9577689243027888, 0.9217993079584775]","[0.02944640753828033, 0.9953434225844005, 0.9973285841495992, 0.9842726081258192, 0.0377255330781848, 0.03907922912205567, 0.7647058823529411, 0.4119822485207101, 0.050090252707581225, 0.03859857482185273, 0.026948288419519302, 0.7771781033153431, 0.044967880085653104]",38.337810521515735,1.8980206503946,60.01794603983123,19.46144199371338,7.245419025421143,4.015474796295166,8.20054817199707,310380.328125,104398.4921875,135487.96875,70493.8671875,310360.8671875,104391.25,135483.953125,70485.6640625,,COMPLETE,False,,,100.25377721174156
roa,44,,2026-10-06 23:58:06.866380,2026-10-06 23:59:17.782424,0 days 00:01:10.916044,0.7000000000000001,0.0028135793587288,0.046396679726753,41.0404734544734,9.642322165385494,50.807912384059605,101.4907080039185,66.16976399869384,58.9595265455266,90.3576778346145,49.1920876159404,"[0.0716743119266055, 0.06552706552706553, 0.9776733254994124, 0.9790286975717439, 0.8017676767676768, 0.9164383561643835, 0.9841101694915254, 0.9964381121994658, 0.14630225080385853, 0.050359712230215826, 0.43359100491918484, 0.9572368421052632, 0.8175824175824176, 0.05660377358490566]","[0.9973262032085561, 0.99800796812749, 0.9953488372093023, 0.9644607843137255, 0.9880694143167028, 0.9832775919732442, 0.9769547325102881, 0.9974025974025974, 0.6065436241610739, 0.9906759906759907, 0.26383763837638374, 0.9884615384615385, 0.9633757961783439, 0.9363321799307959]","[0.03926096997690531, 0.9953434225844005, 0.9973285841495992, 0.9842726081258192, 0.041938997821350764, 0.041258380608561115, 0.9829059829059829, 0.4327700220426157, 0.8924646781789639, 0.038078500292911543, 0.05411764705882353, 0.8552529182879377, 0.03997867803837953]",41.0404734544734,9.642322165385494,50.807912384059605,20.094043731689453,7.952902317047119,4.451657772064209,7.689483642578125,354898.7890625,121750.59375,150706.71875,82441.4765625,354878.6953125,121742.640625,150702.265625,82433.7890625,,COMPLETE,False,,,101.4907080039185
roa,45,,2026-10-06 23:59:17.793964,2026-10-07 00:00:29.342740,0 days 00:01:11.548776,0.9,0.0033437624685532,0.0209830882046285,42.76743109921829,1.7008928096838218,48.56359667636948,93.0319205852716,68.98935980490947,57.23256890078171,98.29910719031618,51.43640332363052,"[0.07175660160734787, 0.07077625570776255, 0.9576968272620446, 0.980154355016538, 0.7946428571428571, 0.912268677176148, 0.9799366420274551, 0.9964381121994658, 0.13333333333333333, 0.36363636363636365, 0.42376521116678595, 0.9522633744855967, 0.3180531975099038, 0.05783783783783784]","[0.9973262032085561, 0.99800796812749, 0.9953488372093023, 0.9717444717444718, 0.9880694143167028, 0.9832775919732442, 0.9818930041152263, 0.9974025974025974, 0.9876288659793815, 0.9906759906759907, 0.9827586206896551, 0.9884615384615385, 0.9650238473767886, 0.9342560553633218]","[0.030543677458766034, 0.9953434225844005, 0.9973285841495992, 0.9803407601572739, 0.6772616136919315, 0.03990746096009254, 0.8265524625267666, 0.40979955456570155, 0.8425702811244979, 0.03083434099153567, 0.05982367758186398, 0.7552941176470588, 0.04113247863247863]",42.76743109921829,1.7008928096838218,48.56359667636948,20.44507598876953,8.5377197265625,4.10658597946167,7.800770282745361,299526.765625,99919.2265625,131539.578125,68067.9609375,299506.3203125,99910.6875,131535.46875,68060.1640625,,COMPLETE,False,,,93.0319205852716
roa,46,,2026-10-07 00:00:29.349556,2026-10-07 00:02:07.767294,0 days 00:01:38.417738,0.9,0.001323981207496,0.0227263348449781,47.04467722518719,23.645904807157137,53.347623158272384,124.03820519061672,58.65393160312775,52.95532277481281,76.35409519284286,46.652376841727616,"[0.08913813459268005, 0.05090497737556561, 0.5005861664712778, 0.9647188533627343, 0.42193548387096774, 0.8751705320600273, 0.9363449691991786, 0.9964381121994658, 0.1300768386388584, 0.3323471400394477, 0.41810344827586204, 0.8943548387096775, 0.7546746447270007, 0.04895104895104895]","[0.9973262032085561, 0.99800796812749, 0.2807469414037347, 0.19219440353460973, 0.9880694143167028, 0.9743875278396437, 0.9761316872427983, 0.9974025974025974, 0.2143727161997564, 0.9906759906759907, 0.21930870083432658, 0.9855769230769231, 0.9445764053840063, 0.9307958477508651]","[0.0917941585535466, 0.8905704307334109, 0.9973285841495992, 0.6841415465268676, 0.590964590964591, 0.12198303979125896, 0.5554435483870968, 0.4050258684405026, 0.7908496732026143, 0.08208020050125313, 0.1331953071083506, 0.6682464454976303, 0.05318559556786703]",47.04467722518719,23.645904807157137,53.347623158272384,20.0691351890564,7.366225719451904,5.195793151855469,7.507116317749023,304061.453125,101843.7109375,133233.328125,68984.4140625,304041.375,101836.34375,133228.125,68976.90625,,COMPLETE,False,,,124.03820519061672
roa,47,,2026-10-07 00:02:07.774897,2026-10-07 00:03:45.887572,0 days 00:01:38.112675,0.9,0.0022447068865009,0.007558827456671,47.96809034862689,14.886219825452455,64.57537082672587,127.42968100080522,57.52343966639827,52.03190965137311,85.11378017454754,35.42462917327413,"[0.06350114416475973, 0.060692002268859895, 0.9318448883666275, 0.9631236442516269, 0.47865459249676584, 0.8895705521472392, 0.9757383966244726, 0.9964381121994658, 0.06373861810391002, 0.3698193411264612, 0.42380261248185774, 0.9416598192276089, 0.06927985414767548, 0.05660377358490566]","[0.9973262032085561, 0.99800796812749, 0.9953488372093023, 0.8006396588486141, 0.9891540130151844, 0.9777530589543938, 0.9786008230452675, 0.9974025974025974, 0.2883116883116883, 0.9906759906759907, 0.26199261992619927, 0.9865384615384616, 0.726149622512011, 0.9280276816608997]","[0.04225352112676056, 0.9941792782305006, 0.9973285841495992, 0.854521625163827, 0.06886574074074074, 0.13845099383139137, 0.19205690574985182, 0.4135115070527097, 0.07852412488174078, 0.05292652552926526, 0.09362808842652796, 0.6388670338316287, 0.040087863811092805]",47.96809034862689,14.886219825452455,64.57537082672587,22.3770604133606,7.646974086761475,6.2548418045043945,8.475244522094727,231698.50390625,71934.984375,106863.640625,52899.87890625,231676.12109375,71927.3359375,106857.3828125,52891.40234375,,COMPLETE,False,,,127.42968100080522
roa,48,,2026-10-07 00:03:45.894413,2026-10-07 00:04:53.799453,0 days 00:01:07.905040,0.9,0.0014544039129125,0.0439051944885136,45.43598499113064,23.537088945245813,48.567799934294655,117.5408738706711,60.819708709776286,54.56401500886936,76.46291105475419,51.43220006570535,"[0.16625155666251556, 0.09090909090909091, 0.49295774647887325, 0.9679203539823009, 0.43483870967741933, 0.8767967145790554, 0.9589905362776026, 0.9964381121994658, 0.14686468646864687, 0.28522039757994816, 0.420028818443804, 0.9194741166803615, 0.804499612102405, 0.07777164920022063]","[0.9973262032085561, 0.99800796812749, 0.2800256904303147, 0.19306282722513088, 0.9880694143167028, 0.9788182831661093, 0.9761316872427983, 0.9974025974025974, 0.21638141809290953, 0.9906759906759907, 0.2116527942925089, 0.9875, 0.9499602859412232, 0.9397923875432526]","[0.1383960255500355, 0.930151338766007, 0.9973285841495992, 0.709043250327654, 0.6707466340269278, 0.10922787193973635, 0.8866310160427807, 0.4034302759134974, 0.8397383483237939, 0.12692307692307692, 0.10277214334009466, 0.7069510268562401, 0.06484641638225255]",45.43598499113064,23.537088945245813,48.567799934294655,21.073464393615723,7.777441501617432,5.702638149261475,7.593384742736816,350360.1015625,119998.2421875,149141.6875,81220.171875,350339.0234375,119990.4609375,149135.984375,81212.578125,,COMPLETE,False,,,117.5408738706711
roa,49,,2026-10-07 00:04:53.807084,2026-10-07 00:06:05.653755,0 days 00:01:11.846671,0.4,0.0070418573946187,0.0003376939870879,71.51869489828663,37.62474014958255,61.718276541365775,170.86171158923494,43.04609613692168,28.48130510171337,62.37525985041745,38.28172345863423,"[0.06729810568295115, 0.26908866995073893, 0.9788484136310224, 0.18669022379269729, 0.07544979686593152, 0.06027060270602706, 0.4619289340101523, 0.9928762243989314, 0.10066707095209218, 0.05057618437900128, 0.5221971407072987, 0.07149446494464945, 0.07060590886329494, 0.07939097335508428]","[0.9973262032085561, 0.9880478087649402, 0.9823420074349443, 0.1866754617414248, 0.7731239092495636, 0.2512820512820513, 0.1675025075225677, 0.9961038961038962, 0.9504132231404959, 0.9766899766899767, 0.20470127326150833, 0.9566037735849057, 0.18906605922551253, 0.11265822784810127]","[0.03243847874720358, 0.989522700814901, 0.9973285841495992, 0.981651376146789, 0.04252998909487459, 0.05241935483870968, 0.9523809523809523, 0.4747252747252747, 0.047340165934602246, 0.04849884526558892, 0.04856641310708017, 0.04745166959578207, 0.2617702448210923]",71.51869489828663,37.62474014958255,61.718276541365775,22.94850206375122,7.698164939880371,7.285587310791016,7.964749813079834,7777.4730224609375,2505.658447265625,3711.06982421875,1560.7447509765625,7754.5244140625,2497.960205078125,3703.7841796875,1552.780029296875,,COMPLETE,False,,,170.86171158923494
roa,50,,2026-10-07 00:06:05.661170,2026-10-07 00:07:18.383617,0 days 00:01:12.722447,0.1,0.0001182331464724,0.00043549795608,56.82856803204516,47.06043412727543,54.13920915756671,158.02821131688728,47.32392956103757,43.171431967954845,52.93956587272457,45.86079084243329,"[0.2639527248850952, 0.29826812059012187, 0.31162407254740315, 0.7729166666666667, 0.37869292748433303, 0.5874547647768396, 0.3671875, 0.9946571682991986, 0.3041695146958305, 0.24024483550114767, 0.4068259385665529, 0.5659722222222222, 0.2882420091324201, 0.2637920101458465]","[0.9973262032085561, 0.6721446179129006, 0.2928104575163399, 0.24512987012987014, 0.3282863041982106, 0.34335664335664334, 0.6388489208633094, 0.9367888748419722, 0.28677966101694913, 0.7145748987854251, 0.2511013215859031, 0.7155038759689922, 0.48403908794788275, 0.5048484848484849]","[0.23255813953488372, 0.8033898305084746, 0.9973285841495992, 0.6269744835965978, 0.3821399839098954, 0.29126925898752754, 0.37416331994645247, 0.40111809923130676, 0.5540720961281709, 0.27663798808735934, 0.2944, 0.4776938915579959, 0.2501571338780641]",56.82856803204516,47.06043412727543,54.13920915756671,62.296987533569336,26.117855072021484,16.712583541870117,19.46654891967773,4810.951965332031,1453.2659912109375,2469.884033203125,887.8019409179688,4748.654968261719,1427.148193359375,2453.17138671875,868.3353881835938,,COMPLETE,False,,,158.02821131688728
roa,51,,2026-10-07 00:07:18.390256,2026-10-07 00:08:30.354177,0 days 00:01:11.963921,0.9,0.0075904875239724,0.0167243218853999,43.45657170867422,2.365800040897497,66.40765733220525,112.23002908177696,62.58999030607435,56.54342829132578,97.6341999591025,33.59234266779476,"[0.07597895967270601, 0.9906716417910447, 0.9882491186839013, 0.9844961240310077, 0.8722580645161291, 0.16688918558077437, 0.982010582010582, 0.9964381121994658, 0.14638783269961977, 0.5434782608695652, 0.0659025787965616, 0.939917695473251, 0.09314933464760966, 0.07025246981339188]","[0.9973262032085561, 0.99800796812749, 0.9953488372093023, 0.9656019656019657, 0.9880694143167028, 0.9710144927536232, 0.9679012345679012, 0.9974025974025974, 0.9906832298136646, 0.9895104895104895, 0.9763851044504995, 0.9769230769230769, 0.952191235059761, 0.9024221453287197]","[0.029256875365710942, 0.9941792782305006, 0.9973285841495992, 0.9855832241153342, 0.04034896401308615, 0.04186795491143317, 0.6737967914438503, 0.3879374534623976, 0.041237113402061855, 0.04295942720763723, 0.037874160048869884, 0.04581497797356828, 0.04881974248927039]",43.45657170867422,2.365800040897497,66.40765733220525,20.696727752685547,7.8146233558654785,4.775062084197998,8.10704231262207,286680.53125,94772.2578125,126897.6171875,65010.65625,286659.83984375,94764.4453125,126892.84375,65002.55078125,,COMPLETE,False,,,112.23002908177696
roa,52,,2026-10-07 00:08:30.362773,2026-10-07 00:09:39.550984,0 days 00:01:09.188211,0.9,0.0037917553873021,0.0120674601043458,43.1513116190939,4.347159635752291,61.64719679021815,109.14566804506435,63.61811065164522,56.8486883809061,95.65284036424772,38.35280320978185,"[0.07413793103448275, 0.07077625570776255, 0.9576968272620446, 0.9780461031833151, 0.6174582798459564, 0.908344733242134, 0.9809523809523809, 0.9964381121994658, 0.155893536121673, 0.4688601645123384, 0.4245689655172414, 0.9539094650205762, 0.31065253764640266, 0.06108108108108108]","[0.9973262032085561, 0.99800796812749, 0.9953488372093023, 0.9692874692874693, 0.9880694143167028, 0.9843924191750278, 0.9818930041152263, 0.9974025974025974, 0.6401709401709401, 0.9906759906759907, 0.9791099000908265, 0.9884615384615385, 0.9525316455696202, 0.928719723183391]","[0.02791563275434243, 0.9941792782305006, 0.9973285841495992, 0.9829619921363041, 0.040131940626717974, 0.04283164782867341, 0.6367521367521367, 0.40606508875739644, 0.04089887640449438, 0.03714799281006591, 0.051171393341553635, 0.6868131868131868, 0.041666666666666664]",43.1513116190939,4.347159635752291,61.64719679021815,20.11520195007324,7.591805458068848,4.63644552230835,7.886950969696045,268804.16015625,87494.953125,120382.328125,60926.87890625,268784.046875,87487.359375,120377.6953125,60918.9921875,,COMPLETE,False,,,109.14566804506435
roa,53,,2026-10-07 00:09:39.558369,2026-10-07 00:10:49.616875,0 days 00:01:10.058506,0.7000000000000001,0.0096124409040453,0.0453627192493544,40.568947421560765,3.695571764601212,62.209860733674994,106.47437991983696,64.50854002672101,59.43105257843924,96.3044282353988,37.790139266325006,"[0.08172796263864565, 0.9860074626865671, 0.9905992949471211, 0.9723451327433629, 0.8993548387096775, 0.8293515358361775, 0.9713983050847458, 0.9946571682991986, 0.14720812182741116, 0.06404494382022471, 0.07776497695852534, 0.9300411522633745, 0.30449630051223675, 0.07135016465422613]","[0.9973262032085561, 0.9950199203187251, 0.9897674418604652, 0.9533169533169533, 0.9859002169197397, 0.9665551839464883, 0.9580246913580247, 0.9974025974025974, 0.9824016563146998, 0.9848484848484849, 0.9545867393278837, 0.9701923076923077, 0.9139442231075697, 0.8333333333333334]","[0.03158488437676255, 0.9941792782305006, 0.9973285841495992, 0.9855832241153342, 0.045280960174577195, 0.043080236941303175, 0.9807897545357525, 0.046677649643053265, 0.6059743954480796, 0.04676674364896074, 0.037283621837549935, 0.049801674746584396, 0.04838709677419355]",40.568947421560765,3.695571764601212,62.209860733674994,22.54036569595337,7.54189920425415,6.564932823181152,8.433533668518066,353038.09375,121032.9609375,150067.234375,81937.8984375,353015.5625,121025.421875,150060.671875,81929.46875,,COMPLETE,False,,,106.47437991983696
roa,54,,2026-10-07 00:10:49.624753,2026-10-07 00:12:01.730814,0 days 00:01:12.106061,0.8,0.0035100076507467,0.020327153000542,44.27816904102431,1.80847228455086,57.7853344476116,103.87197577318676,65.37600807560442,55.721830958975694,98.19152771544914,42.2146655523884,"[0.07237219988512349, 0.0702054794520548, 0.9741480611045829, 0.9768467475192943, 0.8080808080808081, 0.9143835616438356, 0.985200845665962, 0.9964381121994658, 0.14858934169278998, 0.05053191489361702, 0.42545710267229253, 0.9596707818930041, 0.3597040409789414, 0.05942733657482442]","[0.9973262032085561, 0.99800796812749, 0.9953488372093023, 0.9692874692874693, 0.9880694143167028, 0.9821627647714605, 0.9794238683127572, 0.9974025974025974, 0.9855521155830753, 0.9906759906759907, 0.9800362976406534, 0.989423076923077, 0.9626093874303898, 0.9314878892733564]","[0.03048065650644783, 0.9953434225844005, 0.9973285841495992, 0.9842726081258192, 0.04084967320261438, 0.039319872476089264, 0.9689839572192513, 0.4282560706401766, 0.046875, 0.03672985781990521, 0.05344418052256532, 0.8243559718969555, 0.041666666666666664]",44.27816904102431,1.80847228455086,57.7853344476116,19.89243245124817,7.643380165100098,3.945725679397583,8.303326606750488,297642.6875,99165.78125,130877.34375,67599.5625,297622.796875,99158.140625,130873.3984375,67591.2578125,,COMPLETE,False,,,103.87197577318676
roa,55,,2026-10-07 00:12:01.738816,2026-10-07 00:13:13.160271,0 days 00:01:11.421455,0.8,0.0014154829011569,0.0001188864234221,65.4259749416104,48.51774238228873,64.34414378346796,178.2878611073671,40.57071296421097,34.57402505838959,51.48225761771127,35.65585621653205,"[0.14303877940241577, 0.39935064935064934, 0.08112582781456953, 0.7346014492753623, 0.6416978776529338, 0.07633909742724589, 0.45527859237536655, 0.9964381121994658, 0.14482758620689656, 0.1702571230020848, 0.47594752186588923, 0.09499298081422555, 0.07646791078743742, 0.35]","[0.9973262032085561, 0.38226108682073706, 0.3673337637185281, 0.15832805573147563, 0.7864674868189807, 0.18753781004234724, 0.27361190612478536, 0.9948119325551232, 0.19242333132892364, 0.9778554778554779, 0.45849802371541504, 0.9195298372513563, 0.3053600433134813, 0.2061711079943899]","[0.054019292604501605, 0.9813953488372092, 0.9973285841495992, 0.926605504587156, 0.07455890722822994, 0.07296849087893864, 0.33088725817211473, 0.4280415430267062, 0.06710158434296365, 0.14395886889460155, 0.1351875808538163, 0.1201780415430267, 0.30303030303030304]",65.4259749416104,48.51774238228873,64.34414378346796,24.810062408447266,9.446513175964355,7.06656551361084,8.29698371887207,21842.1689453125,7457.17626953125,9432.7333984375,4952.25927734375,21817.359375,7447.72998046875,9425.6669921875,4943.96240234375,,COMPLETE,False,,,178.2878611073671
roa,56,,2026-10-07 00:13:13.168237,2026-10-07 00:14:21.441731,0 days 00:01:08.273494,0.8,0.0389937058880531,0.0003495218841485,88.64783482209609,77.33978302615783,89.14718377047696,255.13480161873088,14.955066127089708,11.35216517790391,22.660216973842168,10.852816229523045,"[0.05042016806722689, 0.06149341142020498, 0.05477223427331887, 0.039473684210526314, 0.04631828978622328, 0.03681546249424758, 0.048868312757201646, 0.9547069271758437, 0.0481283422459893, 0.04542966611932129, 0.0693815987933635, 0.032047477744807124, 0.03164556962025317, 0.06980198019801981]","[0.9928698752228164, 0.08452192287374538, 0.18760285244103125, 0.07923169267707082, 0.10833333333333334, 0.05855599772598067, 0.03213242453748783, 0.990909090909091, 0.06369820655534941, 0.4227574750830565, 0.037846481876332626, 0.03631713554987212, 0.039384336803983705, 0.03826955074875208]","[0.035269709543568464, 0.04668435013262599, 0.9287622439893143, 0.044557247602932885, 0.0319091400757166, 0.0415944540727903, 0.04055619930475087, 0.04870892018779343, 0.04170444242973708, 0.03955078125, 0.034353529044347283, 0.035407182599898834, 0.04180790960451977]",88.64783482209609,77.33978302615783,89.14718377047696,26.804914474487305,8.804914474487305,9.0,9.0,7301.676513671875,2347.167236328125,3493.574951171875,1460.934326171875,7274.87158203125,2338.3623046875,3484.574951171875,1451.934326171875,,COMPLETE,False,,,255.13480161873088
roa,57,,2026-10-07 00:14:21.454224,2026-10-07 00:15:32.374959,0 days 00:01:10.920735,0.9,0.0030390256275382,0.0452263131175922,41.638945791613416,6.836330826988728,46.35005291732914,94.82532953593127,68.39155682135623,58.36105420838658,93.16366917301129,53.649947082670856,"[0.07114170969592656, 0.0660968660968661, 0.9600470035252644, 0.9779005524861878, 0.6812339331619537, 0.9164383561643835, 0.9788359788359788, 0.9964381121994658, 0.1789536266349584, 0.45357142857142857, 0.4133522727272727, 0.9547325102880658, 0.4652014652014652, 0.05660377358490566]","[0.9973262032085561, 0.99800796812749, 0.9953488372093023, 0.9644171779141104, 0.9880694143167028, 0.9832775919732442, 0.9786008230452675, 0.9974025974025974, 0.9855521155830753, 0.9906759906759907, 0.2749691738594328, 0.9855769230769231, 0.9673566878980892, 0.9363321799307959]","[0.029904306220095694, 0.9953434225844005, 0.9973285841495992, 0.9803407601572739, 0.791921664626683, 0.03722222222222222, 0.9508021390374332, 0.4171003717472119, 0.8822567457072772, 0.03176542455711668, 0.04782342121397915, 0.7736883320281911, 0.038995726495726496]",41.638945791613416,6.836330826988728,46.35005291732914,20.784285068511963,8.27790355682373,4.10421895980835,8.402162551879883,352790.796875,120936.75,149979.125,81874.921875,352770.0078125,120928.46875,149975.015625,81866.5234375,,COMPLETE,False,,,94.82532953593127
roa,58,,2026-10-07 00:15:32.382007,2026-10-07 00:16:44.122461,0 days 00:01:11.740454,0.9,0.0039878548974459,0.0439907594809313,41.28573200086254,1.781506529217225,46.655615512977256,89.72285404305703,70.09238198564766,58.71426799913746,98.21849347078278,53.34438448702274,"[0.07303047728579644, 0.3081395348837209, 0.9670975323149236, 0.9790055248618784, 0.7207207207207207, 0.9128943758573388, 0.9819915254237288, 0.9964381121994658, 0.15155358275206088, 0.4717647058823529, 0.15612535612535614, 0.9563786008230453, 0.4853658536585366, 0.05949161709031909]","[0.9973262032085561, 0.99800796812749, 0.9953488372093023, 0.9680589680589681, 0.9880694143167028, 0.9821627647714605, 0.9777777777777777, 0.9974025974025974, 0.9906832298136646, 0.9906759906759907, 0.984573502722323, 0.9865384615384616, 0.9617834394904459, 0.9321799307958477]","[0.02963841138114997, 0.9953434225844005, 0.9973285841495992, 0.981651376146789, 0.7762836185819071, 0.028446389496717725, 0.9113247863247863, 0.41863905325443784, 0.9020242914979757, 0.031610942249240125, 0.0425273390036452, 0.7793317793317793, 0.040619989310529125]",41.28573200086254,1.781506529217225,46.655615512977256,20.36175847053528,8.13223934173584,3.557421922683716,8.672097206115723,350522.6171875,120059.109375,149193.28125,81270.2265625,350502.25,120050.9765625,149189.71875,81261.5546875,,COMPLETE,False,,,89.72285404305703
roa,59,,2026-10-07 00:16:44.128583,2026-10-07 00:17:56.697071,0 days 00:01:12.568488,0.9,0.004436606243803,0.048087278231708,37.07853005398787,1.7447010220438417,51.934230120570206,90.75746119660192,69.74751293446603,62.92146994601213,98.25529897795616,48.065769879429794,"[0.0738603577611079, 0.9841860465116279, 0.9753231492361927, 0.9790055248618784, 0.7712082262210797, 0.9183253260123542, 0.9809322033898306, 0.9964381121994658, 0.1516497461928934, 0.5201421800947867, 0.07650273224043716, 0.9555555555555556, 0.3656160458452722, 0.06026058631921824]","[0.9973262032085561, 0.99800796812749, 0.9953488372093023, 0.9778869778869779, 0.9880694143167028, 0.9843924191750278, 0.9753086419753086, 0.9974025974025974, 0.9906832298136646, 0.9906759906759907, 0.9845594913714805, 0.9855769230769231, 0.9617834394904459, 0.928719723183391]","[0.029308323563892145, 0.9953434225844005, 0.9973285841495992, 0.981651376146789, 0.03774617067833698, 0.037176724137931036, 0.9241452991452992, 0.4222222222222222, 0.9248366013071896, 0.0351728320194057, 0.04564820450395618, 0.776325903151422, 0.04164442071542979]",37.07853005398787,1.7447010220438417,51.934230120570206,20.30185842514038,8.357413291931152,3.833644390106201,8.110800743103027,357900.90625,122878.890625,151748.40625,83273.609375,357880.609375,122870.53125,151744.578125,83265.5,,COMPLETE,False,,,90.75746119660192
roa,60,,2026-10-07 00:17:56.707361,2026-10-07 00:19:03.290310,0 days 00:01:06.582949,0.9,0.0016350839238608,0.0465078684775601,46.02237867510748,22.909345919199325,47.99886243824722,116.93058703255404,61.02313765581533,53.977621324892525,77.09065408080068,52.00113756175278,"[0.11950059453032105, 0.05328798185941043, 0.5205158264947245, 0.9734513274336283, 0.4652061855670103, 0.8829568788501027, 0.9599578503688093, 0.9964381121994658, 0.08896034297963558, 0.29537366548042704, 0.42158273381294964, 0.924404272801972, 0.8044478527607362, 0.050783360345759046]","[0.9973262032085561, 0.99800796812749, 0.30844793713163066, 0.22852875280059745, 0.9869848156182213, 0.979933110367893, 0.9769547325102881, 0.9974025974025974, 0.22447724477244774, 0.9906759906759907, 0.22865671641791044, 0.9875, 0.9500792393026941, 0.9377162629757786]","[0.125, 0.9417927823050058, 0.9973285841495992, 0.8112712975098296, 0.6572827417380661, 0.09932967702620353, 0.9101604278074866, 0.4099702380952381, 0.8479149632052331, 0.09404388714733543, 0.09456740442655935, 0.7164296998420221, 0.0550561797752809]",46.02237867510748,22.909345919199325,47.99886243824722,19.759252548217773,7.799217224121094,4.562292575836182,7.397742748260498,355103.953125,121825.8828125,150776.1875,82501.8828125,355084.1953125,121818.0859375,150771.625,82494.484375,,COMPLETE,False,,,116.93058703255404
roa,61,,2026-10-07 00:19:03.296784,2026-10-07 00:20:14.075159,0 days 00:01:10.778375,0.9,0.0025954053368341,0.0304443543391572,45.56337889005712,9.928538647342748,49.908363309602656,105.40028084700252,64.86657305099915,54.43662110994288,90.07146135265725,50.091636690397344,"[0.0664756446991404, 0.06416808631459398, 0.9518213866039953, 0.9790286975717439, 0.6474358974358975, 0.9143835616438356, 0.9830508474576272, 0.9964381121994658, 0.06068743286788399, 0.43317972350230416, 0.42428571428571427, 0.9489711934156378, 0.09456635318704285, 0.05663430420711974]","[0.9973262032085561, 0.99800796812749, 0.9953488372093023, 0.9429611650485437, 0.9880694143167028, 0.9821627647714605, 0.9794238683127572, 0.9974025974025974, 0.586522462562396, 0.9906759906759907, 0.26736324523663185, 0.9875, 0.9595238095238096, 0.9377162629757786]","[0.037359900373599, 0.9953434225844005, 0.9973285841495992, 0.9252948885976409, 0.6882640586797066, 0.05834777585210861, 0.6407249466950959, 0.42144452717795977, 0.8691741618969746, 0.03400121432908318, 0.0697084917617237, 0.7354330708661417, 0.03948772678762007]",45.56337889005712,9.928538647342748,49.908363309602656,20.34920120239257,8.125395774841309,4.758800506591797,7.465004920959473,323210.890625,109494.1484375,139833.921875,73882.8203125,323190.53125,109486.0234375,139829.15625,73875.3515625,,COMPLETE,False,,,105.40028084700252
roa,62,,2026-10-07 00:20:14.082561,2026-10-07 00:21:25.444316,0 days 00:01:11.361755,0.9,0.0022151287039574,0.047789873345719,43.37264898581024,11.492368987722102,47.9025827743879,102.76760074792026,65.74413308402659,56.62735101418976,88.5076310122779,52.0974172256121,"[0.061714285714285715, 0.056753688989784334, 0.8110328638497653, 0.9789823008849557, 0.4942084942084942, 0.9142661179698217, 0.9809322033898306, 0.9964381121994658, 0.05910543130990415, 0.3712820512820513, 0.42387419585418157, 0.9358552631578947, 0.7916041979010495, 0.05177993527508091]","[0.9973262032085561, 0.99800796812749, 0.9953488372093023, 0.7414163090128756, 0.9880694143167028, 0.9832775919732442, 0.9769547325102881, 0.9974025974025974, 0.5781758957654723, 0.9906759906759907, 0.2507626601586333, 0.989423076923077, 0.965818759936407, 0.9384083044982698]","[0.0414572864321608, 0.9941792782305006, 0.9973285841495992, 0.8938401048492791, 0.7050183598531212, 0.05707762557077625, 0.9229946524064171, 0.42144452717795977, 0.8544562551103843, 0.04053236539624924, 0.06378986866791744, 0.7415287628053585, 0.039016568679850344]",43.37264898581024,11.492368987722102,47.9025827743879,21.15231943130493,8.261964797973633,4.668848514556885,8.221506118774414,357372.7109375,122687.2578125,151569.46875,83115.984375,357351.5546875,122678.9921875,151564.796875,83107.765625,,COMPLETE,False,,,102.76760074792026
roa,63,,2026-10-07 00:21:25.455957,2026-10-07 00:22:35.207783,0 days 00:01:09.751826,0.8,0.0034417395967783,0.0292092244462463,43.58996216815814,1.7606536453288442,57.624357758200304,102.97497357168729,65.67500880943759,56.41003783184186,98.23934635467116,42.375642241799696,"[0.07233065442020666, 0.0702054794520548, 0.972972972972973, 0.9757174392935982, 0.8045685279187818, 0.915068493150685, 0.9830687830687831, 0.9964381121994658, 0.14921630094043886, 0.04969778374748153, 0.41834607366226545, 0.9580246913580247, 0.47451456310679613, 0.05723542116630669]","[0.9973262032085561, 0.99800796812749, 0.9953488372093023, 0.9692874692874693, 0.9880694143167028, 0.9821627647714605, 0.9777777777777777, 0.9974025974025974, 0.9886128364389234, 0.9906759906759907, 0.9800362976406534, 0.9875, 0.964968152866242, 0.9363321799307959]","[0.030267753201396973, 0.9953434225844005, 0.9973285841495992, 0.9842726081258192, 0.041938997821350764, 0.039174166225516144, 0.9807486631016042, 0.4297337278106509, 0.048660714285714286, 0.03721204961606615, 0.051357733175914994, 0.8311284046692607, 0.041666666666666664]",43.58996216815814,1.7606536453288442,57.624357758200304,19.735666036605835,7.74307107925415,3.791367769241333,8.201227188110352,320160.21875,108352.921875,138846.796875,72960.5,320140.4765625,108345.1796875,138843.0,72952.296875,,COMPLETE,False,,,102.97497357168729
roa,64,,2026-10-07 00:22:35.215897,2026-10-07 00:23:46.408184,0 days 00:01:11.192287,0.2,0.0942743009708974,0.0008081991716346,93.2214726841657,86.69644531928249,93.07323893630686,272.99115693975506,9.002947686748316,6.778527315834296,13.303554680717514,6.926761063693138,"[0.029775280898876405, 0.03941684665226782, 0.05143191116306254, 0.03056768558951965, 0.1010568031704095, 0.03887227680478428, 0.037405026300409115, 0.4084022038567493, 0.026744186046511628, 0.03374777975133215, 0.05128205128205128, 0.03152454780361757, 0.038897095027080254, 0.02987012987012987]","[0.48218029350104824, 0.033661315380631794, 0.03779214321233217, 0.04246655031995346, 0.0381633870005963, 0.03074141048824593, 0.03303303303303303, 0.9702457956015524, 0.030405405405405407, 0.031007751937984496, 0.03262642740619902, 0.029950083194675542, 0.03325301204819277, 0.03697104677060133]","[0.03150525087514586, 0.07455853499018966, 0.5063103192279139, 0.06216053108026554, 0.02911306702775897, 0.021933387489845652, 0.03324396782841823, 0.02843601895734597, 0.012195121951219513, 0.03181568842567197, 0.004301075268817204, 0.034282955094157415, 0.030623020063357972]",93.2214726841657,86.69644531928249,93.07323893630686,28.832494735717773,9.45899486541748,9.0,10.373499870300291,4838.6881103515625,1251.1158447265625,2780.192138671875,807.380126953125,4809.855651855469,1241.6568603515625,2771.192138671875,797.0066528320312,,COMPLETE,False,,,272.99115693975506
roa,65,,2026-10-07 00:23:46.416456,2026-10-07 00:24:56.879426,0 days 00:01:10.462970,0.9,0.0063620610758886,0.0340083882445775,45.25464345860834,2.0322203173290774,58.315231587377646,105.60209536331509,64.79930154556165,54.74535654139166,97.96777968267092,41.684768412622354,"[0.07329842931937172, 0.9888059701492538, 0.9753231492361927, 0.982281284606866, 0.8416988416988417, 0.16046099290780141, 0.975635593220339, 0.9964381121994658, 0.1471147748890298, 0.22773972602739725, 0.06662735849056604, 0.9572016460905349, 0.20502092050209206, 0.06670311645708037]","[0.9973262032085561, 0.99800796812749, 0.9953488372093023, 0.9742014742014742, 0.9880694143167028, 0.9821627647714605, 0.9753086419753086, 0.9974025974025974, 0.9906832298136646, 0.9906759906759907, 0.9791099000908265, 0.9798076923076923, 0.9545816733067729, 0.91280276816609]","[0.029565217391304348, 0.9953434225844005, 0.9973285841495992, 0.9829619921363041, 0.0377255330781848, 0.039163090128755365, 0.8482905982905983, 0.4238165680473373, 0.9035947712418301, 0.03978622327790974, 0.02798789712556732, 0.046296296296296294, 0.04715969989281887]",45.25464345860834,2.0322203173290774,58.315231587377646,20.49392938613892,8.064695358276367,4.230691432952881,8.198542594909668,330866.15625,112553.53125,142497.578125,75815.046875,330845.6640625,112545.46875,142493.34375,75806.8515625,,COMPLETE,False,,,105.60209536331509
roa,66,,2026-10-07 00:24:56.892023,2026-10-07 00:26:07.643934,0 days 00:01:10.751911,0.9,0.0027158600212768,0.0485264221965585,40.78818521180544,9.732697933184909,46.54800649031328,97.06888963530363,67.64370345489878,59.21181478819456,90.26730206681508,53.45199350968672,"[0.0664756446991404, 0.06378132118451026, 0.9506462984723855, 0.9779005524861878, 0.6141025641025641, 0.9136986301369863, 0.9798941798941799, 0.9964381121994658, 0.07397408207343413, 0.44535840188014103, 0.42142857142857143, 0.9465020576131687, 0.7860843819393042, 0.053369272237196765]","[0.9973262032085561, 0.99800796812749, 0.9953488372093023, 0.9608323133414932, 0.9880694143167028, 0.9821627647714605, 0.9777777777777777, 0.9974025974025974, 0.5916666666666667, 0.9906759906759907, 0.2667486170866626, 0.9865384615384616, 0.9657643312101911, 0.9391003460207612]","[0.036101083032490974, 0.9953434225844005, 0.9973285841495992, 0.9737876802096985, 0.7921760391198044, 0.04878048780487805, 0.9272727272727272, 0.4178438661710037, 0.8691741618969746, 0.03241590214067278, 0.049170251997541485, 0.769835035349568, 0.03952991452991453]",40.78818521180544,9.732697933184909,46.54800649031328,21.09741735458374,8.161664009094238,4.472052097320557,8.463701248168945,358686.5,123162.3828125,152018.5,83505.6171875,358665.40625,123154.21875,152014.03125,83497.15625,,COMPLETE,False,,,97.06888963530363
roa,67,,2026-10-07 00:26:07.650893,2026-10-07 00:27:14.770934,0 days 00:01:07.120041,0.9,0.0044712032998085,0.0455015225554568,38.27176012836809,1.7267826509768724,52.06940943957532,92.06795221892028,69.31068259369324,61.72823987163191,98.27321734902311,47.93059056042468,"[0.0738603577611079, 0.9841860465116279, 0.9753231492361927, 0.9790055248618784, 0.8105670103092784, 0.9129540781357094, 0.9819915254237288, 0.9964381121994658, 0.1516497461928934, 0.31316042267050914, 0.07787391841779975, 0.9539094650205762, 0.37077363896848137, 0.06026058631921824]","[0.9973262032085561, 0.99800796812749, 0.9953488372093023, 0.9778869778869779, 0.9880694143167028, 0.9843924191750278, 0.9753086419753086, 0.9974025974025974, 0.9906832298136646, 0.9906759906759907, 0.9863760217983651, 0.9855769230769231, 0.9617834394904459, 0.9294117647058824]","[0.02932551319648094, 0.9953434225844005, 0.9973285841495992, 0.981651376146789, 0.03774617067833698, 0.037176724137931036, 0.905982905982906, 0.4239049740163326, 0.926530612244898, 0.035108958837772396, 0.04503956177723676, 0.7741935483870968, 0.04164442071542979]",38.27176012836809,1.7267826509768724,52.06940943957532,20.433000564575195,8.486520767211914,3.826595306396485,8.119884490966797,353287.0703125,121132.875,150149.90625,82004.2890625,353266.640625,121124.390625,150146.078125,81996.171875,,COMPLETE,False,,,92.06795221892028
roa,68,,2026-10-07 00:27:14.780019,2026-10-07 00:28:23.267276,0 days 00:01:08.487257,0.9,0.0007406177730484,0.0072337099062532,54.44478430199163,27.25564823196042,54.65652675789814,136.3569592918502,54.547680236049935,45.55521569800837,72.74435176803958,45.34347324210186,"[0.21877205363443897, 0.12982456140350876, 0.41169590643274856, 0.9360780065005417, 0.36739974126778785, 0.819538670284939, 0.2247787610619469, 0.9964381121994658, 0.2733990147783251, 0.35185185185185186, 0.42101501072194425, 0.8173153296266878, 0.2941510505394662, 0.11547212741751992]","[0.9973262032085561, 0.99800796812749, 0.20147874306839186, 0.19579500657030224, 0.9913232104121475, 0.8331616889804325, 0.9417077175697866, 0.9974025974025974, 0.15483870967741936, 0.9848484848484849, 0.17471264367816092, 0.9641847313854854, 0.8652037617554859, 0.8842177808407995]","[0.18523878437047755, 0.7287543655413271, 0.9973285841495992, 0.5923984272608126, 0.5556900726392252, 0.34798534798534797, 0.2835926449787836, 0.4105960264900662, 0.7107843137254902, 0.20968858131487889, 0.23977546110665598, 0.5754940711462451, 0.05732484076433121]",54.44478430199163,27.25564823196042,54.65652675789814,24.50694751739502,7.647051811218262,8.326993942260742,8.532901763916016,225459.46875,71214.8125,102501.5703125,51743.0859375,225434.9609375,71207.1640625,102493.2421875,51734.5546875,,COMPLETE,False,,,136.3569592918502
roa,69,,2026-10-07 00:28:23.279354,2026-10-07 00:29:33.826223,0 days 00:01:10.546869,0.8,0.000265623558925,0.0364600005583903,50.47708560413943,44.7441638072411,54.679507294409824,149.90075670579034,50.03308109806988,49.52291439586057,55.2558361927589,45.320492705590176,"[0.28449612403100777, 0.30884450784593437, 0.3228346456692913, 0.6834763948497854, 0.3727810650887574, 0.703921568627451, 0.7262021589793916, 0.9210992907801419, 0.31942544459644323, 0.31646734130634774, 0.34512635379061374, 0.7897271268057785, 0.5726937269372694, 0.2661122661122661]","[0.7408026755852842, 0.7314553990610329, 0.2957377049180328, 0.2905349794238683, 0.7015355086372361, 0.5701107011070111, 0.8357605177993528, 0.33713355048859933, 0.28710801393728225, 0.7964989059080962, 0.24518613607188702, 0.603299856527977, 0.6144578313253012, 0.6861952861952862]","[0.24052590873936583, 0.6041909196740396, 0.6705253784505788, 0.5483028720626631, 0.5609756097560976, 0.3051643192488263, 0.6066098081023454, 0.3335771762984638, 0.7358642972536349, 0.24663677130044842, 0.24555160142348753, 0.5744349181605611, 0.21930447125621008]",50.47708560413943,44.7441638072411,54.679507294409824,48.24949264526367,14.70116901397705,23.08038902282715,10.467934608459473,336026.8359375,114539.3828125,144249.015625,77238.4375,335978.5859375,114524.6796875,144225.9375,77227.96875,,COMPLETE,False,,,149.90075670579034
roa,70,,2026-10-07 00:29:33.834092,2026-10-07 00:30:44.384787,0 days 00:01:10.550695,0.9,0.0054518001235685,0.0384879633143381,38.02335827172149,1.8970817853757893,52.16034907970088,92.08078913679816,69.30640362106728,61.97664172827852,98.1029182146242,47.83965092029912,"[0.07308584686774942, 0.9888059701492538, 0.9788484136310224, 0.9800884955752213, 0.8191214470284238, 0.8959616700889802, 0.975635593220339, 0.9964381121994658, 0.15101522842639595, 0.5221027479091995, 0.062424969987995196, 0.9547325102880658, 0.21675392670157068, 0.061714909885308575]","[0.9973262032085561, 0.99800796812749, 0.9953488372093023, 0.9766584766584766, 0.9880694143167028, 0.9821627647714605, 0.9753086419753086, 0.9974025974025974, 0.9906832298136646, 0.9906759906759907, 0.9809264305177112, 0.9836538461538461, 0.9577689243027888, 0.9204152249134948]","[0.0297723292469352, 0.9953434225844005, 0.9973285841495992, 0.981651376146789, 0.0377255330781848, 0.03907922912205567, 0.9101604278074866, 0.42498152254249816, 0.9209453952730237, 0.03880597014925373, 0.027225901398086828, 0.7711670480549199, 0.044967880085653104]",38.02335827172149,1.8970817853757893,52.16034907970088,19.695333242416385,7.66240930557251,3.9692070484161377,8.063716888427734,339989.8984375,116101.9453125,145612.84375,78275.109375,339970.203125,116094.28125,145608.875,78267.046875,,COMPLETE,False,,,92.08078913679816
roa,71,,2026-10-07 00:30:44.392152,2026-10-07 00:31:53.415578,0 days 00:01:09.023426,0.9,0.0051136413576573,0.048498868503699,38.13363300288807,1.849650310253935,56.90802903816817,96.89131235131018,67.70289588289661,61.86636699711193,98.15034968974606,43.09197096183183,"[0.07448036951501155, 0.9888059701492538, 0.981198589894242, 0.9779005524861878, 0.8404118404118404, 0.9060356652949245, 0.9819915254237288, 0.9964381121994658, 0.15101522842639595, 0.35175879396984927, 0.06546546546546547, 0.9555555555555556, 0.3293310463121784, 0.06090266449157151]","[0.9973262032085561, 0.99800796812749, 0.9953488372093023, 0.9742014742014742, 0.9880694143167028, 0.9843924191750278, 0.9761316872427983, 0.9974025974025974, 0.989648033126294, 0.9906759906759907, 0.9827429609445958, 0.9836538461538461, 0.9609561752988047, 0.9224913494809689]","[0.029737609329446066, 0.9953434225844005, 0.9973285841495992, 0.981651376146789, 0.03774617067833698, 0.037988228999464954, 0.9284188034188035, 0.42156133828996284, 0.9174836601307189, 0.03639618138424821, 0.026335040234089245, 0.14699792960662525, 0.044967880085653104]",38.13363300288807,1.849650310253935,56.90802903816817,20.478801250457764,8.253053665161133,4.053893566131592,8.171854019165039,358636.3671875,123144.7734375,152001.703125,83489.890625,358615.8984375,123136.5234375,151997.65625,83481.71875,,COMPLETE,False,,,96.89131235131018
roa,72,,2026-10-07 00:31:53.423986,2026-10-07 00:33:00.922776,0 days 00:01:07.498790,0.9,0.0080272172981406,0.0352846678811992,38.09023607909323,2.599770227195436,65.96983900567436,106.65984531196302,64.44671822934566,61.90976392090677,97.40022977280456,34.03016099432564,"[0.07535046728971963, 0.9897388059701493, 0.9717978848413631, 0.9800664451827242, 0.8564036222509702, 0.8569472963723477, 0.9798728813559322, 0.9964381121994658, 0.14784263959390864, 0.5860409145607701, 0.06659012629161883, 0.9407894736842105, 0.15033350436121087, 0.06915477497255763]","[0.9973262032085561, 0.99800796812749, 0.9934883720930232, 0.9705159705159705, 0.9880694143167028, 0.9743589743589743, 0.9670781893004116, 0.9974025974025974, 0.989648033126294, 0.9895104895104895, 0.9691189827429609, 0.975, 0.9378486055776892, 0.8886583679114799]","[0.02902675014228799, 0.9953434225844005, 0.9973285841495992, 0.9855832241153342, 0.03736263736263736, 0.04256465517241379, 0.9179978700745474, 0.20398351648351648, 0.04843820733363513, 0.0427807486631016, 0.0273972602739726, 0.04675782973092192, 0.04935622317596566]",38.09023607909323,2.599770227195436,65.96983900567436,21.05509090423584,7.530507564544678,5.024129390716553,8.50045394897461,333639.5,113594.734375,143411.796875,76632.96875,333618.4375,113587.203125,143406.765625,76624.46875,,COMPLETE,False,,,106.65984531196302
roa,73,,2026-10-07 00:33:00.930520,2026-10-07 00:34:11.684180,0 days 00:01:10.753660,0.9,0.0175731989375843,0.0178586222865202,55.03836740262901,7.897076269986343,68.99339696828447,131.9288406408998,56.02371978636672,44.96163259737099,92.10292373001366,31.006603031715525,"[0.06495098039215687, 0.9776119402985075, 0.9682726204465335, 0.949171270718232, 0.8589909443725744, 0.03579730357973036, 0.9587301587301588, 0.993766696349065, 0.08830694275274056, 0.1324200913242009, 0.06689734717416378, 0.06461961503208066, 0.06484018264840183, 0.07025246981339188]","[0.9964349376114082, 0.9870517928286853, 0.9739534883720931, 0.9339853300733496, 0.9750542299349241, 0.9199110122358176, 0.8717105263157895, 0.9974025974025974, 0.9710144927536232, 0.9685314685314685, 0.8967391304347826, 0.9134615384615384, 0.8080888183980968, 0.6810699588477366]","[0.029528676888131742, 0.9930151338766007, 0.9946571682991986, 0.9868938401048493, 0.03884711779448621, 0.042987641053197204, 0.6780383795309168, 0.04478609625668449, 0.043478260869565216, 0.046975924838520255, 0.041884816753926704, 0.042328042328042326, 0.04743729552889858]",55.03836740262901,7.897076269986343,68.99339696828447,25.390583992004395,8.157159805297852,9.152376174926758,8.081048011779785,289983.90625,96166.7421875,128189.328125,65627.8359375,289958.515625,96158.5859375,128180.171875,65619.7578125,,COMPLETE,False,,,131.9288406408998
roa,74,,2026-10-07 00:34:11.692109,2026-10-07 00:35:21.726681,0 days 00:01:10.034572,0.9,0.0026365753565753,0.0286265813202321,40.88806556916333,9.913176881462434,49.70132654121005,100.5025689918358,66.49914366938806,59.11193443083667,90.08682311853757,50.29867345878996,"[0.0664756446991404, 0.06416808631459398, 0.9506462984723855, 0.9790286975717439, 0.65, 0.913013698630137, 0.9830508474576272, 0.9964381121994658, 0.060720042987641054, 0.4411764705882353, 0.42755174875089225, 0.9506172839506173, 0.7361495844875346, 0.05663430420711974]","[0.9973262032085561, 0.99800796812749, 0.9953488372093023, 0.9452554744525548, 0.9880694143167028, 0.9821627647714605, 0.9794238683127572, 0.9974025974025974, 0.5861781848459617, 0.9906759906759907, 0.26736324523663185, 0.9884615384615385, 0.9587628865979382, 0.9377162629757786]","[0.03664596273291926, 0.9953434225844005, 0.9973285841495992, 0.9646133682830931, 0.6931540342298288, 0.05841526894158473, 0.6288981288981289, 0.4200743494423792, 0.8691741618969746, 0.033836858006042296, 0.06776440785307157, 0.7346456692913386, 0.038933333333333334]",40.88806556916333,9.913176881462434,49.70132654121005,19.62955474853516,7.54657506942749,4.64279842376709,7.440181255340576,318745.75,107772.84375,138384.625,72588.28125,318726.125,107765.296875,138379.984375,72580.84375,,COMPLETE,False,,,100.5025689918358
roa,75,,2026-10-07 00:35:21.738060,2026-10-07 00:36:30.972687,0 days 00:01:09.234627,0.9,0.0030149192328878,0.0377792793272912,40.06620855340049,6.859567733323559,48.59362298944405,95.5193992761681,68.16020024127731,59.93379144659951,93.14043226667644,51.40637701055595,"[0.07056798623063683, 0.06605922551252848, 0.9553466509988249, 0.9779005524861878, 0.6722365038560412, 0.9171232876712329, 0.9788359788359788, 0.9964381121994658, 0.14209115281501342, 0.41519823788546256, 0.4151880766501065, 0.951440329218107, 0.7757009345794392, 0.05660377358490566]","[0.9973262032085561, 0.99800796812749, 0.9953488372093023, 0.9619631901840491, 0.9880694143167028, 0.9821627647714605, 0.9786008230452675, 0.9974025974025974, 0.9835221421215242, 0.9906759906759907, 0.2749691738594328, 0.9865384615384616, 0.9673566878980892, 0.9377162629757786]","[0.029958058717795086, 0.9953434225844005, 0.9973285841495992, 0.9790301441677588, 0.7037943696450428, 0.03726362625139043, 0.7716115261472786, 0.4197622585438336, 0.8798037612428454, 0.03178484107579462, 0.048207663782447466, 0.7494108405341713, 0.03952991452991453]",40.06620855340049,6.859567733323559,48.59362298944405,19.80221128463745,8.0690279006958,4.060980796813965,7.672202587127685,338610.171875,115555.8671875,145131.46875,77922.8359375,338590.3671875,115547.796875,145127.40625,77915.1640625,,COMPLETE,False,,,95.5193992761681
roa,76,,2026-10-07 00:36:30.980522,2026-10-07 00:37:40.080392,0 days 00:01:09.099870,0.9,0.004438785938079,0.0441099419119905,38.59215361198689,1.7435508463657357,51.87256632561075,92.20827078396336,69.26390973867888,61.40784638801311,98.25644915363426,48.12743367438925,"[0.0738603577611079, 0.9841860465116279, 0.9753231492361927, 0.9790055248618784, 0.8103225806451613, 0.912268677176148, 0.9851694915254238, 0.9964381121994658, 0.1516497461928934, 0.31381957773512476, 0.07782581840642372, 0.9539094650205762, 0.3230593607305936, 0.06026058631921824]","[0.9973262032085561, 0.99800796812749, 0.9953488372093023, 0.9766584766584766, 0.9880694143167028, 0.9832775919732442, 0.9761316872427983, 0.9974025974025974, 0.9906832298136646, 0.9906759906759907, 0.9863760217983651, 0.9855769230769231, 0.9609561752988047, 0.9294117647058824]","[0.029359953024075163, 0.9953434225844005, 0.9973285841495992, 0.981651376146789, 0.03774617067833698, 0.03715670436187399, 0.9262820512820513, 0.4223372781065089, 0.9281632653061225, 0.03456640388114009, 0.044457978075517664, 0.7805065234075211, 0.041666666666666664]",38.59215361198689,1.7435508463657357,51.87256632561075,20.101069927215576,8.457305908203125,3.608901500701904,8.034862518310547,350740.765625,120142.8984375,149269.375,81328.4921875,350720.6640625,120134.4375,149265.765625,81320.4609375,,COMPLETE,False,,,92.20827078396336
roa,77,,2026-10-07 00:37:40.095482,2026-10-07 00:38:50.327192,0 days 00:01:10.231710,0.9,0.0349140334812236,0.035295153136217,81.89338843548049,57.45496343933706,83.29140582902485,222.6397577038424,25.786747432052533,18.10661156451951,42.545036560662936,16.708594170975147,"[0.04299175500588928, 0.11156542056074767, 0.5146886016451234, 0.05320600272851296, 0.46362649294245384, 0.03476669716376944, 0.05845674201091192, 0.9260908281389136, 0.12388250319284802, 0.05614973262032086, 0.05502717391304348, 0.029115934356802542, 0.02888086642599278, 0.036476868327402136]","[0.964349376114082, 0.3851851851851852, 0.8317843866171004, 0.1774982529699511, 0.8540772532188842, 0.19687964338781574, 0.058686809994189425, 0.9818181818181818, 0.7615621788283659, 0.5158197507190796, 0.1260037059913527, 0.03428571428571429, 0.02832131822863028, 0.040033361134278564]","[0.024721878862793572, 0.6693830034924331, 0.5218165627782725, 0.6317169069462647, 0.03636363636363636, 0.05039267015706806, 0.03944773175542406, 0.046845721424109935, 0.035942885278188084, 0.03796610169491525, 0.028150134048257374, 0.02770935960591133, 0.021660649819494584]",81.89338843548049,57.45496343933706,83.29140582902485,34.600786209106445,9.369882583618164,16.61880111694336,8.612102508544922,333675.59375,113605.0859375,143430.6875,76639.8203125,333640.9921875,113595.71875,143414.0625,76631.2109375,,COMPLETE,False,,,222.6397577038424
roa,78,,2026-10-07 00:38:50.335612,2026-10-07 00:40:00.989061,0 days 00:01:10.653449,0.9,0.0068690083586675,0.0387273571620509,45.2228751261371,2.238647846332114,57.919543382096016,105.38106635456523,64.8729778818116,54.7771248738629,97.76135215366789,42.080456617903984,"[0.07342657342657342, 0.9897388059701493, 0.9894242068155111, 0.9811738648947951, 0.8410852713178295, 0.16171909614532565, 0.972457627118644, 0.9964381121994658, 0.1471147748890298, 0.23821765209940018, 0.06612995974698102, 0.9572016460905349, 0.1844559585492228, 0.07021393307734504]","[0.9973262032085561, 0.99800796812749, 0.9953488372093023, 0.972972972972973, 0.9880694143167028, 0.9810479375696767, 0.9720164609053498, 0.9974025974025974, 0.9906832298136646, 0.9906759906759907, 0.9745685740236149, 0.9788461538461538, 0.9458167330677291, 0.9038062283737024]","[0.0293778801843318, 0.9953434225844005, 0.9973285841495992, 0.9829619921363041, 0.03764320785597381, 0.039289558665231435, 0.9106382978723404, 0.4070536370315944, 0.9092395748160261, 0.040356083086053415, 0.02733485193621868, 0.04675782973092192, 0.04713444027852169]",45.2228751261371,2.238647846332114,57.919543382096016,21.072569847106934,8.058241844177246,4.578513145446777,8.43581485748291,340487.328125,116274.4453125,145776.109375,78436.7734375,340466.2578125,116266.390625,145771.53125,78428.3359375,,COMPLETE,False,,,105.38106635456523
roa,79,,2026-10-07 00:40:00.997446,2026-10-07 00:41:09.813029,0 days 00:01:08.815583,0.7000000000000001,0.0098687673895589,0.0124211288830729,47.49667780471971,3.524401221257776,64.15634285823234,115.17742188420982,61.60752603859672,52.50332219528029,96.47559877874222,35.843657141767665,"[0.07656341320864991, 0.9906716417910447, 0.9905992949471211, 0.977924944812362, 0.9250645994832042, 0.06423539162867799, 0.9777777777777777, 0.9964381121994658, 0.14430379746835442, 0.05749032614704257, 0.07502863688430698, 0.91440329218107, 0.08916256157635467, 0.070801317233809]","[0.9973262032085561, 0.9940239043824701, 0.9906976744186047, 0.9606879606879607, 0.9848156182212582, 0.9565701559020044, 0.9522633744855967, 0.9974025974025974, 0.9834368530020704, 0.9871794871794872, 0.9545867393278837, 0.9673076923076923, 0.9315286624203821, 0.8487569060773481]","[0.032076533483398985, 0.9941792782305006, 0.9973285841495992, 0.9855832241153342, 0.041893362350380846, 0.043478260869565216, 0.9649309245483528, 0.36875439831104856, 0.05310531053105311, 0.04748118123914302, 0.03478810879190386, 0.04661389621811785, 0.04946236559139785]",47.49667780471971,3.524401221257776,64.15634285823234,21.595336437225345,7.518744468688965,5.464666843414307,8.61192512512207,270229.80859375,88036.0234375,120885.265625,61308.51953125,270208.21875,88028.5078125,120879.8046875,61299.90625,,COMPLETE,False,,,115.17742188420982
roa,80,,2026-10-07 00:41:09.823509,2026-10-07 00:42:18.997255,0 days 00:01:09.173746,0.7000000000000001,0.0040771577511608,0.045384521887293,44.8898680295294,1.7767258541869069,50.62233543603708,97.28892931975338,67.57035689341554,55.1101319704706,98.2232741458131,49.37766456396293,"[0.07533064979873491, 0.2403051493960585, 0.9917743830787309, 0.974585635359116, 0.8421717171717171, 0.910212474297464, 0.9830508474576272, 0.9964381121994658, 0.14987405541561713, 0.05291005291005291, 0.16063348416289594, 0.9580246913580247, 0.3206798866855524, 0.05942733657482442]","[0.9973262032085561, 0.99800796812749, 0.9953488372093023, 0.9766584766584766, 0.9880694143167028, 0.9832775919732442, 0.974485596707819, 0.9974025974025974, 0.9906832298136646, 0.9906759906759907, 0.9827586206896551, 0.9855769230769231, 0.9601910828025477, 0.9307958477508651]","[0.030629608621667612, 0.9953434225844005, 0.9973285841495992, 0.9855832241153342, 0.041916167664670656, 0.0405616224648986, 0.9850267379679144, 0.43171806167400884, 0.9455727051177905, 0.041884816753926704, 0.03952802359882006, 0.8418250950570342, 0.04217832354511479]",44.8898680295294,1.7767258541869069,50.62233543603708,19.729068517684937,7.781905651092529,3.737056016921997,8.21010684967041,353074.796875,121049.3203125,150077.78125,81947.6953125,353055.0703125,121041.5390625,150074.046875,81939.484375,,COMPLETE,False,,,97.28892931975338
roa,81,,2026-10-07 00:42:19.005749,2026-10-07 00:43:30.173670,0 days 00:01:11.167921,0.9,0.0044111728546948,0.0493197827384625,37.06799209579118,1.7447010220438417,52.00613007166076,90.8188231894958,69.72705893683474,62.93200790420882,98.25529897795616,47.99386992833924,"[0.0738603577611079, 0.9841860465116279, 0.9753231492361927, 0.9790055248618784, 0.7904884318766067, 0.9190116678105696, 0.9830508474576272, 0.9964381121994658, 0.1516497461928934, 0.49586776859504134, 0.0815822002472188, 0.9547325102880658, 0.36525229357798167, 0.060032449972958354]","[0.9973262032085561, 0.99800796812749, 0.9953488372093023, 0.9778869778869779, 0.9880694143167028, 0.9843924191750278, 0.9753086419753086, 0.9974025974025974, 0.9906832298136646, 0.9906759906759907, 0.9845594913714805, 0.9855769230769231, 0.9617834394904459, 0.928719723183391]","[0.029291154071470416, 0.9953434225844005, 0.9973285841495992, 0.981651376146789, 0.03774617067833698, 0.03623580313683072, 0.9102564102564102, 0.4222222222222222, 0.9256535947712419, 0.03519417475728155, 0.045676004872107184, 0.7809597523219814, 0.04164442071542979]",37.06799209579118,1.7447010220438417,52.00613007166076,20.33504009246826,8.345061302185059,3.859460830688477,8.130517959594727,360058.5390625,123670.9375,152495.328125,83892.2734375,360038.203125,123662.59375,152491.46875,83884.140625,,COMPLETE,False,,,90.8188231894958
roa,82,,2026-10-07 00:43:30.181437,2026-10-07 00:44:39.672253,0 days 00:01:09.490816,0.9,0.0055781483209503,0.010362517350722,39.04217967474525,2.0196365898856783,66.64748928688662,107.70930555151756,64.09689814949415,60.95782032525475,97.98036341011432,33.352510713113375,"[0.075, 0.9906716417910447, 0.9518213866039953, 0.978021978021978, 0.824516129032258, 0.8856947296372347, 0.9872881355932204, 0.9964381121994658, 0.15047619047619049, 0.5006016847172082, 0.06769936890418818, 0.945679012345679, 0.11122095897182402, 0.06896551724137931]","[0.9973262032085561, 0.99800796812749, 0.9953488372093023, 0.972972972972973, 0.9880694143167028, 0.9810690423162584, 0.9753086419753086, 0.9974025974025974, 0.989648033126294, 0.9895104895104895, 0.9791099000908265, 0.9826923076923076, 0.9531374106433678, 0.9176470588235294]","[0.028110047846889953, 0.9930151338766007, 0.9973285841495992, 0.9842726081258192, 0.03925845147219193, 0.03785310734463277, 0.6388888888888888, 0.4074074074074074, 0.03923316986179224, 0.038461538461538464, 0.03753026634382567, 0.04842864502833591, 0.046038543897216275]",39.04217967474525,2.0196365898856783,66.64748928688662,20.0761137008667,7.36797285079956,4.684243679046631,8.023897171020508,260519.5078125,84492.9453125,117564.984375,58461.578125,260499.4296875,84485.578125,117560.296875,58453.5546875,,COMPLETE,False,,,107.70930555151756
roa,83,,2026-10-07 00:44:39.679684,2026-10-07 00:45:49.396342,0 days 00:01:09.716658,0.8,0.0084484221158122,0.045644450920562,40.29968609206562,3.1102778300629126,62.17188108857395,105.58184501070248,64.80605166309918,59.70031390793438,96.88972216993707,37.82811891142605,"[0.07593457943925233, 0.9869402985074627, 0.9905992949471211, 0.9767441860465116, 0.8940568475452196, 0.8563611491108071, 0.975635593220339, 0.9964381121994658, 0.1484771573604061, 0.06464305789769534, 0.07599309153713299, 0.9390946502057613, 0.3057757644394111, 0.07135016465422613]","[0.9973262032085561, 0.9960159362549801, 0.9925581395348837, 0.9656441717791411, 0.9859002169197397, 0.9721293199554069, 0.9646090534979423, 0.9974025974025974, 0.984472049689441, 0.9883449883449883, 0.9582198001816531, 0.9730769230769231, 0.9250996015936255, 0.863762102351314]","[0.031038374717832957, 0.9953434225844005, 0.9973285841495992, 0.9855832241153342, 0.041462084015275506, 0.04256465517241379, 0.9764957264957265, 0.0422979797979798, 0.6239316239316239, 0.04590935844614479, 0.03954802259887006, 0.04671661524900837, 0.049435787211176786]",40.29968609206562,3.1102778300629126,62.17188108857395,21.61742115020752,7.50332498550415,5.7475666999816895,8.36652946472168,353539.578125,121229.734375,150240.46875,82069.375,353517.9609375,121222.234375,150234.71875,82061.0078125,,COMPLETE,False,,,105.58184501070248
roa,84,,2026-10-07 00:45:49.405301,2026-10-07 00:46:58.786024,0 days 00:01:09.380723,0.9,0.004949642773368,0.0345009741362422,37.293654901636565,1.84203869896524,52.310666202761794,91.4463598033636,69.51788006554547,62.70634509836344,98.15796130103476,47.689333797238206,"[0.07345286292654714, 0.9897388059701493, 0.9741480611045829, 0.9767955801104973, 0.8131443298969072, 0.8939808481532148, 0.9841101694915254, 0.9964381121994658, 0.1483830057070387, 0.525, 0.06246246246246246, 0.9555555555555556, 0.3242320819112628, 0.06144643828167482]","[0.9973262032085561, 0.99800796812749, 0.9953488372093023, 0.9766584766584766, 0.9880694143167028, 0.9843924191750278, 0.9753086419753086, 0.9974025974025974, 0.9906832298136646, 0.9906759906759907, 0.9809264305177112, 0.9826923076923076, 0.9593625498007968, 0.9252595155709342]","[0.0297723292469352, 0.9953434225844005, 0.9973285841495992, 0.981651376146789, 0.03774617067833698, 0.03780617678381257, 0.8792735042735043, 0.41703703703703704, 0.9177524429967426, 0.03839232153569286, 0.042098840756558877, 0.7799079754601227, 0.045503211991434686]",37.293654901636565,1.84203869896524,52.310666202761794,19.499393701553345,7.786679267883301,3.796034097671509,7.916680335998535,331965.703125,112970.390625,142845.875,76149.4375,331946.203125,112962.6015625,142842.078125,76141.5234375,,COMPLETE,False,,,91.4463598033636
roa,85,,2026-10-07 00:46:58.794347,2026-10-07 00:48:10.656374,0 days 00:01:11.862027,0.9,0.0077209329186121,0.0473046041651143,37.05761610028503,2.6763317190965807,59.45915749228574,99.19310531166737,66.93563156277754,62.94238389971497,97.32366828090342,40.54084250771426,"[0.07400932400932402, 0.9888059701492538, 0.9588719153936546, 0.9800664451827242, 0.8564036222509702, 0.8594928032899246, 0.9809119830328739, 0.9964381121994658, 0.1484771573604061, 0.5844311377245509, 0.06594036697247706, 0.945679012345679, 0.3032511210762332, 0.06915477497255763]","[0.9973262032085561, 0.9970119521912351, 0.9934883720930232, 0.9680589680589681, 0.9880694143167028, 0.9732441471571907, 0.9679012345679012, 0.9974025974025974, 0.989648033126294, 0.9895104895104895, 0.9673024523160763, 0.9759615384615384, 0.9386454183266932, 0.8817427385892116]","[0.02962962962962963, 0.9953434225844005, 0.9973285841495992, 0.9829619921363041, 0.03764320785597381, 0.03954496208017335, 0.9285714285714286, 0.1974132062627638, 0.8948655256723717, 0.04337492572786691, 0.027439024390243903, 0.04675782973092192, 0.049435787211176786]",37.05761610028503,2.6763317190965807,59.45915749228574,21.295042514801025,7.584315299987793,5.379801273345947,8.330925941467285,356526.8828125,122360.65625,151275.625,82890.6015625,356505.59375,122353.0703125,151270.25,82882.2734375,,COMPLETE,False,,,99.19310531166737
roa,86,,2026-10-07 00:48:10.664878,2026-10-07 00:49:21.935113,0 days 00:01:11.270235,0.1,0.0191738901521924,0.0001287727521234,86.47046302701992,68.90007712998244,75.94917396482481,231.3197141218272,22.893428626057613,13.529536972980086,31.09992287001756,24.050826035175195,"[0.05666003976143141, 0.21023665382498624, 0.06970362239297476, 0.04809843400447427, 0.048450704225352116, 0.04313028012449978, 0.08021108179419525, 0.9821905609973286, 0.06599496221662468, 0.05667506297229219, 0.06342182890855458, 0.05042816365366318, 0.05210800568450971, 0.06682577565632458]","[0.9964349376114082, 0.1390532544378698, 0.1842234198922097, 0.11980136561142148, 0.25905797101449274, 0.12995337995337997, 0.08602711157455684, 0.9974025974025974, 0.11907810499359796, 0.259131633356306, 0.18841364374661612, 0.7514792899408284, 0.07502168256721596, 0.048910809699958896]","[0.03953147877013177, 0.9382716049382716, 0.9964381121994658, 0.04956772334293948, 0.03657880580957504, 0.0491283676703645, 0.7542056074766356, 0.054276315789473686, 0.033757124068391056, 0.04455179817498658, 0.04153555695405916, 0.04983544898918665, 0.038929440389294405]",86.47046302701992,68.90007712998244,75.94917396482481,25.64938449859619,8.754400253295898,8.358470916748047,8.536513328552246,20769.8583984375,7067.21435546875,8908.6845703125,4793.95947265625,20744.208984375,7058.4599609375,8900.326171875,4785.4228515625,,COMPLETE,False,,,231.3197141218272
roa,87,,2026-10-07 00:49:21.942894,2026-10-07 00:50:31.148539,0 days 00:01:09.205645,0.9,0.0036679280136749,0.0134774132723219,42.49364814917677,1.834282309287204,61.682091649794245,106.0100221082582,64.66332596391392,57.50635185082324,98.1657176907128,38.31790835020576,"[0.07298850574712644, 0.07077625570776255, 0.9565217391304348, 0.9780461031833151, 0.7142857142857143, 0.9137577002053389, 0.9830687830687831, 0.9964381121994658, 0.15467171717171718, 0.4681603773584906, 0.4248741912293314, 0.9555555555555556, 0.30117122141662017, 0.06057328285559762]","[0.9973262032085561, 0.99800796812749, 0.9953488372093023, 0.9717444717444718, 0.9880694143167028, 0.9843924191750278, 0.9810699588477366, 0.9974025974025974, 0.9876160990712074, 0.9906759906759907, 0.9800181653042689, 0.989423076923077, 0.9540775930324624, 0.9280276816608997]","[0.03037817730936144, 0.9941792782305006, 0.9973285841495992, 0.9829619921363041, 0.040131940626717974, 0.04577056778679027, 0.6410256410256411, 0.40757238307349664, 0.04097253489419181, 0.03485576923076923, 0.053119209388511425, 0.6718995290423861, 0.04113247863247863]",42.49364814917677,1.834282309287204,61.682091649794245,19.9287166595459,7.665968894958496,4.48934268951416,7.773405075073242,274412.3203125,89814.0234375,122518.125,62080.171875,274392.390625,89806.359375,122513.6328125,62072.3984375,,COMPLETE,False,,,106.0100221082582
roa,88,,2026-10-07 00:50:31.160430,2026-10-07 00:51:39.154157,0 days 00:01:07.993727,0.9,0.009397116667746,0.0195976904082958,42.57813953026924,2.9326319857857186,65.76365068190647,111.27442219796144,62.90852593401286,57.42186046973076,97.06736801421428,34.23634931809353,"[0.07543859649122807, 0.9897388059701493, 0.981198589894242, 0.9833887043189369, 0.8382923673997412, 0.8244535519125683, 0.9756613756613757, 0.9964381121994658, 0.14575411913814956, 0.05397727272727273, 0.0664756446991404, 0.9275720164609054, 0.11089108910891089, 0.06978021978021978]","[0.9973262032085561, 0.9970119521912351, 0.9906976744186047, 0.9643734643734644, 0.9869848156182213, 0.9643255295429208, 0.9637860082304527, 0.9974025974025974, 0.9855072463768116, 0.9883449883449883, 0.9627611262488647, 0.9721153846153846, 0.9370517928286852, 0.8817427385892116]","[0.029885057471264367, 0.9953434225844005, 0.9973285841495992, 0.9855832241153342, 0.04198473282442748, 0.04310344827586207, 0.7876200640341515, 0.34971509971509973, 0.047080126754187414, 0.04513064133016627, 0.03153153153153153, 0.04671661524900837, 0.04970286331712588]",42.57813953026924,2.9326319857857186,65.76365068190647,20.77798175811768,7.11160135269165,5.257290363311768,8.409090042114258,295609.984375,98307.0234375,130108.1484375,67194.8125,295589.2109375,98299.9140625,130102.890625,67186.40625,,COMPLETE,False,,,111.27442219796144
roa,89,,2026-10-07 00:51:39.162381,2026-10-07 00:52:48.544952,0 days 00:01:09.382571,0.9,0.0052100566872942,0.0383587331265544,37.35035802784493,1.907576855559512,52.19670103271646,91.4546359161209,69.51512136129303,62.64964197215507,98.09242314444047,47.80329896728354,"[0.07349537037037036, 0.9888059701492538, 0.9776733254994124, 0.9779005524861878, 0.810077519379845, 0.8952772073921971, 0.9830508474576272, 0.9964381121994658, 0.15101522842639595, 0.5118764845605701, 0.062424969987995196, 0.9547325102880658, 0.3261240751280592, 0.06205770277626565]","[0.9973262032085561, 0.99800796812749, 0.9953488372093023, 0.9680589680589681, 0.9880694143167028, 0.9832775919732442, 0.9753086419753086, 0.9974025974025974, 0.9906832298136646, 0.9906759906759907, 0.9809264305177112, 0.9846153846153847, 0.9593625498007968, 0.9238754325259516]","[0.0297723292469352, 0.9953434225844005, 0.9973285841495992, 0.981651376146789, 0.03774617067833698, 0.0397170837867247, 0.9112299465240642, 0.41721854304635764, 0.9193154034229829, 0.03903903903903904, 0.027225901398086828, 0.7738731856378915, 0.044967880085653104]",37.35035802784493,1.907576855559512,52.19670103271646,19.421329498291016,7.544900417327881,3.746403217315674,8.130025863647461,339754.0625,116008.6171875,145524.78125,78220.6640625,339734.6328125,116001.0703125,145521.03125,78212.53125,,COMPLETE,False,,,91.4546359161209
roa,90,,2026-10-07 00:52:48.549688,2026-10-07 00:54:01.360365,0 days 00:01:12.810677,0.9,0.0006581199622382,0.0006791760377954,66.55872120214124,37.94047687917887,62.11655942191954,166.61575750323965,44.46141416558678,33.44127879785875,62.05952312082113,37.88344057808046,"[0.15161957270847692, 0.22006269592476488, 0.4136310223266745, 0.8696088264794383, 0.3772609819121447, 0.10880141530296329, 0.11470755252697332, 0.9964381121994658, 0.27421307506053266, 0.29861751152073734, 0.4373198847262248, 0.16968781470292044, 0.07275320970042796, 0.1770573566084788]","[0.9973262032085561, 0.982089552238806, 0.19765287214329832, 0.23401162790697674, 0.9827027027027027, 0.22012578616352202, 0.7788605697151424, 0.9961038961038962, 0.15547703180212014, 0.9755244755244755, 0.18514219384793965, 0.9375573921028466, 0.7986270022883295, 0.247131931166348]","[0.07951289398280802, 0.8463329452852154, 0.9973285841495992, 0.6081258191349934, 0.15, 0.27583798882681565, 0.10142238713667286, 0.41887905604719766, 0.3160847880299252, 0.13242320819112627, 0.28169014084507044, 0.6253918495297806, 0.09181761399125546]",66.55872120214124,37.94047687917887,62.11655942191954,26.61214542388916,8.925699234008789,8.614026069641113,9.072420120239258,3854.614562988281,963.1031494140624,2191.10302734375,700.4083862304688,3828.0023803710938,954.1774291992188,2182.489013671875,691.3359375,,COMPLETE,False,,,166.61575750323965
roa,91,,2026-10-07 00:54:01.369812,2026-10-07 00:55:11.285467,0 days 00:01:09.915655,0.6,0.0042468563816809,0.0012510477522742,52.54123206707981,17.782193829824564,69.94056851618062,140.263994413085,53.245335195638326,47.45876793292019,82.21780617017544,30.05943148381938,"[0.07390300230946882, 0.0660968660968661, 0.9882491186839013, 0.9075025693730729, 0.8560700876095119, 0.06935215946843853, 0.9574247144340602, 0.9955476402493322, 0.1035953686776356, 0.055862831858407076, 0.4788011695906433, 0.9343724364232978, 0.0884652981427175, 0.06898424769147203]","[0.9973262032085561, 0.9970119521912351, 0.9925581395348837, 0.961916461916462, 0.9795258620689655, 0.9535398230088495, 0.9292763157894737, 0.9974025974025974, 0.9659090909090909, 0.986013986013986, 0.24816176470588236, 0.9827089337175793, 0.2959738846572361, 0.22316784869976358]","[0.03317811408614668, 0.9953434225844005, 0.9973285841495992, 0.9842726081258192, 0.044021739130434785, 0.04148936170212766, 0.05325140809011777, 0.47651006711409394, 0.04055258467023173, 0.06286721504112809, 0.05132743362831858, 0.0422177009155646, 0.08536585365853659]",52.54123206707981,17.782193829824564,69.94056851618062,22.71851587295532,8.39857006072998,6.383907794952393,7.936038017272949,5541.6055908203125,2290.717529296875,1323.8370361328125,1927.051025390625,5518.886962890625,2282.31884765625,1317.453125,1919.114990234375,,COMPLETE,False,,,140.263994413085
roa,92,,2026-10-07 00:55:11.307547,2026-10-07 00:56:21.405275,0 days 00:01:10.097728,0.5,0.099180694086944,0.001627225944568,96.512545210914,94.52652840396952,95.86706928886971,286.9061429037532,4.364619032082256,3.487454789086,5.473471596030492,4.132930711130277,"[0.02918502202643172, 0.04129168872419269, 0.04712717882504842, 0.02587117212249208, 0.03629536921151439, 0.033317908375751965, 0.026881720430107527, 0.06130268199233716, 0.033962264150943396, 0.03524729960204662, 0.029994340690435765, 0.034906588003933134, 0.03089749877390878, 0.02196293754289636]","[0.3736842105263158, 0.033123028391167195, 0.03237051792828685, 0.03337783711615487, 0.03428239395700174, 0.02676977989292088, 0.03750586029067042, 0.029174425822470516, 0.029394473838918283, 0.029395452024403773, 0.017843866171003718, 0.031266846361185985, 0.02632937532266391, 0.031767955801104975]","[0.03005780346820809, 0.06088560885608856, 0.1905940594059406, 0.002621231979030144, 0.025190839694656488, 0.03435114503816794, 0.032823995472552346, 0.0153015301530153, 0.03279541905257678, 0.0334553058024046, 0.01876876876876877, 0.030715005035246726, 0.02972027972027972]",96.512545210914,94.52652840396952,95.86706928886971,27.26744174957276,8.858160972595215,8.832889556884766,9.576391220092772,9355.157104492188,4742.8037109375,1290.1619873046875,3322.19140625,9327.889404296877,4733.9453125,1281.3291015625,3312.614990234375,,COMPLETE,False,,,286.9061429037532
roa,93,,2026-10-07 00:56:21.413984,2026-10-07 00:57:31.332665,0 days 00:01:09.918681,0.9,0.0065337138148362,0.0446184748146365,41.8611697135942,2.1831871028198435,57.64624153266587,101.69059834907992,66.10313388364003,58.1388302864058,97.81681289718016,42.35375846733413,"[0.07334109429569266, 0.9888059701492538, 0.9894242068155111, 0.9811738648947951, 0.8374193548387097, 0.16392714349178142, 0.9724867724867725, 0.9964381121994658, 0.14974619289340102, 0.5806451612903226, 0.06612995974698102, 0.9588477366255144, 0.31653454133635334, 0.06451612903225806]","[0.9973262032085561, 0.99800796812749, 0.9953488372093023, 0.9705159705159705, 0.9880694143167028, 0.9810479375696767, 0.9728395061728395, 0.9974025974025974, 0.989648033126294, 0.9906759906759907, 0.9745685740236149, 0.9817307692307692, 0.950597609561753, 0.9065743944636678]","[0.029530978575564564, 0.9953434225844005, 0.9973285841495992, 0.9829619921363041, 0.0377255330781848, 0.03967391304347826, 0.951974386339381, 0.40604274134119384, 0.9044117647058824, 0.040356083086053415, 0.02727272727272727, 0.04730327144120248, 0.046063202999464384]",41.8611697135942,2.1831871028198435,57.64624153266587,21.081466674804688,8.032276153564453,4.416668891906738,8.632521629333496,351677.34375,120505.875,149596.671875,81574.796875,351656.2578125,120497.84375,149592.25,81566.1640625,,COMPLETE,False,,,101.69059834907992
roa,94,,2026-10-07 00:57:31.348333,2026-10-07 00:58:44.126075,0 days 00:01:12.777742,0.4,0.0006466130815562,0.0071095622136573,57.51141812918736,32.75238166274649,50.292836664205055,140.5566364561389,53.1477878479537,42.488581870812645,67.24761833725351,49.70716333579495,"[0.2576051779935275, 0.16493055555555555, 0.3388756927949327, 0.9164882226980728, 0.2930790960451977, 0.810935441370224, 0.1747787610619469, 0.9964381121994658, 0.2916923076923077, 0.2456268221574344, 0.4203997243280496, 0.6935483870967742, 0.20010209290454314, 0.14390106801573918]","[0.9973262032085561, 0.9900398406374502, 0.18281535648994515, 0.2446043165467626, 0.9816017316017316, 0.2591383812010444, 0.9125102207686018, 0.9974025974025974, 0.14627039627039626, 0.9801864801864801, 0.1460101867572156, 0.9212962962962963, 0.8286604361370716, 0.8268041237113402]","[0.22727272727272727, 0.9563218390804598, 0.9973285841495992, 0.8390367553865653, 0.37452901281085155, 0.20408163265306123, 0.3660772757039948, 0.4169034090909091, 0.6818505338078292, 0.25312294543063774, 0.27593659942363113, 0.719640179910045, 0.14982973893303064]",57.51141812918736,32.75238166274649,50.292836664205055,38.52771759033203,16.27623176574707,8.22223949432373,14.02924633026123,222108.90625,70492.3125,100703.9609375,50912.6328125,222070.38671875,70476.0390625,100695.7421875,50898.60546875,,COMPLETE,False,,,140.5566364561389
roa,95,,2026-10-07 00:58:44.134143,2026-10-07 00:59:52.990563,0 days 00:01:08.856420,0.9,0.0026265380502595,0.0225872004848928,41.89395289954268,9.85331367878652,48.3468928602336,100.0941594385628,66.63528018714574,58.10604710045732,90.14668632121348,51.653107139766405,"[0.0664756446991404, 0.06416808631459398, 0.9494712103407755, 0.9790286975717439, 0.5051679586563308, 0.9131326949384405, 0.9830687830687831, 0.9964381121994658, 0.06132329209252286, 0.4417249417249417, 0.42582025677603424, 0.9473251028806584, 0.7450980392156863, 0.05660377358490566]","[0.9973262032085561, 0.99800796812749, 0.9953488372093023, 0.9500609013398295, 0.9880694143167028, 0.9821627647714605, 0.980246913580247, 0.9974025974025974, 0.5861781848459617, 0.9906759906759907, 0.2729513247073321, 0.9875, 0.9603489294210944, 0.9342560553633218]","[0.03696741854636591, 0.9953434225844005, 0.9973285841495992, 0.926605504587156, 0.63003663003663, 0.05964912280701754, 0.9472573839662447, 0.41124260355029585, 0.8513071895424836, 0.03871748336358137, 0.07074569789674952, 0.710236220472441, 0.039466666666666664]",41.89395289954268,9.85331367878652,48.3468928602336,19.477060317993164,6.94442081451416,4.834486484527588,7.698153018951416,303669.796875,101689.9453125,133100.296875,68879.5546875,303650.328125,101683.0,133095.46875,68871.859375,,COMPLETE,False,,,100.0941594385628
roa,96,,2026-10-07 00:59:52.998457,2026-10-07 01:01:02.625820,0 days 00:01:09.627363,0.9,0.0037884349406731,0.0484991381884218,40.04572487487928,1.7966386309919358,46.53234631217096,88.37470981804216,70.54176339398595,59.95427512512072,98.20336136900806,53.46765368782904,"[0.07303047728579644, 0.23740554156171284, 0.9670975323149236, 0.9790055248618784, 0.7181467181467182, 0.910958904109589, 0.9798728813559322, 0.9964381121994658, 0.14987405541561713, 0.4721233689205219, 0.40406162464985995, 0.9613168724279836, 0.48534798534798534, 0.05891891891891892]","[0.9973262032085561, 0.99800796812749, 0.9953488372093023, 0.9680589680589681, 0.9880694143167028, 0.9832775919732442, 0.9786008230452675, 0.9974025974025974, 0.9906832298136646, 0.9906759906759907, 0.9827586206896551, 0.9855769230769231, 0.9625796178343949, 0.9301038062283737]","[0.03017751479289941, 0.9953434225844005, 0.9973285841495992, 0.9803407601572739, 0.7762836185819071, 0.03368304803975704, 0.9177350427350427, 0.424310216256525, 0.8879803761242846, 0.031591737545565005, 0.044648318042813454, 0.7907523510971787, 0.040619989310529125]",40.04572487487928,1.7966386309919358,46.53234631217096,20.7092866897583,8.349775314331055,3.755905151367188,8.603606224060059,358637.171875,123145.046875,152001.609375,83490.515625,358616.46875,123136.6953125,151997.859375,83481.9140625,,COMPLETE,True,,,88.37470981804216
roa,97,,2026-10-07 01:01:02.632460,2026-10-07 01:02:11.262798,0 days 00:01:08.630338,0.8,0.0045764794529443,0.0431478629035223,39.854267812151534,1.8002430890578438,56.81362802054672,98.4681389217561,67.17728702608129,60.14573218784847,98.19975691094216,43.18637197945328,"[0.07443739180611655, 0.9841860465116279, 0.9905992949471211, 0.9779005524861878, 0.8681875792141952, 0.9116438356164384, 0.9851694915254238, 0.9964381121994658, 0.15101522842639595, 0.052, 0.08269344359125812, 0.9563786008230453, 0.3297204791785511, 0.060032449972958354]","[0.9973262032085561, 0.99800796812749, 0.9953488372093023, 0.9778869778869779, 0.9880694143167028, 0.9821627647714605, 0.9753086419753086, 0.9974025974025974, 0.9906832298136646, 0.9906759906759907, 0.9827429609445958, 0.9846153846153847, 0.9617834394904459, 0.9259515570934256]","[0.029646522234891677, 0.9953434225844005, 0.9973285841495992, 0.981651376146789, 0.04141689373297003, 0.041031036296685953, 0.9807486631016042, 0.43889716840536513, 0.9365337672904801, 0.04044548651817116, 0.038621509209744505, 0.05038560411311054, 0.04217832354511479]",39.854267812151534,1.8002430890578438,56.81362802054672,19.93460464477539,7.85032320022583,3.815797328948975,8.268484115600586,348958.5859375,119491.984375,148656.890625,80809.7109375,348938.65625,119484.1328125,148653.078125,80801.4453125,,COMPLETE,False,,,98.4681389217561
roa,98,,2026-10-07 01:02:11.270788,2026-10-07 01:03:24.318825,0 days 00:01:13.048037,0.9,0.0047104311334122,0.0477469709966289,37.08074290690119,1.7887777079214544,52.1471690470656,91.01668966188824,69.66110344603725,62.919257093098814,98.21122229207856,47.8528309529344,"[0.07390300230946882, 0.9878731343283582, 0.9753231492361927, 0.9790055248618784, 0.8226221079691517, 0.9033584647018505, 0.9851694915254238, 0.9964381121994658, 0.1516497461928934, 0.5237529691211401, 0.06807228915662651, 0.9547325102880658, 0.32592592592592595, 0.06086956521739131]","[0.9973262032085561, 0.99800796812749, 0.9953488372093023, 0.972972972972973, 0.9880694143167028, 0.9832775919732442, 0.9753086419753086, 0.9974025974025974, 0.9906832298136646, 0.9906759906759907, 0.9836512261580381, 0.9855769230769231, 0.9625498007968127, 0.928719723183391]","[0.029754959159859977, 0.9953434225844005, 0.9973285841495992, 0.981651376146789, 0.03774617067833698, 0.03715670436187399, 0.9038461538461539, 0.4277198211624441, 0.923202614379085, 0.03699211643420255, 0.03834449178332319, 0.7701149425287356, 0.041666666666666664]",37.08074290690119,1.7887777079214544,52.1471690470656,20.146921396255493,8.145244598388672,3.708275079727173,8.293401718139648,357293.4453125,122657.796875,151542.4375,83093.2109375,357273.296875,122649.6484375,151538.734375,83084.9140625,,COMPLETE,False,,,91.01668966188824
roa,99,,2026-10-07 01:03:24.325358,2026-10-07 01:04:33.535714,0 days 00:01:09.210356,0.9,0.0048945710145889,0.048003195849024,37.04266669964847,1.847105659833716,52.189078528993285,91.07885088847549,69.64038303717484,62.95733330035153,98.15289434016628,47.81092147100672,"[0.07403123192596876, 0.9878731343283582, 0.981198589894242, 0.980110497237569, 0.8226221079691517, 0.90815627141878, 0.9830508474576272, 0.9964381121994658, 0.15101522842639595, 0.5181711606096131, 0.06618531889290012, 0.9547325102880658, 0.32953898690950484, 0.06090266449157151]","[0.9973262032085561, 0.99800796812749, 0.9953488372093023, 0.9742014742014742, 0.9880694143167028, 0.9832775919732442, 0.9753086419753086, 0.9974025974025974, 0.989648033126294, 0.9906759906759907, 0.9818346957311535, 0.9855769230769231, 0.9601593625498008, 0.9245674740484429]","[0.029754959159859977, 0.9953434225844005, 0.9973285841495992, 0.981651376146789, 0.03774617067833698, 0.03796791443850268, 0.9081196581196581, 0.42783123612139157, 0.9183673469387755, 0.036858006042296075, 0.03719512195121951, 0.7633587786259542, 0.043897216274089934]",37.04266669964847,1.847105659833716,52.189078528993285,20.436317682266235,8.323599815368652,3.768265008926392,8.344452857971191,357753.65625,122826.7578125,151697.59375,83229.3046875,357733.2265625,122818.4375,151693.828125,83220.9609375,,COMPLETE,False,,,91.07885088847549
