branch,recording,sub,condition,snr,unit,gt_unit,roa_calib,roa_full,roa_after_cal,roa_first_iso,roa_ramp,roa_last_iso,sil,n_spikes,n_spikes_gt
fixed,sub-01_FDSI_staircase_snr30dB,sub-01,staircase,30,0,28,0.9850746268656716,0.6024242424242424,0.5852272727272727,,,,0.9623682498931884,994,1650
fixed,sub-01_FDSI_staircase_snr30dB,sub-01,staircase,30,1,38,1.0,0.2999120492524186,0.271062271062271,,,,0.9421235918998718,341,1137
fixed,sub-01_FDSI_staircase_snr30dB,sub-01,staircase,30,2,7,0.9647058823529412,0.3155929038281979,0.2887700534759358,,,,0.9105631709098816,689,2129
fixed,sub-01_FDSI_staircase_snr30dB,sub-01,staircase,30,3,37,1.0,0.2224899598393574,0.1913116123642439,,,,0.9370156526565552,313,1209
fixed,sub-01_FDSI_staircase_snr30dB,sub-01,staircase,30,4,31,1.0,0.3688480259599783,0.3469501958589815,,,,0.9135575294494628,1006,1525
fixed,sub-01_FDSI_staircase_snr30dB,sub-01,staircase,30,5,35,1.0,0.204647676161919,0.17109375,,,,0.9359580278396606,278,1329
fixed,sub-01_FDSI_staircase_snr30dB,sub-01,staircase,30,6,34,1.0,0.3968368080517613,0.3715355805243445,,,,0.9473125338554382,564,1379
fixed,sub-01_FDSI_staircase_snr30dB,sub-01,staircase,30,7,36,1.0,0.4057052297939778,0.3806771263418662,,,,0.9493496417999268,512,1262
fixed,sub-01_FDSI_staircase_snr30dB,sub-01,staircase,30,8,24,1.0,0.4096452328159645,0.3851039260969977,,,,0.9275899529457092,740,1803
fixed,sub-01_FDSI_staircase_snr30dB,sub-01,staircase,30,9,30,1.0,0.1830985915492957,0.1567043618739903,,,,0.9278308749198914,696,1572
fixed,sub-01_FDSI_staircase_snr30dB,sub-01,staircase,30,10,33,1.0,0.2432249322493224,0.2133802816901408,,,,0.9317805171012878,405,1430
fixed,sub-01_FDSI_staircase_snr30dB,sub-01,staircase,30,11,32,1.0,0.4219380888290713,0.3967696629213483,,,,0.9468780159950256,628,1485
fixed,sub-01_FDSI_staircase_snr30dB,sub-01,staircase,30,12,22,0.9324324324324323,0.2683315621679065,0.2411504424778761,,,,0.9001202583312988,540,1847
fixed,sub-01_FDSI_staircase_snr30dB,sub-01,staircase,30,13,29,0.984126984126984,0.2195945945945946,0.1956197112991538,,,,0.900336742401123,910,1617
fixed,sub-01_FDSI_staircase_snr25dB,sub-01,staircase,25,0,28,0.9850746268656716,0.546060606060606,0.5265151515151515,,,,0.9482513666152954,901,1650
fixed,sub-01_FDSI_staircase_snr25dB,sub-01,staircase,25,1,38,1.0,0.2612137203166227,0.2307692307692307,,,,0.9445192217826844,297,1137
fixed,sub-01_FDSI_staircase_snr25dB,sub-01,staircase,25,2,37,1.0,0.2097165991902834,0.1777590564448188,,,,0.938588559627533,285,1209
fixed,sub-01_FDSI_staircase_snr25dB,sub-01,staircase,25,3,31,0.967741935483871,0.3530655391120507,0.3322404371584699,,,,0.898280143737793,1035,1525
fixed,sub-01_FDSI_staircase_snr25dB,sub-01,staircase,25,4,24,0.9722222222222222,0.3867102396514161,0.3628117913832199,,,,0.9302588701248168,743,1803
fixed,sub-01_FDSI_staircase_snr25dB,sub-01,staircase,25,5,34,1.0,0.3833935018050541,0.3574115876598946,,,,0.939524471759796,537,1379
fixed,sub-01_FDSI_staircase_snr25dB,sub-01,staircase,25,6,30,1.0,0.1748949579831932,0.1480477223427332,,,,0.92289400100708,665,1572
fixed,sub-01_FDSI_staircase_snr25dB,sub-01,staircase,25,7,36,1.0,0.39540412044374,0.3699421965317919,,,,0.9433470368385316,499,1262
fixed,sub-01_FDSI_staircase_snr25dB,sub-01,staircase,25,8,33,1.0,0.2463949843260188,0.2189733593242365,,,,0.9141843914985656,558,1430
fixed,sub-01_FDSI_staircase_snr25dB,sub-01,staircase,25,9,32,1.0,0.371043771043771,0.3436401967673928,,,,0.9414922595024108,551,1485
fixed,sub-01_FDSI_staircase_snr25dB,sub-01,staircase,25,10,35,0.9629629629629628,0.3348382242287434,0.308235294117647,,,,0.9278679490089417,445,1329
fixed,sub-01_FDSI_staircase_snr25dB,sub-01,staircase,25,11,29,0.9206349206349206,0.1958441558441558,0.1713211600429645,,,,0.9054040908813475,685,1617
fixed,sub-01_FDSI_staircase_snr20dB,sub-01,staircase,20,0,28,0.9850746268656716,0.5872727272727273,0.5694444444444444,,,,0.9608227014541626,969,1650
fixed,sub-01_FDSI_staircase_snr20dB,sub-01,staircase,20,1,38,1.0,0.2629727352682497,0.2326007326007326,,,,0.9365965127944946,299,1137
fixed,sub-01_FDSI_staircase_snr20dB,sub-01,staircase,20,2,36,1.0,0.2345483359746434,0.2023121387283237,,,,0.9445581436157228,296,1262
fixed,sub-01_FDSI_staircase_snr20dB,sub-01,staircase,20,3,37,0.9791666666666666,0.2171799027552674,0.1863406408094435,,,,0.928246259689331,293,1209
fixed,sub-01_FDSI_staircase_snr20dB,sub-01,staircase,20,4,34,0.9821428571428572,0.3347794649313087,0.3074604370761115,,,,0.9362497329711914,467,1379
fixed,sub-01_FDSI_staircase_snr20dB,sub-01,staircase,20,5,32,1.0,0.3878787878787879,0.3612087139845397,,,,0.9495770931243896,576,1485
fixed,sub-01_FDSI_staircase_snr15dB,sub-01,staircase,15,0,28,0.9850746268656716,0.5957575757575757,0.5782828282828283,,,,0.9582782983779908,983,1650
fixed,sub-01_FDSI_staircase_snr15dB,sub-01,staircase,15,1,38,1.0,0.2189973614775725,0.1868131868131868,,,,0.9200299382209778,249,1137
fixed,sub-01_FDSI_staircase_snr15dB,sub-01,staircase,15,2,36,0.9803921568627452,0.1996830427892234,0.166804293971924,,,,0.938499629497528,252,1262
fixed,sub-01_FDSI_staircase_snr15dB,sub-01,staircase,15,3,34,0.9285714285714286,0.2844765342960288,0.2573363431151241,,,,0.9202945828437804,400,1379
fixed,sub-01_FDSI_staircase_snr15dB,sub-01,staircase,15,4,32,0.9516129032258064,0.4033670033670034,0.3794799718903724,,,,0.9296170473098756,599,1485
fixed,sub-01_FDSI_triangular-ramp40s_snr30dB,sub-01,triangular-ramp40s,30,0,28,1.0,0.632996632996633,0.6114081996434938,1.0,0.561491935483871,0.9846153846153848,0.9614933729171752,752,1188
fixed,sub-01_FDSI_triangular-ramp40s_snr30dB,sub-01,triangular-ramp40s,30,1,32,1.0,0.4708097928436911,0.4402390438247012,1.0,0.3646659116647792,0.9833333333333332,0.9561842083930968,500,1062
fixed,sub-01_FDSI_triangular-ramp40s_snr30dB,sub-01,triangular-ramp40s,30,2,30,1.0,0.2723214285714285,0.2371294851794071,1.0,0.1532467532467532,1.0,0.9435643553733826,573,1137
fixed,sub-01_FDSI_triangular-ramp40s_snr30dB,sub-01,triangular-ramp40s,30,3,37,1.0,0.2819634703196347,0.241254523522316,1.0,0.1418826739427012,1.0,0.9486566185951232,262,861
fixed,sub-01_FDSI_triangular-ramp40s_snr30dB,sub-01,triangular-ramp40s,30,4,34,0.9821428571428572,0.4349142280524722,0.4006410256410256,0.9910714285714286,0.3212121212121212,0.9818181818181818,0.9539523720741272,445,977
fixed,sub-01_FDSI_triangular-ramp40s_snr30dB,sub-01,triangular-ramp40s,30,5,35,1.0,0.2992623814541623,0.2594654788418708,0.9902912621359224,0.1626733921815889,1.0,0.9370079040527344,285,948
fixed,sub-01_FDSI_triangular-ramp40s_snr30dB,sub-01,triangular-ramp40s,30,6,24,0.9855072463768116,0.441588785046729,0.4106995884773662,0.9784172661870504,0.3364398881640261,0.9722222222222222,0.940039873123169,567,1284
fixed,sub-01_FDSI_triangular-ramp40s_snr30dB,sub-01,triangular-ramp40s,30,7,38,1.0,0.42997542997543,0.3974025974025974,1.0,0.3156342182890855,1.0,0.96263188123703,350,814
fixed,sub-01_FDSI_triangular-ramp40s_snr30dB,sub-01,triangular-ramp40s,30,8,33,1.0,0.2770731707317073,0.2352941176470588,0.9553571428571428,0.1381733021077283,1.0,0.9343017935752868,287,1022
fixed,sub-01_FDSI_triangular-ramp40s_snr30dB,sub-01,triangular-ramp40s,30,9,36,1.0,0.4685777287761852,0.4382284382284382,1.0,0.3666228646517739,1.0,0.946032464504242,425,907
fixed,sub-01_FDSI_triangular-ramp40s_snr30dB,sub-01,triangular-ramp40s,30,10,29,0.9682539682539684,0.2458899213724088,0.2118263473053892,0.9448818897637796,0.132669983416252,0.9696969696969696,0.9204434156417848,580,1163
fixed,sub-01_FDSI_triangular-ramp40s_snr30dB,sub-01,triangular-ramp40s,30,11,31,1.0,0.667167543200601,0.6517295597484277,1.0,0.6165217391304347,0.9365079365079364,0.8889268636703491,1120,1099
fixed,sub-01_FDSI_triangular-ramp40s_snr30dB,sub-01,triangular-ramp40s,30,12,22,0.9333333333333332,0.3113278319579895,0.2742448330683625,0.8843537414965986,0.1928251121076233,0.9583333333333334,0.9245390892028807,418,1330
fixed,sub-01_FDSI_triangular-ramp40s_snr30dB,sub-01,triangular-ramp40s,30,13,7,0.902439024390244,0.3061357702349869,0.2724137931034482,0.7724550898203593,0.2064112587959343,0.8837209302325582,0.9191499948501588,474,1527
fixed,sub-01_FDSI_triangular-ramp40s_snr25dB,sub-01,triangular-ramp40s,25,0,28,1.0,0.6380471380471381,0.6167557932263814,1.0,0.5675403225806451,0.9846153846153848,0.9605699777603148,758,1188
fixed,sub-01_FDSI_triangular-ramp40s_snr25dB,sub-01,triangular-ramp40s,25,1,32,1.0,0.4491525423728814,0.4173306772908366,1.0,0.3374858437146092,1.0,0.9487425088882446,477,1062
fixed,sub-01_FDSI_triangular-ramp40s_snr25dB,sub-01,triangular-ramp40s,25,2,37,1.0,0.2821387940841866,0.2415865384615384,0.9893617021276596,0.1440217391304347,1.0,0.9360135197639464,266,861
fixed,sub-01_FDSI_triangular-ramp40s_snr25dB,sub-01,triangular-ramp40s,25,3,24,0.927536231884058,0.3714953271028037,0.339917695473251,0.8848920863309353,0.2681564245810056,0.9027777777777778,0.9237974882125854,477,1284
fixed,sub-01_FDSI_triangular-ramp40s_snr25dB,sub-01,triangular-ramp40s,25,4,34,0.9642857142857144,0.4418367346938776,0.4086486486486486,0.9821428571428572,0.328009828009828,1.0,0.94536554813385,436,977
fixed,sub-01_FDSI_triangular-ramp40s_snr25dB,sub-01,triangular-ramp40s,25,5,38,1.0,0.4103194103194103,0.3766233766233766,1.0,0.2920353982300885,1.0,0.957834780216217,334,814
fixed,sub-01_FDSI_triangular-ramp40s_snr25dB,sub-01,triangular-ramp40s,25,6,29,0.9523809523809524,0.224947442186405,0.1913489736070381,0.9212598425196852,0.1207455429497568,0.8333333333333334,0.9158046245574952,585,1163
fixed,sub-01_FDSI_triangular-ramp40s_snr25dB,sub-01,triangular-ramp40s,25,7,30,1.0,0.3238925199709513,0.2920152091254753,0.992,0.2171717171717171,1.0,0.9354068040847778,686,1137
fixed,sub-01_FDSI_triangular-ramp40s_snr25dB,sub-01,triangular-ramp40s,25,8,36,1.0,0.3131201764057332,0.2738927738927739,1.0,0.1800262812089356,0.98,0.9602357149124146,284,907
fixed,sub-01_FDSI_triangular-ramp40s_snr25dB,sub-01,triangular-ramp40s,25,9,35,0.9803921568627452,0.3196202531645569,0.282051282051282,0.9611650485436892,0.1929382093316519,0.9433962264150944,0.9190331697463988,303,948
fixed,sub-01_FDSI_triangular-ramp40s_snr25dB,sub-01,triangular-ramp40s,25,10,31,0.9830508474576272,0.3943981831945495,0.366877971473851,0.9831932773109244,0.3081650570676031,0.8412698412698413,0.904224693775177,743,1099
fixed,sub-01_FDSI_triangular-ramp40s_snr25dB,sub-01,triangular-ramp40s,25,11,33,0.9821428571428572,0.1972350230414746,0.1545189504373177,0.8214285714285714,0.0754923413566739,0.8983050847457628,0.9256467819213868,277,1022
fixed,sub-01_FDSI_triangular-ramp40s_snr20dB,sub-01,triangular-ramp40s,20,0,28,1.0,0.6759259259259259,0.6568627450980392,1.0,0.6118951612903226,1.0,0.961192548274994,803,1188
fixed,sub-01_FDSI_triangular-ramp40s_snr20dB,sub-01,triangular-ramp40s,20,1,32,1.0,0.4500941619585687,0.4183266932270916,1.0,0.3386183465458663,1.0,0.9427565932273864,478,1062
fixed,sub-01_FDSI_triangular-ramp40s_snr20dB,sub-01,triangular-ramp40s,20,2,38,1.0,0.4090909090909091,0.3753246753246753,1.0,0.2905604719764011,1.0,0.9544504880905152,333,814
fixed,sub-01_FDSI_triangular-ramp40s_snr20dB,sub-01,triangular-ramp40s,20,3,35,0.9019607843137256,0.2103134479271992,0.1727078891257995,0.7766990291262136,0.1152460984393757,0.6037735849056604,0.8937664031982422,249,948
fixed,sub-01_FDSI_triangular-ramp40s_snr20dB,sub-01,triangular-ramp40s,20,4,36,1.0,0.3098125689084895,0.2703962703962704,0.9896907216494846,0.1773981603153745,0.98,0.95558363199234,281,907
fixed,sub-01_FDSI_triangular-ramp40s_snr20dB,sub-01,triangular-ramp40s,20,5,34,0.9642857142857144,0.3908629441624365,0.3548387096774194,0.9642857142857144,0.271062271062271,0.9818181818181818,0.929610013961792,393,977
fixed,sub-01_FDSI_triangular-ramp40s_snr20dB,sub-01,triangular-ramp40s,20,6,37,0.9148936170212766,0.284077892325315,0.24818401937046,0.925531914893617,0.1575342465753424,0.9387755102040816,0.923628270626068,260,861
fixed,sub-01_FDSI_triangular-ramp40s_snr15dB,sub-01,triangular-ramp40s,15,0,28,1.0,0.6590909090909091,0.6390374331550802,1.0,0.5917338709677419,1.0,0.957349956035614,783,1188
fixed,sub-01_FDSI_triangular-ramp40s_snr15dB,sub-01,triangular-ramp40s,15,1,34,0.9107142857142856,0.3454545454545454,0.3101604278074866,0.90990990990991,0.2317961165048543,0.9090909090909092,0.923798143863678,355,977
fixed,sub-01_FDSI_triangular-ramp40s_snr15dB,sub-01,triangular-ramp40s,15,2,36,0.9183673469387756,0.2238147739801543,0.1841491841491841,0.8762886597938144,0.0998685939553219,0.8571428571428571,0.9442611932754515,203,907
fixed,sub-01_FDSI_triangular-ramp40s_snr15dB,sub-01,triangular-ramp40s,15,3,38,1.0,0.312039312039312,0.2727272727272727,1.0,0.1769911504424778,0.9555555555555556,0.9416656494140624,254,814
fixed,sub-01_FDSI_triangular-ramp20s_snr30dB,sub-01,triangular-ramp20s,30,0,36,1.0,0.3973655323819978,0.3616279069767442,0.9805825242718448,0.2776315789473684,1.0,0.9629800319671632,362,911
fixed,sub-01_FDSI_triangular-ramp20s_snr30dB,sub-01,triangular-ramp20s,30,1,38,1.0,0.3300370828182942,0.2924281984334204,0.9540229885057472,0.2029629629629629,1.0,0.9527090787887572,267,809
fixed,sub-01_FDSI_triangular-ramp20s_snr30dB,sub-01,triangular-ramp20s,30,2,28,1.0,0.6387043189368771,0.6170774647887324,1.0,0.5654345654345654,1.0,0.9590469598770142,769,1204
fixed,sub-01_FDSI_triangular-ramp20s_snr30dB,sub-01,triangular-ramp20s,30,3,35,1.0,0.3120418848167539,0.2716186252771618,0.897196261682243,0.1896984924623115,0.9807692307692308,0.9356074333190918,299,954
fixed,sub-01_FDSI_triangular-ramp20s_snr30dB,sub-01,triangular-ramp20s,30,4,34,1.0,0.437246963562753,0.405982905982906,1.0,0.3276904474002418,1.0,0.9531100392341614,435,985
fixed,sub-01_FDSI_triangular-ramp20s_snr30dB,sub-01,triangular-ramp20s,30,5,32,1.0,0.391713747645951,0.3559322033898305,0.991304347826087,0.2728297632468996,1.0,0.9591198563575744,416,1062
fixed,sub-01_FDSI_triangular-ramp20s_snr30dB,sub-01,triangular-ramp20s,30,6,37,1.0,0.2952488687782805,0.2538922155688622,0.8947368421052632,0.1729729729729729,0.979591836734694,0.9434003829956056,274,871
fixed,sub-01_FDSI_triangular-ramp20s_snr30dB,sub-01,triangular-ramp20s,30,7,24,0.9859154929577464,0.4072924747866563,0.3735632183908046,0.9577464788732394,0.2973977695167286,0.971830985915493,0.94011253118515,525,1289
fixed,sub-01_FDSI_triangular-ramp20s_snr30dB,sub-01,triangular-ramp20s,30,8,33,1.0,0.2948090107737512,0.2531120331950207,0.8956521739130435,0.1670588235294117,1.0,0.9456933736801147,301,1021
fixed,sub-01_FDSI_triangular-ramp20s_snr30dB,sub-01,triangular-ramp20s,30,9,30,1.0,0.3088445078459343,0.276865671641791,0.984126984126984,0.2021452145214521,1.0,0.9235796928405762,712,1123
fixed,sub-01_FDSI_triangular-ramp20s_snr30dB,sub-01,triangular-ramp20s,30,10,31,1.0,0.4613526570048309,0.434010152284264,1.0,0.3704052780395853,0.9833333333333332,0.9212512969970704,724,1091
fixed,sub-01_FDSI_triangular-ramp20s_snr30dB,sub-01,triangular-ramp20s,30,11,29,0.9846153846153848,0.2554054054054054,0.2219081272084805,0.8992248062015504,0.1533073929961089,0.9848484848484848,0.904734432697296,696,1162
fixed,sub-01_FDSI_triangular-ramp20s_snr30dB,sub-01,triangular-ramp20s,30,12,13,0.9,0.5140712945590994,0.4937458854509546,0.8834355828220859,0.4454277286135693,0.9012345679012346,0.8747856616973877,947,1474
fixed,sub-01_FDSI_triangular-ramp20s_snr30dB,sub-01,triangular-ramp20s,30,13,22,1.0,0.3306152705707932,0.2912087912087912,0.86,0.2154942119323241,0.986842105263158,0.921314775943756,458,1337
fixed,sub-01_FDSI_triangular-ramp20s_snr25dB,sub-01,triangular-ramp20s,25,0,36,1.0,0.3951701427003293,0.3593023255813953,0.9805825242718448,0.275,1.0,0.9593605399131776,360,911
fixed,sub-01_FDSI_triangular-ramp20s_snr25dB,sub-01,triangular-ramp20s,25,1,38,1.0,0.3189122373300371,0.2806788511749347,0.9310344827586208,0.1925925925925926,1.0,0.9543927311897278,258,809
fixed,sub-01_FDSI_triangular-ramp20s_snr25dB,sub-01,triangular-ramp20s,25,2,28,1.0,0.6602990033222591,0.6399647887323944,1.0,0.5914085914085914,1.0,0.9608935117721558,795,1204
fixed,sub-01_FDSI_triangular-ramp20s_snr25dB,sub-01,triangular-ramp20s,25,3,34,1.0,0.4372509960159362,0.4065126050420168,0.9905660377358492,0.3309608540925267,1.0,0.94525146484375,458,985
fixed,sub-01_FDSI_triangular-ramp20s_snr25dB,sub-01,triangular-ramp20s,25,4,35,1.0,0.3078534031413613,0.2671840354767184,0.8317757009345794,0.1947236180904522,0.9615384615384616,0.9216787219047546,295,954
fixed,sub-01_FDSI_triangular-ramp20s_snr25dB,sub-01,triangular-ramp20s,25,5,32,1.0,0.4350282485875706,0.4017946161515454,0.9652173913043478,0.3288288288288288,0.9666666666666668,0.9541603922843932,462,1062
fixed,sub-01_FDSI_triangular-ramp20s_snr25dB,sub-01,triangular-ramp20s,25,6,37,1.0,0.2890888638920135,0.2476190476190476,0.9052631578947368,0.1637583892617449,1.0,0.9357252717018129,275,871
fixed,sub-01_FDSI_triangular-ramp20s_snr25dB,sub-01,triangular-ramp20s,25,7,31,0.9666666666666668,0.3995519044062733,0.3729476153244722,0.9669421487603306,0.3117443868739205,0.95,0.9050379991531372,783,1091
fixed,sub-01_FDSI_triangular-ramp20s_snr25dB,sub-01,triangular-ramp20s,25,8,30,0.9838709677419356,0.3032069970845481,0.2709923664122137,0.9523809523809524,0.1979695431472081,0.96875,0.9227479696273804,665,1123
fixed,sub-01_FDSI_triangular-ramp20s_snr25dB,sub-01,triangular-ramp20s,25,9,33,0.9298245614035088,0.2561436672967864,0.2177822177822178,0.8,0.1409244644870349,0.9642857142857144,0.922967493534088,308,1021
fixed,sub-01_FDSI_triangular-ramp20s_snr25dB,sub-01,triangular-ramp20s,25,10,22,0.9066666666666666,0.2851851851851852,0.2486274509803921,0.78,0.1797153024911032,0.868421052631579,0.907204806804657,398,1337
fixed,sub-01_FDSI_triangular-ramp20s_snr20dB,sub-01,triangular-ramp20s,20,0,38,1.0,0.3201483312731767,0.2819843342036554,0.9195402298850576,0.1955555555555555,1.0,0.9445796608924866,259,809
fixed,sub-01_FDSI_triangular-ramp20s_snr20dB,sub-01,triangular-ramp20s,20,1,32,1.0,0.4340866290018832,0.4007976071784646,0.982608695652174,0.3254504504504504,0.9666666666666668,0.9414160251617432,461,1062
fixed,sub-01_FDSI_triangular-ramp20s_snr20dB,sub-01,triangular-ramp20s,20,2,28,1.0,0.6478405315614618,0.6267605633802817,0.9925373134328358,0.5774225774225774,1.0,0.9614924788475036,780,1204
fixed,sub-01_FDSI_triangular-ramp20s_snr20dB,sub-01,triangular-ramp20s,20,3,36,1.0,0.3040614709110867,0.2627906976744186,0.941747572815534,0.1710526315789473,1.0,0.947544276714325,277,911
fixed,sub-01_FDSI_triangular-ramp20s_snr20dB,sub-01,triangular-ramp20s,20,4,34,1.0,0.4187437686939183,0.3869610935856992,0.9245283018867924,0.3171021377672209,1.0,0.9315547347068788,438,985
fixed,sub-01_FDSI_triangular-ramp20s_snr15dB,sub-01,triangular-ramp20s,15,0,28,1.0,0.6802325581395349,0.6610915492957746,1.0,0.6163836163836164,0.9855072463768116,0.961859941482544,819,1204
fixed,sub-01_FDSI_triangular-ramp20s_snr15dB,sub-01,triangular-ramp20s,15,1,38,1.0,0.3263288009888752,0.2885117493472585,0.9540229885057472,0.1985185185185185,1.0,0.9456034898757936,264,809
fixed,sub-01_FDSI_triangular-ramp20s_snr15dB,sub-01,triangular-ramp20s,15,2,32,0.9830508474576272,0.4595103578154426,0.4287138584247258,0.9478260869565216,0.3637387387387387,0.9166666666666666,0.928386390209198,488,1062
fixed,sub-01_FDSI_triangular-ramp20s_snr15dB,sub-01,triangular-ramp20s,15,3,36,0.9019607843137256,0.261251372118551,0.2232558139534883,0.8058252427184466,0.1434210526315789,0.9183673469387756,0.9353616833686828,238,911
fixed,sub-01_FDSI_triangular-ramp10s_snr30dB,sub-01,triangular-ramp10s,30,0,32,1.0,0.2585727525486561,0.2164544564152791,0.6610169491525424,0.1583610188261351,1.0,0.94935142993927,292,1066
fixed,sub-01_FDSI_triangular-ramp10s_snr30dB,sub-01,triangular-ramp10s,30,1,30,1.0,0.3008474576271186,0.2699115044247787,0.7651515151515151,0.2145782145782145,1.0,0.9383467435836792,710,1132
fixed,sub-01_FDSI_triangular-ramp10s_snr30dB,sub-01,triangular-ramp10s,30,2,36,1.0,0.3004434589800443,0.2585193889541715,0.7128712871287128,0.1973333333333333,1.0,0.961600422859192,271,902
fixed,sub-01_FDSI_triangular-ramp10s_snr30dB,sub-01,triangular-ramp10s,30,3,35,1.0,0.3958115183246073,0.360310421286031,0.8301886792452831,0.2986198243412798,1.0,0.9471997022628784,378,955
fixed,sub-01_FDSI_triangular-ramp10s_snr30dB,sub-01,triangular-ramp10s,30,4,38,1.0,0.2796092796092796,0.2367399741267787,0.7142857142857143,0.1766423357664233,1.0,0.9647196531295776,229,819
fixed,sub-01_FDSI_triangular-ramp10s_snr30dB,sub-01,triangular-ramp10s,30,5,7,0.9047619047619048,0.3491239454899416,0.3170899107755662,0.7470588235294118,0.2581648522550544,0.9069767441860463,0.9170101881027222,539,1540
fixed,sub-01_FDSI_triangular-ramp10s_snr30dB,sub-01,triangular-ramp10s,30,6,34,1.0,0.4302554027504912,0.3983402489626556,0.8348623853211009,0.3411488862837045,1.0,0.943765103816986,460,996
fixed,sub-01_FDSI_triangular-ramp10s_snr30dB,sub-01,triangular-ramp10s,30,7,28,1.0,0.6478991596638656,0.6268922528940338,1.0,0.5787878787878787,0.9692307692307692,0.9544817805290222,771,1190
fixed,sub-01_FDSI_triangular-ramp10s_snr30dB,sub-01,triangular-ramp10s,30,8,33,1.0,0.3098214285714286,0.2728127939793038,0.7586206896551724,0.2116402116402116,1.0,0.9357171654701232,428,1039
fixed,sub-01_FDSI_triangular-ramp10s_snr30dB,sub-01,triangular-ramp10s,30,9,37,1.0,0.2908680947012401,0.2511904761904762,0.7052631578947368,0.1932885906040268,1.0,0.9462169408798218,276,869
fixed,sub-01_FDSI_triangular-ramp10s_snr30dB,sub-01,triangular-ramp10s,30,10,31,1.0,0.4190902311707681,0.3909304143862392,0.9069767441860463,0.3342013888888889,1.0,0.9221788048744202,798,1105
fixed,sub-01_FDSI_triangular-ramp10s_snr30dB,sub-01,triangular-ramp10s,30,11,24,1.0,0.4720930232558139,0.4413453650533224,0.8936170212765957,0.3833333333333333,1.0,0.929223358631134,613,1286
fixed,sub-01_FDSI_triangular-ramp10s_snr30dB,sub-01,triangular-ramp10s,30,12,22,0.9178082191780822,0.3184115523465703,0.2850609756097561,0.7006802721088435,0.2328178694158075,0.9054054054054054,0.9067015051841736,491,1335
fixed,sub-01_FDSI_triangular-ramp10s_snr30dB,sub-01,triangular-ramp10s,30,13,29,0.9846153846153848,0.2548512289780077,0.2228224172856178,0.6551724137931034,0.1773952095808383,0.953846153846154,0.8743894100189209,778,1162
fixed,sub-01_FDSI_triangular-ramp10s_snr25dB,sub-01,triangular-ramp10s,25,0,30,1.0,0.3037615330021291,0.2727946627131208,0.7461538461538462,0.2203947368421052,1.0,0.9290713667869568,705,1132
fixed,sub-01_FDSI_triangular-ramp10s_snr25dB,sub-01,triangular-ramp10s,25,1,36,1.0,0.2982261640798226,0.2561692126909518,0.693069306930693,0.1973333333333333,1.0,0.9589541554450988,269,902
fixed,sub-01_FDSI_triangular-ramp10s_snr25dB,sub-01,triangular-ramp10s,25,2,38,1.0,0.2832722832722832,0.240620957309185,0.7252747252747253,0.1795620437956204,1.0,0.958805501461029,232,819
fixed,sub-01_FDSI_triangular-ramp10s_snr25dB,sub-01,triangular-ramp10s,25,3,35,1.0,0.303,0.2639915522703273,0.6698113207547169,0.2185273159144893,0.9230769230769232,0.9245371222496032,348,955
fixed,sub-01_FDSI_triangular-ramp10s_snr25dB,sub-01,triangular-ramp10s,25,4,32,1.0,0.3846153846153846,0.3492063492063492,0.8220338983050848,0.2865168539325842,1.0,0.94633811712265,410,1066
fixed,sub-01_FDSI_triangular-ramp10s_snr25dB,sub-01,triangular-ramp10s,25,5,28,1.0,0.6067226890756302,0.5832591273374889,0.9777777777777776,0.5323232323232323,0.9692307692307692,0.9456052780151368,722,1190
fixed,sub-01_FDSI_triangular-ramp10s_snr25dB,sub-01,triangular-ramp10s,25,6,31,0.9516129032258064,0.3803450862715679,0.3524783634933123,0.8091603053435115,0.3012259194395796,0.95,0.9202920198440552,735,1105
fixed,sub-01_FDSI_triangular-ramp10s_snr25dB,sub-01,triangular-ramp10s,25,7,37,1.0,0.2700564971751412,0.2291169451073985,0.6631578947368421,0.1790040376850605,0.9148936170212766,0.9298924207687378,255,869
fixed,sub-01_FDSI_triangular-ramp10s_snr25dB,sub-01,triangular-ramp10s,25,8,34,1.0,0.4795204795204795,0.4498416050686378,0.8899082568807339,0.3911483253588517,1.0,0.9419745802879332,485,996
fixed,sub-01_FDSI_triangular-ramp10s_snr25dB,sub-01,triangular-ramp10s,25,9,33,0.9824561403508772,0.2122854561878952,0.1704761904761904,0.5403225806451613,0.1233766233766233,0.9152542372881356,0.9136972427368164,303,1039
fixed,sub-01_FDSI_triangular-ramp10s_snr25dB,sub-01,triangular-ramp10s,25,10,24,0.9577464788732394,0.4215761285386381,0.3907766990291262,0.8014184397163121,0.3391066545123063,0.9565217391304348,0.918082058429718,572,1286
fixed,sub-01_FDSI_triangular-ramp10s_snr20dB,sub-01,triangular-ramp10s,20,0,34,1.0,0.4189054726368159,0.3859095688748685,0.8440366972477065,0.3273809523809524,0.9642857142857144,0.9333208799362184,430,996
fixed,sub-01_FDSI_triangular-ramp10s_snr20dB,sub-01,triangular-ramp10s,20,1,30,0.9166666666666666,0.1944235116804823,0.1602209944751381,0.5853658536585366,0.1165644171779141,0.8412698412698413,0.9028558731079102,453,1132
fixed,sub-01_FDSI_triangular-ramp10s_snr20dB,sub-01,triangular-ramp10s,20,2,36,1.0,0.2815964523281596,0.2385428907168037,0.6831683168316832,0.1786666666666666,1.0,0.9493353962898254,254,902
fixed,sub-01_FDSI_triangular-ramp10s_snr20dB,sub-01,triangular-ramp10s,20,3,32,0.9827586206896552,0.4305816135084427,0.3988095238095238,0.864406779661017,0.3359550561797753,1.0,0.9508131146430968,459,1066
fixed,sub-01_FDSI_triangular-ramp10s_snr20dB,sub-01,triangular-ramp10s,20,4,38,1.0,0.2844932844932845,0.241914618369987,0.6813186813186813,0.1868613138686131,1.0,0.9490401148796082,233,819
fixed,sub-01_FDSI_triangular-ramp10s_snr20dB,sub-01,triangular-ramp10s,20,5,35,0.981132075471698,0.2515090543259557,0.2104144527098831,0.6509433962264151,0.1722488038277512,0.7115384615384616,0.8937357068061829,289,955
fixed,sub-01_FDSI_triangular-ramp10s_snr20dB,sub-01,triangular-ramp10s,20,6,37,0.9361702127659576,0.2677345537757437,0.2297460701330108,0.6947368421052632,0.1707650273224043,0.9148936170212766,0.9179192781448364,239,869
fixed,sub-01_FDSI_triangular-ramp10s_snr20dB,sub-01,triangular-ramp10s,20,7,28,1.0,0.6042016806722689,0.5805877114870882,0.9555555555555556,0.5323232323232323,0.9692307692307692,0.9448996782302856,719,1190
fixed,sub-01_FDSI_triangular-ramp10s_snr15dB,sub-01,triangular-ramp10s,15,0,28,1.0,0.680672268907563,0.661620658949243,1.0,0.6161616161616161,1.0,0.96104633808136,810,1190
fixed,sub-01_FDSI_triangular-ramp10s_snr15dB,sub-01,triangular-ramp10s,15,1,36,0.9803921568627452,0.270509977827051,0.2279670975323149,0.6732673267326733,0.168,0.9803921568627452,0.9364126920700072,244,902
fixed,sub-01_FDSI_triangular-ramp10s_snr15dB,sub-01,triangular-ramp10s,15,2,38,1.0,0.2649572649572649,0.2212160413971539,0.6813186813186813,0.1678832116788321,0.9302325581395348,0.9348493218421936,217,819
fixed,sub-01_FDSI_triangular-ramp10s_snr15dB,sub-01,triangular-ramp10s,15,3,34,0.9074074074074074,0.361914257228315,0.3308746048472076,0.7339449541284404,0.2756563245823389,0.9285714285714286,0.9201013445854188,370,996
fixed,sub-01_FDSI_triangular-ramp5s_snr30dB,sub-01,triangular-ramp5s,30,0,32,1.0,0.2454624027657735,0.2041932543299909,0.5528455284552846,0.161025641025641,1.0,0.9353379607200624,375,1066
fixed,sub-01_FDSI_triangular-ramp5s_snr30dB,sub-01,triangular-ramp5s,30,1,36,1.0,0.4669603524229075,0.4365541327124563,0.6831683168316832,0.4036939313984168,1.0,0.9587393403053284,424,908
fixed,sub-01_FDSI_triangular-ramp5s_snr30dB,sub-01,triangular-ramp5s,30,2,28,1.0,0.6420168067226891,0.6206589492430988,0.8181818181818182,0.59375,0.9850746268656716,0.9609746932983398,764,1190
fixed,sub-01_FDSI_triangular-ramp5s_snr30dB,sub-01,triangular-ramp5s,30,3,38,1.0,0.4074074074074074,0.3709043250327654,0.648936170212766,0.3363095238095238,0.9772727272727272,0.9627955555915833,330,810
fixed,sub-01_FDSI_triangular-ramp5s_snr30dB,sub-01,triangular-ramp5s,30,4,37,1.0,0.3721198156682028,0.3369829683698296,0.6382978723404256,0.2941988950276243,1.0,0.9472039937973022,328,863
fixed,sub-01_FDSI_triangular-ramp5s_snr30dB,sub-01,triangular-ramp5s,30,5,33,1.0,0.2907317073170731,0.2505154639175257,0.6,0.2058139534883721,0.9642857142857144,0.9453762769699096,301,1022
fixed,sub-01_FDSI_triangular-ramp5s_snr30dB,sub-01,triangular-ramp5s,30,6,34,1.0,0.4397590361445783,0.4076433121019108,0.6788990825688074,0.3729016786570743,1.0,0.9545432925224304,446,988
fixed,sub-01_FDSI_triangular-ramp5s_snr30dB,sub-01,triangular-ramp5s,30,7,31,1.0,0.3959469992205768,0.3657937806873977,0.6417910447761194,0.3318014705882353,1.0,0.9223355650901794,681,1110
fixed,sub-01_FDSI_triangular-ramp5s_snr30dB,sub-01,triangular-ramp5s,30,8,24,1.0,0.4381245196003074,0.4042379788101059,0.6827586206896552,0.3677419354838709,0.9861111111111112,0.9295501708984376,574,1297
fixed,sub-01_FDSI_triangular-ramp5s_snr30dB,sub-01,triangular-ramp5s,30,9,30,1.0,0.2613803230543318,0.2261538461538461,0.5319148936170213,0.1896551724137931,1.0,0.9315662980079652,589,1129
fixed,sub-01_FDSI_triangular-ramp5s_snr30dB,sub-01,triangular-ramp5s,30,10,35,1.0,0.2639296187683284,0.2229102167182662,0.5701754385964912,0.1796966161026837,0.9807692307692308,0.9130332469940186,333,960
fixed,sub-01_FDSI_triangular-ramp5s_snr30dB,sub-01,triangular-ramp5s,30,11,22,0.9733333333333334,0.3708955223880597,0.3351778656126482,0.6577181208053692,0.2932735426008969,0.9473684210526316,0.9218357801437378,498,1339
fixed,sub-01_FDSI_triangular-ramp5s_snr30dB,sub-01,triangular-ramp5s,30,12,29,0.9682539682539684,0.2404554588077695,0.2083916083916084,0.5133333333333333,0.171875,0.984126984126984,0.9054321646690368,698,1154
fixed,sub-01_FDSI_triangular-ramp5s_snr25dB,sub-01,triangular-ramp5s,25,0,36,1.0,0.4713656387665198,0.4412107101280559,0.7128712871287128,0.4050131926121372,1.0,0.9507852792739868,428,908
fixed,sub-01_FDSI_triangular-ramp5s_snr25dB,sub-01,triangular-ramp5s,25,1,32,1.0,0.4390243902439024,0.4055666003976143,0.6949152542372882,0.3678290213723285,1.0,0.9585219621658324,468,1066
fixed,sub-01_FDSI_triangular-ramp5s_snr25dB,sub-01,triangular-ramp5s,25,2,28,1.0,0.6411764705882353,0.6197684772929652,0.803030303030303,0.594758064516129,0.9850746268656716,0.9599894285202026,763,1190
fixed,sub-01_FDSI_triangular-ramp5s_snr25dB,sub-01,triangular-ramp5s,25,3,37,1.0,0.2880978865406006,0.249706916764361,0.5789473684210527,0.2042440318302387,1.0,0.9372504949569702,295,863
fixed,sub-01_FDSI_triangular-ramp5s_snr25dB,sub-01,triangular-ramp5s,25,4,34,1.0,0.4312938816449348,0.3987274655355249,0.6972477064220184,0.3616766467065868,0.981132075471698,0.9389076232910156,439,988
fixed,sub-01_FDSI_triangular-ramp5s_snr25dB,sub-01,triangular-ramp5s,25,5,30,1.0,0.2592592592592592,0.2236024844720497,0.5539568345323741,0.1860869565217391,0.9672131147540984,0.9255924224853516,571,1129
fixed,sub-01_FDSI_triangular-ramp5s_snr25dB,sub-01,triangular-ramp5s,25,6,38,1.0,0.3481481481481481,0.3079947575360419,0.6382978723404256,0.2648809523809524,1.0,0.9551239609718324,282,810
fixed,sub-01_FDSI_triangular-ramp5s_snr25dB,sub-01,triangular-ramp5s,25,7,24,0.972972972972973,0.3623747108712413,0.3254292722812755,0.6137931034482759,0.2960222016651249,0.8333333333333334,0.9215537905693054,470,1297
fixed,sub-01_FDSI_triangular-ramp5s_snr25dB,sub-01,triangular-ramp5s,25,8,33,0.9636363636363636,0.2570356472795497,0.218595450049456,0.5625,0.1746384872080089,0.9464285714285714,0.9186052083969116,318,1022
fixed,sub-01_FDSI_triangular-ramp5s_snr25dB,sub-01,triangular-ramp5s,25,9,31,1.0,0.3932422717469446,0.3654135338345864,0.6524822695035462,0.3330529857022708,0.9672131147540984,0.8980642557144165,828,1110
fixed,sub-01_FDSI_triangular-ramp5s_snr25dB,sub-01,triangular-ramp5s,25,10,35,0.9814814814814816,0.3479166666666666,0.3101545253863134,0.616822429906542,0.2734082397003745,0.9423076923076924,0.9335826635360718,334,960
fixed,sub-01_FDSI_triangular-ramp5s_snr20dB,sub-01,triangular-ramp5s,20,0,32,1.0,0.4390243902439024,0.4055666003976143,0.6949152542372882,0.3678290213723285,1.0,0.9477598667144777,468,1066
fixed,sub-01_FDSI_triangular-ramp5s_snr20dB,sub-01,triangular-ramp5s,20,1,28,1.0,0.6327731092436975,0.6108637577916296,0.7954545454545454,0.5856854838709677,0.9850746268656716,0.9595564007759094,753,1190
fixed,sub-01_FDSI_triangular-ramp5s_snr20dB,sub-01,triangular-ramp5s,20,2,36,1.0,0.2951541850220264,0.2549476135040745,0.594059405940594,0.2097625329815303,1.0,0.9516311287879944,268,908
fixed,sub-01_FDSI_triangular-ramp5s_snr20dB,sub-01,triangular-ramp5s,20,3,37,0.9782608695652174,0.266065388951522,0.2271105826397146,0.5567010309278351,0.1851351351351351,0.9,0.9269206523895264,260,863
fixed,sub-01_FDSI_triangular-ramp5s_snr20dB,sub-01,triangular-ramp5s,20,4,34,0.9814814814814816,0.4004044489383215,0.3668449197860962,0.6605504587155964,0.3276904474002418,1.0,0.9406180381774902,397,988
fixed,sub-01_FDSI_triangular-ramp5s_snr20dB,sub-01,triangular-ramp5s,20,5,38,1.0,0.3271604938271605,0.2857142857142857,0.6063829787234043,0.2455357142857142,0.9772727272727272,0.9442059397697448,265,810
fixed,sub-01_FDSI_triangular-ramp5s_snr20dB,sub-01,triangular-ramp5s,20,6,30,0.9032258064516128,0.2443140132061629,0.212913143735588,0.5072463768115942,0.1838487972508591,0.8032786885245902,0.9051260352134703,567,1129
fixed,sub-01_FDSI_triangular-ramp5s_snr15dB,sub-01,triangular-ramp5s,15,0,32,0.9666666666666668,0.3517823639774859,0.3151093439363817,0.6271186440677966,0.281214848143982,0.864406779661017,0.9292356371879578,375,1066
fixed,sub-01_FDSI_triangular-ramp5s_snr15dB,sub-01,triangular-ramp5s,15,1,28,1.0,0.6394957983193277,0.6179875333926982,0.7954545454545454,0.59375,0.9850746268656716,0.9585344791412354,761,1190
fixed,sub-01_FDSI_triangular-ramp5s_snr15dB,sub-01,triangular-ramp5s,15,2,38,1.0,0.3518518518518518,0.3119266055045872,0.5957446808510638,0.2767857142857143,0.9772727272727272,0.9413936734199524,285,810
fixed,sub-01_FDSI_triangular-ramp5s_snr15dB,sub-01,triangular-ramp5s,15,3,36,0.979591836734694,0.2687224669603524,0.2281722933643772,0.5841584158415841,0.1926121372031662,0.7959183673469388,0.92975115776062,244,908
fixed,sub-02_FDSI_staircase_snr30dB,sub-02,staircase,30,0,30,1.0,0.3736422881969587,0.3476621417797888,,,,0.9565088152885436,516,1381
fixed,sub-02_FDSI_staircase_snr30dB,sub-02,staircase,30,1,33,1.0,0.1576728499156829,0.1244522348816827,,,,0.940298080444336,187,1186
fixed,sub-02_FDSI_staircase_snr30dB,sub-02,staircase,30,2,21,1.0,0.3758982863460475,0.3496543778801843,,,,0.9510140419006348,680,1809
fixed,sub-02_FDSI_staircase_snr30dB,sub-02,staircase,30,3,31,1.0,0.2957746478873239,0.2664092664092664,,,,0.9244185090065002,419,1329
fixed,sub-02_FDSI_staircase_snr30dB,sub-02,staircase,30,4,26,1.0,0.2596412556053811,0.2388197325956662,,,,0.866149365901947,1205,1604
fixed,sub-02_FDSI_staircase_snr30dB,sub-02,staircase,30,5,25,1.0,0.2628398791540785,0.2331866750471401,,,,0.9391493797302246,438,1652
fixed,sub-02_FDSI_staircase_snr30dB,sub-02,staircase,30,6,16,1.0,0.6401225114854517,0.6251993620414673,,,,0.9069482684135436,1273,1940
fixed,sub-02_FDSI_staircase_snr30dB,sub-02,staircase,30,7,27,1.0,0.2771704180064309,0.2476572958500669,,,,0.9435288906097412,431,1555
fixed,sub-02_FDSI_staircase_snr30dB,sub-02,staircase,30,8,28,1.0,0.266844563042028,0.2368055555555555,,,,0.9351877570152284,401,1498
fixed,sub-02_FDSI_staircase_snr30dB,sub-02,staircase,30,9,24,1.0,0.4232142857142857,0.3988833746898263,,,,0.9517301321029664,711,1680
fixed,sub-02_FDSI_staircase_snr30dB,sub-02,staircase,30,10,32,0.979591836734694,0.7365506329113924,0.725328947368421,,,,0.9421640038490297,935,1260
fixed,sub-02_FDSI_staircase_snr30dB,sub-02,staircase,30,11,29,0.9824561403508772,0.245674740484429,0.2154178674351585,,,,0.927233874797821,356,1444
fixed,sub-02_FDSI_staircase_snr30dB,sub-02,staircase,30,12,14,0.9367088607594936,0.3258258258258258,0.3006774361646691,,,,0.918990969657898,656,1993
fixed,sub-02_FDSI_staircase_snr30dB,sub-02,staircase,30,13,22,1.0,0.261505376344086,0.238918439716312,,,,0.92583966255188,1162,1771
fixed,sub-02_FDSI_staircase_snr30dB,sub-02,staircase,30,14,20,1.0,0.3892215568862275,0.3646659116647792,,,,0.9367949962615968,715,1837
fixed,sub-02_FDSI_staircase_snr30dB,sub-02,staircase,30,15,23,0.9428571428571428,0.5606190885640585,0.5487588652482269,,,,0.8330792188644409,1894,1736
fixed,sub-02_FDSI_staircase_snr30dB,sub-02,staircase,30,16,19,1.0,0.1878967414303851,0.1620087336244541,,,,0.8527981042861938,934,1873
fixed,sub-02_FDSI_staircase_snr25dB,sub-02,staircase,25,0,30,1.0,0.3743664011585807,0.3484162895927601,,,,0.9552698731422424,517,1381
fixed,sub-02_FDSI_staircase_snr25dB,sub-02,staircase,25,1,21,1.0,0.3825317855168601,0.3565668202764977,,,,0.9496254920959472,692,1809
fixed,sub-02_FDSI_staircase_snr25dB,sub-02,staircase,25,2,26,0.9836065573770492,0.2571550619393422,0.237719298245614,,,,0.8527655005455017,1339,1604
fixed,sub-02_FDSI_staircase_snr25dB,sub-02,staircase,25,3,27,0.9836065573770492,0.2720257234726688,0.2429718875502008,,,,0.938733696937561,423,1555
fixed,sub-02_FDSI_staircase_snr25dB,sub-02,staircase,25,4,24,1.0,0.3797619047619047,0.3535980148883375,,,,0.9397622346878052,638,1680
fixed,sub-02_FDSI_staircase_snr25dB,sub-02,staircase,25,5,33,1.0,0.3222036727879799,0.2957502168256721,,,,0.9295340180397034,398,1186
fixed,sub-02_FDSI_staircase_snr25dB,sub-02,staircase,25,6,19,0.9315068493150684,0.1466149202242345,0.1211041852181656,,,,0.8572152256965637,786,1873
fixed,sub-02_FDSI_staircase_snr25dB,sub-02,staircase,25,7,28,0.9661016949152542,0.2448573324485733,0.2154696132596685,,,,0.9110978841781616,378,1498
fixed,sub-02_FDSI_staircase_snr25dB,sub-02,staircase,25,8,20,1.0,0.3658138268916712,0.3403171007927519,,,,0.9452826976776124,672,1837
fixed,sub-02_FDSI_staircase_snr25dB,sub-02,staircase,25,9,25,0.984375,0.221021021021021,0.1905059337913804,,,,0.926389217376709,381,1652
fixed,sub-02_FDSI_staircase_snr25dB,sub-02,staircase,25,10,32,0.92,0.4723304754481683,0.4529983792544571,,,,0.9074589014053344,629,1260
fixed,sub-02_FDSI_staircase_snr20dB,sub-02,staircase,20,0,30,1.0,0.3656770456191165,0.3393665158371041,,,,0.9510020613670348,505,1381
fixed,sub-02_FDSI_staircase_snr20dB,sub-02,staircase,20,1,21,1.0,0.4007739082365948,0.3755760368663594,,,,0.9467788934707642,725,1809
fixed,sub-02_FDSI_staircase_snr20dB,sub-02,staircase,20,2,25,0.96875,0.2627781118460613,0.2345215759849906,,,,0.9158057570457458,448,1652
fixed,sub-02_FDSI_staircase_snr20dB,sub-02,staircase,20,3,27,0.9672131147540984,0.2287917737789203,0.1986622073578595,,,,0.9300155639648438,357,1555
fixed,sub-02_FDSI_staircase_snr20dB,sub-02,staircase,20,4,24,1.0,0.5284360189573459,0.508641975308642,,,,0.94139963388443,900,1680
fixed,sub-02_FDSI_staircase_snr20dB,sub-02,staircase,20,5,32,0.9019607843137256,0.5708812260536399,0.5561752988047809,,,,0.8992044925689697,790,1260
fixed,sub-02_FDSI_staircase_snr15dB,sub-02,staircase,15,0,30,1.0,0.3482983345401882,0.3212669683257919,,,,0.9397326707839966,481,1381
fixed,sub-02_FDSI_staircase_snr15dB,sub-02,staircase,15,1,21,1.0,0.3891652846876727,0.363479262672811,,,,0.944106936454773,704,1809
fixed,sub-02_FDSI_staircase_snr15dB,sub-02,staircase,15,2,24,1.0,0.4906976744186046,0.4697336561743341,,,,0.919313371181488,884,1680
fixed,sub-02_FDSI_triangular-ramp40s_snr30dB,sub-02,triangular-ramp40s,30,0,20,1.0,0.4359939759036144,0.4031872509960159,1.0,0.3252252252252252,0.9726027397260274,0.9533198475837708,579,1328
fixed,sub-02_FDSI_triangular-ramp40s_snr30dB,sub-02,triangular-ramp40s,30,1,30,1.0,0.4244244244244244,0.3908898305084746,0.981981981981982,0.3121248499399759,1.0,0.9482895135879515,424,999
fixed,sub-02_FDSI_triangular-ramp40s_snr30dB,sub-02,triangular-ramp40s,30,2,21,1.0,0.4027671022290546,0.3677786818551668,0.9861111111111112,0.2861085556577737,0.9859154929577464,0.9565800428390504,524,1301
fixed,sub-02_FDSI_triangular-ramp40s_snr30dB,sub-02,triangular-ramp40s,30,3,24,1.0,0.4906731549067315,0.4600171969045571,1.0,0.3879142300194931,1.0,0.9547054171562196,605,1233
fixed,sub-02_FDSI_triangular-ramp40s_snr30dB,sub-02,triangular-ramp40s,30,4,33,1.0,0.3666274970622796,0.3296019900497512,0.968421052631579,0.2440056417489421,1.0,0.945362627506256,314,849
fixed,sub-02_FDSI_triangular-ramp40s_snr30dB,sub-02,triangular-ramp40s,30,5,26,0.9696969696969696,0.3210191082802547,0.2925531914893617,0.9774436090225564,0.2257829570284049,1.0,0.8974431157112122,911,1163
fixed,sub-02_FDSI_triangular-ramp40s_snr30dB,sub-02,triangular-ramp40s,30,6,32,1.0,0.8081896551724138,0.7972665148063781,0.99,0.7722007722007722,1.0,0.9427756071090698,766,912
fixed,sub-02_FDSI_triangular-ramp40s_snr30dB,sub-02,triangular-ramp40s,30,7,25,1.0,0.3616298811544992,0.3243486073674753,0.9848484848484848,0.2362525458248472,1.0,0.9413704872131348,426,1178
fixed,sub-02_FDSI_triangular-ramp40s_snr30dB,sub-02,triangular-ramp40s,30,8,22,1.0,0.2537220843672456,0.2193380921479558,0.9859154929577464,0.1429592566118656,0.971830985915493,0.931233048439026,751,1270
fixed,sub-02_FDSI_triangular-ramp40s_snr30dB,sub-02,triangular-ramp40s,30,9,27,1.0,0.3426258992805755,0.3044719314938154,0.992063492063492,0.2099567099567099,1.0,0.943511426448822,381,1112
fixed,sub-02_FDSI_triangular-ramp40s_snr30dB,sub-02,triangular-ramp40s,30,10,28,1.0,0.3219871205151794,0.2816764132553606,0.9838709677419356,0.1860465116279069,1.0,0.9403385519981384,354,1083
fixed,sub-02_FDSI_triangular-ramp40s_snr30dB,sub-02,triangular-ramp40s,30,11,29,0.9824561403508772,0.2545629202689721,0.2123983739837398,0.912280701754386,0.1244239631336405,0.8983050847457628,0.925450086593628,266,1040
fixed,sub-02_FDSI_triangular-ramp40s_snr30dB,sub-02,triangular-ramp40s,30,12,23,1.0,0.6408137317228226,0.6245847176079734,0.9710144927536232,0.589010989010989,1.0,0.865656852722168,1322,1259
fixed,sub-02_FDSI_triangular-ramp40s_snr30dB,sub-02,triangular-ramp40s,30,13,31,0.9807692307692308,0.2454728370221328,0.2048832271762208,0.9223300970873788,0.1181384248210023,0.9433962264150944,0.9103505611419678,289,949
fixed,sub-02_FDSI_triangular-ramp40s_snr30dB,sub-02,triangular-ramp40s,30,14,14,0.95,0.4439058171745152,0.4142228739002933,0.9320987654320988,0.3422148209825145,0.9753086419753086,0.9167903065681458,655,1430
fixed,sub-02_FDSI_triangular-ramp40s_snr30dB,sub-02,triangular-ramp40s,30,15,19,0.9863013698630136,0.2194528875379939,0.1838422391857506,0.9523809523809524,0.1074438202247191,0.918918918918919,0.8464897274971008,672,1334
fixed,sub-02_FDSI_triangular-ramp40s_snr30dB,sub-02,triangular-ramp40s,30,16,16,0.987012987012987,0.610252808988764,0.5875370919881305,0.9869281045751634,0.5418760469011725,0.922077922077922,0.9164685010910034,885,1408
fixed,sub-02_FDSI_triangular-ramp40s_snr25dB,sub-02,triangular-ramp40s,25,0,20,1.0,0.4186746987951807,0.3848605577689243,1.0,0.3063063063063063,0.9452054794520548,0.9418941736221312,556,1328
fixed,sub-02_FDSI_triangular-ramp40s_snr25dB,sub-02,triangular-ramp40s,25,1,21,1.0,0.4173712528823982,0.3832384052074857,0.9861111111111112,0.3035878564857405,0.9859154929577464,0.9544406533241272,543,1301
fixed,sub-02_FDSI_triangular-ramp40s_snr25dB,sub-02,triangular-ramp40s,25,2,24,1.0,0.4793187347931874,0.4479793637145314,1.0,0.3742690058479532,1.0,0.9474796056747437,591,1233
fixed,sub-02_FDSI_triangular-ramp40s_snr25dB,sub-02,triangular-ramp40s,25,3,26,0.9242424242424242,0.2923728813559322,0.266078184110971,0.9172932330827068,0.2082474226804123,0.90625,0.8571372032165527,972,1163
fixed,sub-02_FDSI_triangular-ramp40s_snr25dB,sub-02,triangular-ramp40s,25,4,25,0.9846153846153848,0.2834179357021996,0.2426141450313339,0.9696969696969696,0.1480730223123732,0.953125,0.9356929659843444,339,1178
fixed,sub-02_FDSI_triangular-ramp40s_snr25dB,sub-02,triangular-ramp40s,25,5,27,1.0,0.3498201438848921,0.3120837297811608,0.984126984126984,0.2196969696969697,1.0,0.9389442205429076,389,1112
fixed,sub-02_FDSI_triangular-ramp40s_snr25dB,sub-02,triangular-ramp40s,25,6,30,1.0,0.4274274274274274,0.3940677966101695,1.0,0.3133253301320528,1.0,0.951364278793335,427,999
fixed,sub-02_FDSI_triangular-ramp40s_snr25dB,sub-02,triangular-ramp40s,25,7,32,0.94,0.6420824295010846,0.625,0.92,0.5862516212710766,0.9411764705882352,0.9244745373725892,602,912
fixed,sub-02_FDSI_triangular-ramp40s_snr25dB,sub-02,triangular-ramp40s,25,8,19,0.9315068493150684,0.1841620626151013,0.1491002570694087,0.8231292517006803,0.0838068181818181,0.8243243243243243,0.8372501730918884,595,1334
fixed,sub-02_FDSI_triangular-ramp40s_snr25dB,sub-02,triangular-ramp40s,25,9,28,0.9508196721311476,0.3228782287822878,0.2854349951124145,0.9516129032258064,0.1966666666666666,0.9166666666666666,0.930490255355835,351,1083
fixed,sub-02_FDSI_triangular-ramp40s_snr25dB,sub-02,triangular-ramp40s,25,10,22,0.9154929577464788,0.238095238095238,0.2065573770491803,0.8661971830985915,0.1395516992046276,0.9014084507042254,0.918937921524048,706,1270
fixed,sub-02_FDSI_triangular-ramp40s_snr25dB,sub-02,triangular-ramp40s,25,11,33,1.0,0.3254994124559342,0.2860696517412935,0.9473684210526316,0.1988716502115655,0.9787234042553192,0.931147038936615,279,849
fixed,sub-02_FDSI_triangular-ramp40s_snr20dB,sub-02,triangular-ramp40s,20,0,21,1.0,0.415065334358186,0.3807973962571196,0.9861111111111112,0.3008279668813247,0.9859154929577464,0.9503368735313416,540,1301
fixed,sub-02_FDSI_triangular-ramp40s_snr20dB,sub-02,triangular-ramp40s,20,1,24,0.9857142857142858,0.5418006430868167,0.5153321976149915,0.9928057553956836,0.4513018322082932,1.0,0.9482974410057068,685,1233
fixed,sub-02_FDSI_triangular-ramp40s_snr20dB,sub-02,triangular-ramp40s,20,2,30,1.0,0.4004004004004004,0.3654661016949153,1.0,0.2809123649459784,1.0,0.949316382408142,400,999
fixed,sub-02_FDSI_triangular-ramp40s_snr20dB,sub-02,triangular-ramp40s,20,3,27,0.9508196721311476,0.283273381294964,0.2445290199809705,0.8492063492063492,0.1666666666666666,0.8709677419354839,0.930423378944397,315,1112
fixed,sub-02_FDSI_triangular-ramp40s_snr20dB,sub-02,triangular-ramp40s,20,4,33,0.9361702127659576,0.2068155111633372,0.1641791044776119,0.8,0.080394922425952,0.9148936170212766,0.9086201786994934,178,849
fixed,sub-02_FDSI_triangular-ramp40s_snr15dB,sub-02,triangular-ramp40s,15,0,24,0.9571428571428572,0.5011933174224343,0.4743049705139006,0.9712230215827338,0.4066666666666667,1.0,0.9314077496528624,654,1233
fixed,sub-02_FDSI_triangular-ramp40s_snr15dB,sub-02,triangular-ramp40s,15,1,30,1.0,0.3643643643643643,0.3273305084745763,0.990990990990991,0.2436974789915966,0.9272727272727272,0.9356958270072936,364,999
fixed,sub-02_FDSI_triangular-ramp20s_snr30dB,sub-02,triangular-ramp20s,30,0,24,1.0,0.5734208367514356,0.5490026019080659,0.9925373134328358,0.4881889763779528,0.9857142857142858,0.9597679376602172,700,1218
fixed,sub-02_FDSI_triangular-ramp20s_snr30dB,sub-02,triangular-ramp20s,30,1,33,1.0,0.3640606767794632,0.3271604938271605,0.9895833333333334,0.2394957983193277,0.9787234042553192,0.9438413381576538,313,856
fixed,sub-02_FDSI_triangular-ramp20s_snr30dB,sub-02,triangular-ramp20s,30,2,19,1.0,0.2267230955259976,0.187420584498094,0.8627450980392157,0.1178120617110799,1.0,0.8625490069389343,675,1354
fixed,sub-02_FDSI_triangular-ramp20s_snr30dB,sub-02,triangular-ramp20s,30,3,25,1.0,0.3784693019343986,0.3419412288512912,0.9846153846153848,0.2570564516129032,1.0,0.9415217638015748,453,1186
fixed,sub-02_FDSI_triangular-ramp20s_snr30dB,sub-02,triangular-ramp20s,30,4,30,1.0,0.2778884462151394,0.2360379346680716,0.8761061946902655,0.1495215311004784,1.0,0.9592400789260864,279,1004
fixed,sub-02_FDSI_triangular-ramp20s_snr30dB,sub-02,triangular-ramp20s,30,5,22,1.0,0.2277945619335347,0.1926721415034744,0.8714285714285714,0.1300138312586445,0.9710144927536232,0.9061064720153807,766,1266
fixed,sub-02_FDSI_triangular-ramp20s_snr30dB,sub-02,triangular-ramp20s,30,6,23,0.9571428571428572,0.5820139328689043,0.5646123260437376,0.935251798561151,0.5345957756737072,0.8208955223880597,0.8571847677230835,1252,1246
fixed,sub-02_FDSI_triangular-ramp20s_snr30dB,sub-02,triangular-ramp20s,30,7,21,1.0,0.400154202004626,0.3648979591836734,0.9931506849315068,0.2792207792207792,1.0,0.9529013633728028,519,1297
fixed,sub-02_FDSI_triangular-ramp20s_snr30dB,sub-02,triangular-ramp20s,30,8,29,1.0,0.2333010648596321,0.1893551688843398,0.7894736842105263,0.1112398609501738,0.9821428571428572,0.9388943910598756,245,1029
fixed,sub-02_FDSI_triangular-ramp20s_snr30dB,sub-02,triangular-ramp20s,30,9,27,1.0,0.2625448028673835,0.2206439393939394,0.8278688524590164,0.148663101604278,0.8983050847457628,0.931489646434784,293,1116
fixed,sub-02_FDSI_triangular-ramp20s_snr30dB,sub-02,triangular-ramp20s,30,10,16,1.0,0.577304964539007,0.5528882220555139,0.981132075471698,0.4957337883959044,0.9746835443037974,0.9218803644180298,819,1405
fixed,sub-02_FDSI_triangular-ramp20s_snr30dB,sub-02,triangular-ramp20s,30,11,26,0.9846153846153848,0.3084832904884318,0.2790073775989269,0.953125,0.2149669845928099,1.0,0.8798299431800842,882,1154
fixed,sub-02_FDSI_triangular-ramp20s_snr30dB,sub-02,triangular-ramp20s,30,12,14,0.9642857142857144,0.4470266575529733,0.4155184916606236,0.9573170731707316,0.3437243642329778,0.975,0.9118608236312866,673,1444
fixed,sub-02_FDSI_triangular-ramp20s_snr30dB,sub-02,triangular-ramp20s,30,13,20,1.0,0.4169797145003756,0.3826571201272872,0.9866666666666668,0.3005415162454873,0.9864864864864864,0.9431656002998352,555,1331
fixed,sub-02_FDSI_triangular-ramp20s_snr30dB,sub-02,triangular-ramp20s,30,14,31,0.9636363636363636,0.3282674772036474,0.2893890675241157,0.9158878504672896,0.2130750605326876,0.925925925925926,0.9182700514793396,350,961
fixed,sub-02_FDSI_triangular-ramp20s_snr30dB,sub-02,triangular-ramp20s,30,15,28,1.0,0.3305555555555555,0.2918707149853085,0.95,0.2046718576195773,0.9672131147540984,0.9363805055618286,358,1079
fixed,sub-02_FDSI_triangular-ramp20s_snr30dB,sub-02,triangular-ramp20s,30,16,32,1.0,0.3654054054054054,0.3299086757990868,0.93,0.251937984496124,0.9803921568627452,0.9149175882339478,354,909
fixed,sub-02_FDSI_triangular-ramp20s_snr25dB,sub-02,triangular-ramp20s,25,0,24,1.0,0.5687397708674304,0.5441176470588235,0.9925373134328358,0.4828263002944062,0.9857142857142858,0.956520676612854,699,1218
fixed,sub-02_FDSI_triangular-ramp20s_snr25dB,sub-02,triangular-ramp20s,25,1,19,0.9,0.2088915956151035,0.1734955185659411,0.7843137254901961,0.1046676096181046,1.0,0.8550086617469788,631,1354
fixed,sub-02_FDSI_triangular-ramp20s_snr25dB,sub-02,triangular-ramp20s,25,2,30,1.0,0.4003984063745019,0.3656480505795574,0.9823008849557522,0.2822966507177033,1.0,0.9416067600250244,402,1004
fixed,sub-02_FDSI_triangular-ramp20s_snr25dB,sub-02,triangular-ramp20s,25,3,33,1.0,0.3709302325581395,0.3345633456334563,0.9479166666666666,0.2524407252440725,1.0,0.929209053516388,323,856
fixed,sub-02_FDSI_triangular-ramp20s_snr25dB,sub-02,triangular-ramp20s,25,4,25,1.0,0.2957393483709273,0.2546419098143236,0.8923076923076924,0.171,1.0,0.9354811310768129,365,1186
fixed,sub-02_FDSI_triangular-ramp20s_snr25dB,sub-02,triangular-ramp20s,25,5,20,1.0,0.4402704733283246,0.4073190135242641,0.98,0.3312274368231047,0.9594594594594594,0.9415084719657898,586,1331
fixed,sub-02_FDSI_triangular-ramp20s_snr25dB,sub-02,triangular-ramp20s,25,6,21,1.0,0.3986121819583654,0.363265306122449,0.9794520547945206,0.2792207792207792,1.0,0.9477152824401855,517,1297
fixed,sub-02_FDSI_triangular-ramp20s_snr25dB,sub-02,triangular-ramp20s,25,7,32,0.9387755102040816,0.593681917211329,0.5742232451093211,0.92,0.529335071707953,0.9215686274509804,0.9316104650497437,554,909
fixed,sub-02_FDSI_triangular-ramp20s_snr25dB,sub-02,triangular-ramp20s,25,8,27,1.0,0.3189964157706093,0.2803030303030303,0.9262295081967212,0.1967914438502673,1.0,0.9396712183952332,356,1116
fixed,sub-02_FDSI_triangular-ramp20s_snr25dB,sub-02,triangular-ramp20s,25,9,16,0.9743589743589745,0.7077785564120532,0.69236471460341,0.93125,0.6641414141414141,0.9113924050632912,0.9080323576927184,1032,1405
fixed,sub-02_FDSI_triangular-ramp20s_snr20dB,sub-02,triangular-ramp20s,20,0,24,1.0,0.5621970920840065,0.537542662116041,0.9925373134328358,0.4763285024154589,0.9857142857142858,0.9416133165359496,716,1218
fixed,sub-02_FDSI_triangular-ramp20s_snr20dB,sub-02,triangular-ramp20s,20,1,30,1.0,0.4213147410358566,0.3877766069546891,0.991150442477876,0.3062200956937799,1.0,0.9472471475601196,423,1004
fixed,sub-02_FDSI_triangular-ramp20s_snr20dB,sub-02,triangular-ramp20s,20,2,21,1.0,0.4101773323053199,0.3755102040816326,0.9794520547945206,0.2931354359925788,1.0,0.9433669447898864,532,1297
fixed,sub-02_FDSI_triangular-ramp20s_snr20dB,sub-02,triangular-ramp20s,20,3,25,0.9090909090909092,0.2565180824222035,0.2181656277827248,0.7769230769230769,0.1532258064516129,0.7761194029850746,0.909740388393402,308,1186
fixed,sub-02_FDSI_triangular-ramp20s_snr15dB,sub-02,triangular-ramp20s,15,0,24,1.0,0.5169300225733634,0.4916864608076009,0.9925373134328358,0.4298401420959147,0.9857142857142858,0.9162179231643676,798,1218
fixed,sub-02_FDSI_triangular-ramp20s_snr15dB,sub-02,triangular-ramp20s,15,1,30,1.0,0.3854581673306773,0.3498419388830348,0.9557522123893806,0.2679425837320574,1.0,0.9407585263252258,387,1004
fixed,sub-02_FDSI_triangular-ramp20s_snr15dB,sub-02,triangular-ramp20s,15,2,21,0.9583333333333334,0.3785659213569776,0.3444897959183673,0.9246575342465754,0.2662337662337662,0.9452054794520548,0.9372380375862122,491,1297
fixed,sub-02_FDSI_triangular-ramp10s_snr30dB,sub-02,triangular-ramp10s,30,0,27,1.0,0.3524734982332155,0.3136704119850187,0.7777777777777778,0.2539682539682539,1.0,0.9559959769248962,399,1132
fixed,sub-02_FDSI_triangular-ramp10s_snr30dB,sub-02,triangular-ramp10s,30,1,24,1.0,0.4261083743842364,0.3921739130434782,0.8467153284671532,0.3323471400394477,0.9850746268656716,0.9535170793533324,519,1218
fixed,sub-02_FDSI_triangular-ramp10s_snr30dB,sub-02,triangular-ramp10s,30,2,30,1.0,0.4222001982160555,0.3882476390346275,0.8482142857142857,0.3269916765755054,1.0,0.9571735858917236,426,1009
fixed,sub-02_FDSI_triangular-ramp10s_snr30dB,sub-02,triangular-ramp10s,30,3,20,1.0,0.4506079027355623,0.4183427192276749,0.8986486486486487,0.3525641025641026,0.986842105263158,0.94730544090271,593,1316
fixed,sub-02_FDSI_triangular-ramp10s_snr30dB,sub-02,triangular-ramp10s,30,4,33,1.0,0.3329479768786127,0.2946210268948655,0.7741935483870968,0.234159779614325,1.0,0.9425846934318542,293,860
fixed,sub-02_FDSI_triangular-ramp10s_snr30dB,sub-02,triangular-ramp10s,30,5,26,1.0,0.3110968569595895,0.2811244979919678,0.8208955223880597,0.2299779573842762,0.96875,0.8775506615638733,893,1151
fixed,sub-02_FDSI_triangular-ramp10s_snr30dB,sub-02,triangular-ramp10s,30,6,28,1.0,0.3617998163452708,0.3239299610894942,0.7950819672131147,0.2602436323366556,0.96875,0.9434410929679872,394,1089
fixed,sub-02_FDSI_triangular-ramp10s_snr30dB,sub-02,triangular-ramp10s,30,7,21,1.0,0.3952049497293117,0.3616326530612245,0.8260869565217391,0.2985212569316081,0.9864864864864864,0.9584782123565674,511,1293
fixed,sub-02_FDSI_triangular-ramp10s_snr30dB,sub-02,triangular-ramp10s,30,8,32,1.0,0.5324532453245324,0.5052386495925495,0.8811881188118812,0.4577836411609499,0.96,0.9342941641807556,484,909
fixed,sub-02_FDSI_triangular-ramp10s_snr30dB,sub-02,triangular-ramp10s,30,9,22,1.0,0.296165191740413,0.2649414664202095,0.7044025157232704,0.2177474402730375,1.0,0.9259470105171204,930,1267
fixed,sub-02_FDSI_triangular-ramp10s_snr30dB,sub-02,triangular-ramp10s,30,10,25,1.0,0.3364406779661017,0.2990152193375112,0.7480314960629921,0.2391084093211752,1.0,0.9501319527626038,399,1178
fixed,sub-02_FDSI_triangular-ramp10s_snr30dB,sub-02,triangular-ramp10s,30,11,16,1.0,0.5808926080892608,0.5571112748710391,0.9230769230769232,0.5099833610648918,0.974025974025974,0.9193957448005676,846,1421
fixed,sub-02_FDSI_triangular-ramp10s_snr30dB,sub-02,triangular-ramp10s,30,12,14,0.9878048780487804,0.4362644853442399,0.4036101083032491,0.8333333333333334,0.3477905073649754,0.963855421686747,0.928166389465332,657,1450
fixed,sub-02_FDSI_triangular-ramp10s_snr30dB,sub-02,triangular-ramp10s,30,13,31,0.9803921568627452,0.2818455366098295,0.2441860465116279,0.6727272727272727,0.1899641577060931,0.96,0.9070274233818054,318,960
fixed,sub-02_FDSI_triangular-ramp10s_snr30dB,sub-02,triangular-ramp10s,30,14,8,0.9036144578313252,0.2144592952612393,0.1778630838131797,0.5714285714285714,0.1312769010043041,0.8809523809523809,0.880781352519989,482,1517
fixed,sub-02_FDSI_triangular-ramp10s_snr30dB,sub-02,triangular-ramp10s,30,15,29,0.9821428571428572,0.228626320845341,0.1857868020304568,0.6086956521739131,0.1280276816608996,0.9661016949152542,0.9392098188400269,241,1038
fixed,sub-02_FDSI_triangular-ramp10s_snr30dB,sub-02,triangular-ramp10s,30,16,23,0.9552238805970148,0.5856873822975518,0.5694626474442989,0.9136690647482014,0.5342960288808665,0.9565217391304348,0.8421131372451782,1277,1249
fixed,sub-02_FDSI_triangular-ramp10s_snr30dB,sub-02,triangular-ramp10s,30,17,19,0.972972972972973,0.3422301304863582,0.3132754342431761,0.7898089171974523,0.2651098901098901,0.9178082191780822,0.8736109137535095,918,1345
fixed,sub-02_FDSI_triangular-ramp10s_snr25dB,sub-02,triangular-ramp10s,25,0,27,1.0,0.3454063604240283,0.3061797752808989,0.7698412698412699,0.2465608465608465,1.0,0.9402981996536256,391,1132
fixed,sub-02_FDSI_triangular-ramp10s_snr25dB,sub-02,triangular-ramp10s,25,1,30,1.0,0.4132804757185332,0.378803777544596,0.8482142857142857,0.3162901307966706,1.0,0.9586695432662964,417,1009
fixed,sub-02_FDSI_triangular-ramp10s_snr25dB,sub-02,triangular-ramp10s,25,2,24,1.0,0.4958949096880131,0.4660869565217391,0.927007299270073,0.4053254437869822,0.9850746268656716,0.9436722993850708,604,1218
fixed,sub-02_FDSI_triangular-ramp10s_snr25dB,sub-02,triangular-ramp10s,25,3,20,1.0,0.4278115501519757,0.3942075623491552,0.8378378378378378,0.3342490842490842,0.9736842105263158,0.9431362748146056,563,1316
fixed,sub-02_FDSI_triangular-ramp10s_snr25dB,sub-02,triangular-ramp10s,25,4,21,1.0,0.4006187161639598,0.3673469387755102,0.8478260869565217,0.3022181146025878,0.9864864864864864,0.952037513256073,518,1293
fixed,sub-02_FDSI_triangular-ramp10s_snr25dB,sub-02,triangular-ramp10s,25,5,32,0.9,0.3654266958424507,0.3344907407407407,0.8217821782178217,0.2896461336828309,0.6,0.9176051020622252,339,909
fixed,sub-02_FDSI_triangular-ramp10s_snr25dB,sub-02,triangular-ramp10s,25,6,33,1.0,0.2325581395348837,0.1881918819188192,0.6236559139784946,0.1331484049930651,1.0,0.9350403547286988,200,860
fixed,sub-02_FDSI_triangular-ramp10s_snr25dB,sub-02,triangular-ramp10s,25,7,25,1.0,0.3378378378378378,0.3006244424620874,0.7480314960629921,0.2421796165489404,0.9848484848484848,0.936187744140625,406,1178
fixed,sub-02_FDSI_triangular-ramp10s_snr25dB,sub-02,triangular-ramp10s,25,8,28,0.918032786885246,0.3110091743119266,0.2750242954324587,0.6967213114754098,0.2134955752212389,0.953125,0.9219317436218262,340,1089
fixed,sub-02_FDSI_triangular-ramp10s_snr25dB,sub-02,triangular-ramp10s,25,9,19,0.9864864864864864,0.2238629651506202,0.189005558987029,0.6521739130434783,0.1439342015078821,0.8767123287671232,0.8316812515258789,727,1345
fixed,sub-02_FDSI_triangular-ramp10s_snr25dB,sub-02,triangular-ramp10s,25,10,16,0.9090909090909092,0.5337508698677801,0.5125,0.8333333333333334,0.4713692946058091,0.8831168831168831,0.9026378989219666,783,1421
fixed,sub-02_FDSI_triangular-ramp10s_snr20dB,sub-02,triangular-ramp10s,20,0,30,1.0,0.3845391476709613,0.3483735571878279,0.8035714285714286,0.2877526753864447,1.0,0.9520053863525392,388,1009
fixed,sub-02_FDSI_triangular-ramp10s_snr20dB,sub-02,triangular-ramp10s,20,1,27,1.0,0.3012367491166077,0.2593632958801498,0.746031746031746,0.2021164021164021,0.918032786885246,0.9274312257766724,341,1132
fixed,sub-02_FDSI_triangular-ramp10s_snr20dB,sub-02,triangular-ramp10s,20,2,20,0.9452054794520548,0.3571428571428571,0.3226065969428801,0.7702702702702703,0.2637362637362637,0.8947368421052632,0.9237509965896606,470,1316
fixed,sub-02_FDSI_triangular-ramp10s_snr20dB,sub-02,triangular-ramp10s,20,3,24,1.0,0.5759289176090469,0.5512820512820513,0.9424460431654677,0.499031007751938,1.0,0.9458295106887816,733,1218
fixed,sub-02_FDSI_triangular-ramp10s_snr20dB,sub-02,triangular-ramp10s,20,4,21,1.0,0.4044856921887084,0.3714285714285714,0.8188405797101449,0.3117483811285846,0.9864864864864864,0.9384926557540894,523,1293
fixed,sub-02_FDSI_triangular-ramp10s_snr20dB,sub-02,triangular-ramp10s,20,5,32,0.9019607843137256,0.6028138528138528,0.5853379152348225,0.7961165048543689,0.5642023346303502,0.8,0.9063377380371094,572,909
fixed,sub-02_FDSI_triangular-ramp10s_snr15dB,sub-02,triangular-ramp10s,15,0,21,0.9852941176470588,0.4423820572312452,0.4122448979591837,0.8478260869565217,0.3521256931608133,0.9864864864864864,0.9419007301330566,572,1293
fixed,sub-02_FDSI_triangular-ramp10s_snr15dB,sub-02,triangular-ramp10s,15,1,24,1.0,0.525,0.4983498349834983,0.8928571428571429,0.4482758620689655,0.9850746268656716,0.928946316242218,734,1218
fixed,sub-02_FDSI_triangular-ramp10s_snr15dB,sub-02,triangular-ramp10s,15,2,30,0.9821428571428572,0.286422200198216,0.2455403987408184,0.7053571428571429,0.1890606420927467,0.9107142857142856,0.935530126094818,289,1009
fixed,sub-02_FDSI_triangular-ramp5s_snr30dB,sub-02,triangular-ramp5s,30,0,24,0.9850746268656716,0.5773615635179153,0.5524956970740104,0.7481481481481481,0.5282651072124757,0.9850746268656716,0.9604486227035522,710,1227
fixed,sub-02_FDSI_triangular-ramp5s_snr30dB,sub-02,triangular-ramp5s,30,1,22,1.0,0.2876550502067336,0.2560148056755089,0.5529411764705883,0.2222986923606331,1.0,0.9296055436134338,913,1267
fixed,sub-02_FDSI_triangular-ramp5s_snr30dB,sub-02,triangular-ramp5s,30,2,33,0.979591836734694,0.3500583430571762,0.3118811881188119,0.6145833333333334,0.276536312849162,0.9555555555555556,0.9395918250083924,306,851
fixed,sub-02_FDSI_triangular-ramp5s_snr30dB,sub-02,triangular-ramp5s,30,3,21,1.0,0.4104938271604938,0.3753066230580539,0.6689655172413793,0.3379629629629629,0.9859154929577464,0.9529665112495422,532,1296
fixed,sub-02_FDSI_triangular-ramp5s_snr30dB,sub-02,triangular-ramp5s,30,4,32,1.0,0.6068281938325991,0.583916083916084,0.71,0.5691699604743083,0.979591836734694,0.9427921772003174,554,905
fixed,sub-02_FDSI_triangular-ramp5s_snr30dB,sub-02,triangular-ramp5s,30,5,30,1.0,0.3923923923923924,0.3569915254237288,0.6517857142857143,0.3173076923076923,1.0,0.9611568450927734,392,999
fixed,sub-02_FDSI_triangular-ramp5s_snr30dB,sub-02,triangular-ramp5s,30,6,28,1.0,0.3342541436464088,0.296692607003891,0.6495726495726496,0.2516483516483516,0.9830508474576272,0.9399331212043762,363,1086
fixed,sub-02_FDSI_triangular-ramp5s_snr30dB,sub-02,triangular-ramp5s,30,7,27,1.0,0.313953488372093,0.2757318224740321,0.6050420168067226,0.231590181430096,1.0,0.9485806822776794,351,1118
fixed,sub-02_FDSI_triangular-ramp5s_snr30dB,sub-02,triangular-ramp5s,30,8,26,1.0,0.3140442132639792,0.2837746096401901,0.5506329113924051,0.2532319391634981,0.9692307692307692,0.9025255441665648,866,1155
fixed,sub-02_FDSI_triangular-ramp5s_snr30dB,sub-02,triangular-ramp5s,30,9,19,0.9444444444444444,0.2176870748299319,0.1838187702265372,0.5126582278481012,0.1418234442836468,0.974025974025974,0.8601198792457581,632,1337
fixed,sub-02_FDSI_triangular-ramp5s_snr30dB,sub-02,triangular-ramp5s,30,10,29,1.0,0.2326024785510009,0.1876892028254288,0.5603448275862069,0.143507972665148,0.9636363636363636,0.9378283023834229,248,1045
fixed,sub-02_FDSI_triangular-ramp5s_snr30dB,sub-02,triangular-ramp5s,30,11,15,0.9487179487179488,0.3053808525506639,0.2682926829268293,0.6025641025641025,0.2262103505843072,0.935064935064935,0.9077526330947876,446,1422
fixed,sub-02_FDSI_triangular-ramp5s_snr30dB,sub-02,triangular-ramp5s,30,12,25,1.0,0.2981574539363484,0.2570921985815603,0.6074074074074074,0.2094662638469285,1.0,0.9449920654296876,364,1186
fixed,sub-02_FDSI_triangular-ramp5s_snr30dB,sub-02,triangular-ramp5s,30,13,20,1.0,0.4966241560390098,0.4661893396976929,0.7333333333333333,0.4299909665763324,1.0,0.9367765188217164,662,1333
fixed,sub-02_FDSI_triangular-ramp5s_snr30dB,sub-02,triangular-ramp5s,30,14,16,1.0,0.6289752650176679,0.6067415730337079,0.8164556962025317,0.5800169348010161,0.974025974025974,0.926453173160553,905,1400
fixed,sub-02_FDSI_triangular-ramp5s_snr30dB,sub-02,triangular-ramp5s,30,15,23,0.9,0.5327272727272727,0.5164556962025316,0.6219512195121951,0.509180790960452,0.8,0.8328689336776733,1281,1248
fixed,sub-02_FDSI_triangular-ramp5s_snr30dB,sub-02,triangular-ramp5s,30,16,31,0.9818181818181818,0.2497522299306243,0.2075471698113207,0.5727272727272728,0.1627358490566037,1.0,0.9211023449897766,316,945
fixed,sub-02_FDSI_triangular-ramp5s_snr30dB,sub-02,triangular-ramp5s,30,17,9,0.9156626506024096,0.2984709480122324,0.2654639175257732,0.5664739884393064,0.2291515591007976,0.891566265060241,0.8848799467086792,612,1511
fixed,sub-02_FDSI_triangular-ramp5s_snr30dB,sub-02,triangular-ramp5s,30,18,14,0.9487179487179488,0.4307795698924731,0.4021276595744681,0.6352201257861635,0.3722978382706164,0.9375,0.9063825607299804,679,1450
fixed,sub-02_FDSI_triangular-ramp5s_snr25dB,sub-02,triangular-ramp5s,25,0,25,1.0,0.335016835016835,0.2959001782531194,0.6370370370370371,0.2502532928064843,0.9848484848484848,0.9359055757522584,400,1186
fixed,sub-02_FDSI_triangular-ramp5s_snr25dB,sub-02,triangular-ramp5s,25,1,24,0.9850746268656716,0.5817888799355359,0.5574468085106383,0.7299270072992701,0.5361620057859209,0.9850746268656716,0.9490798115730286,736,1227
fixed,sub-02_FDSI_triangular-ramp5s_snr25dB,sub-02,triangular-ramp5s,25,2,21,1.0,0.4128086419753086,0.3777596075224857,0.6620689655172414,0.3416666666666667,0.9859154929577464,0.9509600400924684,535,1296
fixed,sub-02_FDSI_triangular-ramp5s_snr25dB,sub-02,triangular-ramp5s,25,3,33,0.979591836734694,0.2265258215962441,0.1805728518057285,0.5416666666666666,0.1336146272855133,0.9782608695652174,0.9351301789283752,194,851
fixed,sub-02_FDSI_triangular-ramp5s_snr25dB,sub-02,triangular-ramp5s,25,4,32,0.98,0.5323819978046103,0.5063879210220673,0.67,0.4908136482939632,0.8979591836734694,0.9273255467414856,491,905
fixed,sub-02_FDSI_triangular-ramp5s_snr25dB,sub-02,triangular-ramp5s,25,5,28,0.9310344827586208,0.2953081876724931,0.2594752186588921,0.5508474576271186,0.2219780219780219,0.9152542372881356,0.92063170671463,322,1086
fixed,sub-02_FDSI_triangular-ramp5s_snr25dB,sub-02,triangular-ramp5s,25,6,30,1.0,0.4154154154154154,0.3813559322033898,0.6428571428571429,0.3473557692307692,0.9818181818181818,0.9527833461761476,415,999
fixed,sub-02_FDSI_triangular-ramp5s_snr25dB,sub-02,triangular-ramp5s,25,7,27,1.0,0.315742397137746,0.2776203966005666,0.6050420168067226,0.2347918890074706,0.9838709677419356,0.9354689717292786,353,1118
fixed,sub-02_FDSI_triangular-ramp5s_snr25dB,sub-02,triangular-ramp5s,25,8,29,0.9310344827586208,0.1973307912297426,0.1543895055499495,0.5086206896551724,0.112756264236902,0.8909090909090909,0.9155208468437196,211,1045
fixed,sub-02_FDSI_triangular-ramp5s_snr25dB,sub-02,triangular-ramp5s,25,9,20,1.0,0.4553638409602401,0.4224343675417661,0.7,0.3866305329719964,0.9736842105263158,0.9317389130592346,607,1333
fixed,sub-02_FDSI_triangular-ramp5s_snr25dB,sub-02,triangular-ramp5s,25,10,26,0.9384615384615383,0.2695289206917114,0.2425558312655087,0.5094339622641509,0.214728148657949,0.9076923076923076,0.856346607208252,974,1155
fixed,sub-02_FDSI_triangular-ramp5s_snr20dB,sub-02,triangular-ramp5s,20,0,24,0.9850746268656716,0.5262745098039215,0.499586435070306,0.6971830985915493,0.474671669793621,0.9850746268656716,0.9360164403915404,719,1227
fixed,sub-02_FDSI_triangular-ramp5s_snr20dB,sub-02,triangular-ramp5s,20,1,21,1.0,0.4274691358024691,0.3932951757972199,0.6482758620689655,0.3611111111111111,0.9859154929577464,0.9452020525932312,554,1296
fixed,sub-02_FDSI_triangular-ramp5s_snr20dB,sub-02,triangular-ramp5s,20,2,30,1.0,0.3913913913913914,0.3559322033898305,0.6517857142857143,0.3161057692307692,1.0,0.9541338086128236,391,999
fixed,sub-02_FDSI_triangular-ramp5s_snr20dB,sub-02,triangular-ramp5s,20,3,27,0.9830508474576272,0.2799642218246869,0.2407932011331444,0.5714285714285714,0.2049092849519743,0.8548387096774194,0.9304124712944032,313,1118
fixed,sub-02_FDSI_triangular-ramp5s_snr20dB,sub-02,triangular-ramp5s,20,4,20,0.9473684210526316,0.3608402100525131,0.3253778838504375,0.6,0.2926829268292683,0.881578947368421,0.926129162311554,481,1333
fixed,sub-02_FDSI_triangular-ramp5s_snr15dB,sub-02,triangular-ramp5s,15,0,24,0.9848484848484848,0.5388760585065435,0.5150040551500406,0.7153284671532847,0.4894977168949772,0.9850746268656716,0.923234760761261,772,1227
fixed,sub-02_FDSI_triangular-ramp5s_snr15dB,sub-02,triangular-ramp5s,15,1,21,0.972972972972973,0.4749421742482652,0.4448078495502862,0.7191780821917808,0.4083333333333333,0.9859154929577464,0.9341002106666564,617,1296
fixed,sub-02_FDSI_triangular-ramp5s_snr15dB,sub-02,triangular-ramp5s,15,2,30,0.9818181818181818,0.3613613613613614,0.3252118644067797,0.6339285714285714,0.2860576923076923,0.9454545454545454,0.9397359490394592,361,999
fixed,sub-03_FDSI_staircase_snr30dB,sub-03,staircase,30,0,48,1.0,0.2806621519939804,0.2513703993735317,,,,0.9451299905776978,383,1319
fixed,sub-03_FDSI_staircase_snr30dB,sub-03,staircase,30,1,49,1.0,0.35,0.3235772357723577,,,,0.9455534815788268,449,1279
fixed,sub-03_FDSI_staircase_snr30dB,sub-03,staircase,30,2,51,1.0,0.6866554054054054,0.673702726473175,,,,0.9467952847480774,814,1183
fixed,sub-03_FDSI_staircase_snr30dB,sub-03,staircase,30,3,46,1.0,0.3874910136592379,0.3622754491017964,,,,0.9582984447479248,539,1391
fixed,sub-03_FDSI_staircase_snr30dB,sub-03,staircase,30,4,40,1.0,0.5892526250772081,0.571520618556701,,,,0.959431767463684,954,1619
fixed,sub-03_FDSI_staircase_snr30dB,sub-03,staircase,30,5,52,1.0,0.3970070422535211,0.3709825528007346,,,,0.9582850933074952,451,1136
fixed,sub-03_FDSI_staircase_snr30dB,sub-03,staircase,30,6,44,1.0,0.3829931972789115,0.3571934798015592,,,,0.9547588229179382,563,1470
fixed,sub-03_FDSI_staircase_snr30dB,sub-03,staircase,30,7,50,1.0,0.2404237978810106,0.2094995759117896,,,,0.92516028881073,297,1225
fixed,sub-03_FDSI_staircase_snr30dB,sub-03,staircase,30,8,45,0.9636363636363636,0.1468048359240069,0.1200951248513674,,,,0.9241983890533448,547,1445
fixed,sub-03_FDSI_staircase_snr30dB,sub-03,staircase,30,9,47,1.0,0.180153573538098,0.1536585365853658,,,,0.8619530200958252,650,1348
fixed,sub-03_FDSI_staircase_snr30dB,sub-03,staircase,30,10,35,0.9295774647887324,0.3096045197740113,0.2836962919364332,,,,0.9311749935150146,548,1770
fixed,sub-03_FDSI_staircase_snr25dB,sub-03,staircase,25,0,51,1.0,0.7584175084175084,0.7484662576687117,,,,0.9391061067581176,906,1183
fixed,sub-03_FDSI_staircase_snr25dB,sub-03,staircase,25,1,46,1.0,0.3788641265276779,0.3532934131736527,,,,0.9512513279914856,527,1391
fixed,sub-03_FDSI_staircase_snr25dB,sub-03,staircase,25,2,52,1.0,0.3776408450704225,0.3507805325987144,,,,0.9480991959571838,429,1136
fixed,sub-03_FDSI_staircase_snr25dB,sub-03,staircase,25,3,40,1.0,0.5892526250772081,0.571520618556701,,,,0.9589919447898864,954,1619
fixed,sub-03_FDSI_staircase_snr25dB,sub-03,staircase,25,4,44,1.0,0.382312925170068,0.3564847625797306,,,,0.9454270005226136,562,1470
fixed,sub-03_FDSI_staircase_snr25dB,sub-03,staircase,25,5,48,1.0,0.321482602118003,0.2937007874015748,,,,0.9381287693977356,428,1319
fixed,sub-03_FDSI_staircase_snr25dB,sub-03,staircase,25,6,45,0.9090909090909092,0.1210653753026634,0.0939261114589855,,,,0.916893482208252,407,1445
fixed,sub-03_FDSI_staircase_snr25dB,sub-03,staircase,25,7,49,1.0,0.3801717408274785,0.3549959382615759,,,,0.9317361116409302,489,1279
fixed,sub-03_FDSI_staircase_snr20dB,sub-03,staircase,20,0,44,1.0,0.2952380952380952,0.2657689581856839,,,,0.9432162046432496,434,1470
fixed,sub-03_FDSI_staircase_snr20dB,sub-03,staircase,20,1,46,1.0,0.3537023723939612,0.3270958083832335,,,,0.9466366171836852,492,1391
fixed,sub-03_FDSI_staircase_snr20dB,sub-03,staircase,20,2,40,1.0,0.5972822730080296,0.5798969072164949,,,,0.9613495469093324,967,1619
fixed,sub-03_FDSI_staircase_snr20dB,sub-03,staircase,20,3,49,0.96,0.2035603715170278,0.1731078904991948,,,,0.940998673439026,276,1279
fixed,sub-03_FDSI_staircase_snr20dB,sub-03,staircase,20,4,51,1.0,0.5480607082630692,0.5294117647058824,,,,0.938707947731018,653,1183
fixed,sub-03_FDSI_staircase_snr20dB,sub-03,staircase,20,5,52,1.0,0.3345070422535211,0.3057851239669421,,,,0.945205807685852,380,1136
fixed,sub-03_FDSI_staircase_snr20dB,sub-03,staircase,20,6,48,0.9230769230769232,0.247754491017964,0.220404984423676,,,,0.9183613061904908,348,1319
fixed,sub-03_FDSI_staircase_snr15dB,sub-03,staircase,15,0,40,1.0,0.586781964175417,0.5689432989690721,,,,0.9592089653015136,950,1619
fixed,sub-03_FDSI_staircase_snr15dB,sub-03,staircase,15,1,44,0.9322033898305084,0.2231292517006802,0.1934798015591778,,,,0.9201990365982056,328,1470
fixed,sub-03_FDSI_staircase_snr15dB,sub-03,staircase,15,2,52,0.9787234042553192,0.2913732394366197,0.2617079889807162,,,,0.9389264583587646,331,1136
fixed,sub-03_FDSI_triangular-ramp40s_snr30dB,sub-03,triangular-ramp40s,30,0,48,1.0,0.3695881731784582,0.3337053571428571,1.0,0.2433460076045627,1.0,0.9563647508621216,350,947
fixed,sub-03_FDSI_triangular-ramp40s_snr30dB,sub-03,triangular-ramp40s,30,1,46,1.0,0.352,0.3157338965153115,0.9814814814814816,0.2284688995215311,0.9821428571428572,0.9378666281700134,352,1000
fixed,sub-03_FDSI_triangular-ramp40s_snr30dB,sub-03,triangular-ramp40s,30,2,40,1.0,0.5700609225413403,0.544280442804428,0.9923664122137404,0.4817136886102403,0.984126984126984,0.9608927369117736,655,1149
fixed,sub-03_FDSI_triangular-ramp40s_snr30dB,sub-03,triangular-ramp40s,30,3,52,1.0,0.4245398773006135,0.3901170351105331,1.0,0.3092783505154639,1.0,0.9619680047035216,346,815
fixed,sub-03_FDSI_triangular-ramp40s_snr30dB,sub-03,triangular-ramp40s,30,4,49,1.0,0.4104234527687296,0.3765786452353616,1.0,0.29296875,1.0,0.9523656368255616,378,921
fixed,sub-03_FDSI_triangular-ramp40s_snr30dB,sub-03,triangular-ramp40s,30,5,50,1.0,0.2986725663716814,0.2584795321637427,1.0,0.1649076517150395,0.98,0.928008496761322,287,887
fixed,sub-03_FDSI_triangular-ramp40s_snr30dB,sub-03,triangular-ramp40s,30,6,51,1.0,0.7199533255542591,0.7033374536464772,1.0,0.6662011173184358,0.9782608695652174,0.9465213418006896,618,856
fixed,sub-03_FDSI_triangular-ramp40s_snr30dB,sub-03,triangular-ramp40s,30,7,35,0.9859154929577464,0.3488745980707395,0.3103154305200341,0.9785714285714284,0.221256038647343,0.9855072463768116,0.9296982884407043,434,1244
fixed,sub-03_FDSI_triangular-ramp40s_snr30dB,sub-03,triangular-ramp40s,30,8,45,0.9649122807017544,0.2075623491552695,0.1711635750421585,0.9646017699115044,0.0885368126747437,0.9473684210526316,0.9227526783943176,463,1038
fixed,sub-03_FDSI_triangular-ramp40s_snr30dB,sub-03,triangular-ramp40s,30,9,44,1.0,0.440453686200378,0.4074074074074074,1.0,0.3280363223609535,1.0,0.950385570526123,466,1058
fixed,sub-03_FDSI_triangular-ramp40s_snr30dB,sub-03,triangular-ramp40s,30,10,47,0.9245283018867924,0.4402390438247012,0.4132492113564668,0.8818181818181818,0.3607142857142857,0.7777777777777778,0.9071506261825562,474,972
fixed,sub-03_FDSI_triangular-ramp40s_snr30dB,sub-03,triangular-ramp40s,30,11,43,0.9344262295081968,0.2202925045703839,0.1781219748305905,0.8677685950413223,0.0876232201533406,0.9333333333333332,0.9198704361915588,249,1086
fixed,sub-03_FDSI_triangular-ramp40s_snr25dB,sub-03,triangular-ramp40s,25,0,48,1.0,0.3442449841605068,0.3069196428571428,0.9905660377358492,0.2167300380228136,0.9615384615384616,0.9498031735420228,326,947
fixed,sub-03_FDSI_triangular-ramp40s_snr25dB,sub-03,triangular-ramp40s,25,1,40,1.0,0.6100957354221062,0.5867158671586716,0.9923664122137404,0.5297805642633229,0.984126984126984,0.9572336077690125,701,1149
fixed,sub-03_FDSI_triangular-ramp40s_snr25dB,sub-03,triangular-ramp40s,25,2,52,1.0,0.4404907975460123,0.4070221066319896,1.0,0.3284241531664212,1.0,0.9507391452789308,359,815
fixed,sub-03_FDSI_triangular-ramp40s_snr25dB,sub-03,triangular-ramp40s,25,3,44,0.9833333333333332,0.4192634560906516,0.3853853853853853,0.975,0.3053348467650397,1.0,0.9477821588516236,445,1058
fixed,sub-03_FDSI_triangular-ramp40s_snr25dB,sub-03,triangular-ramp40s,25,4,46,1.0,0.434,0.4023231256599788,1.0,0.3241626794258373,0.9821428571428572,0.9500588774681092,434,1000
fixed,sub-03_FDSI_triangular-ramp40s_snr25dB,sub-03,triangular-ramp40s,25,5,49,1.0,0.3020496224379719,0.2622576966932725,1.0,0.1666666666666666,0.9622641509433962,0.9461644291877748,286,921
fixed,sub-03_FDSI_triangular-ramp40s_snr25dB,sub-03,triangular-ramp40s,25,6,51,1.0,0.5892648774795799,0.5648949320148331,0.968421052631579,0.5125698324022346,1.0,0.920429229736328,506,856
fixed,sub-03_FDSI_triangular-ramp40s_snr20dB,sub-03,triangular-ramp40s,20,0,48,1.0,0.3263157894736842,0.2880978865406006,0.9716981132075472,0.1982323232323232,0.9615384615384616,0.9310846328735352,313,947
fixed,sub-03_FDSI_triangular-ramp40s_snr20dB,sub-03,triangular-ramp40s,20,1,40,1.0,0.5953002610966057,0.5710332103321033,0.9847328244274808,0.5130616509926855,0.984126984126984,0.9548116326332092,684,1149
fixed,sub-03_FDSI_triangular-ramp40s_snr20dB,sub-03,triangular-ramp40s,20,2,46,1.0,0.404,0.3706441393875396,1.0,0.2882775119617224,0.9821428571428572,0.9502646327018738,404,1000
fixed,sub-03_FDSI_triangular-ramp40s_snr20dB,sub-03,triangular-ramp40s,20,3,49,0.98,0.3170995670995671,0.2791762013729977,0.97,0.185473411154345,1.0,0.9387901425361632,296,921
fixed,sub-03_FDSI_triangular-ramp40s_snr20dB,sub-03,triangular-ramp40s,20,4,51,0.9791666666666666,0.7082847141190198,0.69221260815822,0.9789473684210528,0.6550279329608939,0.9782608695652174,0.9392164945602416,608,856
fixed,sub-03_FDSI_triangular-ramp40s_snr20dB,sub-03,triangular-ramp40s,20,5,52,1.0,0.3791411042944785,0.3420026007802341,0.9662921348314608,0.2621502209131075,0.9574468085106383,0.935973048210144,309,815
fixed,sub-03_FDSI_triangular-ramp40s_snr20dB,sub-03,triangular-ramp40s,20,6,44,1.0,0.3780718336483932,0.3413413413413413,0.957983193277311,0.2633371169125993,0.9310344827586208,0.9414759278297424,400,1058
fixed,sub-03_FDSI_triangular-ramp40s_snr15dB,sub-03,triangular-ramp40s,15,0,40,1.0,0.6144473455178416,0.5913284132841329,0.9923664122137404,0.5350052246603971,0.984126984126984,0.9545695781707764,706,1149
fixed,sub-03_FDSI_triangular-ramp40s_snr15dB,sub-03,triangular-ramp40s,15,1,44,0.9830508474576272,0.3166351606805293,0.2772772772772773,0.9243697478991596,0.1929625425652667,0.9482758620689656,0.9271965622901917,335,1058
fixed,sub-03_FDSI_triangular-ramp40s_snr15dB,sub-03,triangular-ramp40s,15,2,52,0.9565217391304348,0.2969325153374233,0.2574772431729519,0.8764044943820225,0.1782032400589101,0.9148936170212766,0.9372988939285278,242,815
fixed,sub-03_FDSI_triangular-ramp40s_snr15dB,sub-03,triangular-ramp40s,15,3,49,0.94,0.2982646420824295,0.2614678899082568,0.91,0.1859557867360208,0.7735849056603774,0.9069283604621888,276,921
fixed,sub-03_FDSI_triangular-ramp40s_snr15dB,sub-03,triangular-ramp40s,15,4,46,0.9433962264150944,0.344,0.3104540654699049,0.9351851851851852,0.2272727272727272,0.9464285714285714,0.9332540035247804,344,1000
fixed,sub-03_FDSI_triangular-ramp20s_snr30dB,sub-03,triangular-ramp20s,30,0,52,1.0,0.4524103831891223,0.4209150326797385,1.0,0.3437037037037037,1.0,0.9565706253051758,366,809
fixed,sub-03_FDSI_triangular-ramp20s_snr30dB,sub-03,triangular-ramp20s,30,1,51,1.0,0.478513356562137,0.4470443349753694,0.9583333333333334,0.3798882681564245,0.979591836734694,0.9453746676445008,419,854
fixed,sub-03_FDSI_triangular-ramp20s_snr30dB,sub-03,triangular-ramp20s,30,2,40,1.0,0.6060606060606061,0.5833333333333334,0.992063492063492,0.5284974093264249,0.9846153846153848,0.9602348804473876,700,1155
fixed,sub-03_FDSI_triangular-ramp20s_snr30dB,sub-03,triangular-ramp20s,30,3,44,1.0,0.4209541627689429,0.3865213082259663,1.0,0.304054054054054,0.9836065573770492,0.9473901391029358,450,1069
fixed,sub-03_FDSI_triangular-ramp20s_snr30dB,sub-03,triangular-ramp20s,30,4,46,0.9818181818181818,0.4475247524752475,0.4152719665271966,1.0,0.3357142857142857,1.0,0.9548798203468324,452,1010
fixed,sub-03_FDSI_triangular-ramp20s_snr30dB,sub-03,triangular-ramp20s,30,5,48,1.0,0.3515463917525773,0.3140676117775354,0.981132075471698,0.2271604938271605,0.9814814814814816,0.939372420310974,358,953
fixed,sub-03_FDSI_triangular-ramp20s_snr30dB,sub-03,triangular-ramp20s,30,6,49,1.0,0.3112078346028291,0.2707373271889401,0.9215686274509804,0.1840731070496083,1.0,0.9555014967918396,286,919
fixed,sub-03_FDSI_triangular-ramp20s_snr30dB,sub-03,triangular-ramp20s,30,7,35,0.9852941176470588,0.3407821229050279,0.3037974683544304,0.8897058823529411,0.2282712511938873,0.9571428571428572,0.9395508170127868,427,1253
fixed,sub-03_FDSI_triangular-ramp20s_snr30dB,sub-03,triangular-ramp20s,30,8,45,0.912280701754386,0.2068164213787761,0.1742301458670988,0.8108108108108109,0.1080357142857142,0.9333333333333332,0.9270421862602234,515,1043
fixed,sub-03_FDSI_triangular-ramp20s_snr30dB,sub-03,triangular-ramp20s,30,9,47,1.0,0.2868920032976092,0.2543103448275862,0.9056603773584906,0.1925996204933586,0.9245283018867924,0.8829547166824341,587,974
fixed,sub-03_FDSI_triangular-ramp20s_snr30dB,sub-03,triangular-ramp20s,30,10,50,0.9615384615384616,0.3047830923248053,0.2629716981132075,0.8383838383838383,0.1930758988015978,0.9387755102040816,0.9184724688529968,285,888
fixed,sub-03_FDSI_triangular-ramp20s_snr25dB,sub-03,triangular-ramp20s,25,0,52,1.0,0.4351050679851668,0.4026143790849673,1.0,0.3229629629629629,1.0,0.9554351568222046,352,809
fixed,sub-03_FDSI_triangular-ramp20s_snr25dB,sub-03,triangular-ramp20s,25,1,49,1.0,0.2908108108108108,0.2494279176201373,0.8921568627450981,0.1645077720207254,1.0,0.9514625072479248,275,919
fixed,sub-03_FDSI_triangular-ramp20s_snr25dB,sub-03,triangular-ramp20s,25,2,40,1.0,0.6147186147186147,0.5924908424908425,0.992063492063492,0.538860103626943,0.9846153846153848,0.9592108130455016,710,1155
fixed,sub-03_FDSI_triangular-ramp20s_snr25dB,sub-03,triangular-ramp20s,25,3,46,0.9818181818181818,0.4306930693069307,0.3974895397489539,0.9910714285714286,0.3178571428571428,0.9827586206896552,0.956345558166504,435,1010
fixed,sub-03_FDSI_triangular-ramp20s_snr25dB,sub-03,triangular-ramp20s,25,4,44,1.0,0.3666978484565014,0.3290386521308226,0.975,0.2443693693693693,0.9508196721311476,0.9441384077072144,392,1069
fixed,sub-03_FDSI_triangular-ramp20s_snr25dB,sub-03,triangular-ramp20s,25,5,51,1.0,0.8,0.7878411910669976,1.0,0.7605633802816901,0.979591836734694,0.9346988201141356,685,854
fixed,sub-03_FDSI_triangular-ramp20s_snr25dB,sub-03,triangular-ramp20s,25,6,48,1.0,0.3382045929018789,0.2994475138121547,0.9433962264150944,0.2167919799498746,0.9444444444444444,0.9320541620254515,329,953
fixed,sub-03_FDSI_triangular-ramp20s_snr25dB,sub-03,triangular-ramp20s,25,7,35,0.9264705882352942,0.2905027932960894,0.2540084388185654,0.7573529411764706,0.1900668576886341,0.8857142857142857,0.9184069633483888,364,1253
fixed,sub-03_FDSI_triangular-ramp20s_snr20dB,sub-03,triangular-ramp20s,20,0,44,1.0,0.3676333021515435,0.330029732408325,0.9333333333333332,0.2511261261261261,0.9508196721311476,0.9440200924873352,393,1069
fixed,sub-03_FDSI_triangular-ramp20s_snr20dB,sub-03,triangular-ramp20s,20,1,40,1.0,0.6121212121212121,0.5897435897435898,1.0,0.5357512953367876,0.9692307692307692,0.9548216462135316,707,1155
fixed,sub-03_FDSI_triangular-ramp20s_snr20dB,sub-03,triangular-ramp20s,20,2,52,1.0,0.3621755253399258,0.3254901960784314,0.9431818181818182,0.2459259259259259,0.9565217391304348,0.94429349899292,293,809
fixed,sub-03_FDSI_triangular-ramp20s_snr20dB,sub-03,triangular-ramp20s,20,3,51,0.979591836734694,0.655373831775701,0.6356877323420075,0.9375,0.5949367088607594,0.979591836734694,0.9347182512283324,563,854
fixed,sub-03_FDSI_triangular-ramp20s_snr20dB,sub-03,triangular-ramp20s,20,4,49,0.9803921568627452,0.2800429184549356,0.2395005675368899,0.8627450980392157,0.159178433889602,0.9607843137254902,0.9264447689056396,274,919
fixed,sub-03_FDSI_triangular-ramp20s_snr20dB,sub-03,triangular-ramp20s,20,5,48,0.981132075471698,0.3173777315296566,0.2786343612334802,0.8962264150943396,0.1997503121098626,0.925925925925926,0.9236131310462952,313,953
fixed,sub-03_FDSI_triangular-ramp20s_snr20dB,sub-03,triangular-ramp20s,20,6,46,0.9818181818181818,0.3831683168316832,0.3472803347280335,0.9821428571428572,0.2619047619047619,0.9827586206896552,0.9440587162971495,387,1010
fixed,sub-03_FDSI_triangular-ramp20s_snr15dB,sub-03,triangular-ramp20s,15,0,40,1.0,0.6554112554112554,0.6355311355311355,1.0,0.5875647668393782,0.9692307692307692,0.9506382942199708,757,1155
fixed,sub-03_FDSI_triangular-ramp20s_snr15dB,sub-03,triangular-ramp20s,15,1,49,0.9607843137254902,0.272234273318872,0.2319173363949483,0.8333333333333334,0.1547464239271781,0.9215686274509804,0.9224729537963868,254,919
fixed,sub-03_FDSI_triangular-ramp20s_snr15dB,sub-03,triangular-ramp20s,15,2,44,0.95,0.3264733395696913,0.2893954410307235,0.875,0.2128378378378378,0.9016393442622952,0.9266799688339232,349,1069
fixed,sub-03_FDSI_triangular-ramp20s_snr15dB,sub-03,triangular-ramp20s,15,3,52,0.9318181818181818,0.2521631644004944,0.2130718954248366,0.7954545454545454,0.1511111111111111,0.6956521739130435,0.9344173669815063,204,809
fixed,sub-03_FDSI_triangular-ramp10s_snr30dB,sub-03,triangular-ramp10s,30,0,44,1.0,0.4308560677328316,0.397410358565737,0.865546218487395,0.334841628959276,0.9833333333333332,0.9476847052574158,458,1063
fixed,sub-03_FDSI_triangular-ramp10s_snr30dB,sub-03,triangular-ramp10s,30,1,35,1.0,0.3748019017432646,0.3386420787929589,0.7913669064748201,0.2801519468186135,0.9714285714285714,0.9364376664161682,473,1262
fixed,sub-03_FDSI_triangular-ramp10s_snr30dB,sub-03,triangular-ramp10s,30,2,52,1.0,0.4124087591240876,0.3791773778920309,0.8555555555555555,0.3158660844250364,1.0,0.9481003880500792,339,822
fixed,sub-03_FDSI_triangular-ramp10s_snr30dB,sub-03,triangular-ramp10s,30,3,50,1.0,0.2806818181818182,0.2373493975903614,0.6938775510204082,0.1850340136054421,0.9148936170212766,0.9403069019317628,247,880
fixed,sub-03_FDSI_triangular-ramp10s_snr30dB,sub-03,triangular-ramp10s,30,4,46,1.0,0.4356929212362911,0.4023231256599788,0.8672566371681416,0.3393285371702638,1.0,0.9565230011940002,437,1003
fixed,sub-03_FDSI_triangular-ramp10s_snr30dB,sub-03,triangular-ramp10s,30,5,47,0.9814814814814816,0.3101104502973661,0.2778272484416741,0.7407407407407407,0.2334975369458128,0.8888888888888888,0.8629749417304993,565,977
fixed,sub-03_FDSI_triangular-ramp10s_snr30dB,sub-03,triangular-ramp10s,30,6,48,1.0,0.3295218295218295,0.2912087912087912,0.7358490566037735,0.2306733167082294,1.0,0.9491663575172424,320,959
fixed,sub-03_FDSI_triangular-ramp10s_snr30dB,sub-03,triangular-ramp10s,30,7,49,1.0,0.3260393873085339,0.2878612716763006,0.76,0.2254259501965924,0.9803921568627452,0.9579011797904968,299,913
fixed,sub-03_FDSI_triangular-ramp10s_snr30dB,sub-03,triangular-ramp10s,30,8,43,0.9166666666666666,0.1970802919708029,0.1554054054054054,0.5666666666666667,0.1027322404371584,0.8852459016393442,0.9029192924499512,220,1092
fixed,sub-03_FDSI_triangular-ramp10s_snr30dB,sub-03,triangular-ramp10s,30,9,51,1.0,0.6400462962962963,0.6198044009779952,0.967741935483871,0.573997233748271,1.0,0.9507112503051758,554,863
fixed,sub-03_FDSI_triangular-ramp10s_snr30dB,sub-03,triangular-ramp10s,30,10,40,1.0,0.4829991281604184,0.4534562211981567,0.9140625,0.3912133891213389,1.0,0.9499524235725404,554,1147
fixed,sub-03_FDSI_triangular-ramp10s_snr25dB,sub-03,triangular-ramp10s,25,0,51,1.0,0.6886574074074074,0.6711491442542787,0.925531914893617,0.6376210235131397,0.9583333333333334,0.9435437321662904,596,863
fixed,sub-03_FDSI_triangular-ramp10s_snr25dB,sub-03,triangular-ramp10s,25,1,44,1.0,0.4158043273753528,0.3814741035856573,0.8487394957983193,0.3178733031674208,1.0,0.9435837268829346,442,1063
fixed,sub-03_FDSI_triangular-ramp10s_snr25dB,sub-03,triangular-ramp10s,25,2,50,0.9,0.2136363636363636,0.172289156626506,0.5714285714285714,0.1319727891156462,0.7446808510638298,0.9272207617759703,188,880
fixed,sub-03_FDSI_triangular-ramp10s_snr25dB,sub-03,triangular-ramp10s,25,3,46,1.0,0.4356929212362911,0.4023231256599788,0.8584070796460177,0.3405275779376499,1.0,0.9503664970397948,437,1003
fixed,sub-03_FDSI_triangular-ramp10s_snr25dB,sub-03,triangular-ramp10s,25,4,48,1.0,0.3465140478668054,0.3091309130913091,0.7358490566037735,0.2521847690387016,0.9814814814814816,0.9388768672943116,335,959
fixed,sub-03_FDSI_triangular-ramp10s_snr25dB,sub-03,triangular-ramp10s,25,5,49,1.0,0.3475409836065574,0.3106235565819861,0.79,0.2473821989528795,0.9803921568627452,0.9458877444267272,320,913
fixed,sub-03_FDSI_triangular-ramp10s_snr25dB,sub-03,triangular-ramp10s,25,6,52,1.0,0.3309002433090024,0.2930591259640103,0.7111111111111111,0.2372634643377001,1.0,0.9554393291473388,272,822
fixed,sub-03_FDSI_triangular-ramp10s_snr25dB,sub-03,triangular-ramp10s,25,7,40,1.0,0.4716652136006974,0.4414746543778802,0.875,0.3838912133891213,0.984126984126984,0.9396737217903136,541,1147
fixed,sub-03_FDSI_triangular-ramp10s_snr20dB,sub-03,triangular-ramp10s,20,0,40,0.984126984126984,0.6251089799476897,0.6027649769585254,1.0,0.551255230125523,0.984126984126984,0.9591240286827089,717,1147
fixed,sub-03_FDSI_triangular-ramp10s_snr20dB,sub-03,triangular-ramp10s,20,1,46,1.0,0.4406779661016949,0.4076029567053854,0.8407079646017699,0.3489208633093525,1.0,0.9431600570678712,442,1003
fixed,sub-03_FDSI_triangular-ramp10s_snr20dB,sub-03,triangular-ramp10s,20,2,49,1.0,0.2689804772234273,0.2279495990836197,0.68,0.1686121919584954,0.9803921568627452,0.939720094203949,257,913
fixed,sub-03_FDSI_triangular-ramp10s_snr20dB,sub-03,triangular-ramp10s,20,3,44,0.9830508474576272,0.3791157102539981,0.3436254980079681,0.8319327731092437,0.2771493212669683,0.9833333333333332,0.9411616921424866,403,1063
fixed,sub-03_FDSI_triangular-ramp10s_snr20dB,sub-03,triangular-ramp10s,20,4,52,0.9772727272727272,0.3600973236009732,0.3251928020565552,0.7555555555555555,0.2663755458515284,1.0,0.9473778009414672,296,822
fixed,sub-03_FDSI_triangular-ramp10s_snr20dB,sub-03,triangular-ramp10s,20,5,51,0.9130434782608696,0.5202780996523755,0.4981640146878825,0.8191489361702128,0.4570637119113573,0.8541666666666666,0.9325770735740662,449,863
fixed,sub-03_FDSI_triangular-ramp10s_snr20dB,sub-03,triangular-ramp10s,20,6,48,0.9423076923076924,0.268951194184839,0.2305159165751921,0.6226415094339622,0.1805728518057285,0.8888888888888888,0.9277474880218506,263,959
fixed,sub-03_FDSI_triangular-ramp10s_snr15dB,sub-03,triangular-ramp10s,15,0,40,0.984126984126984,0.6163905841325196,0.5935483870967742,0.9921875,0.5418410041841004,0.984126984126984,0.95636248588562,707,1147
fixed,sub-03_FDSI_triangular-ramp10s_snr15dB,sub-03,triangular-ramp10s,15,1,52,0.9772727272727272,0.3552311435523114,0.320051413881748,0.7666666666666667,0.2707423580786026,0.8222222222222222,0.9298222064971924,292,822
fixed,sub-03_FDSI_triangular-ramp10s_snr15dB,sub-03,triangular-ramp10s,15,2,49,0.9591836734693876,0.2304347826086956,0.1894374282433984,0.66,0.1326397919375812,0.8627450980392157,0.9196448922157288,219,913
fixed,sub-03_FDSI_triangular-ramp5s_snr30dB,sub-03,triangular-ramp5s,30,0,40,1.0,0.6404494382022472,0.6190476190476191,0.7984496124031008,0.5950155763239875,1.0,0.9613158702850342,741,1157
fixed,sub-03_FDSI_triangular-ramp5s_snr30dB,sub-03,triangular-ramp5s,30,1,51,1.0,0.639766081871345,0.6197530864197531,0.7934782608695652,0.5963687150837989,1.0,0.9535539150238036,547,855
fixed,sub-03_FDSI_triangular-ramp5s_snr30dB,sub-03,triangular-ramp5s,30,2,46,1.0,0.4264264264264264,0.3936507936507936,0.6697247706422018,0.3576555023923445,1.0,0.9580090045928956,426,999
fixed,sub-03_FDSI_triangular-ramp5s_snr30dB,sub-03,triangular-ramp5s,30,3,44,1.0,0.402245088868101,0.3666997026759167,0.6837606837606838,0.3258678611422172,1.0,0.9545373916625975,430,1069
fixed,sub-03_FDSI_triangular-ramp5s_snr30dB,sub-03,triangular-ramp5s,30,4,52,1.0,0.3321123321123321,0.2923673997412678,0.6086956521739131,0.2518301610541728,1.0,0.9558135867118835,272,819
fixed,sub-03_FDSI_triangular-ramp5s_snr30dB,sub-03,triangular-ramp5s,30,5,48,1.0,0.3432203389830508,0.3049327354260089,0.625,0.2617534942820839,1.0,0.9482070207595824,324,944
fixed,sub-03_FDSI_triangular-ramp5s_snr30dB,sub-03,triangular-ramp5s,30,6,47,0.9636363636363636,0.2512690355329949,0.2165039929015084,0.532258064516129,0.1794616151545364,0.9272727272727272,0.8939141631126404,503,976
fixed,sub-03_FDSI_triangular-ramp5s_snr30dB,sub-03,triangular-ramp5s,30,7,49,1.0,0.3054347826086956,0.2655172413793103,0.62,0.2197659297789336,0.9803921568627452,0.9531344175338744,289,912
fixed,sub-03_FDSI_triangular-ramp5s_snr30dB,sub-03,triangular-ramp5s,30,8,50,0.9803921568627452,0.2749719416386083,0.2321428571428571,0.5631067961165048,0.1932432432432432,0.9166666666666666,0.9244236350059508,247,889
fixed,sub-03_FDSI_triangular-ramp5s_snr30dB,sub-03,triangular-ramp5s,30,9,35,0.9855072463768116,0.3572567783094099,0.3206751054852321,0.6402877697841727,0.2795801526717557,0.9850746268656716,0.943562924861908,448,1254
fixed,sub-03_FDSI_triangular-ramp5s_snr25dB,sub-03,triangular-ramp5s,25,0,48,1.0,0.2970711297071129,0.2566371681415929,0.5660377358490566,0.2183186951066499,0.9433962264150944,0.9238908290863036,296,944
fixed,sub-03_FDSI_triangular-ramp5s_snr25dB,sub-03,triangular-ramp5s,25,1,40,1.0,0.6283491789109766,0.6062271062271062,0.7906976744186046,0.5815160955347871,1.0,0.9601120948791504,727,1157
fixed,sub-03_FDSI_triangular-ramp5s_snr25dB,sub-03,triangular-ramp5s,25,2,46,1.0,0.4304304304304304,0.3978835978835979,0.6697247706422018,0.3624401913875598,1.0,0.9533476829528807,430,999
fixed,sub-03_FDSI_triangular-ramp5s_snr25dB,sub-03,triangular-ramp5s,25,3,44,1.0,0.4172123479887745,0.3825569871159563,0.6752136752136753,0.3460246360582307,0.9830508474576272,0.9522056579589844,446,1069
fixed,sub-03_FDSI_triangular-ramp5s_snr25dB,sub-03,triangular-ramp5s,25,4,51,1.0,0.6530373831775701,0.6337854500616523,0.7934782608695652,0.6122733612273361,1.0,0.9409657120704652,560,855
fixed,sub-03_FDSI_triangular-ramp5s_snr25dB,sub-03,triangular-ramp5s,25,5,52,1.0,0.326007326007326,0.2858990944372574,0.6195652173913043,0.2430453879941435,1.0,0.9515522122383118,267,819
fixed,sub-03_FDSI_triangular-ramp5s_snr25dB,sub-03,triangular-ramp5s,25,6,49,1.0,0.2676056338028169,0.2256586483390607,0.6039603960396039,0.1763942931258106,0.9803921568627452,0.9409431219100952,258,912
fixed,sub-03_FDSI_triangular-ramp5s_snr20dB,sub-03,triangular-ramp5s,20,0,52,1.0,0.3357753357753357,0.296248382923674,0.6086956521739131,0.2591508052708638,0.9545454545454546,0.9378289580345154,275,819
fixed,sub-03_FDSI_triangular-ramp5s_snr20dB,sub-03,triangular-ramp5s,20,1,49,1.0,0.3428258488499452,0.3047508690614137,0.63,0.2611548556430446,1.0,0.9369848966598512,314,912
fixed,sub-03_FDSI_triangular-ramp5s_snr20dB,sub-03,triangular-ramp5s,20,2,40,1.0,0.6395851339671564,0.6181318681318682,0.7984496124031008,0.5939771547248183,1.0,0.9588512778282166,740,1157
fixed,sub-03_FDSI_triangular-ramp5s_snr20dB,sub-03,triangular-ramp5s,20,3,44,1.0,0.4087932647333957,0.3736372646184341,0.6923076923076923,0.3337066069428891,0.9830508474576272,0.9411802887916564,437,1069
fixed,sub-03_FDSI_triangular-ramp5s_snr20dB,sub-03,triangular-ramp5s,20,4,46,1.0,0.4034034034034034,0.3693121693121693,0.6422018348623854,0.3337320574162679,1.0,0.9483998417854308,403,999
fixed,sub-03_FDSI_triangular-ramp5s_snr20dB,sub-03,triangular-ramp5s,20,5,51,1.0,0.6495327102803738,0.6300863131935882,0.7608695652173914,0.6164574616457462,0.9361702127659576,0.938476264476776,557,855
fixed,sub-03_FDSI_triangular-ramp5s_snr20dB,sub-03,triangular-ramp5s,20,6,48,0.9433962264150944,0.2845100105374078,0.2455357142857142,0.5904761904761905,0.2073324905183312,0.8301886792452831,0.922088623046875,275,944
fixed,sub-03_FDSI_triangular-ramp5s_snr15dB,sub-03,triangular-ramp5s,15,0,52,0.9782608695652174,0.221001221001221,0.1759379042690815,0.5434782608695652,0.1551976573938506,0.5681818181818182,0.9109219312667848,181,819
fixed,sub-03_FDSI_triangular-ramp5s_snr15dB,sub-03,triangular-ramp5s,15,1,40,1.0,0.6335350043215212,0.6117216117216118,0.7984496124031008,0.5867082035306335,1.0,0.9533466696739196,733,1157
fixed,sub-03_FDSI_triangular-ramp5s_snr15dB,sub-03,triangular-ramp5s,15,2,51,0.9111111111111112,0.313588850174216,0.2806372549019608,0.5543478260869565,0.2631578947368421,0.6170212765957447,0.9142364859580994,276,855
fixed,sub-03_FDSI_triangular-ramp5s_snr15dB,sub-03,triangular-ramp5s,15,3,46,0.9074074074074074,0.3443443443443443,0.3121693121693121,0.5963302752293578,0.2799043062200957,0.8333333333333334,0.9131495356559752,344,999
fixed,sub-04_FDSI_staircase_snr30dB,sub-04,staircase,30,0,50,1.0,0.3378684807256236,0.3113207547169811,,,,0.94064599275589,447,1323
fixed,sub-04_FDSI_staircase_snr30dB,sub-04,staircase,30,1,44,1.0,0.3837133550488599,0.3586440677966102,,,,0.9436981081962584,589,1535
fixed,sub-04_FDSI_staircase_snr30dB,sub-04,staircase,30,2,54,1.0,0.2622527944969905,0.2311827956989247,,,,0.9241899847984314,305,1163
fixed,sub-04_FDSI_staircase_snr30dB,sub-04,staircase,30,3,41,1.0,0.6137469586374696,0.5978467384420519,,,,0.9574229121208192,1009,1644
fixed,sub-04_FDSI_staircase_snr30dB,sub-04,staircase,30,4,53,1.0,0.1778846153846154,0.1498579545454545,,,,0.924212634563446,513,1202
fixed,sub-04_FDSI_staircase_snr30dB,sub-04,staircase,30,5,23,0.975,0.463907117617365,0.4423987375065755,,,,0.9315969347953796,919,1981
fixed,sub-04_FDSI_staircase_snr30dB,sub-04,staircase,30,6,51,1.0,0.246692607003891,0.2136474411047928,,,,0.9436751008033752,317,1285
fixed,sub-04_FDSI_staircase_snr30dB,sub-04,staircase,30,7,48,1.0,0.2286931818181818,0.1961509992598075,,,,0.9500401020050048,322,1408
fixed,sub-04_FDSI_staircase_snr30dB,sub-04,staircase,30,8,47,0.9107142857142856,0.1161094224924012,0.0881057268722467,,,,0.915813446044922,388,1448
fixed,sub-04_FDSI_staircase_snr30dB,sub-04,staircase,30,9,37,0.9420289855072465,0.2703639514731369,0.2424789410348977,,,,0.9289731979370116,469,1730
fixed,sub-04_FDSI_staircase_snr30dB,sub-04,staircase,30,10,49,1.0,0.328928046989721,0.3017570664629488,,,,0.951512575149536,448,1362
fixed,sub-04_FDSI_staircase_snr30dB,sub-04,staircase,30,11,17,0.9012345679012346,0.4067055393586006,0.3864441072331815,,,,0.9154013395309448,838,2057
fixed,sub-04_FDSI_staircase_snr30dB,sub-04,staircase,30,12,42,1.0,0.3025577043044292,0.274025974025974,,,,0.9389599561691284,485,1603
fixed,sub-04_FDSI_staircase_snr30dB,sub-04,staircase,30,13,33,0.9014084507042254,0.3842105263157894,0.3641334062329142,,,,0.8832623362541199,805,1825
fixed,sub-04_FDSI_staircase_snr25dB,sub-04,staircase,25,0,44,0.9666666666666668,0.3420195439739413,0.3166101694915254,,,,0.9361094832420348,525,1535
fixed,sub-04_FDSI_staircase_snr25dB,sub-04,staircase,25,1,51,0.9814814814814816,0.2513618677042801,0.2193338748984565,,,,0.9356919527053832,323,1285
fixed,sub-04_FDSI_staircase_snr25dB,sub-04,staircase,25,2,53,0.9387755102040816,0.1773761713520749,0.1515570934256055,,,,0.9069634079933168,557,1202
fixed,sub-04_FDSI_staircase_snr25dB,sub-04,staircase,25,3,41,1.0,0.5371046228710462,0.5180493983533883,,,,0.9582393169403076,883,1644
fixed,sub-04_FDSI_staircase_snr25dB,sub-04,staircase,25,4,48,1.0,0.3231534090909091,0.2945965951147298,,,,0.948153555393219,455,1408
fixed,sub-04_FDSI_staircase_snr25dB,sub-04,staircase,25,5,54,1.0,0.2233676975945017,0.1906893464637421,,,,0.9208440780639648,261,1163
fixed,sub-04_FDSI_staircase_snr25dB,sub-04,staircase,25,6,50,0.9803921568627452,0.309145880574452,0.2822327044025157,,,,0.9315423965454102,409,1323
fixed,sub-04_FDSI_staircase_snr25dB,sub-04,staircase,25,7,47,0.912280701754386,0.1152502910360884,0.0878988561107766,,,,0.9165601134300232,468,1448
fixed,sub-04_FDSI_staircase_snr25dB,sub-04,staircase,25,8,49,1.0,0.3250183418928833,0.2977099236641221,,,,0.9354402422904968,444,1362
fixed,sub-04_FDSI_staircase_snr25dB,sub-04,staircase,25,9,42,1.0,0.3381160324391765,0.311038961038961,,,,0.9366413354873656,542,1603
fixed,sub-04_FDSI_staircase_snr20dB,sub-04,staircase,20,0,41,1.0,0.6003649635036497,0.5839138695376821,,,,0.9598925709724426,987,1644
fixed,sub-04_FDSI_staircase_snr20dB,sub-04,staircase,20,1,48,0.9824561403508772,0.4176136363636363,0.3937823834196891,,,,0.9406902194023132,588,1408
fixed,sub-04_FDSI_staircase_snr20dB,sub-04,staircase,20,2,42,0.9682539682539684,0.2626325639426076,0.2337662337662337,,,,0.9182204008102416,421,1603
fixed,sub-04_FDSI_staircase_snr20dB,sub-04,staircase,20,3,49,0.9622641509433962,0.2719941348973607,0.2440884820747521,,,,0.9160597920417786,373,1362
fixed,sub-04_FDSI_staircase_snr15dB,sub-04,staircase,15,0,41,1.0,0.5881995133819952,0.571247625079164,,,,0.9565436840057372,967,1644
fixed,sub-04_FDSI_triangular-ramp40s_snr30dB,sub-04,triangular-ramp40s,30,0,42,1.0,0.3466204506065858,0.3076216712580349,0.9923076923076924,0.2158498435870698,0.9846153846153848,0.9554405808448792,400,1154
fixed,sub-04_FDSI_triangular-ramp40s_snr30dB,sub-04,triangular-ramp40s,30,1,41,1.0,0.6871794871794872,0.6684782608695652,0.9924812030075189,0.6232032854209446,1.0,0.9624611139297484,804,1170
fixed,sub-04_FDSI_triangular-ramp40s_snr30dB,sub-04,triangular-ramp40s,30,2,33,0.9594594594594594,0.4572490706319702,0.4268867924528302,0.958904109589041,0.3584738243123336,0.958904109589041,0.9215548634529114,642,1318
fixed,sub-04_FDSI_triangular-ramp40s_snr30dB,sub-04,triangular-ramp40s,30,3,50,1.0,0.3977154724818276,0.3626373626373626,1.0,0.2795031055900621,0.9636363636363636,0.9490182399749756,383,963
fixed,sub-04_FDSI_triangular-ramp40s_snr30dB,sub-04,triangular-ramp40s,30,4,51,1.0,0.3211991434689507,0.2803632236095346,0.9809523809523808,0.1879021879021879,0.9807692307692308,0.9469901919364928,300,934
fixed,sub-04_FDSI_triangular-ramp40s_snr30dB,sub-04,triangular-ramp40s,30,5,49,1.0,0.406060606060606,0.3704496788008565,1.0,0.286060606060606,0.9818181818181818,0.9532939791679382,402,990
fixed,sub-04_FDSI_triangular-ramp40s_snr30dB,sub-04,triangular-ramp40s,30,6,48,1.0,0.4442250740375123,0.4123173277661795,1.0,0.3349112426035503,0.9821428571428572,0.9544713497161864,450,1013
fixed,sub-04_FDSI_triangular-ramp40s_snr30dB,sub-04,triangular-ramp40s,30,7,44,1.0,0.3987398739873987,0.3638095238095238,0.9918032786885246,0.2790948275862069,1.0,0.947111427783966,443,1111
fixed,sub-04_FDSI_triangular-ramp40s_snr30dB,sub-04,triangular-ramp40s,30,8,54,1.0,0.2589498806682577,0.2159090909090909,0.9565217391304348,0.1214285714285714,0.9565217391304348,0.94014972448349,219,836
fixed,sub-04_FDSI_triangular-ramp40s_snr30dB,sub-04,triangular-ramp40s,30,9,17,0.927710843373494,0.445855614973262,0.4165487977369165,0.9041916167664672,0.3528468323977546,0.9036144578313252,0.9169780611991882,668,1495
fixed,sub-04_FDSI_triangular-ramp40s_snr30dB,sub-04,triangular-ramp40s,30,10,23,0.935897435897436,0.4116002795248078,0.3813747228381374,0.949685534591195,0.3034367141659681,0.9620253164556962,0.927474319934845,589,1431
fixed,sub-04_FDSI_triangular-ramp40s_snr30dB,sub-04,triangular-ramp40s,30,11,47,0.9107142857142856,0.19559902200489,0.161400512382579,0.8508771929824561,0.0871212121212121,0.8947368421052632,0.9014207124710084,430,1037
fixed,sub-04_FDSI_triangular-ramp40s_snr30dB,sub-04,triangular-ramp40s,30,12,53,0.9565217391304348,0.5370985603543743,0.514585764294049,0.9574468085106383,0.4645669291338583,0.8723404255319149,0.908743977546692,530,858
fixed,sub-04_FDSI_triangular-ramp40s_snr25dB,sub-04,triangular-ramp40s,25,0,42,1.0,0.3518197573656845,0.3131313131313131,0.9846153846153848,0.2241918665276329,0.9692307692307692,0.953710913658142,406,1154
fixed,sub-04_FDSI_triangular-ramp40s_snr25dB,sub-04,triangular-ramp40s,25,1,44,0.9672131147540984,0.3935309973045822,0.3602661596958175,0.9754098360655736,0.2763440860215054,0.9838709677419356,0.9397863149642944,440,1111
fixed,sub-04_FDSI_triangular-ramp40s_snr25dB,sub-04,triangular-ramp40s,25,2,50,1.0,0.3592938733125649,0.321978021978022,0.9807692307692308,0.2372670807453416,0.9454545454545454,0.9424420595169068,346,963
fixed,sub-04_FDSI_triangular-ramp40s_snr25dB,sub-04,triangular-ramp40s,25,3,48,1.0,0.3474827245804541,0.3100208768267223,0.9910714285714286,0.2213017751479289,0.9642857142857144,0.9535934329032898,352,1013
fixed,sub-04_FDSI_triangular-ramp40s_snr25dB,sub-04,triangular-ramp40s,25,4,49,0.9821428571428572,0.3676767676767676,0.3308351177730192,0.981981981981982,0.2448484848484848,0.9454545454545454,0.9427862167358398,364,990
fixed,sub-04_FDSI_triangular-ramp40s_snr25dB,sub-04,triangular-ramp40s,25,5,41,1.0,0.6324786324786325,0.6105072463768116,0.9924812030075189,0.5585215605749486,0.984375,0.949845016002655,740,1170
fixed,sub-04_FDSI_triangular-ramp40s_snr25dB,sub-04,triangular-ramp40s,25,6,51,0.981132075471698,0.2719486081370449,0.2292849035187287,0.9047619047619048,0.138996138996139,0.9807692307692308,0.930576503276825,254,934
fixed,sub-04_FDSI_triangular-ramp40s_snr20dB,sub-04,triangular-ramp40s,20,0,42,0.953846153846154,0.3292894280762565,0.2920110192837465,0.946153846153846,0.2043795620437956,0.9384615384615383,0.9364283084869384,380,1154
fixed,sub-04_FDSI_triangular-ramp40s_snr20dB,sub-04,triangular-ramp40s,20,1,41,1.0,0.6504273504273504,0.6295289855072463,0.9924812030075189,0.5790554414784395,1.0,0.9568856358528136,761,1170
fixed,sub-04_FDSI_triangular-ramp40s_snr20dB,sub-04,triangular-ramp40s,20,2,44,0.9193548387096774,0.3692722371967655,0.3368220742150333,0.9262295081967212,0.2583423035522066,0.935483870967742,0.922105073928833,413,1111
fixed,sub-04_FDSI_triangular-ramp40s_snr20dB,sub-04,triangular-ramp40s,20,3,48,0.9818181818181818,0.3376110562685094,0.3006263048016701,0.9732142857142856,0.2142011834319526,0.9285714285714286,0.944728434085846,342,1013
fixed,sub-04_FDSI_triangular-ramp40s_snr15dB,sub-04,triangular-ramp40s,15,0,41,1.0,0.6196581196581197,0.5969202898550725,0.9924812030075189,0.5420944558521561,1.0,0.9596372246742249,725,1170
fixed,sub-04_FDSI_triangular-ramp20s_snr30dB,sub-04,triangular-ramp20s,30,0,48,1.0,0.4796828543111992,0.4479495268138801,0.991150442477876,0.3754469606674612,1.0,0.9511649012565612,484,1009
fixed,sub-04_FDSI_triangular-ramp20s_snr30dB,sub-04,triangular-ramp20s,30,1,51,1.0,0.3358613217768147,0.2970183486238532,0.941747572815534,0.2083333333333333,0.981132075471698,0.9422276020050048,310,923
fixed,sub-04_FDSI_triangular-ramp20s_snr30dB,sub-04,triangular-ramp20s,30,2,54,1.0,0.2653799758745476,0.2232142857142857,0.8426966292134831,0.1455331412103746,0.9565217391304348,0.9282273054122924,220,829
fixed,sub-04_FDSI_triangular-ramp20s_snr30dB,sub-04,triangular-ramp20s,30,3,50,1.0,0.422360248447205,0.3888280394304491,0.9724770642201837,0.3105590062111801,1.0,0.9480740427970886,408,966
fixed,sub-04_FDSI_triangular-ramp20s_snr30dB,sub-04,triangular-ramp20s,30,4,53,1.0,0.5400225479143179,0.5137067938021455,1.0,0.4535666218034993,0.9583333333333334,0.9311930537223816,502,864
fixed,sub-04_FDSI_triangular-ramp20s_snr30dB,sub-04,triangular-ramp20s,30,5,42,1.0,0.3318965517241379,0.2935278030993619,0.9523809523809524,0.2080329557157569,1.0,0.9529373645782472,385,1160
fixed,sub-04_FDSI_triangular-ramp20s_snr30dB,sub-04,triangular-ramp20s,30,6,49,1.0,0.365482233502538,0.3308351177730192,0.9532710280373832,0.25,0.9629629629629628,0.9432939887046814,365,980
fixed,sub-04_FDSI_triangular-ramp20s_snr30dB,sub-04,triangular-ramp20s,30,7,37,0.9420289855072465,0.3309352517985611,0.2952622673434856,0.9044117647058824,0.2189292543021032,0.8985507246376812,0.9244030117988586,414,1251
fixed,sub-04_FDSI_triangular-ramp20s_snr30dB,sub-04,triangular-ramp20s,30,8,23,0.9625,0.4610526315789474,0.4312267657992565,0.9316770186335404,0.3637130801687763,0.9620253164556962,0.9319124817848206,657,1425
fixed,sub-04_FDSI_triangular-ramp20s_snr30dB,sub-04,triangular-ramp20s,30,9,41,1.0,0.6243654822335025,0.6025067144136079,0.9848484848484848,0.5501519756838906,1.0,0.9563257694244384,738,1182
fixed,sub-04_FDSI_triangular-ramp20s_snr30dB,sub-04,triangular-ramp20s,30,10,33,0.9178082191780822,0.4299625468164794,0.401743264659271,0.9047619047619048,0.3348294434470377,0.8933333333333333,0.923584520816803,584,1325
fixed,sub-04_FDSI_triangular-ramp20s_snr30dB,sub-04,triangular-ramp20s,30,11,17,0.9375,0.4845430107526882,0.4588068181818182,0.951219512195122,0.392741935483871,0.9285714285714286,0.9244082570075988,721,1488
fixed,sub-04_FDSI_triangular-ramp20s_snr30dB,sub-04,triangular-ramp20s,30,12,44,0.9838709677419356,0.4063348416289593,0.3706896551724138,0.95,0.2968580715059588,0.9838709677419356,0.9328196048736572,450,1104
fixed,sub-04_FDSI_triangular-ramp20s_snr25dB,sub-04,triangular-ramp20s,25,0,51,0.9803921568627452,0.3423618634886241,0.305045871559633,0.9514563106796116,0.2161458333333333,0.9622641509433962,0.9264990091323853,316,923
fixed,sub-04_FDSI_triangular-ramp20s_snr25dB,sub-04,triangular-ramp20s,25,1,54,0.9333333333333332,0.2081829121540312,0.1666666666666666,0.7640449438202247,0.1063218390804597,0.6739130434782609,0.9205670356750488,175,829
fixed,sub-04_FDSI_triangular-ramp20s_snr25dB,sub-04,triangular-ramp20s,25,2,53,0.9375,0.4361581920903954,0.4074074074074074,0.875,0.3549257759784076,0.8125,0.9214442372322084,407,864
fixed,sub-04_FDSI_triangular-ramp20s_snr25dB,sub-04,triangular-ramp20s,25,3,42,1.0,0.325,0.2862351868732908,0.9603174603174603,0.1987641606591143,1.0,0.9452503323554992,377,1160
fixed,sub-04_FDSI_triangular-ramp20s_snr25dB,sub-04,triangular-ramp20s,25,4,48,1.0,0.263627353815659,0.2187171398527865,0.831858407079646,0.1370679380214541,1.0,0.9509514570236206,266,1009
fixed,sub-04_FDSI_triangular-ramp20s_snr25dB,sub-04,triangular-ramp20s,25,5,50,0.981132075471698,0.3519668737060041,0.3154435925520263,0.9174311926605504,0.2347826086956521,0.9807692307692308,0.9391103386878968,340,966
fixed,sub-04_FDSI_triangular-ramp20s_snr25dB,sub-04,triangular-ramp20s,25,6,49,1.0,0.3469387755102041,0.3110871905274489,0.9439252336448598,0.2271062271062271,0.9814814814814816,0.9389750957489014,340,980
fixed,sub-04_FDSI_triangular-ramp20s_snr25dB,sub-04,triangular-ramp20s,25,7,44,1.0,0.3659420289855072,0.3288590604026846,0.975,0.2440347071583514,1.0,0.9420637488365172,404,1104
fixed,sub-04_FDSI_triangular-ramp20s_snr25dB,sub-04,triangular-ramp20s,25,8,41,1.0,0.6362098138747885,0.6150402864816473,0.9848484848484848,0.5643363728470111,1.0,0.9609349966049194,752,1182
fixed,sub-04_FDSI_triangular-ramp20s_snr20dB,sub-04,triangular-ramp20s,20,0,48,0.9827586206896552,0.4241823587710605,0.3901156677181914,0.9292035398230089,0.3206197854588796,0.9473684210526316,0.935945987701416,428,1009
fixed,sub-04_FDSI_triangular-ramp20s_snr20dB,sub-04,triangular-ramp20s,20,1,42,0.984126984126984,0.2939655172413793,0.2543299908842297,0.873015873015873,0.1730175077239958,1.0,0.9273636937141418,341,1160
fixed,sub-04_FDSI_triangular-ramp20s_snr20dB,sub-04,triangular-ramp20s,20,2,41,1.0,0.5702199661590525,0.5452103849597135,0.9848484848484848,0.4853090172239108,1.0,0.9562944173812866,674,1182
fixed,sub-04_FDSI_triangular-ramp20s_snr15dB,sub-04,triangular-ramp20s,15,0,41,1.0,0.6692047377326565,0.6499552372426142,0.9848484848484848,0.6038500506585613,1.0,0.9556682109832764,791,1182
fixed,sub-04_FDSI_triangular-ramp10s_snr30dB,sub-04,triangular-ramp10s,30,0,49,1.0,0.3638211382113821,0.3247033441208198,0.7699115044247787,0.2665036674816626,1.0,0.95221346616745,358,984
fixed,sub-04_FDSI_triangular-ramp10s_snr30dB,sub-04,triangular-ramp10s,30,1,41,0.9846153846153848,0.6487179487179487,0.6274864376130199,1.0,0.5797546012269938,1.0,0.9597565531730652,759,1170
fixed,sub-04_FDSI_triangular-ramp10s_snr30dB,sub-04,triangular-ramp10s,30,2,42,1.0,0.3191673894189072,0.2784926470588235,0.7209302325581395,0.2222222222222222,1.0,0.9419732093811036,368,1153
fixed,sub-04_FDSI_triangular-ramp10s_snr30dB,sub-04,triangular-ramp10s,30,3,48,1.0,0.4294234592445328,0.3970588235294117,0.8611111111111112,0.3353151010701545,1.0,0.955227792263031,432,1006
fixed,sub-04_FDSI_triangular-ramp10s_snr30dB,sub-04,triangular-ramp10s,30,4,47,0.9827586206896552,0.1797658862876254,0.1388400702987697,0.6120689655172413,0.0870841487279843,0.9482758620689656,0.919173777103424,373,1038
fixed,sub-04_FDSI_triangular-ramp10s_snr30dB,sub-04,triangular-ramp10s,30,5,50,1.0,0.4272349272349272,0.3945054945054945,0.8301886792452831,0.3345817727840199,1.0,0.94832181930542,411,962
fixed,sub-04_FDSI_triangular-ramp10s_snr30dB,sub-04,triangular-ramp10s,30,6,44,1.0,0.4307553956834532,0.3971428571428571,0.8548387096774194,0.3322475570032573,1.0,0.9459660649299622,479,1112
fixed,sub-04_FDSI_triangular-ramp10s_snr30dB,sub-04,triangular-ramp10s,30,7,51,1.0,0.3110151187904967,0.2708571428571428,0.6990291262135923,0.2127107652399481,1.0,0.943258821964264,288,926
fixed,sub-04_FDSI_triangular-ramp10s_snr30dB,sub-04,triangular-ramp10s,30,8,17,0.9523809523809524,0.5427236315086782,0.5173144876325089,0.9461077844311376,0.4623397435897436,0.9397590361445785,0.9409753680229188,813,1498
fixed,sub-04_FDSI_triangular-ramp10s_snr30dB,sub-04,triangular-ramp10s,30,9,54,1.0,0.3545673076923077,0.3167938931297709,0.782608695652174,0.2539682539682539,1.0,0.9469137787818908,295,832
fixed,sub-04_FDSI_triangular-ramp10s_snr30dB,sub-04,triangular-ramp10s,30,10,33,0.9444444444444444,0.5196374622356495,0.4952076677316294,0.8680555555555556,0.4498644986449864,0.8904109589041096,0.919258713722229,699,1313
fixed,sub-04_FDSI_triangular-ramp10s_snr30dB,sub-04,triangular-ramp10s,30,11,53,0.9583333333333334,0.4318374259102455,0.4095322153574581,0.8811881188118812,0.3662790697674418,0.8958333333333334,0.8875442147254944,822,869
fixed,sub-04_FDSI_triangular-ramp10s_snr30dB,sub-04,triangular-ramp10s,30,12,43,0.9076923076923076,0.2326530612244897,0.201423487544484,0.6717557251908397,0.1513725490196078,0.953125,0.8287378549575806,673,1139
fixed,sub-04_FDSI_triangular-ramp10s_snr30dB,sub-04,triangular-ramp10s,30,13,23,0.9090909090909092,0.4231843575418994,0.3955719557195572,0.8076923076923077,0.340016708437761,0.9240506329113924,0.9087119698524476,606,1432
fixed,sub-04_FDSI_triangular-ramp10s_snr25dB,sub-04,triangular-ramp10s,25,0,54,0.9130434782608696,0.2307692307692307,0.1908396946564885,0.6304347826086957,0.1399711399711399,0.7872340425531915,0.917532742023468,192,832
fixed,sub-04_FDSI_triangular-ramp10s_snr25dB,sub-04,triangular-ramp10s,25,1,49,0.9824561403508772,0.3739837398373983,0.3365695792880259,0.8141592920353983,0.2726161369193154,1.0,0.938097596168518,368,984
fixed,sub-04_FDSI_triangular-ramp10s_snr25dB,sub-04,triangular-ramp10s,25,2,48,0.9814814814814816,0.3399602385685885,0.3035714285714285,0.7407407407407407,0.2461355529131985,0.9649122807017544,0.957757532596588,342,1006
fixed,sub-04_FDSI_triangular-ramp10s_snr25dB,sub-04,triangular-ramp10s,25,3,42,1.0,0.3564614050303556,0.3180147058823529,0.7984496124031008,0.2596053997923156,0.9508196721311476,0.9417102336883544,411,1153
fixed,sub-04_FDSI_triangular-ramp10s_snr25dB,sub-04,triangular-ramp10s,25,4,50,1.0,0.3794178794178794,0.3439560439560439,0.8113207547169812,0.2808988764044944,0.9818181818181818,0.9422179460525512,365,962
fixed,sub-04_FDSI_triangular-ramp10s_snr25dB,sub-04,triangular-ramp10s,25,5,44,0.9838709677419356,0.4127697841726618,0.379047619047619,0.8387096774193549,0.3148751357220412,0.9701492537313432,0.937647819519043,459,1112
fixed,sub-04_FDSI_triangular-ramp10s_snr25dB,sub-04,triangular-ramp10s,25,6,41,0.9846153846153848,0.6623931623931624,0.6419529837251357,0.984375,0.598159509202454,1.0,0.956880509853363,775,1170
fixed,sub-04_FDSI_triangular-ramp10s_snr25dB,sub-04,triangular-ramp10s,25,7,51,0.9803921568627452,0.3012958963282937,0.2617142857142857,0.7184466019417476,0.2049286640726329,0.903846153846154,0.93340402841568,279,926
fixed,sub-04_FDSI_triangular-ramp10s_snr20dB,sub-04,triangular-ramp10s,20,0,41,0.9846153846153848,0.6418803418803419,0.620253164556962,0.9765625,0.5740551583248212,0.984375,0.9623591899871826,751,1170
fixed,sub-04_FDSI_triangular-ramp10s_snr20dB,sub-04,triangular-ramp10s,20,1,49,0.9473684210526316,0.3160569105691057,0.2772384034519957,0.7256637168141593,0.2273838630806846,0.8113207547169812,0.9289158582687378,311,984
fixed,sub-04_FDSI_triangular-ramp10s_snr20dB,sub-04,triangular-ramp10s,20,2,42,0.9692307692307692,0.3148308759757155,0.2757352941176471,0.7364341085271318,0.2170301142263759,0.9672131147540984,0.9377400279045104,363,1153
fixed,sub-04_FDSI_triangular-ramp10s_snr20dB,sub-04,triangular-ramp10s,20,3,50,0.9423076923076924,0.3004158004158004,0.2637362637362637,0.6981132075471698,0.2097378277153558,0.8545454545454545,0.9236949682235718,289,962
fixed,sub-04_FDSI_triangular-ramp10s_snr20dB,sub-04,triangular-ramp10s,20,4,48,0.925925925925926,0.2355864811133201,0.1964285714285714,0.6481481481481481,0.1391200951248513,0.8771929824561403,0.9237168431282043,237,1006
fixed,sub-04_FDSI_triangular-ramp10s_snr15dB,sub-04,triangular-ramp10s,15,0,41,0.9846153846153848,0.6205128205128205,0.5976491862567812,0.984375,0.5474974463738509,0.984375,0.9636021852493286,726,1170
fixed,sub-04_FDSI_triangular-ramp5s_snr30dB,sub-04,triangular-ramp5s,30,0,48,1.0,0.4792079207920792,0.4497907949790795,0.7168141592920354,0.4133016627078384,1.0,0.9591981768608092,484,1010
fixed,sub-04_FDSI_triangular-ramp5s_snr30dB,sub-04,triangular-ramp5s,30,1,44,1.0,0.3929539295392953,0.3569377990430622,0.6666666666666666,0.3171521035598705,0.9836065573770492,0.9468995332717896,435,1107
fixed,sub-04_FDSI_triangular-ramp5s_snr30dB,sub-04,triangular-ramp5s,30,2,49,1.0,0.332994923857868,0.2943071965628356,0.6238532110091743,0.2515188335358445,1.0,0.9478797912597656,328,985
fixed,sub-04_FDSI_triangular-ramp5s_snr30dB,sub-04,triangular-ramp5s,30,3,41,0.9848484848484848,0.6793570219966159,0.6598030438675022,0.8333333333333334,0.6371951219512195,1.0,0.9583116173744202,803,1182
fixed,sub-04_FDSI_triangular-ramp5s_snr30dB,sub-04,triangular-ramp5s,30,4,54,1.0,0.3497596153846153,0.3117048346055979,0.6373626373626373,0.2723342939481268,0.9361702127659576,0.943787395954132,291,832
fixed,sub-04_FDSI_triangular-ramp5s_snr30dB,sub-04,triangular-ramp5s,30,5,42,1.0,0.3539668700959023,0.3151571164510166,0.640625,0.2730125523012552,1.0,0.9546398520469666,406,1147
fixed,sub-04_FDSI_triangular-ramp5s_snr30dB,sub-04,triangular-ramp5s,30,6,53,0.9791666666666666,0.5581140350877193,0.5347222222222222,0.7272727272727273,0.5098039215686274,0.9791666666666666,0.922564685344696,555,866
fixed,sub-04_FDSI_triangular-ramp5s_snr30dB,sub-04,triangular-ramp5s,30,7,50,1.0,0.4467640918580375,0.4150110375275938,0.6635514018691588,0.3809523809523809,1.0,0.9441116452217102,428,958
fixed,sub-04_FDSI_triangular-ramp5s_snr30dB,sub-04,triangular-ramp5s,30,8,47,0.9482758620689656,0.192212096106048,0.1540469973890339,0.4806201550387597,0.1144814090019569,0.9464285714285714,0.920875370502472,400,1039
fixed,sub-04_FDSI_triangular-ramp5s_snr30dB,sub-04,triangular-ramp5s,30,9,23,1.0,0.459050240880936,0.4283636363636364,0.6835443037974683,0.3976992604765818,0.9615384615384616,0.9296270608901978,667,1453
fixed,sub-04_FDSI_triangular-ramp5s_snr30dB,sub-04,triangular-ramp5s,30,10,51,1.0,0.3023001095290252,0.2618771726535341,0.5959595959595959,0.218872870249017,0.9803921568627452,0.9423823952674866,276,913
fixed,sub-04_FDSI_triangular-ramp5s_snr25dB,sub-04,triangular-ramp5s,25,0,42,1.0,0.3722755013077594,0.3345656192236599,0.625,0.2970711297071129,1.0,0.9489775896072388,427,1147
fixed,sub-04_FDSI_triangular-ramp5s_snr25dB,sub-04,triangular-ramp5s,25,1,48,1.0,0.493069306930693,0.4644351464435146,0.7168141592920354,0.4299287410926365,1.0,0.9486176371574402,498,1010
fixed,sub-04_FDSI_triangular-ramp5s_snr25dB,sub-04,triangular-ramp5s,25,2,44,1.0,0.3703703703703703,0.3330143540669856,0.6583333333333333,0.2944983818770226,0.9344262295081968,0.939176082611084,410,1107
fixed,sub-04_FDSI_triangular-ramp5s_snr25dB,sub-04,triangular-ramp5s,25,3,54,0.9565217391304348,0.2434052757793765,0.2017766497461929,0.5543478260869565,0.1539568345323741,0.9574468085106383,0.9077056050300598,205,832
fixed,sub-04_FDSI_triangular-ramp5s_snr25dB,sub-04,triangular-ramp5s,25,4,41,0.9848484848484848,0.6607445008460237,0.640107430617726,0.8257575757575758,0.616869918699187,0.9848484848484848,0.9538052678108216,781,1182
fixed,sub-04_FDSI_triangular-ramp5s_snr25dB,sub-04,triangular-ramp5s,25,5,50,1.0,0.3768267223382046,0.3410596026490066,0.6074766355140186,0.3045112781954887,1.0,0.9427448511123656,361,958
fixed,sub-04_FDSI_triangular-ramp5s_snr25dB,sub-04,triangular-ramp5s,25,6,53,0.9791666666666666,0.5693832599118943,0.5465116279069767,0.7448979591836735,0.5223097112860893,0.9583333333333334,0.9056650400161744,559,866
fixed,sub-04_FDSI_triangular-ramp5s_snr25dB,sub-04,triangular-ramp5s,25,7,49,1.0,0.3553299492385787,0.317937701396348,0.6422018348623854,0.2806804374240583,0.9245283018867924,0.9285629391670228,350,985
fixed,sub-04_FDSI_triangular-ramp5s_snr25dB,sub-04,triangular-ramp5s,25,8,51,0.98,0.2705366922234392,0.2294322132097334,0.5656565656565656,0.1926605504587156,0.8627450980392157,0.9288886785507202,247,913
fixed,sub-04_FDSI_triangular-ramp5s_snr20dB,sub-04,triangular-ramp5s,20,0,41,0.9848484848484848,0.5803722504230119,0.5550581915846016,0.7727272727272727,0.5264227642276422,1.0,0.9597486853599548,686,1182
fixed,sub-04_FDSI_triangular-ramp5s_snr20dB,sub-04,triangular-ramp5s,20,1,48,0.9444444444444444,0.4069306930693069,0.3765690376569037,0.6548672566371682,0.342042755344418,0.8909090909090909,0.9405940771102904,411,1010
fixed,sub-04_FDSI_triangular-ramp5s_snr20dB,sub-04,triangular-ramp5s,20,2,42,0.9384615384615383,0.2938099389712293,0.255083179297597,0.5625,0.2207112970711297,0.8571428571428571,0.9345702528953552,337,1147
fixed,sub-04_FDSI_triangular-ramp5s_snr15dB,sub-04,triangular-ramp5s,15,0,41,0.9848484848484848,0.676818950930626,0.657117278424351,0.803030303030303,0.6392276422764228,0.9848484848484848,0.9571876525878906,800,1182
fixed,sub-05_FDSI_staircase_snr30dB,sub-05,staircase,30,0,35,1.0,0.2778840025493945,0.247675962815405,,,,0.9383827447891236,436,1569
fixed,sub-05_FDSI_staircase_snr30dB,sub-05,staircase,30,1,31,1.0,0.2909305064782096,0.2627066748315982,,,,0.9394721388816832,494,1698
fixed,sub-05_FDSI_staircase_snr30dB,sub-05,staircase,30,2,44,1.0,0.3825857519788918,0.3565536205316224,,,,0.9573194980621338,435,1137
fixed,sub-05_FDSI_staircase_snr30dB,sub-05,staircase,30,3,42,1.0,0.2136616362192216,0.1818181818181818,,,,0.9350253343582152,278,1250
fixed,sub-05_FDSI_staircase_snr30dB,sub-05,staircase,30,4,43,1.0,0.2994161801501251,0.2701998262380539,,,,0.9466431140899658,359,1199
fixed,sub-05_FDSI_staircase_snr30dB,sub-05,staircase,30,5,30,1.0,0.3694638694638694,0.343844754396604,,,,0.9422219395637512,634,1716
fixed,sub-05_FDSI_staircase_snr30dB,sub-05,staircase,30,6,40,1.0,0.3114035087719298,0.2836501901140684,,,,0.9261542558670044,434,1360
fixed,sub-05_FDSI_staircase_snr30dB,sub-05,staircase,30,7,34,1.0,0.2632563942607611,0.2326185834957764,,,,0.9256991744041444,427,1598
fixed,sub-05_FDSI_staircase_snr30dB,sub-05,staircase,30,8,41,1.0,0.2326120556414219,0.2017684887459807,,,,0.9294084310531616,301,1294
fixed,sub-05_FDSI_staircase_snr30dB,sub-05,staircase,30,9,37,0.9322033898305084,0.1926561754887935,0.1712463199214916,,,,0.8677783608436584,1015,1486
fixed,sub-05_FDSI_staircase_snr30dB,sub-05,staircase,30,10,39,0.9824561403508772,0.4633932485751863,0.4500899280575539,,,,0.8346522450447083,1937,1401
fixed,sub-05_FDSI_staircase_snr30dB,sub-05,staircase,30,11,36,0.9672131147540984,0.165359477124183,0.1320626276378488,,,,0.925481915473938,253,1530
fixed,sub-05_FDSI_staircase_snr30dB,sub-05,staircase,30,12,33,0.9076923076923076,0.1477505112474437,0.1216287678476996,,,,0.8846684098243713,608,1637
fixed,sub-05_FDSI_staircase_snr30dB,sub-05,staircase,30,13,16,0.9615384615384616,0.5462555066079295,0.5297709923664122,,,,0.925616979598999,1116,2043
fixed,sub-05_FDSI_staircase_snr25dB,sub-05,staircase,25,0,35,1.0,0.2528662420382165,0.2216323822163238,,,,0.9261985421180724,398,1569
fixed,sub-05_FDSI_staircase_snr25dB,sub-05,staircase,25,1,31,1.0,0.2797408716136631,0.251071647274954,,,,0.9394116401672364,475,1698
fixed,sub-05_FDSI_staircase_snr25dB,sub-05,staircase,25,2,44,1.0,0.3790677220756376,0.3528872593950504,,,,0.9513115286827089,431,1137
fixed,sub-05_FDSI_staircase_snr25dB,sub-05,staircase,25,3,42,0.9591836734693876,0.1990668740279937,0.1689571544058205,,,,0.9104467630386353,292,1250
fixed,sub-05_FDSI_staircase_snr25dB,sub-05,staircase,25,4,43,1.0,0.2777314428690575,0.2476107732406603,,,,0.9452232122421264,333,1199
fixed,sub-05_FDSI_staircase_snr25dB,sub-05,staircase,25,5,40,0.981132075471698,0.2533039647577093,0.2238349885408709,,,,0.9199791550636292,347,1360
fixed,sub-05_FDSI_staircase_snr25dB,sub-05,staircase,25,6,36,0.9016393442622952,0.1457516339869281,0.114363512593601,,,,0.9244228601455688,223,1530
fixed,sub-05_FDSI_staircase_snr25dB,sub-05,staircase,25,7,16,0.9871794871794872,0.5203132648066568,0.5017811704834606,,,,0.9243711829185486,1063,2043
fixed,sub-05_FDSI_staircase_snr25dB,sub-05,staircase,25,8,30,0.9701492537313432,0.2966200466200466,0.2692540933899333,,,,0.92843097448349,509,1716
fixed,sub-05_FDSI_staircase_snr20dB,sub-05,staircase,20,0,31,1.0,0.2921083627797409,0.2639314145744029,,,,0.9384058117866516,496,1698
fixed,sub-05_FDSI_staircase_snr20dB,sub-05,staircase,20,1,43,1.0,0.2627189324437031,0.2319721980886186,,,,0.9327846765518188,315,1199
fixed,sub-05_FDSI_staircase_snr20dB,sub-05,staircase,20,2,44,1.0,0.2216358839050131,0.1888175985334555,,,,0.9430418610572816,252,1137
fixed,sub-05_FDSI_staircase_snr15dB,sub-05,staircase,15,0,31,0.9402985074626866,0.24,0.2112676056338028,,,,0.9279628992080688,410,1698
fixed,sub-05_FDSI_staircase_snr15dB,sub-05,staircase,15,1,43,0.9791666666666666,0.2435362802335279,0.2128583840139009,,,,0.9268117547035216,292,1199
fixed,sub-05_FDSI_staircase_snr15dB,sub-05,staircase,15,2,44,0.9782608695652174,0.2102022867194371,0.1778185151237397,,,,0.9388323426246644,239,1137
fixed,sub-05_FDSI_triangular-ramp40s_snr30dB,sub-05,triangular-ramp40s,30,0,44,1.0,0.2588957055214724,0.2166018158236057,1.0,0.1104565537555228,1.0,0.9612604379653932,211,815
fixed,sub-05_FDSI_triangular-ramp40s_snr30dB,sub-05,triangular-ramp40s,30,1,41,1.0,0.3084311632870864,0.2694475760992108,0.9805825242718448,0.1702944942381562,1.0,0.94440096616745,289,937
fixed,sub-05_FDSI_triangular-ramp40s_snr30dB,sub-05,triangular-ramp40s,30,2,43,1.0,0.241860465116279,0.1960542540073983,0.9387755102040816,0.0965034965034965,1.0,0.945091426372528,208,860
fixed,sub-05_FDSI_triangular-ramp40s_snr30dB,sub-05,triangular-ramp40s,30,3,35,1.0,0.3170947741364039,0.2787652011225444,0.9838709677419356,0.181721572794899,0.9846153846153848,0.9506245851516724,358,1129
fixed,sub-05_FDSI_triangular-ramp40s_snr30dB,sub-05,triangular-ramp40s,30,4,31,1.0,0.3322422258592471,0.2935064935064935,0.9854014598540146,0.2011776251226693,1.0,0.944478154182434,406,1222
fixed,sub-05_FDSI_triangular-ramp40s_snr30dB,sub-05,triangular-ramp40s,30,5,16,1.0,0.5560842963970088,0.5302158273381294,0.9877300613496932,0.4678076609616952,0.9759036144578314,0.940714418888092,818,1471
fixed,sub-05_FDSI_triangular-ramp40s_snr30dB,sub-05,triangular-ramp40s,30,6,40,1.0,0.3367556468172484,0.2970620239390642,1.0,0.2046855733662145,0.9814814814814816,0.9509748816490172,328,974
fixed,sub-05_FDSI_triangular-ramp40s_snr30dB,sub-05,triangular-ramp40s,30,7,39,1.0,0.4184615384615384,0.3980891719745223,1.0,0.3527397260273973,0.9642857142857144,0.8792556524276733,1308,997
fixed,sub-05_FDSI_triangular-ramp40s_snr30dB,sub-05,triangular-ramp40s,30,8,33,0.9206349206349206,0.2371134020618556,0.2038610038610038,0.9069767441860463,0.1272570937231298,0.8636363636363636,0.9139456748962402,503,1177
fixed,sub-05_FDSI_triangular-ramp40s_snr30dB,sub-05,triangular-ramp40s,30,9,42,1.0,0.2983014861995753,0.2589686098654709,0.99,0.1634980988593156,1.0,0.918592631816864,317,906
fixed,sub-05_FDSI_triangular-ramp40s_snr30dB,sub-05,triangular-ramp40s,30,10,30,1.0,0.3944444444444444,0.3604358759430008,0.9856115107913668,0.2775665399239543,0.9855072463768116,0.9457859396934508,497,1260
fixed,sub-05_FDSI_triangular-ramp40s_snr30dB,sub-05,triangular-ramp40s,30,11,36,0.9672131147540984,0.2272727272727272,0.1838306063522617,0.9344262295081968,0.0850599781897491,0.9508196721311476,0.938298761844635,250,1100
fixed,sub-05_FDSI_triangular-ramp40s_snr30dB,sub-05,triangular-ramp40s,30,12,34,0.9,0.3005828476269775,0.2690622261174408,0.9047619047619048,0.1875616979269496,0.9193548387096774,0.9100887179374696,415,1147
fixed,sub-05_FDSI_triangular-ramp40s_snr25dB,sub-05,triangular-ramp40s,25,0,44,1.0,0.2598039215686274,0.2176165803108808,0.9888888888888888,0.113235294117647,1.0,0.9481701254844666,213,815
fixed,sub-05_FDSI_triangular-ramp40s_snr25dB,sub-05,triangular-ramp40s,25,1,35,1.0,0.3029229406554473,0.2637979420018709,0.9516129032258064,0.1700318809776833,0.9692307692307692,0.9389588236808776,342,1129
fixed,sub-05_FDSI_triangular-ramp40s_snr25dB,sub-05,triangular-ramp40s,25,2,30,1.0,0.3785714285714285,0.3436714165968147,0.9784172661870504,0.2585551330798479,1.0,0.9361606240272522,477,1260
fixed,sub-05_FDSI_triangular-ramp40s_snr25dB,sub-05,triangular-ramp40s,25,3,31,1.0,0.3617021276595745,0.3246753246753247,0.9854014598540146,0.2374877330716388,0.9848484848484848,0.943237841129303,442,1222
fixed,sub-05_FDSI_triangular-ramp40s_snr25dB,sub-05,triangular-ramp40s,25,4,40,0.9818181818181818,0.3022540983606557,0.261672095548317,0.963302752293578,0.1685116851168511,0.9814814814814816,0.9278032183647156,297,974
fixed,sub-05_FDSI_triangular-ramp40s_snr25dB,sub-05,triangular-ramp40s,25,5,41,0.9411764705882352,0.2761194029850746,0.237880496054115,0.9230769230769232,0.1382842509603073,1.0,0.9229569435119628,260,937
fixed,sub-05_FDSI_triangular-ramp40s_snr25dB,sub-05,triangular-ramp40s,25,6,43,1.0,0.386046511627907,0.3489519112207151,1.0,0.2615384615384615,1.0,0.9506898522377014,332,860
fixed,sub-05_FDSI_triangular-ramp40s_snr25dB,sub-05,triangular-ramp40s,25,7,36,0.9344262295081968,0.1836363636363636,0.1395572666025024,0.819672131147541,0.0523446019629225,0.8852459016393442,0.9366633296012878,202,1100
fixed,sub-05_FDSI_triangular-ramp40s_snr25dB,sub-05,triangular-ramp40s,25,8,39,0.9272727272727272,0.4251087632069608,0.4073359073359073,0.9090909090909092,0.3718836565096953,0.8214285714285714,0.858087956905365,1296,997
fixed,sub-05_FDSI_triangular-ramp40s_snr25dB,sub-05,triangular-ramp40s,25,9,16,0.9753086419753086,0.5601631543167913,0.5359712230215827,0.950920245398773,0.4816625916870415,0.9156626506024096,0.9183645844459534,824,1471
fixed,sub-05_FDSI_triangular-ramp40s_snr20dB,sub-05,triangular-ramp40s,20,0,31,0.9705882352941176,0.3524121013900245,0.316017316017316,0.927536231884058,0.2325809617271835,1.0,0.93600594997406,432,1222
fixed,sub-05_FDSI_triangular-ramp40s_snr20dB,sub-05,triangular-ramp40s,20,1,43,1.0,0.3755813953488372,0.3378545006165228,0.9897959183673468,0.2531468531468531,0.9574468085106383,0.940191686153412,323,860
fixed,sub-05_FDSI_triangular-ramp40s_snr20dB,sub-05,triangular-ramp40s,20,2,44,1.0,0.2858895705521472,0.245136186770428,0.9888888888888888,0.1443298969072164,1.0,0.9465174078941344,233,815
fixed,sub-05_FDSI_triangular-ramp40s_snr15dB,sub-05,triangular-ramp40s,15,0,43,0.979591836734694,0.2965116279069767,0.2552404438964241,0.8571428571428571,0.186013986013986,0.8085106382978723,0.9171538949012756,255,860
fixed,sub-05_FDSI_triangular-ramp40s_snr15dB,sub-05,triangular-ramp40s,15,1,44,1.0,0.2438725490196078,0.2007772020725388,0.9222222222222224,0.1117647058823529,0.8695652173913043,0.9314945340156556,200,815
fixed,sub-05_FDSI_triangular-ramp20s_snr30dB,sub-05,triangular-ramp20s,30,0,39,0.9636363636363636,0.4750312109862671,0.4576599870717517,0.954954954954955,0.4170153417015341,0.9655172413793104,0.8431114554405212,1362,1001
fixed,sub-05_FDSI_triangular-ramp20s_snr30dB,sub-05,triangular-ramp20s,30,1,35,1.0,0.347246891651865,0.3085606773283161,0.968,0.2198505869797225,1.0,0.943489909172058,391,1126
fixed,sub-05_FDSI_triangular-ramp20s_snr30dB,sub-05,triangular-ramp20s,30,2,30,1.0,0.4260591526778577,0.3910093299406276,0.9714285714285714,0.3147792706333973,1.0,0.9468040466308594,533,1251
fixed,sub-05_FDSI_triangular-ramp20s_snr30dB,sub-05,triangular-ramp20s,30,3,29,0.9315068493150684,0.2279469164715066,0.1854304635761589,0.7062937062937062,0.1152764761012183,0.9577464788732394,0.9110798835754396,299,1274
fixed,sub-05_FDSI_triangular-ramp20s_snr30dB,sub-05,triangular-ramp20s,30,4,16,0.9761904761904762,0.540650406504065,0.514367816091954,0.9631901840490796,0.4537337662337662,0.9878048780487804,0.9449572563171388,798,1476
fixed,sub-05_FDSI_triangular-ramp20s_snr30dB,sub-05,triangular-ramp20s,30,5,36,1.0,0.2163153070577451,0.1699029126213592,0.7398373983739838,0.0926130099228225,1.0,0.9347282648086548,236,1091
fixed,sub-05_FDSI_triangular-ramp20s_snr30dB,sub-05,triangular-ramp20s,30,6,40,1.0,0.3658787255909558,0.3293478260869565,0.9528301886792452,0.2453760789149198,1.0,0.944678544998169,357,972
fixed,sub-05_FDSI_triangular-ramp20s_snr30dB,sub-05,triangular-ramp20s,30,7,31,1.0,0.3622950819672131,0.3252385082393755,0.9558823529411764,0.2426326129666011,0.9848484848484848,0.9463858008384703,442,1220
fixed,sub-05_FDSI_triangular-ramp20s_snr30dB,sub-05,triangular-ramp20s,30,8,43,1.0,0.2792056074766355,0.2373300370828183,0.8829787234042553,0.1524475524475524,1.0,0.949787437915802,239,856
fixed,sub-05_FDSI_triangular-ramp20s_snr30dB,sub-05,triangular-ramp20s,30,9,41,1.0,0.3195329087048832,0.2805836139169472,0.8952380952380953,0.197452229299363,1.0,0.9374322891235352,302,941
fixed,sub-05_FDSI_triangular-ramp20s_snr30dB,sub-05,triangular-ramp20s,30,10,42,1.0,0.3422519509476031,0.3042452830188679,0.9381443298969072,0.2223701731025299,1.0,0.9244837760925292,308,896
fixed,sub-05_FDSI_triangular-ramp20s_snr30dB,sub-05,triangular-ramp20s,30,11,37,0.9830508474576272,0.2416563658838071,0.2135984605516356,0.9224137931034484,0.158004158004158,0.9491525423728814,0.8219797015190125,941,1068
fixed,sub-05_FDSI_triangular-ramp20s_snr30dB,sub-05,triangular-ramp20s,30,12,33,0.9375,0.2307157748436414,0.1978181818181818,0.84375,0.1324237560192616,0.9076923076923076,0.8843111395835876,593,1178
fixed,sub-05_FDSI_triangular-ramp20s_snr30dB,sub-05,triangular-ramp20s,30,13,44,1.0,0.4749694749694749,0.4444444444444444,1.0,0.3728070175438596,0.9787234042553192,0.9501205086708068,389,819
fixed,sub-05_FDSI_triangular-ramp20s_snr30dB,sub-05,triangular-ramp20s,30,14,34,0.9672131147540984,0.3271103896103896,0.2937660119555935,0.9112903225806452,0.2210526315789473,0.9365079365079364,0.9198068380355836,481,1154
fixed,sub-05_FDSI_triangular-ramp20s_snr25dB,sub-05,triangular-ramp20s,25,0,41,1.0,0.2817796610169492,0.2407614781634938,0.8476190476190476,0.1588310038119441,1.0,0.9471010565757751,269,941
fixed,sub-05_FDSI_triangular-ramp20s_snr25dB,sub-05,triangular-ramp20s,25,1,30,1.0,0.3844924060751399,0.3469041560644614,0.9571428571428572,0.2696737044145873,0.9565217391304348,0.9360944628715516,481,1251
fixed,sub-05_FDSI_triangular-ramp20s_snr25dB,sub-05,triangular-ramp20s,25,2,44,1.0,0.4188034188034188,0.3850129198966408,0.9772727272727272,0.3070175438596491,1.0,0.9521722793579102,343,819
fixed,sub-05_FDSI_triangular-ramp20s_snr25dB,sub-05,triangular-ramp20s,25,3,39,0.9090909090909092,0.3293885601577909,0.3076398362892223,0.9009009009009008,0.2609016999260902,0.8103448275862069,0.8419678211212158,1021,1001
fixed,sub-05_FDSI_triangular-ramp20s_snr25dB,sub-05,triangular-ramp20s,25,4,31,0.9850746268656716,0.330327868852459,0.2922810060711188,0.9338235294117648,0.2082514734774067,0.9696969696969696,0.9435499310493468,403,1220
fixed,sub-05_FDSI_triangular-ramp20s_snr25dB,sub-05,triangular-ramp20s,25,5,34,0.9344262295081968,0.2625838926174497,0.2263483642793987,0.8064516129032258,0.1582089552238806,0.8571428571428571,0.9253774285316468,351,1154
fixed,sub-05_FDSI_triangular-ramp20s_snr25dB,sub-05,triangular-ramp20s,25,6,43,1.0,0.2698598130841121,0.2274412855377008,0.8936170212765957,0.1412587412587412,0.9787234042553192,0.9487003684043884,231,856
fixed,sub-05_FDSI_triangular-ramp20s_snr25dB,sub-05,triangular-ramp20s,25,7,40,0.9622641509433962,0.2712355212355212,0.2339776195320447,0.8207547169811321,0.1590389016018306,0.9821428571428572,0.928804337978363,345,972
fixed,sub-05_FDSI_triangular-ramp20s_snr25dB,sub-05,triangular-ramp20s,25,8,35,0.984126984126984,0.3312611012433392,0.2925682031984948,0.896,0.2102454642475987,1.0,0.9327976107597352,373,1126
fixed,sub-05_FDSI_triangular-ramp20s_snr25dB,sub-05,triangular-ramp20s,25,9,16,0.9523809523809524,0.5098171970209885,0.4831299353912419,0.9079754601226994,0.4330900243309002,0.8536585365853658,0.9167102575302124,754,1476
fixed,sub-05_FDSI_triangular-ramp20s_snr20dB,sub-05,triangular-ramp20s,20,0,43,1.0,0.3563084112149532,0.3189122373300371,0.9787234042553192,0.2321678321678321,1.0,0.9447110891342164,305,856
fixed,sub-05_FDSI_triangular-ramp20s_snr20dB,sub-05,triangular-ramp20s,20,1,44,1.0,0.3137973137973138,0.2739018087855297,0.9545454545454546,0.185672514619883,0.9787234042553192,0.9533343315124512,257,819
fixed,sub-05_FDSI_triangular-ramp20s_snr20dB,sub-05,triangular-ramp20s,20,2,31,0.9850746268656716,0.3311475409836065,0.2931483087597571,0.8823529411764706,0.2170923379174852,0.9545454545454546,0.9369774460792542,404,1220
fixed,sub-05_FDSI_triangular-ramp20s_snr15dB,sub-05,triangular-ramp20s,15,0,44,1.0,0.2905982905982906,0.2493540051679586,0.8636363636363636,0.1681286549707602,1.0,0.938173770904541,238,819
fixed,sub-05_FDSI_triangular-ramp20s_snr15dB,sub-05,triangular-ramp20s,15,1,43,0.9787234042553192,0.2873831775700934,0.2472187886279357,0.8617021276595744,0.1706293706293706,0.9148936170212766,0.918364644050598,246,856
fixed,sub-05_FDSI_triangular-ramp10s_snr30dB,sub-05,triangular-ramp10s,30,0,43,1.0,0.2636469221835075,0.2201722017220172,0.7021276595744681,0.1583333333333333,1.0,0.9536585211753844,227,861
fixed,sub-05_FDSI_triangular-ramp10s_snr30dB,sub-05,triangular-ramp10s,30,1,44,1.0,0.4306569343065693,0.3969072164948453,0.8617021276595744,0.3328445747800586,1.0,0.9575686454772948,354,822
fixed,sub-05_FDSI_triangular-ramp10s_snr30dB,sub-05,triangular-ramp10s,30,2,42,1.0,0.267027027027027,0.2260273972602739,0.7070707070707071,0.1662371134020618,0.96,0.9320524334907532,269,903
fixed,sub-05_FDSI_triangular-ramp10s_snr30dB,sub-05,triangular-ramp10s,30,3,30,1.0,0.3685051958433253,0.3322062552831784,0.7642857142857142,0.2728146013448607,1.0,0.9500208497047424,461,1251
fixed,sub-05_FDSI_triangular-ramp10s_snr30dB,sub-05,triangular-ramp10s,30,4,40,1.0,0.345679012345679,0.3079434167573449,0.7685185185185185,0.245982694684796,0.9818181818181818,0.9389367699623108,336,972
fixed,sub-05_FDSI_triangular-ramp10s_snr30dB,sub-05,triangular-ramp10s,30,5,31,0.9852941176470588,0.3629690048939641,0.3252804141501294,0.7910447761194029,0.2646484375,1.0,0.948617160320282,445,1226
fixed,sub-05_FDSI_triangular-ramp10s_snr30dB,sub-05,triangular-ramp10s,30,6,41,1.0,0.3025751072961373,0.2613636363636363,0.7184466019417476,0.2007722007722007,1.0,0.9510517716407776,282,932
fixed,sub-05_FDSI_triangular-ramp10s_snr30dB,sub-05,triangular-ramp10s,30,7,36,0.9508196721311476,0.2377049180327868,0.1957569913211186,0.6198347107438017,0.1337719298245614,0.9846153846153848,0.9409839510917664,261,1098
fixed,sub-05_FDSI_triangular-ramp10s_snr30dB,sub-05,triangular-ramp10s,30,8,34,0.984126984126984,0.3238095238095238,0.2857142857142857,0.7265625,0.2274143302180685,0.96875,0.9208458065986632,381,1148
fixed,sub-05_FDSI_triangular-ramp10s_snr30dB,sub-05,triangular-ramp10s,30,9,35,1.0,0.3369079535299374,0.2980132450331126,0.7916666666666666,0.2371794871794871,0.9523809523809524,0.9378859996795654,377,1119
fixed,sub-05_FDSI_triangular-ramp10s_snr30dB,sub-05,triangular-ramp10s,30,10,39,1.0,0.3869731800766283,0.3646591661151555,0.8761061946902655,0.3216332378223496,0.9827586206896552,0.882148265838623,1165,1007
fixed,sub-05_FDSI_triangular-ramp10s_snr30dB,sub-05,triangular-ramp10s,30,11,33,0.9846153846153848,0.2328467153284671,0.1954022988505747,0.5918367346938775,0.1486603284356093,0.9090909090909092,0.9003682732582092,501,1188
fixed,sub-05_FDSI_triangular-ramp10s_snr30dB,sub-05,triangular-ramp10s,30,12,16,1.0,0.5502717391304348,0.5254480286738351,0.9430379746835444,0.4707792207792208,0.9878048780487804,0.9293547868728638,811,1471
fixed,sub-05_FDSI_triangular-ramp10s_snr25dB,sub-05,triangular-ramp10s,25,0,43,1.0,0.3670150987224158,0.3296432964329643,0.7872340425531915,0.2708333333333333,1.0,0.9499577283859252,316,861
fixed,sub-05_FDSI_triangular-ramp10s_snr25dB,sub-05,triangular-ramp10s,25,1,35,0.9838709677419356,0.292225201072386,0.2516556291390728,0.7083333333333334,0.1933760683760683,0.9682539682539684,0.9343918561935424,327,1119
fixed,sub-05_FDSI_triangular-ramp10s_snr25dB,sub-05,triangular-ramp10s,25,2,30,1.0,0.3756994404476418,0.3398140321217244,0.7857142857142857,0.2804995196926033,0.9714285714285714,0.9396865963935852,470,1251
fixed,sub-05_FDSI_triangular-ramp10s_snr25dB,sub-05,triangular-ramp10s,25,3,44,1.0,0.4245742092457421,0.3904639175257732,0.851063829787234,0.3269794721407624,1.0,0.950365662574768,349,822
fixed,sub-05_FDSI_triangular-ramp10s_snr25dB,sub-05,triangular-ramp10s,25,4,40,1.0,0.301440329218107,0.2611534276387378,0.7129629629629629,0.2027194066749073,0.9454545454545454,0.936526894569397,293,972
fixed,sub-05_FDSI_triangular-ramp10s_snr25dB,sub-05,triangular-ramp10s,25,5,39,0.9272727272727272,0.422077922077922,0.4033670033670034,0.8660714285714286,0.3668854850474106,0.8448275862068966,0.8398627638816833,1183,1007
fixed,sub-05_FDSI_triangular-ramp10s_snr25dB,sub-05,triangular-ramp10s,25,6,41,0.9615384615384616,0.3025751072961373,0.2636363636363636,0.6990291262135923,0.2033462033462033,1.0,0.9397873282432556,282,932
fixed,sub-05_FDSI_triangular-ramp10s_snr25dB,sub-05,triangular-ramp10s,25,7,31,0.9852941176470588,0.3515497553017944,0.3132010353753235,0.7835820895522388,0.251953125,1.0,0.9413864612579346,431,1226
fixed,sub-05_FDSI_triangular-ramp10s_snr20dB,sub-05,triangular-ramp10s,20,0,43,1.0,0.3437862950058072,0.3050430504305043,0.7340425531914894,0.2513888888888889,0.9787234042553192,0.929154634475708,296,861
fixed,sub-05_FDSI_triangular-ramp10s_snr20dB,sub-05,triangular-ramp10s,20,1,44,1.0,0.4087591240875912,0.3737113402061855,0.8297872340425532,0.3108504398826979,1.0,0.9333335161209106,336,822
fixed,sub-05_FDSI_triangular-ramp10s_snr20dB,sub-05,triangular-ramp10s,20,2,31,0.9264705882352942,0.3442088091353997,0.3088869715271786,0.7388059701492538,0.2490234375,1.0,0.9312533736228944,422,1226
fixed,sub-05_FDSI_triangular-ramp10s_snr15dB,sub-05,triangular-ramp10s,15,0,44,0.9565217391304348,0.364963503649635,0.3298969072164948,0.7659574468085106,0.2727272727272727,0.9130434782608696,0.938067615032196,300,822
fixed,sub-05_FDSI_triangular-ramp10s_snr15dB,sub-05,triangular-ramp10s,15,1,43,0.9375,0.2926829268292683,0.2546125461254612,0.6808510638297872,0.2097222222222222,0.7872340425531915,0.9267359375953674,252,861
fixed,sub-05_FDSI_triangular-ramp10s_snr15dB,sub-05,triangular-ramp10s,15,2,31,0.9411764705882352,0.2895595432300163,0.2502157031924072,0.6716417910447762,0.1953125,0.9558823529411764,0.9257006049156188,355,1226
fixed,sub-05_FDSI_triangular-ramp5s_snr30dB,sub-05,triangular-ramp5s,30,0,44,1.0,0.4583333333333333,0.4267185473411154,0.6593406593406593,0.3946980854197349,1.0,0.9575688242912292,374,816
fixed,sub-05_FDSI_triangular-ramp5s_snr30dB,sub-05,triangular-ramp5s,30,1,30,1.0,0.4105011933174224,0.3762626262626262,0.6666666666666666,0.3387250237868696,1.0,0.9514118432998656,516,1257
fixed,sub-05_FDSI_triangular-ramp5s_snr30dB,sub-05,triangular-ramp5s,30,2,43,1.0,0.3894736842105263,0.3563501849568434,0.6483516483516484,0.3146853146853147,1.0,0.9588600397109984,333,855
fixed,sub-05_FDSI_triangular-ramp5s_snr30dB,sub-05,triangular-ramp5s,30,3,41,1.0,0.3129689174705252,0.2740656851642129,0.5841584158415841,0.2349936143039591,1.0,0.9469379186630248,292,933
fixed,sub-05_FDSI_triangular-ramp5s_snr30dB,sub-05,triangular-ramp5s,30,4,31,1.0,0.3572009764035802,0.3195521102497847,0.635036496350365,0.2766373411534701,1.0,0.9461225867271424,439,1229
fixed,sub-05_FDSI_triangular-ramp5s_snr30dB,sub-05,triangular-ramp5s,30,5,36,1.0,0.2288828337874659,0.1844380403458213,0.5327868852459017,0.1363140676117775,1.0,0.937251091003418,252,1101
fixed,sub-05_FDSI_triangular-ramp5s_snr30dB,sub-05,triangular-ramp5s,30,6,35,1.0,0.3489813994685562,0.3124415341440599,0.6290322580645161,0.267515923566879,0.984375,0.9404106736183168,394,1129
fixed,sub-05_FDSI_triangular-ramp5s_snr30dB,sub-05,triangular-ramp5s,30,7,34,0.9846153846153848,0.3094017094017094,0.269683257918552,0.6106870229007634,0.2268993839835729,0.9384615384615383,0.9277706742286682,375,1157
fixed,sub-05_FDSI_triangular-ramp5s_snr30dB,sub-05,triangular-ramp5s,30,8,42,1.0,0.2828947368421052,0.2421784472769409,0.58,0.200261780104712,0.9791666666666666,0.929195523262024,273,897
fixed,sub-05_FDSI_triangular-ramp5s_snr30dB,sub-05,triangular-ramp5s,30,9,16,0.9876543209876544,0.5880740233036327,0.5645863570391872,0.7454545454545455,0.540296052631579,0.9746835443037974,0.9376404285430908,858,1459
fixed,sub-05_FDSI_triangular-ramp5s_snr30dB,sub-05,triangular-ramp5s,30,10,40,1.0,0.3421588594704684,0.3038793103448275,0.6238532110091743,0.2603911980440098,1.0,0.9455393552780152,338,980
fixed,sub-05_FDSI_triangular-ramp5s_snr30dB,sub-05,triangular-ramp5s,30,11,33,0.9696969696969696,0.2215099715099715,0.1837191934279313,0.5273972602739726,0.1464435146443514,0.90625,0.8981086611747742,528,1187
fixed,sub-05_FDSI_triangular-ramp5s_snr30dB,sub-05,triangular-ramp5s,30,12,29,0.9142857142857144,0.1810344827586207,0.1384742951907131,0.4927536231884058,0.0946579194001874,0.8732394366197183,0.9231804609298706,235,1272
fixed,sub-05_FDSI_triangular-ramp5s_snr25dB,sub-05,triangular-ramp5s,25,0,43,1.0,0.3941520467836257,0.3612823674475955,0.6263736263736264,0.3244755244755244,0.979591836734694,0.9518762230873108,337,855
fixed,sub-05_FDSI_triangular-ramp5s_snr25dB,sub-05,triangular-ramp5s,25,1,44,1.0,0.321078431372549,0.2814526588845655,0.6153846153846154,0.2371134020618556,0.9782608695652174,0.9536097645759584,262,816
fixed,sub-05_FDSI_triangular-ramp5s_snr25dB,sub-05,triangular-ramp5s,25,2,41,0.98,0.2808145766345123,0.2412231030577576,0.5841584158415841,0.1979565772669221,0.979591836734694,0.9310868978500366,262,933
fixed,sub-05_FDSI_triangular-ramp5s_snr25dB,sub-05,triangular-ramp5s,25,3,40,0.9814814814814816,0.3047910295616717,0.2653721682847896,0.5727272727272728,0.221813725490196,1.0,0.9371277093887328,300,980
fixed,sub-05_FDSI_triangular-ramp5s_snr25dB,sub-05,triangular-ramp5s,25,4,42,0.9387755102040816,0.2354874041621029,0.1956018518518518,0.5252525252525253,0.1592689295039164,0.8541666666666666,0.911279559135437,231,897
fixed,sub-05_FDSI_triangular-ramp5s_snr25dB,sub-05,triangular-ramp5s,25,5,16,0.9506172839506172,0.5328767123287671,0.508339376359681,0.7515151515151515,0.4794407894736842,0.8987341772151899,0.9217259883880616,779,1459
fixed,sub-05_FDSI_triangular-ramp5s_snr25dB,sub-05,triangular-ramp5s,25,6,31,0.9558823529411764,0.3246541903986981,0.2876830318690784,0.5912408759124088,0.2453567937438905,0.9710144927536232,0.9155614972114564,399,1229
fixed,sub-05_FDSI_triangular-ramp5s_snr25dB,sub-05,triangular-ramp5s,25,7,36,0.9333333333333332,0.1914700544464609,0.1487523992322456,0.5163934426229508,0.1034858387799564,0.8548387096774194,0.9174681305885316,212,1101
fixed,sub-05_FDSI_triangular-ramp5s_snr25dB,sub-05,triangular-ramp5s,25,8,35,1.0,0.3073516386182462,0.2684752104770814,0.6048387096774194,0.2208067940552017,0.984375,0.9252333045005798,347,1129
fixed,sub-05_FDSI_triangular-ramp5s_snr25dB,sub-05,triangular-ramp5s,25,9,30,0.9710144927536232,0.3993635640413683,0.3661616161616162,0.6594202898550725,0.3273073263558516,0.9852941176470588,0.929951310157776,502,1257
fixed,sub-05_FDSI_triangular-ramp5s_snr20dB,sub-05,triangular-ramp5s,20,0,31,0.9705882352941176,0.3669650122050447,0.3316106804478897,0.6496350364963503,0.2883675464320626,0.9710144927536232,0.9388954043388368,451,1229
fixed,sub-05_FDSI_triangular-ramp5s_snr20dB,sub-05,triangular-ramp5s,20,1,43,1.0,0.2631578947368421,0.2231812577065351,0.5934065934065934,0.1706293706293706,1.0,0.9354092478752136,225,855
fixed,sub-05_FDSI_triangular-ramp5s_snr20dB,sub-05,triangular-ramp5s,20,2,44,1.0,0.3223039215686274,0.2827496757457847,0.6153846153846154,0.2385861561119293,0.9782608695652174,0.9434046745300292,263,816
fixed,sub-05_FDSI_triangular-ramp5s_snr20dB,sub-05,triangular-ramp5s,20,3,41,0.9215686274509804,0.2483940042826552,0.2095130237825594,0.5196078431372549,0.1685823754789272,0.9591836734693876,0.9279118180274964,233,933
fixed,sub-05_FDSI_triangular-ramp5s_snr15dB,sub-05,triangular-ramp5s,15,0,43,0.9090909090909092,0.2292397660818713,0.1923551171393341,0.5494505494505495,0.158041958041958,0.673469387755102,0.9155952334403992,196,855
fixed,sub-05_FDSI_triangular-ramp5s_snr15dB,sub-05,triangular-ramp5s,15,1,44,1.0,0.2790697674418604,0.2370466321243523,0.6263736263736264,0.1926470588235294,0.8695652173913043,0.9312867522239684,229,816
sv_mean,sub-01_FDSI_staircase_snr30dB,sub-01,staircase,30,0,28,0.9850746268656716,0.9957575757575756,0.9949494949494948,,,,0.9878938794136048,1643,1650
sv_mean,sub-01_FDSI_staircase_snr30dB,sub-01,staircase,30,1,38,1.0,0.9929639401934915,0.9926739926739928,,,,0.9850805997848512,1129,1137
sv_mean,sub-01_FDSI_staircase_snr30dB,sub-01,staircase,30,2,7,0.9647058823529412,0.9689995302959136,0.9691780821917808,,,,0.9313087463378906,2063,2129
sv_mean,sub-01_FDSI_staircase_snr30dB,sub-01,staircase,30,3,37,1.0,0.9875930521091812,0.9870801033591732,,,,0.9339373111724854,1194,1209
sv_mean,sub-01_FDSI_staircase_snr30dB,sub-01,staircase,30,4,31,1.0,0.9822950819672132,0.9815447710184552,,,,0.9154134392738342,1498,1525
sv_mean,sub-01_FDSI_staircase_snr30dB,sub-01,staircase,30,5,35,1.0,0.9662415603900976,0.9648162627052383,,,,0.9200824499130248,1292,1329
sv_mean,sub-01_FDSI_staircase_snr30dB,sub-01,staircase,30,6,34,1.0,0.994198694706309,0.9939531368102796,,,,0.9600830078125,1371,1379
sv_mean,sub-01_FDSI_staircase_snr30dB,sub-01,staircase,30,7,36,1.0,0.9968304278922344,0.9966969446738232,,,,0.975259244441986,1258,1262
sv_mean,sub-01_FDSI_staircase_snr30dB,sub-01,staircase,30,8,24,1.0,0.971159179145868,0.9699595609474292,,,,0.9333153963088988,1751,1803
sv_mean,sub-01_FDSI_staircase_snr30dB,sub-01,staircase,30,9,30,1.0,0.9834605597964376,0.9828042328042328,,,,0.9272011518478394,1546,1572
sv_mean,sub-01_FDSI_staircase_snr30dB,sub-01,staircase,30,10,33,1.0,0.9944055944055944,0.9941775836972344,,,,0.9684997797012328,1422,1430
sv_mean,sub-01_FDSI_staircase_snr30dB,sub-01,staircase,30,11,32,1.0,0.9925925925925926,0.9922698524244554,,,,0.9720019698143004,1474,1485
sv_mean,sub-01_FDSI_staircase_snr30dB,sub-01,staircase,30,12,22,0.9324324324324323,0.9626623376623376,0.963923337091319,,,,0.9263436198234558,1780,1847
sv_mean,sub-01_FDSI_staircase_snr30dB,sub-01,staircase,30,13,29,0.984126984126984,0.9703520691785052,0.9697943444730076,,,,0.918265461921692,1573,1617
sv_mean,sub-01_FDSI_staircase_snr25dB,sub-01,staircase,25,0,28,0.9850746268656716,0.993939393939394,0.9930555555555556,,,,0.9682794809341432,1640,1650
sv_mean,sub-01_FDSI_staircase_snr25dB,sub-01,staircase,25,1,38,1.0,0.9929639401934915,0.9926739926739928,,,,0.9791632294654846,1129,1137
sv_mean,sub-01_FDSI_staircase_snr25dB,sub-01,staircase,25,2,37,1.0,0.9760330578512396,0.9750430292598968,,,,0.9097725749015808,1182,1209
sv_mean,sub-01_FDSI_staircase_snr25dB,sub-01,staircase,25,3,31,0.967741935483871,0.2537777777777777,0.2335466179159049,,,,0.912108302116394,1296,1525
sv_mean,sub-01_FDSI_staircase_snr25dB,sub-01,staircase,25,4,24,0.9722222222222222,0.9645036051026068,0.9641825534373196,,,,0.9318658709526062,1739,1803
sv_mean,sub-01_FDSI_staircase_snr25dB,sub-01,staircase,25,5,34,1.0,0.9876722262509064,0.9871504157218444,,,,0.938610315322876,1362,1379
sv_mean,sub-01_FDSI_staircase_snr25dB,sub-01,staircase,25,6,30,1.0,0.9732824427480916,0.9722222222222222,,,,0.9301504492759703,1530,1572
sv_mean,sub-01_FDSI_staircase_snr25dB,sub-01,staircase,25,7,36,1.0,0.991283676703645,0.990916597853014,,,,0.9705362915992736,1251,1262
sv_mean,sub-01_FDSI_staircase_snr25dB,sub-01,staircase,25,8,33,1.0,0.9790648988136776,0.9782135076252724,,,,0.9456077218055724,1406,1430
sv_mean,sub-01_FDSI_staircase_snr25dB,sub-01,staircase,25,9,32,1.0,0.9952861952861952,0.9950808151791988,,,,0.9660573601722716,1478,1485
sv_mean,sub-01_FDSI_staircase_snr25dB,sub-01,staircase,25,10,35,0.9629629629629628,0.984198645598194,0.9850980392156864,,,,0.9472141861915588,1308,1329
sv_mean,sub-01_FDSI_staircase_snr25dB,sub-01,staircase,25,11,29,0.9206349206349206,0.2555978031263202,0.2374131944444444,,,,0.8520543575286865,1355,1617
sv_mean,sub-01_FDSI_staircase_snr20dB,sub-01,staircase,20,0,28,0.9850746268656716,0.9957575757575756,0.9949494949494948,,,,0.9854178428649902,1643,1650
sv_mean,sub-01_FDSI_staircase_snr20dB,sub-01,staircase,20,1,38,1.0,0.992084432717678,0.9917582417582418,,,,0.9645915627479552,1128,1137
sv_mean,sub-01_FDSI_staircase_snr20dB,sub-01,staircase,20,2,36,1.0,0.9920760697305864,0.9917423616845582,,,,0.9610150456428528,1252,1262
sv_mean,sub-01_FDSI_staircase_snr20dB,sub-01,staircase,20,3,37,0.9791666666666666,0.9553719008264464,0.9543889845094664,,,,0.9015929698944092,1157,1209
sv_mean,sub-01_FDSI_staircase_snr20dB,sub-01,staircase,20,4,34,0.9821428571428572,0.9652425778421434,0.9645283018867924,,,,0.9102171063423156,1335,1379
sv_mean,sub-01_FDSI_staircase_snr20dB,sub-01,staircase,20,5,32,1.0,0.9885521885521884,0.98805340829234,,,,0.95648592710495,1468,1485
sv_mean,sub-01_FDSI_staircase_snr15dB,sub-01,staircase,15,0,28,0.9850746268656716,0.9957575757575756,0.9949494949494948,,,,0.982262909412384,1643,1650
sv_mean,sub-01_FDSI_staircase_snr15dB,sub-01,staircase,15,1,38,1.0,0.9894459102902374,0.989010989010989,,,,0.9329031705856324,1125,1137
sv_mean,sub-01_FDSI_staircase_snr15dB,sub-01,staircase,15,2,36,0.9803921568627452,0.9754358161648178,0.9752270850536746,,,,0.929519772529602,1231,1262
sv_mean,sub-01_FDSI_staircase_snr15dB,sub-01,staircase,15,3,34,0.9285714285714286,0.8805340829234013,0.8785662033650329,,,,0.8621430397033691,1297,1379
sv_mean,sub-01_FDSI_staircase_snr15dB,sub-01,staircase,15,4,32,0.9516129032258064,0.9456010745466756,0.9453398738612474,,,,0.9266589879989624,1412,1485
sv_mean,sub-01_FDSI_triangular-ramp40s_snr30dB,sub-01,triangular-ramp40s,30,0,28,1.0,0.9974747474747476,0.997326203208556,1.0,0.997983870967742,0.9846153846153848,0.9875029921531676,1185,1188
sv_mean,sub-01_FDSI_triangular-ramp40s_snr30dB,sub-01,triangular-ramp40s,30,1,32,1.0,0.9981167608286252,0.99800796812749,1.0,0.9988674971687428,0.9833333333333332,0.9750981330871582,1060,1062
sv_mean,sub-01_FDSI_triangular-ramp40s_snr30dB,sub-01,triangular-ramp40s,30,2,30,1.0,0.9947229551451188,0.9944186046511628,1.0,0.9936708860759492,1.0,0.9653534889221193,1131,1137
sv_mean,sub-01_FDSI_triangular-ramp40s_snr30dB,sub-01,triangular-ramp40s,30,3,37,1.0,0.9744483159117304,0.972972972972973,1.0,0.9693593314763232,1.0,0.888152003288269,839,861
sv_mean,sub-01_FDSI_triangular-ramp40s_snr30dB,sub-01,triangular-ramp40s,30,4,34,0.9821428571428572,0.9897645854657112,0.9880694143167028,0.9910714285714286,0.9876695437731196,0.9818181818181818,0.9612504243850708,967,977
sv_mean,sub-01_FDSI_triangular-ramp40s_snr30dB,sub-01,triangular-ramp40s,30,5,35,1.0,0.9831223628691984,0.9821627647714604,1.0,0.9797979797979798,1.0,0.9375452399253844,932,948
sv_mean,sub-01_FDSI_triangular-ramp40s_snr30dB,sub-01,triangular-ramp40s,30,6,24,0.9855072463768116,0.97196261682243,0.97119341563786,0.9856115107913668,0.9692451071761417,0.9861111111111112,0.9462855458259584,1248,1284
sv_mean,sub-01_FDSI_triangular-ramp40s_snr30dB,sub-01,triangular-ramp40s,30,7,38,1.0,0.9975429975429976,0.9974025974025974,1.0,0.9970501474926252,1.0,0.9817265868186952,812,814
sv_mean,sub-01_FDSI_triangular-ramp40s_snr30dB,sub-01,triangular-ramp40s,30,8,33,1.0,0.9892367906066536,0.9886128364389234,1.0,0.9870740305522914,1.0,0.9604306817054749,1011,1022
sv_mean,sub-01_FDSI_triangular-ramp40s_snr30dB,sub-01,triangular-ramp40s,30,9,36,1.0,0.9911797133406836,0.9906759906759908,1.0,0.9894875164257556,1.0,0.9713650345802308,899,907
sv_mean,sub-01_FDSI_triangular-ramp40s_snr30dB,sub-01,triangular-ramp40s,30,10,29,0.9682539682539684,0.9785223367697594,0.9791099000908264,0.9763779527559056,0.9773429454170958,1.0,0.9270790219306946,1140,1163
sv_mean,sub-01_FDSI_triangular-ramp40s_snr30dB,sub-01,triangular-ramp40s,30,11,31,1.0,0.9854413102820746,0.9846153846153848,1.0,0.982570806100218,0.9682539682539684,0.9473071098327636,1083,1099
sv_mean,sub-01_FDSI_triangular-ramp40s_snr30dB,sub-01,triangular-ramp40s,30,12,22,0.9333333333333332,0.9579263711495116,0.9593949044585988,0.9455782312925172,0.9550763701707098,1.0,0.923910677433014,1276,1330
sv_mean,sub-01_FDSI_triangular-ramp40s_snr30dB,sub-01,triangular-ramp40s,30,13,7,0.902439024390244,0.9155206286836935,0.9162629757785468,0.8802395209580839,0.9160125588697016,0.9767441860465116,0.9192256927490234,1398,1527
sv_mean,sub-01_FDSI_triangular-ramp40s_snr25dB,sub-01,triangular-ramp40s,25,0,28,1.0,0.9966329966329966,0.9964349376114082,1.0,0.9969758064516128,0.9846153846153848,0.9884135723114014,1184,1188
sv_mean,sub-01_FDSI_triangular-ramp40s_snr25dB,sub-01,triangular-ramp40s,25,1,32,1.0,0.992467043314501,0.9920318725099602,1.0,0.9909399773499432,1.0,0.966519296169281,1054,1062
sv_mean,sub-01_FDSI_triangular-ramp40s_snr25dB,sub-01,triangular-ramp40s,25,2,37,1.0,0.9455388180764774,0.9424019607843136,1.0,0.9347222222222222,1.0,0.8649441599845886,818,861
sv_mean,sub-01_FDSI_triangular-ramp40s_snr25dB,sub-01,triangular-ramp40s,25,3,24,0.927536231884058,0.956386292834891,0.9580246913580248,0.9280575539568344,0.9562383612662942,0.9861111111111112,0.9264400005340576,1228,1284
sv_mean,sub-01_FDSI_triangular-ramp40s_snr25dB,sub-01,triangular-ramp40s,25,4,34,0.9642857142857144,0.9887410440122824,0.9880694143167028,0.9821428571428572,0.9864364981504316,1.0,0.9389328360557556,966,977
sv_mean,sub-01_FDSI_triangular-ramp40s_snr25dB,sub-01,triangular-ramp40s,25,5,38,1.0,0.9975429975429976,0.9974025974025974,1.0,0.9970501474926252,1.0,0.9823594093322754,812,814
sv_mean,sub-01_FDSI_triangular-ramp40s_snr25dB,sub-01,triangular-ramp40s,25,6,29,0.9523809523809524,0.2631578947368421,0.2364864864864864,0.9448818897637796,0.220922229869236,0.036036036036036,0.8398504853248596,973,1163
sv_mean,sub-01_FDSI_triangular-ramp40s_snr25dB,sub-01,triangular-ramp40s,25,7,30,1.0,0.9859278803869832,0.9851162790697674,1.0,0.9831223628691984,1.0,0.9579222202301024,1121,1137
sv_mean,sub-01_FDSI_triangular-ramp40s_snr25dB,sub-01,triangular-ramp40s,25,8,36,1.0,0.9944873208379272,0.9941724941724942,1.0,0.9921156373193168,0.98,0.9706947207450868,902,907
sv_mean,sub-01_FDSI_triangular-ramp40s_snr25dB,sub-01,triangular-ramp40s,25,9,35,0.9803921568627452,0.9631966351209252,0.9622222222222222,0.9805825242718448,0.957286432160804,0.981132075471698,0.9201661944389344,919,948
sv_mean,sub-01_FDSI_triangular-ramp40s_snr25dB,sub-01,triangular-ramp40s,25,10,31,0.9830508474576272,0.2641154328732747,0.2364820846905537,0.9747899159663864,0.2207602339181286,0.0576923076923076,0.8941144943237305,916,1099
sv_mean,sub-01_FDSI_triangular-ramp40s_snr25dB,sub-01,triangular-ramp40s,25,11,33,0.9821428571428572,0.1252735229759299,0.0981941309255079,0.9642857142857144,0.0723643169058016,0.0825688073394495,0.8578142523765564,1035,1022
sv_mean,sub-01_FDSI_triangular-ramp40s_snr20dB,sub-01,triangular-ramp40s,20,0,28,1.0,0.9949494949494948,0.9946524064171124,1.0,0.9939516129032258,1.0,0.986785054206848,1182,1188
sv_mean,sub-01_FDSI_triangular-ramp40s_snr20dB,sub-01,triangular-ramp40s,20,1,32,1.0,0.9887005649717514,0.9880478087649402,1.0,0.986409966024915,1.0,0.9532315135002136,1050,1062
sv_mean,sub-01_FDSI_triangular-ramp40s_snr20dB,sub-01,triangular-ramp40s,20,2,38,1.0,0.9963144963144964,0.9961038961038962,1.0,0.995575221238938,1.0,0.9698618054389954,811,814
sv_mean,sub-01_FDSI_triangular-ramp40s_snr20dB,sub-01,triangular-ramp40s,20,3,35,0.9019607843137256,0.77834008097166,0.7716115261472786,0.8557692307692307,0.763855421686747,0.8518518518518519,0.8498415946960449,809,948
sv_mean,sub-01_FDSI_triangular-ramp40s_snr20dB,sub-01,triangular-ramp40s,20,4,36,1.0,0.9922822491730982,0.9918414918414918,1.0,0.9894875164257556,0.98,0.9621393084526062,900,907
sv_mean,sub-01_FDSI_triangular-ramp40s_snr20dB,sub-01,triangular-ramp40s,20,5,34,0.9642857142857144,0.9511201629327902,0.948220064724919,0.9821428571428572,0.9424019607843136,0.9818181818181818,0.8980503082275391,939,977
sv_mean,sub-01_FDSI_triangular-ramp40s_snr20dB,sub-01,triangular-ramp40s,20,6,37,0.9148936170212766,0.9501160092807424,0.9521472392638036,0.946808510638298,0.948539638386648,0.979591836734694,0.903025448322296,820,861
sv_mean,sub-01_FDSI_triangular-ramp40s_snr15dB,sub-01,triangular-ramp40s,15,0,28,1.0,0.9949494949494948,0.9946524064171124,1.0,0.9939516129032258,1.0,0.9831473231315612,1182,1188
sv_mean,sub-01_FDSI_triangular-ramp40s_snr15dB,sub-01,triangular-ramp40s,15,1,34,0.9107142857142856,0.8887775551102205,0.8854718981972428,0.9553571428571428,0.8725961538461539,0.9636363636363636,0.8448635339736938,908,977
sv_mean,sub-01_FDSI_triangular-ramp40s_snr15dB,sub-01,triangular-ramp40s,15,2,36,0.9183673469387756,0.9790518191841234,0.9825174825174824,0.9484536082474226,0.9816031537450722,0.96,0.9175847768783568,888,907
sv_mean,sub-01_FDSI_triangular-ramp40s_snr15dB,sub-01,triangular-ramp40s,15,3,38,1.0,0.9864864864864864,0.9857142857142858,1.0,0.9837758112094396,1.0,0.9191067814826964,803,814
sv_mean,sub-01_FDSI_triangular-ramp20s_snr30dB,sub-01,triangular-ramp20s,30,0,36,1.0,0.9934138309549944,0.9930232558139536,0.9805825242718448,0.9921052631578948,1.0,0.975271224975586,905,911
sv_mean,sub-01_FDSI_triangular-ramp20s_snr30dB,sub-01,triangular-ramp20s,30,1,38,1.0,0.9950556242274412,0.9947780678851176,1.0,0.994074074074074,1.0,0.9769824743270874,805,809
sv_mean,sub-01_FDSI_triangular-ramp20s_snr30dB,sub-01,triangular-ramp20s,30,2,28,1.0,0.994186046511628,0.993838028169014,1.0,0.993006993006993,1.0,0.9795227646827698,1197,1204
sv_mean,sub-01_FDSI_triangular-ramp20s_snr30dB,sub-01,triangular-ramp20s,30,3,35,1.0,0.9801047120418848,0.9789356984478936,1.0,0.9761306532663316,1.0,0.9307928681373596,937,954
sv_mean,sub-01_FDSI_triangular-ramp20s_snr30dB,sub-01,triangular-ramp20s,30,4,34,1.0,0.9928934010152284,0.992497320471597,1.0,0.991504854368932,1.0,0.9479349255561828,978,985
sv_mean,sub-01_FDSI_triangular-ramp20s_snr30dB,sub-01,triangular-ramp20s,30,5,32,1.0,0.995291902071563,0.9950149551345964,1.0,0.9943630214205186,1.0,0.9582569003105164,1057,1062
sv_mean,sub-01_FDSI_triangular-ramp20s_snr30dB,sub-01,triangular-ramp20s,30,6,37,1.0,0.9477272727272728,0.9446450060168472,1.0,0.9375,1.0,0.8547441959381104,843,871
sv_mean,sub-01_FDSI_triangular-ramp20s_snr30dB,sub-01,triangular-ramp20s,30,7,24,0.9859154929577464,0.9875872769588828,0.9876847290640394,0.9788732394366196,0.9879182156133828,1.0,0.9448580145835876,1273,1289
sv_mean,sub-01_FDSI_triangular-ramp20s_snr30dB,sub-01,triangular-ramp20s,30,8,33,1.0,0.2860927152317881,0.258086717136958,1.0,0.2434312210200927,0.0510204081632653,0.8739054799079895,921,1021
sv_mean,sub-01_FDSI_triangular-ramp20s_snr30dB,sub-01,triangular-ramp20s,30,9,30,1.0,0.9982190560997328,0.998114985862394,1.0,0.9978563772775992,1.0,0.9681742787361144,1121,1123
sv_mean,sub-01_FDSI_triangular-ramp20s_snr30dB,sub-01,triangular-ramp20s,30,10,31,1.0,0.2108682811577082,0.1818738518064911,0.9917355371900828,0.1596180081855388,0.0380952380952381,0.8901728391647339,959,1091
sv_mean,sub-01_FDSI_triangular-ramp20s_snr30dB,sub-01,triangular-ramp20s,30,11,29,0.9846153846153848,0.1447154471544715,0.1140449438202247,0.992248062015504,0.0854647535870243,0.0648148148148148,0.9034276008605956,950,1162
sv_mean,sub-01_FDSI_triangular-ramp20s_snr30dB,sub-01,triangular-ramp20s,30,12,13,0.9,0.896411645226811,0.8962061560486757,0.9202453987730062,0.8881685575364667,0.9506172839506172,0.8967524766921997,1327,1474
sv_mean,sub-01_FDSI_triangular-ramp20s_snr30dB,sub-01,triangular-ramp20s,30,13,22,1.0,0.9618834080717488,0.9596199524940616,0.9733333333333334,0.95863309352518,0.986842105263158,0.9164367914199828,1288,1337
sv_mean,sub-01_FDSI_triangular-ramp20s_snr25dB,sub-01,triangular-ramp20s,25,0,36,1.0,0.9934138309549944,0.9930232558139536,0.9805825242718448,0.9921052631578948,1.0,0.9662721753120422,905,911
sv_mean,sub-01_FDSI_triangular-ramp20s_snr25dB,sub-01,triangular-ramp20s,25,1,38,1.0,0.9950556242274412,0.9947780678851176,1.0,0.994074074074074,1.0,0.9738898277282716,805,809
sv_mean,sub-01_FDSI_triangular-ramp20s_snr25dB,sub-01,triangular-ramp20s,25,2,28,1.0,0.9950166112956812,0.9947183098591548,1.0,0.994005994005994,1.0,0.9817453026771544,1198,1204
sv_mean,sub-01_FDSI_triangular-ramp20s_snr25dB,sub-01,triangular-ramp20s,25,3,34,1.0,0.9858012170385396,0.9850107066381156,1.0,0.983030303030303,1.0,0.9227820038795472,973,985
sv_mean,sub-01_FDSI_triangular-ramp20s_snr25dB,sub-01,triangular-ramp20s,25,4,35,1.0,0.9252336448598132,0.9208791208791208,1.0,0.9104477611940298,1.0,0.8957208395004272,900,954
sv_mean,sub-01_FDSI_triangular-ramp20s_snr25dB,sub-01,triangular-ramp20s,25,5,32,1.0,0.9896421845574388,0.9890329012961117,0.9739130434782608,0.990990990990991,0.9666666666666668,0.96148282289505,1051,1062
sv_mean,sub-01_FDSI_triangular-ramp20s_snr25dB,sub-01,triangular-ramp20s,25,6,37,1.0,0.8630751964085297,0.8551068883610451,0.9894736842105264,0.8380187416331994,1.0,0.8313331604003906,789,871
sv_mean,sub-01_FDSI_triangular-ramp20s_snr25dB,sub-01,triangular-ramp20s,25,7,31,0.9666666666666668,0.1487268518518518,0.119304556354916,0.9586776859504132,0.0918774966711051,0.0485436893203883,0.8980286121368408,894,1091
sv_mean,sub-01_FDSI_triangular-ramp20s_snr25dB,sub-01,triangular-ramp20s,25,8,30,0.9838709677419356,0.9857524487978628,0.9858623939679548,0.992063492063492,0.984994640943194,0.984375,0.9537454843521118,1107,1123
sv_mean,sub-01_FDSI_triangular-ramp20s_snr25dB,sub-01,triangular-ramp20s,25,9,33,0.9298245614035088,0.2913072329130723,0.2662068965517241,0.9565217391304348,0.2532920216886135,0.0510204081632653,0.8403100371360779,925,1021
sv_mean,sub-01_FDSI_triangular-ramp20s_snr25dB,sub-01,triangular-ramp20s,25,10,22,0.9066666666666666,0.8514705882352941,0.8482490272373541,0.8866666666666667,0.8411297440423654,0.935064935064935,0.8805913925170898,1181,1337
sv_mean,sub-01_FDSI_triangular-ramp20s_snr20dB,sub-01,triangular-ramp20s,20,0,38,1.0,0.9938195302843016,0.9934725848563968,1.0,0.9925925925925926,1.0,0.9508445262908936,804,809
sv_mean,sub-01_FDSI_triangular-ramp20s_snr20dB,sub-01,triangular-ramp20s,20,1,32,1.0,0.9896421845574388,0.9890329012961117,0.991304347826087,0.9876126126126126,0.9833333333333332,0.9407625198364258,1051,1062
sv_mean,sub-01_FDSI_triangular-ramp20s_snr20dB,sub-01,triangular-ramp20s,20,2,28,1.0,0.9958471760797342,0.9955985915492958,0.9925373134328358,0.996003996003996,1.0,0.9825615882873536,1199,1204
sv_mean,sub-01_FDSI_triangular-ramp20s_snr20dB,sub-01,triangular-ramp20s,20,3,36,1.0,0.991218441273326,0.9906976744186048,0.9902912621359224,0.988157894736842,1.0,0.9359718561172484,903,911
sv_mean,sub-01_FDSI_triangular-ramp20s_snr20dB,sub-01,triangular-ramp20s,20,4,34,1.0,0.9404641775983856,0.9371671991480298,0.9905660377358492,0.9301204819277108,1.0,0.8814805150032043,938,985
sv_mean,sub-01_FDSI_triangular-ramp20s_snr15dB,sub-01,triangular-ramp20s,15,0,28,1.0,0.9950166112956812,0.9947183098591548,1.0,0.995004995004995,0.9855072463768116,0.9813811182975768,1198,1204
sv_mean,sub-01_FDSI_triangular-ramp20s_snr15dB,sub-01,triangular-ramp20s,15,1,38,1.0,0.9703703703703704,0.96870925684485,1.0,0.9659763313609468,0.9787234042553192,0.9057794809341432,787,809
sv_mean,sub-01_FDSI_triangular-ramp20s_snr15dB,sub-01,triangular-ramp20s,15,2,32,0.9830508474576272,0.9549295774647888,0.9532803180914512,0.982608695652174,0.9517396184062852,0.9166666666666666,0.9063870310783386,1020,1062
sv_mean,sub-01_FDSI_triangular-ramp20s_snr15dB,sub-01,triangular-ramp20s,15,3,36,0.9019607843137256,0.964873765093304,0.9686046511627908,0.912621359223301,0.9697368421052632,0.9591836734693876,0.9005926847457886,879,911
sv_mean,sub-01_FDSI_triangular-ramp10s_snr30dB,sub-01,triangular-ramp10s,30,0,32,1.0,0.1057046979865771,0.0757225433526011,0.9915254237288136,0.0434504792332268,0.0686274509803921,0.9296096563339232,911,1066
sv_mean,sub-01_FDSI_triangular-ramp10s_snr30dB,sub-01,triangular-ramp10s,30,1,30,1.0,0.9858657243816256,0.9850746268656716,0.991869918699187,0.9841437632135308,1.0,0.9602303504943848,1116,1132
sv_mean,sub-01_FDSI_triangular-ramp10s_snr30dB,sub-01,triangular-ramp10s,30,2,36,1.0,0.9966740576496674,0.9964747356051704,0.99009900990099,0.9986666666666668,0.9803921568627452,0.9138305187225342,899,902
sv_mean,sub-01_FDSI_triangular-ramp10s_snr30dB,sub-01,triangular-ramp10s,30,3,35,1.0,0.9822546972860126,0.9812154696132596,0.981132075471698,0.98125,1.0,0.9491594433784484,944,955
sv_mean,sub-01_FDSI_triangular-ramp10s_snr30dB,sub-01,triangular-ramp10s,30,4,38,1.0,0.9225181598062954,0.917948717948718,1.0,0.907514450867052,1.0,0.8512780666351318,769,819
sv_mean,sub-01_FDSI_triangular-ramp10s_snr30dB,sub-01,triangular-ramp10s,30,5,7,0.9047619047619048,0.9056237879767292,0.9056732740943269,0.8764705882352941,0.9055727554179568,0.9418604651162792,0.8999752998352051,1408,1540
sv_mean,sub-01_FDSI_triangular-ramp10s_snr30dB,sub-01,triangular-ramp10s,30,6,34,1.0,0.983983983983984,0.9830687830687832,0.981651376146789,0.9832134292565948,1.0,0.9243098497390748,986,996
sv_mean,sub-01_FDSI_triangular-ramp10s_snr30dB,sub-01,triangular-ramp10s,30,7,28,1.0,0.9966386554621848,0.9964381121994658,1.0,0.997979797979798,0.9692307692307692,0.9649434685707092,1186,1190
sv_mean,sub-01_FDSI_triangular-ramp10s_snr30dB,sub-01,triangular-ramp10s,30,8,33,1.0,0.1763625229638701,0.1465736040609137,0.9913793103448276,0.1206774876499647,0.0515463917525773,0.8967211842536926,882,1039
sv_mean,sub-01_FDSI_triangular-ramp10s_snr30dB,sub-01,triangular-ramp10s,30,9,37,1.0,0.0786082474226804,0.0498338870431893,0.9578947368421052,0.0309734513274336,0.0588235294117647,0.8914908170700073,805,869
sv_mean,sub-01_FDSI_triangular-ramp10s_snr30dB,sub-01,triangular-ramp10s,30,10,31,1.0,0.1095426312817617,0.0772381509654768,1.0,0.0441271901362751,0.0495049504950495,0.8950468897819519,860,1105
sv_mean,sub-01_FDSI_triangular-ramp10s_snr30dB,sub-01,triangular-ramp10s,30,11,24,1.0,0.9595645412130638,0.9572016460905348,0.9716312056737588,0.9563197026022304,0.9855072463768116,0.912911593914032,1234,1286
sv_mean,sub-01_FDSI_triangular-ramp10s_snr30dB,sub-01,triangular-ramp10s,30,12,22,0.9178082191780822,0.3475177304964539,0.3238636363636363,0.9251700680272108,0.3192307692307692,0.0573770491803278,0.8387267589569092,1135,1335
sv_mean,sub-01_FDSI_triangular-ramp10s_snr30dB,sub-01,triangular-ramp10s,30,13,29,0.9846153846153848,0.0978432403997895,0.0664488017429194,0.9692307692307692,0.0331325301204819,0.0642201834862385,0.9271051287651062,925,1162
sv_mean,sub-01_FDSI_triangular-ramp10s_snr25dB,sub-01,triangular-ramp10s,25,0,30,1.0,0.1095052807115063,0.0787809085681426,0.983739837398374,0.0477402928071292,0.06,0.9264773726463318,864,1132
sv_mean,sub-01_FDSI_triangular-ramp10s_snr25dB,sub-01,triangular-ramp10s,25,1,36,1.0,0.9800443458980044,0.9788484136310224,1.0,0.9773333333333334,0.9803921568627452,0.9048193097114564,884,902
sv_mean,sub-01_FDSI_triangular-ramp10s_snr25dB,sub-01,triangular-ramp10s,25,2,38,1.0,0.8867699642431466,0.880201765447667,1.0,0.8652482269503546,1.0,0.8044570684432983,764,819
sv_mean,sub-01_FDSI_triangular-ramp10s_snr25dB,sub-01,triangular-ramp10s,25,3,35,1.0,0.1013165426445334,0.0731995277449822,0.97196261682243,0.0478688524590163,0.055045871559633,0.8418413996696472,969,955
sv_mean,sub-01_FDSI_triangular-ramp10s_snr25dB,sub-01,triangular-ramp10s,25,4,32,1.0,0.1238372093023255,0.0932611311672683,0.9915254237288136,0.0632490013315579,0.086021505376344,0.9315406084060668,867,1066
sv_mean,sub-01_FDSI_triangular-ramp10s_snr25dB,sub-01,triangular-ramp10s,25,5,28,1.0,0.9966386554621848,0.9964381121994658,1.0,0.997979797979798,0.9692307692307692,0.9625704288482666,1186,1190
sv_mean,sub-01_FDSI_triangular-ramp10s_snr25dB,sub-01,triangular-ramp10s,25,6,31,0.9516129032258064,0.443758573388203,0.4212034383954154,0.976,0.3676355066771406,0.95,0.8827234506607056,1000,1105
sv_mean,sub-01_FDSI_triangular-ramp10s_snr25dB,sub-01,triangular-ramp10s,25,7,37,1.0,0.0754716981132075,0.0463087248322147,0.8854166666666666,0.0259836674090571,0.0588235294117647,0.8756701946258545,784,869
sv_mean,sub-01_FDSI_triangular-ramp10s_snr25dB,sub-01,triangular-ramp10s,25,8,34,1.0,0.9491017964071856,0.9462025316455696,0.981651376146789,0.9414575866188768,1.0,0.8872617483139038,957,996
sv_mean,sub-01_FDSI_triangular-ramp10s_snr25dB,sub-01,triangular-ramp10s,25,9,33,0.9824561403508772,0.0668493150684931,0.0373303167420814,0.5704225352112676,0.033952594490711,0.0377358490566037,0.9162956476211548,908,1039
sv_mean,sub-01_FDSI_triangular-ramp10s_snr25dB,sub-01,triangular-ramp10s,25,10,24,0.9577464788732394,0.905645784996133,0.9026186579378068,0.9290780141843972,0.8965835641735919,1.0,0.8883549571037292,1178,1286
sv_mean,sub-01_FDSI_triangular-ramp10s_snr20dB,sub-01,triangular-ramp10s,20,0,34,1.0,0.0987080103359173,0.0728335991493886,0.981651376146789,0.0461988304093567,0.0341880341880341,0.9181180000305176,1130,996
sv_mean,sub-01_FDSI_triangular-ramp10s_snr20dB,sub-01,triangular-ramp10s,20,1,30,0.9166666666666666,0.0779436152570481,0.0491709548313321,0.7923076923076923,0.0307101727447216,0.06,0.8496416211128235,818,1132
sv_mean,sub-01_FDSI_triangular-ramp10s_snr20dB,sub-01,triangular-ramp10s,20,2,36,1.0,0.96570796460177,0.9636576787807736,1.0,0.9587765957446808,1.0,0.8637576103210449,875,902
sv_mean,sub-01_FDSI_triangular-ramp10s_snr20dB,sub-01,triangular-ramp10s,20,3,32,0.9827586206896552,0.9151624548736462,0.9114285714285716,0.9830508474576272,0.9012875536480688,1.0,0.9010371565818788,1056,1066
sv_mean,sub-01_FDSI_triangular-ramp10s_snr20dB,sub-01,triangular-ramp10s,20,4,38,1.0,0.7858796296296297,0.773838630806846,0.934065934065934,0.7561643835616438,0.9767441860465116,0.8097178936004639,724,819
sv_mean,sub-01_FDSI_triangular-ramp10s_snr20dB,sub-01,triangular-ramp10s,20,5,35,0.981132075471698,0.1357519016968987,0.108695652173913,0.8839285714285714,0.0862299465240641,0.0396039603960396,0.8133803606033325,986,955
sv_mean,sub-01_FDSI_triangular-ramp10s_snr20dB,sub-01,triangular-ramp10s,20,6,37,0.9361702127659576,0.0726221079691516,0.0457256461232604,0.8526315789473684,0.0316176470588235,0.0588235294117647,0.910003125667572,800,869
sv_mean,sub-01_FDSI_triangular-ramp10s_snr20dB,sub-01,triangular-ramp10s,20,7,28,1.0,0.9957983193277312,0.9955476402493322,1.0,0.996969696969697,0.9692307692307692,0.95607191324234,1185,1190
sv_mean,sub-01_FDSI_triangular-ramp10s_snr15dB,sub-01,triangular-ramp10s,15,0,28,1.0,0.9991596638655462,0.9991095280498664,1.0,0.998989898989899,1.0,0.9748207926750184,1189,1190
sv_mean,sub-01_FDSI_triangular-ramp10s_snr15dB,sub-01,triangular-ramp10s,15,1,36,0.9803921568627452,0.0966001079330814,0.0715871254162042,0.99009900990099,0.0450669914738124,0.0454545454545454,0.9089086055755616,1130,902
sv_mean,sub-01_FDSI_triangular-ramp10s_snr15dB,sub-01,triangular-ramp10s,15,2,38,1.0,0.7026406429391504,0.686060606060606,0.8131868131868132,0.6729986431478969,0.9767441860465116,0.7910353541374207,664,819
sv_mean,sub-01_FDSI_triangular-ramp10s_snr15dB,sub-01,triangular-ramp10s,15,3,34,0.9074074074074074,0.0874428063040162,0.0642969158389963,0.8909090909090909,0.0414269275028768,0.043103448275862,0.8912215828895569,1143,996
sv_mean,sub-01_FDSI_triangular-ramp5s_snr30dB,sub-01,triangular-ramp5s,30,0,32,1.0,0.0664126292868807,0.0348902644907146,0.5503355704697986,0.0311506675143038,0.0392156862745098,0.8910715579986572,893,1066
sv_mean,sub-01_FDSI_triangular-ramp5s_snr30dB,sub-01,triangular-ramp5s,30,1,36,1.0,0.9955947136563876,0.9953434225844005,1.0,0.9947229551451188,1.0,0.970908224582672,904,908
sv_mean,sub-01_FDSI_triangular-ramp5s_snr30dB,sub-01,triangular-ramp5s,30,2,28,1.0,0.9974789915966388,0.9973285841495992,1.0,0.995967741935484,0.9850746268656716,0.9743515253067015,1187,1190
sv_mean,sub-01_FDSI_triangular-ramp5s_snr30dB,sub-01,triangular-ramp5s,30,3,38,1.0,0.9864197530864196,0.9855832241153342,0.9893617021276596,0.9866071428571428,0.9772727272727272,0.9586963057518004,799,810
sv_mean,sub-01_FDSI_triangular-ramp5s_snr30dB,sub-01,triangular-ramp5s,30,4,37,1.0,0.0663834306956983,0.0430048992923244,0.780952380952381,0.0289680144840072,0.0545454545454545,0.9604107141494752,1145,863
sv_mean,sub-01_FDSI_triangular-ramp5s_snr30dB,sub-01,triangular-ramp5s,30,5,33,1.0,0.0681352459016393,0.0411175540326831,0.6518518518518519,0.0306784660766961,0.0747663551401869,0.8846077919006348,1063,1022
sv_mean,sub-01_FDSI_triangular-ramp5s_snr30dB,sub-01,triangular-ramp5s,30,6,34,1.0,0.9848331648129424,0.983957219251337,0.9908256880733946,0.9830713422007256,1.0,0.8738486766815186,975,988
sv_mean,sub-01_FDSI_triangular-ramp5s_snr30dB,sub-01,triangular-ramp5s,30,7,31,1.0,0.4708771929824561,0.4472140762463343,0.7647058823529411,0.4136807817589576,0.9672131147540984,0.8819667100906372,986,1110
sv_mean,sub-01_FDSI_triangular-ramp5s_snr30dB,sub-01,triangular-ramp5s,30,8,24,1.0,0.940814757878555,0.9372453137734312,0.958904109589041,0.9345018450184502,0.9722222222222222,0.9002516865730286,1228,1297
sv_mean,sub-01_FDSI_triangular-ramp5s_snr30dB,sub-01,triangular-ramp5s,30,9,30,1.0,0.0749440715883668,0.0417149478563151,0.6712328767123288,0.0301244269810085,0.05,0.8939210772514343,793,1129
sv_mean,sub-01_FDSI_triangular-ramp5s_snr30dB,sub-01,triangular-ramp5s,30,10,35,1.0,0.0671599317017643,0.0375807398708162,0.6031746031746031,0.0288713910761154,0.0714285714285714,0.8678733706474304,915,960
sv_mean,sub-01_FDSI_triangular-ramp5s_snr30dB,sub-01,triangular-ramp5s,30,11,22,0.9733333333333334,0.1892023346303502,0.1595153962645128,0.7610062893081762,0.1496329757199322,0.075,0.8333051204681396,1106,1339
sv_mean,sub-01_FDSI_triangular-ramp5s_snr30dB,sub-01,triangular-ramp5s,30,12,29,0.9682539682539684,0.0733471074380165,0.0432461292044847,0.5897435897435898,0.0318318318318318,0.0467289719626168,0.941808819770813,924,1154
sv_mean,sub-01_FDSI_triangular-ramp5s_snr25dB,sub-01,triangular-ramp5s,25,0,36,1.0,0.9955947136563876,0.9953434225844005,1.0,0.9947229551451188,1.0,0.9592995643615724,904,908
sv_mean,sub-01_FDSI_triangular-ramp5s_snr25dB,sub-01,triangular-ramp5s,25,1,32,1.0,0.9606227106227108,0.9583333333333334,0.9747899159663864,0.9562363238512036,1.0,0.8779924511909485,1075,1066
sv_mean,sub-01_FDSI_triangular-ramp5s_snr25dB,sub-01,triangular-ramp5s,25,2,28,1.0,0.9974789915966388,0.9973285841495992,1.0,0.995967741935484,0.9850746268656716,0.96602064371109,1187,1190
sv_mean,sub-01_FDSI_triangular-ramp5s_snr25dB,sub-01,triangular-ramp5s,25,3,37,1.0,0.0671688637790332,0.0394311570782159,0.5384615384615384,0.0296028880866426,0.0561797752808988,0.7880281805992126,837,863
sv_mean,sub-01_FDSI_triangular-ramp5s_snr25dB,sub-01,triangular-ramp5s,25,4,34,1.0,0.9383084577114428,0.9348054679284964,0.9380530973451328,0.935637663885578,0.981132075471698,0.8504498600959778,960,988
sv_mean,sub-01_FDSI_triangular-ramp5s_snr25dB,sub-01,triangular-ramp5s,25,5,30,1.0,0.073605520414031,0.0393559928443649,0.6447368421052632,0.0292716133424098,0.05,0.8539875745773315,738,1129
sv_mean,sub-01_FDSI_triangular-ramp5s_snr25dB,sub-01,triangular-ramp5s,25,6,38,1.0,0.7592592592592593,0.7454100367197063,0.8144329896907216,0.7372060857538036,1.0,0.7866993546485901,710,810
sv_mean,sub-01_FDSI_triangular-ramp5s_snr25dB,sub-01,triangular-ramp5s,25,7,24,0.972972972972973,0.0748917748917749,0.045169946332737,0.8278145695364238,0.0465351542741527,0.0534351145038167,0.9214581847190856,1186,1297
sv_mean,sub-01_FDSI_triangular-ramp5s_snr25dB,sub-01,triangular-ramp5s,25,8,33,0.9636363636363636,0.0665291387313048,0.0403397027600849,0.6159420289855072,0.0322195704057279,0.0849056603773584,0.9003944993019104,1046,1022
sv_mean,sub-01_FDSI_triangular-ramp5s_snr25dB,sub-01,triangular-ramp5s,25,9,31,1.0,0.4530812324929972,0.4286759326993416,0.7445255474452555,0.3959349593495935,0.9508196721311476,0.8680372834205627,965,1110
sv_mean,sub-01_FDSI_triangular-ramp5s_snr25dB,sub-01,triangular-ramp5s,25,10,35,0.9814814814814816,0.9314227226202662,0.9284940411700976,0.8727272727272727,0.9349693251533744,1.0,0.9126724004745485,927,960
sv_mean,sub-01_FDSI_triangular-ramp5s_snr20dB,sub-01,triangular-ramp5s,20,0,32,1.0,0.8224455611390284,0.8130511463844797,0.875,0.8053624627606752,1.0,0.8376822471618652,1110,1066
sv_mean,sub-01_FDSI_triangular-ramp5s_snr20dB,sub-01,triangular-ramp5s,20,1,28,1.0,0.9974789915966388,0.9973285841495992,1.0,0.995967741935484,0.9850746268656716,0.963403344154358,1187,1190
sv_mean,sub-01_FDSI_triangular-ramp5s_snr20dB,sub-01,triangular-ramp5s,20,2,36,1.0,0.8592750533049041,0.8515185601799775,0.7339449541284404,0.8692307692307693,0.979591836734694,0.8100448846817017,836,908
sv_mean,sub-01_FDSI_triangular-ramp5s_snr20dB,sub-01,triangular-ramp5s,20,3,37,0.9782608695652174,0.0822281167108753,0.0540355677154582,0.5585585585585585,0.0451761102603369,0.0561797752808988,0.8433917760848999,769,863
sv_mean,sub-01_FDSI_triangular-ramp5s_snr20dB,sub-01,triangular-ramp5s,20,4,34,0.9814814814814816,0.8723404255319149,0.8663265306122448,0.8584070796460177,0.8675115207373272,0.981132075471698,0.8097624778747559,948,988
sv_mean,sub-01_FDSI_triangular-ramp5s_snr20dB,sub-01,triangular-ramp5s,20,5,38,1.0,0.9901356350184956,0.9895287958115184,1.0,0.9881129271916792,1.0,0.9242457747459412,804,810
sv_mean,sub-01_FDSI_triangular-ramp5s_snr20dB,sub-01,triangular-ramp5s,20,6,30,0.9032258064516128,0.0710743801652892,0.0416428978893325,0.5751633986928104,0.0336134453781512,0.0505050505050505,0.90678209066391,815,1129
sv_mean,sub-01_FDSI_triangular-ramp5s_snr15dB,sub-01,triangular-ramp5s,15,0,32,0.9666666666666668,0.8306451612903226,0.8229166666666666,0.8583333333333333,0.8205128205128205,0.9333333333333332,0.8430477976799011,977,1066
sv_mean,sub-01_FDSI_triangular-ramp5s_snr15dB,sub-01,triangular-ramp5s,15,1,28,1.0,0.9974789915966388,0.9973285841495992,1.0,0.995967741935484,0.9850746268656716,0.957744598388672,1187,1190
sv_mean,sub-01_FDSI_triangular-ramp5s_snr15dB,sub-01,triangular-ramp5s,15,2,38,1.0,0.7631887456037515,0.749379652605459,0.8085106382978723,0.7426573426573426,1.0,0.8046525120735168,694,810
sv_mean,sub-01_FDSI_triangular-ramp5s_snr15dB,sub-01,triangular-ramp5s,15,3,36,0.979591836734694,0.7663451232583065,0.754524886877828,0.7254901960784313,0.7618437900128041,0.92,0.856510579586029,740,908
sv_mean,sub-02_FDSI_staircase_snr30dB,sub-02,staircase,30,0,30,1.0,0.998551774076756,0.9984917043740572,,,,0.9827744364738464,1379,1381
sv_mean,sub-02_FDSI_staircase_snr30dB,sub-02,staircase,30,1,33,1.0,0.9567027477102414,0.9550173010380624,,,,0.8793498277664185,1164,1186
sv_mean,sub-02_FDSI_staircase_snr30dB,sub-02,staircase,30,2,21,1.0,0.9917081260364844,0.9913594470046084,,,,0.9803798198699952,1794,1809
sv_mean,sub-02_FDSI_staircase_snr30dB,sub-02,staircase,30,3,31,1.0,0.9902255639097745,0.9898119122257052,,,,0.9514119029045104,1318,1329
sv_mean,sub-02_FDSI_staircase_snr30dB,sub-02,staircase,30,4,26,1.0,0.9549382716049384,0.9531751122514432,,,,0.8864582777023315,1563,1604
sv_mean,sub-02_FDSI_staircase_snr30dB,sub-02,staircase,30,5,25,1.0,0.9909200968523002,0.9905541561712846,,,,0.9649518132209778,1637,1652
sv_mean,sub-02_FDSI_staircase_snr30dB,sub-02,staircase,30,6,16,1.0,0.9835051546391752,0.9828141783029,,,,0.9469459652900696,1908,1940
sv_mean,sub-02_FDSI_staircase_snr30dB,sub-02,staircase,30,7,27,1.0,0.989710610932476,0.9892904953145916,,,,0.9636221528053284,1539,1555
sv_mean,sub-02_FDSI_staircase_snr30dB,sub-02,staircase,30,8,28,1.0,0.9873164218958612,0.98679638637943,,,,0.9489094018936156,1479,1498
sv_mean,sub-02_FDSI_staircase_snr30dB,sub-02,staircase,30,9,24,1.0,0.9898809523809524,0.989454094292804,,,,0.967970848083496,1663,1680
sv_mean,sub-02_FDSI_staircase_snr30dB,sub-02,staircase,30,10,32,0.979591836734694,0.9928571428571428,0.9917491749174916,,,,0.9674956798553468,1251,1260
sv_mean,sub-02_FDSI_staircase_snr30dB,sub-02,staircase,30,11,29,0.9824561403508772,0.9882271468144044,0.9884643114635904,,,,0.9447947144508362,1427,1444
sv_mean,sub-02_FDSI_staircase_snr30dB,sub-02,staircase,30,12,14,0.9367088607594936,0.9643931795386158,0.9655352480417756,,,,0.9363017082214355,1924,1993
sv_mean,sub-02_FDSI_staircase_snr30dB,sub-02,staircase,30,13,22,1.0,0.9853190287972896,0.9847238542890716,,,,0.9498363137245178,1745,1771
sv_mean,sub-02_FDSI_staircase_snr30dB,sub-02,staircase,30,14,20,1.0,0.9891126837234622,0.9886749716874292,,,,0.9523340463638306,1817,1837
sv_mean,sub-02_FDSI_staircase_snr30dB,sub-02,staircase,30,15,23,0.9428571428571428,0.9694876223373632,0.9706058788242352,,,,0.9334142208099364,1685,1736
sv_mean,sub-02_FDSI_staircase_snr30dB,sub-02,staircase,30,16,19,1.0,0.9253731343283582,0.9223516361619524,,,,0.903623342514038,1739,1873
sv_mean,sub-02_FDSI_staircase_snr25dB,sub-02,staircase,25,0,30,1.0,0.998551774076756,0.9984917043740572,,,,0.9783397912979126,1379,1381
sv_mean,sub-02_FDSI_staircase_snr25dB,sub-02,staircase,25,1,21,1.0,0.9917081260364844,0.9913594470046084,,,,0.9746305346488952,1794,1809
sv_mean,sub-02_FDSI_staircase_snr25dB,sub-02,staircase,25,2,26,0.9836065573770492,0.8468957203134418,0.8416770963704631,,,,0.8393664360046387,1460,1604
sv_mean,sub-02_FDSI_staircase_snr25dB,sub-02,staircase,25,3,27,0.9836065573770492,0.9832797427652732,0.9832663989290495,,,,0.949265956878662,1529,1555
sv_mean,sub-02_FDSI_staircase_snr25dB,sub-02,staircase,25,4,24,1.0,0.9809523809523808,0.98014888337469,,,,0.9348056316375732,1648,1680
sv_mean,sub-02_FDSI_staircase_snr25dB,sub-02,staircase,25,5,33,1.0,0.9873524451939292,0.9868536371603857,,,,0.9444081783294678,1171,1186
sv_mean,sub-02_FDSI_staircase_snr25dB,sub-02,staircase,25,6,19,0.9315068493150684,0.7439712673165726,0.7366737739872068,,,,0.781405508518219,1526,1873
sv_mean,sub-02_FDSI_staircase_snr25dB,sub-02,staircase,25,7,28,0.9661016949152542,0.929279576999339,0.9277854195323246,,,,0.8945377469062805,1421,1498
sv_mean,sub-02_FDSI_staircase_snr25dB,sub-02,staircase,25,8,20,1.0,0.9891126837234622,0.9886749716874292,,,,0.9423965811729432,1817,1837
sv_mean,sub-02_FDSI_staircase_snr25dB,sub-02,staircase,25,9,25,0.984375,0.970356926799758,0.9697923222152296,,,,0.9376835823059082,1605,1652
sv_mean,sub-02_FDSI_staircase_snr25dB,sub-02,staircase,25,10,32,0.92,0.9841646872525732,0.985172981878089,,,,0.9484736323356628,1246,1260
sv_mean,sub-02_FDSI_staircase_snr20dB,sub-02,staircase,20,0,30,1.0,0.998551774076756,0.9984917043740572,,,,0.9660574197769164,1379,1381
sv_mean,sub-02_FDSI_staircase_snr20dB,sub-02,staircase,20,1,21,1.0,0.9911553344389166,0.9907834101382488,,,,0.9663471579551696,1793,1809
sv_mean,sub-02_FDSI_staircase_snr20dB,sub-02,staircase,20,2,25,0.96875,0.9421686746987952,0.9411027568922306,,,,0.9256545305252076,1572,1652
sv_mean,sub-02_FDSI_staircase_snr20dB,sub-02,staircase,20,3,27,0.9672131147540984,0.9485530546623794,0.9477911646586346,,,,0.9199680685997008,1475,1555
sv_mean,sub-02_FDSI_staircase_snr20dB,sub-02,staircase,20,4,24,1.0,0.9892920880428316,0.9888406695598264,,,,0.9428616166114808,1664,1680
sv_mean,sub-02_FDSI_staircase_snr20dB,sub-02,staircase,20,5,32,0.9019607843137256,0.9604430379746836,0.9612850082372324,,,,0.9348956942558287,1218,1260
sv_mean,sub-02_FDSI_staircase_snr15dB,sub-02,staircase,15,0,30,1.0,0.99275887038378,0.9924585218702866,,,,0.950007975101471,1371,1381
sv_mean,sub-02_FDSI_staircase_snr15dB,sub-02,staircase,15,1,21,1.0,0.9939192924267553,0.993663594470046,,,,0.9545227885246276,1798,1809
sv_mean,sub-02_FDSI_staircase_snr15dB,sub-02,staircase,15,2,24,1.0,0.943853427895981,0.9415024630541872,,,,0.910880208015442,1609,1680
sv_mean,sub-02_FDSI_triangular-ramp40s_snr30dB,sub-02,triangular-ramp40s,30,0,20,1.0,0.9954819277108434,0.995219123505976,1.0,0.9945945945945946,0.9726027397260274,0.9631310105323792,1322,1328
sv_mean,sub-02_FDSI_triangular-ramp40s_snr30dB,sub-02,triangular-ramp40s,30,1,30,1.0,0.994994994994995,0.9947033898305084,0.981981981981982,0.9963985594237696,1.0,0.9737394452095032,994,999
sv_mean,sub-02_FDSI_triangular-ramp40s_snr30dB,sub-02,triangular-ramp40s,30,2,21,1.0,0.9953881629515756,0.9951179820992676,0.9861111111111112,0.9954001839926404,0.9859154929577464,0.9778561592102052,1295,1301
sv_mean,sub-02_FDSI_triangular-ramp40s_snr30dB,sub-02,triangular-ramp40s,30,3,24,1.0,0.9902676399026764,0.989681857265692,1.0,0.9883040935672516,1.0,0.9715724587440492,1221,1233
sv_mean,sub-02_FDSI_triangular-ramp40s_snr30dB,sub-02,triangular-ramp40s,30,4,33,1.0,0.9929328621908128,0.9925187032418952,0.9789473684210528,0.9943422913719944,1.0,0.9599418044090272,843,849
sv_mean,sub-02_FDSI_triangular-ramp40s_snr30dB,sub-02,triangular-ramp40s,30,5,26,0.9696969696969696,0.975107296137339,0.9754322111010008,0.9774436090225564,0.9741735537190084,0.984375,0.9189985394477844,1138,1163
sv_mean,sub-02_FDSI_triangular-ramp40s_snr30dB,sub-02,triangular-ramp40s,30,6,32,1.0,0.9945175438596492,0.994199535962877,1.0,0.9934296977660972,1.0,0.9661296606063844,907,912
sv_mean,sub-02_FDSI_triangular-ramp40s_snr30dB,sub-02,triangular-ramp40s,30,7,25,1.0,0.9889643463497452,0.9883198562443846,0.9848484848484848,0.9887983706720976,1.0,0.955509603023529,1165,1178
sv_mean,sub-02_FDSI_triangular-ramp40s_snr30dB,sub-02,triangular-ramp40s,30,8,22,1.0,0.9811023622047244,0.9799833194328608,1.0,0.977294228949858,1.0,0.946504771709442,1246,1270
sv_mean,sub-02_FDSI_triangular-ramp40s_snr30dB,sub-02,triangular-ramp40s,30,9,27,1.0,0.9910071942446044,0.9904852521408184,1.0,0.9891774891774892,1.0,0.9595777988433838,1102,1112
sv_mean,sub-02_FDSI_triangular-ramp40s_snr30dB,sub-02,triangular-ramp40s,30,10,28,1.0,0.976958525345622,0.9755859375,0.9919354838709676,0.9733629300776916,1.0,0.9271000623703004,1062,1083
sv_mean,sub-02_FDSI_triangular-ramp40s_snr30dB,sub-02,triangular-ramp40s,30,11,29,0.9824561403508772,0.9875,0.987792472024415,0.9649122807017544,0.9896193771626296,1.0,0.9448498487472534,1027,1040
sv_mean,sub-02_FDSI_triangular-ramp40s_snr30dB,sub-02,triangular-ramp40s,30,12,23,1.0,0.9729944400317712,0.9714525608732156,0.9782608695652174,0.9714557564224549,0.9857142857142858,0.9329195022583008,1225,1259
sv_mean,sub-02_FDSI_triangular-ramp40s_snr30dB,sub-02,triangular-ramp40s,30,13,31,0.9807692307692308,0.975763962065332,0.975473801560758,0.970873786407767,0.974779319041614,1.0,0.9382596015930176,926,949
sv_mean,sub-02_FDSI_triangular-ramp40s_snr30dB,sub-02,triangular-ramp40s,30,14,14,0.95,0.9636871508379888,0.9644970414201184,0.9567901234567902,0.9629941126997476,0.9876543209876544,0.932302176952362,1382,1430
sv_mean,sub-02_FDSI_triangular-ramp40s_snr30dB,sub-02,triangular-ramp40s,30,15,19,0.9863013698630136,0.8846153846153846,0.8788115715402658,0.9863945578231292,0.8647214854111406,0.9864864864864864,0.8600668907165527,1214,1334
sv_mean,sub-02_FDSI_triangular-ramp40s_snr30dB,sub-02,triangular-ramp40s,30,16,16,0.987012987012987,0.9950284090909092,0.993993993993994,0.9869281045751634,0.9957555178268253,1.0,0.9494606852531432,1401,1408
sv_mean,sub-02_FDSI_triangular-ramp40s_snr25dB,sub-02,triangular-ramp40s,25,0,20,1.0,0.9864457831325302,0.9856573705179282,1.0,0.9837837837837838,0.9726027397260274,0.9433789849281312,1310,1328
sv_mean,sub-02_FDSI_triangular-ramp40s_snr25dB,sub-02,triangular-ramp40s,25,1,21,1.0,0.9953881629515756,0.9951179820992676,0.9861111111111112,0.9954001839926404,0.9859154929577464,0.972558319568634,1295,1301
sv_mean,sub-02_FDSI_triangular-ramp40s_snr25dB,sub-02,triangular-ramp40s,25,2,24,1.0,0.9886455798864558,0.9879621668099742,1.0,0.98635477582846,1.0,0.958348035812378,1219,1233
sv_mean,sub-02_FDSI_triangular-ramp40s_snr25dB,sub-02,triangular-ramp40s,25,3,26,0.9242424242424242,0.2466666666666666,0.220876585928489,0.9477611940298508,0.2033570045190445,0.0530973451327433,0.8159210681915283,1081,1163
sv_mean,sub-02_FDSI_triangular-ramp40s_snr25dB,sub-02,triangular-ramp40s,25,4,25,0.9846153846153848,0.9796264855687606,0.9793351302785264,0.9772727272727272,0.979633401221996,0.984375,0.938791811466217,1154,1178
sv_mean,sub-02_FDSI_triangular-ramp40s_snr25dB,sub-02,triangular-ramp40s,25,5,27,1.0,0.9892086330935252,0.988582302568982,0.992063492063492,0.988095238095238,1.0,0.951392412185669,1100,1112
sv_mean,sub-02_FDSI_triangular-ramp40s_snr25dB,sub-02,triangular-ramp40s,25,6,30,1.0,0.992992992992993,0.9925847457627118,1.0,0.9915966386554622,1.0,0.974332869052887,992,999
sv_mean,sub-02_FDSI_triangular-ramp40s_snr25dB,sub-02,triangular-ramp40s,25,7,32,0.94,0.981359649122807,0.9837587006960556,0.93,0.9894875164257556,0.9607843137254902,0.9520702958106996,895,912
sv_mean,sub-02_FDSI_triangular-ramp40s_snr25dB,sub-02,triangular-ramp40s,25,8,19,0.9315068493150684,0.1566077003121748,0.1260140616549486,0.9591836734693876,0.0954106280193236,0.0521739130434782,0.8073762059211731,889,1334
sv_mean,sub-02_FDSI_triangular-ramp40s_snr25dB,sub-02,triangular-ramp40s,25,9,28,0.9508196721311476,0.9440879926672776,0.9436893203883496,0.9596774193548387,0.9393605292171996,0.9833333333333332,0.9049234986305236,1038,1083
sv_mean,sub-02_FDSI_triangular-ramp40s_snr25dB,sub-02,triangular-ramp40s,25,10,22,0.9154929577464788,0.9299065420560748,0.9307502061005772,0.9154929577464788,0.9299719887955182,0.9577464788732394,0.9113188982009888,1208,1270
sv_mean,sub-02_FDSI_triangular-ramp40s_snr25dB,sub-02,triangular-ramp40s,25,11,33,1.0,0.9799764428739692,0.9788029925187032,0.9789473684210528,0.9801980198019802,0.9787234042553192,0.9258323311805724,832,849
sv_mean,sub-02_FDSI_triangular-ramp40s_snr20dB,sub-02,triangular-ramp40s,20,0,21,1.0,0.9938508839354344,0.9934906427990235,0.9861111111111112,0.9935602575896963,0.9859154929577464,0.962233066558838,1293,1301
sv_mean,sub-02_FDSI_triangular-ramp40s_snr20dB,sub-02,triangular-ramp40s,20,1,24,0.9857142857142858,0.9854014598540146,0.9853826311263972,0.9928057553956836,0.9834307992202728,1.0,0.9485039710998536,1215,1233
sv_mean,sub-02_FDSI_triangular-ramp40s_snr20dB,sub-02,triangular-ramp40s,20,2,30,1.0,0.990990990990991,0.9904661016949152,1.0,0.9891956782713084,1.0,0.964548408985138,990,999
sv_mean,sub-02_FDSI_triangular-ramp40s_snr20dB,sub-02,triangular-ramp40s,20,3,27,0.9508196721311476,0.9424460431654677,0.9419600380589914,0.9444444444444444,0.9393939393939394,0.9838709677419356,0.9117227792739868,1048,1112
sv_mean,sub-02_FDSI_triangular-ramp40s_snr20dB,sub-02,triangular-ramp40s,20,4,33,0.9361702127659576,0.8868144690781797,0.8839506172839506,0.9263157894736842,0.8741258741258742,1.0,0.8745064735412598,768,849
sv_mean,sub-02_FDSI_triangular-ramp40s_snr15dB,sub-02,triangular-ramp40s,15,0,24,0.9571428571428572,0.3646055437100213,0.3416389811738649,0.9712230215827338,0.3370646766169154,0.0542635658914728,0.9050734639167786,1327,1233
sv_mean,sub-02_FDSI_triangular-ramp40s_snr15dB,sub-02,triangular-ramp40s,15,1,30,1.0,0.980980980980981,0.9798728813559322,0.990990990990991,0.979591836734694,0.9818181818181818,0.940442681312561,980,999
sv_mean,sub-02_FDSI_triangular-ramp20s_snr30dB,sub-02,triangular-ramp20s,30,0,24,1.0,0.9950738916256158,0.9947916666666666,0.9925373134328358,0.994088669950739,0.9857142857142858,0.9779960513114928,1212,1218
sv_mean,sub-02_FDSI_triangular-ramp20s_snr30dB,sub-02,triangular-ramp20s,30,1,33,1.0,0.9906542056074766,0.9901112484548824,1.0,0.9887798036465638,1.0,0.9548014998435974,848,856
sv_mean,sub-02_FDSI_triangular-ramp20s_snr30dB,sub-02,triangular-ramp20s,30,2,19,1.0,0.1533066132264529,0.1179540709812108,0.9934640522875816,0.0856977417486971,0.0517241379310344,0.8331921696662903,948,1354
sv_mean,sub-02_FDSI_triangular-ramp20s_snr30dB,sub-02,triangular-ramp20s,30,3,25,1.0,0.9932546374367622,0.9928571428571428,1.0,0.9919110212335692,1.0,0.95713073015213,1178,1186
sv_mean,sub-02_FDSI_triangular-ramp20s_snr30dB,sub-02,triangular-ramp20s,30,4,30,1.0,0.933794466403162,0.929989550679206,0.991150442477876,0.9207100591715977,0.9818181818181818,0.8650194406509399,953,1004
sv_mean,sub-02_FDSI_triangular-ramp20s_snr30dB,sub-02,triangular-ramp20s,30,5,22,1.0,0.1245155038759689,0.0928714859437751,0.9928571428571428,0.064963908939478,0.0689655172413793,0.8976754546165466,1055,1266
sv_mean,sub-02_FDSI_triangular-ramp20s_snr30dB,sub-02,triangular-ramp20s,30,6,23,0.9571428571428572,0.9542902967121092,0.9541206457094308,0.9640287769784172,0.9529298751200768,0.9552238805970148,0.9197197556495668,1191,1246
sv_mean,sub-02_FDSI_triangular-ramp20s_snr30dB,sub-02,triangular-ramp20s,30,7,21,1.0,0.9961449498843484,0.9959183673469388,0.9931506849315068,0.9962894248608536,1.0,0.9600225687026978,1292,1297
sv_mean,sub-02_FDSI_triangular-ramp20s_snr30dB,sub-02,triangular-ramp20s,30,8,29,1.0,0.957610789980732,0.955193482688391,0.9912280701754386,0.9527649769585254,0.9642857142857144,0.899809718132019,1003,1029
sv_mean,sub-02_FDSI_triangular-ramp20s_snr30dB,sub-02,triangular-ramp20s,30,9,27,1.0,0.9489247311827956,0.9460227272727272,0.9672131147540984,0.9475935828877006,0.9322033898305084,0.9240423440933228,1059,1116
sv_mean,sub-02_FDSI_triangular-ramp20s_snr30dB,sub-02,triangular-ramp20s,30,10,16,1.0,0.9758179231863442,0.9744168547780286,0.9937106918238994,0.973458904109589,0.9746835443037974,0.9408554434776306,1373,1405
sv_mean,sub-02_FDSI_triangular-ramp20s_snr30dB,sub-02,triangular-ramp20s,30,11,26,0.9846153846153848,0.6907131011608624,0.6739702015775635,0.9765625,0.6377097729516288,0.953846153846154,0.8317747116088867,885,1154
sv_mean,sub-02_FDSI_triangular-ramp20s_snr30dB,sub-02,triangular-ramp20s,30,12,14,0.9642857142857144,0.9402173913043478,0.9387608069164264,0.9695121951219512,0.9356677524429968,0.95,0.923636257648468,1412,1444
sv_mean,sub-02_FDSI_triangular-ramp20s_snr30dB,sub-02,triangular-ramp20s,30,13,20,1.0,0.9902329075882796,0.9896579156722356,0.9933333333333332,0.9882671480144404,0.9864864864864864,0.9398891925811768,1318,1331
sv_mean,sub-02_FDSI_triangular-ramp20s_snr30dB,sub-02,triangular-ramp20s,30,14,31,0.9636363636363636,0.945360824742268,0.9421397379912664,0.97196261682243,0.938195302843016,1.0,0.9190654754638672,926,961
sv_mean,sub-02_FDSI_triangular-ramp20s_snr30dB,sub-02,triangular-ramp20s,30,15,28,1.0,0.9675625579240036,0.965686274509804,0.9916666666666668,0.9621380846325168,1.0,0.9308552742004396,1044,1079
sv_mean,sub-02_FDSI_triangular-ramp20s_snr30dB,sub-02,triangular-ramp20s,30,16,32,1.0,0.8719052744886975,0.8647727272727272,0.98,0.8496143958868895,1.0,0.8406263589859009,830,909
sv_mean,sub-02_FDSI_triangular-ramp20s_snr25dB,sub-02,triangular-ramp20s,25,0,24,1.0,0.9950738916256158,0.9947916666666666,0.9925373134328358,0.994088669950739,0.9857142857142858,0.9672762751579284,1212,1218
sv_mean,sub-02_FDSI_triangular-ramp20s_snr25dB,sub-02,triangular-ramp20s,25,1,19,0.9,0.1108920650566781,0.0785017957927142,0.9281045751633988,0.04375,0.0517241379310344,0.853524923324585,900,1354
sv_mean,sub-02_FDSI_triangular-ramp20s_snr25dB,sub-02,triangular-ramp20s,25,2,30,1.0,0.99402390438247,0.9936775553213908,1.0,0.992822966507177,1.0,0.9575701951980592,998,1004
sv_mean,sub-02_FDSI_triangular-ramp20s_snr25dB,sub-02,triangular-ramp20s,25,3,33,1.0,0.991822429906542,0.9913473423980222,1.0,0.9901823281907434,1.0,0.9222405552864076,849,856
sv_mean,sub-02_FDSI_triangular-ramp20s_snr25dB,sub-02,triangular-ramp20s,25,4,25,1.0,0.9747474747474748,0.9732620320855616,1.0,0.9697275479313824,1.0,0.9206281900405884,1160,1186
sv_mean,sub-02_FDSI_triangular-ramp20s_snr25dB,sub-02,triangular-ramp20s,25,5,20,1.0,0.9812171299774606,0.9801113762927606,0.9866666666666668,0.98014440433213,0.9594594594594594,0.9291737675666808,1306,1331
sv_mean,sub-02_FDSI_triangular-ramp20s_snr25dB,sub-02,triangular-ramp20s,25,6,21,1.0,0.9961449498843484,0.9959183673469388,0.9931506849315068,0.9962894248608536,1.0,0.9550791382789612,1292,1297
sv_mean,sub-02_FDSI_triangular-ramp20s_snr25dB,sub-02,triangular-ramp20s,25,7,32,0.9387755102040816,0.9867986798679867,0.9895348837209302,0.95,0.9907651715039578,1.0,0.9420968890190125,897,909
sv_mean,sub-02_FDSI_triangular-ramp20s_snr25dB,sub-02,triangular-ramp20s,25,8,27,1.0,0.9740143369175628,0.9725378787878788,1.0,0.9689839572192512,1.0,0.9361556172370912,1087,1116
sv_mean,sub-02_FDSI_triangular-ramp20s_snr25dB,sub-02,triangular-ramp20s,25,9,16,0.9743589743589745,0.9602272727272728,0.9593984962406016,0.96875,0.958939264328486,0.9620253164556962,0.9189183712005616,1355,1405
sv_mean,sub-02_FDSI_triangular-ramp20s_snr20dB,sub-02,triangular-ramp20s,20,0,24,1.0,0.9917898193760264,0.9913194444444444,0.9850746268656716,0.9911330049261085,0.9857142857142858,0.9475170969963074,1208,1218
sv_mean,sub-02_FDSI_triangular-ramp20s_snr20dB,sub-02,triangular-ramp20s,20,1,30,1.0,0.9900398406374502,0.9894625922023182,0.991150442477876,0.9892344497607656,1.0,0.950032353401184,994,1004
sv_mean,sub-02_FDSI_triangular-ramp20s_snr20dB,sub-02,triangular-ramp20s,20,2,21,1.0,0.992289899768697,0.9918367346938776,1.0,0.9907235621521336,1.0,0.9480000734329224,1287,1297
sv_mean,sub-02_FDSI_triangular-ramp20s_snr20dB,sub-02,triangular-ramp20s,20,3,25,0.9090909090909092,0.9144295302013424,0.9147424511545292,0.9153846153846154,0.9114688128772636,0.9558823529411764,0.907647967338562,1096,1186
sv_mean,sub-02_FDSI_triangular-ramp20s_snr15dB,sub-02,triangular-ramp20s,15,0,24,1.0,0.7139240506329114,0.7014531043593131,0.9850746268656716,0.7133079847908745,0.4318181818181818,0.8940680027008057,1490,1218
sv_mean,sub-02_FDSI_triangular-ramp20s_snr15dB,sub-02,triangular-ramp20s,15,1,30,1.0,0.9840637450199204,0.9831401475237092,0.9823008849557522,0.9832535885167464,1.0,0.935271382331848,988,1004
sv_mean,sub-02_FDSI_triangular-ramp20s_snr15dB,sub-02,triangular-ramp20s,15,2,21,0.9583333333333334,0.9776407093292212,0.9787755102040816,0.9726027397260274,0.9814471243042672,0.9315068493150684,0.935121476650238,1268,1297
sv_mean,sub-02_FDSI_triangular-ramp10s_snr30dB,sub-02,triangular-ramp10s,30,0,27,1.0,0.9840989399293286,0.9831460674157304,1.0,0.9809523809523808,1.0,0.9399704933166504,1114,1132
sv_mean,sub-02_FDSI_triangular-ramp10s_snr30dB,sub-02,triangular-ramp10s,30,1,24,1.0,0.9909688013136289,0.9904347826086956,1.0,0.990138067061144,0.9850746268656716,0.9418371319770812,1207,1218
sv_mean,sub-02_FDSI_triangular-ramp10s_snr30dB,sub-02,triangular-ramp10s,30,2,30,1.0,0.9970267591674926,0.9968520461699896,0.9910714285714286,0.9976218787158144,1.0,0.946036159992218,1006,1009
sv_mean,sub-02_FDSI_triangular-ramp10s_snr30dB,sub-02,triangular-ramp10s,30,3,20,1.0,0.9886018237082068,0.98793242156074,1.0,0.9871794871794872,0.986842105263158,0.9211297631263732,1301,1316
sv_mean,sub-02_FDSI_triangular-ramp10s_snr30dB,sub-02,triangular-ramp10s,30,4,33,1.0,0.9906976744186048,0.990159901599016,0.978494623655914,0.9916782246879334,1.0,0.937216341495514,852,860
sv_mean,sub-02_FDSI_triangular-ramp10s_snr30dB,sub-02,triangular-ramp10s,30,5,26,1.0,0.1179912237932715,0.0891238670694864,0.992248062015504,0.0625,0.056,0.8483161926269531,1142,1151
sv_mean,sub-02_FDSI_triangular-ramp10s_snr30dB,sub-02,triangular-ramp10s,30,6,28,1.0,0.1060090702947845,0.0739870816206694,0.975609756097561,0.0410423452768729,0.0679611650485436,0.9282323718070984,862,1089
sv_mean,sub-02_FDSI_triangular-ramp10s_snr30dB,sub-02,triangular-ramp10s,30,7,21,1.0,0.9969064191802012,0.996734693877551,0.9856115107913668,0.9953789279112756,0.9864864864864864,0.9431754350662231,1289,1293
sv_mean,sub-02_FDSI_triangular-ramp10s_snr30dB,sub-02,triangular-ramp10s,30,8,32,1.0,0.9834983498349836,0.9825378346915018,0.9801980198019802,0.9841688654353562,0.98,0.9434769749641418,894,909
sv_mean,sub-02_FDSI_triangular-ramp10s_snr30dB,sub-02,triangular-ramp10s,30,9,22,1.0,0.1176470588235294,0.0859140859140859,0.993103448275862,0.0543237250554323,0.0495867768595041,0.9009802341461182,1051,1267
sv_mean,sub-02_FDSI_triangular-ramp10s_snr30dB,sub-02,triangular-ramp10s,30,10,25,1.0,0.9864176570458404,0.9856502242152466,1.0,0.983756345177665,1.0,0.940987765789032,1162,1178
sv_mean,sub-02_FDSI_triangular-ramp10s_snr30dB,sub-02,triangular-ramp10s,30,11,16,1.0,0.9781843771991556,0.9769345238095238,0.9871794871794872,0.9747687132043734,0.987012987012987,0.937529981136322,1390,1421
sv_mean,sub-02_FDSI_triangular-ramp10s_snr30dB,sub-02,triangular-ramp10s,30,12,14,0.9878048780487804,0.1461038961038961,0.1171284634760705,0.9691358024691358,0.0937062937062937,0.0671140939597315,0.8954434394836426,1374,1450
sv_mean,sub-02_FDSI_triangular-ramp10s_snr30dB,sub-02,triangular-ramp10s,30,13,31,0.9803921568627452,0.8426745329400197,0.8354037267080745,0.8558558558558559,0.8352803738317757,0.94,0.8665497303009033,914,960
sv_mean,sub-02_FDSI_triangular-ramp10s_snr30dB,sub-02,triangular-ramp10s,30,14,8,0.9036144578313252,0.0789159027500996,0.0507007419620774,0.68,0.0391705069124423,0.0533333333333333,0.8393032550811768,1190,1517
sv_mean,sub-02_FDSI_triangular-ramp10s_snr30dB,sub-02,triangular-ramp10s,30,15,29,0.9821428571428572,0.6394316163410302,0.6214953271028038,0.9482758620689656,0.580441640378549,0.9830508474576272,0.8027299642562866,808,1038
sv_mean,sub-02_FDSI_triangular-ramp10s_snr30dB,sub-02,triangular-ramp10s,30,16,23,0.9552238805970148,0.8903785488958991,0.8867610324729392,0.9708029197080292,0.8757062146892656,0.9565217391304348,0.8828203082084656,1148,1249
sv_mean,sub-02_FDSI_triangular-ramp10s_snr30dB,sub-02,triangular-ramp10s,30,17,19,0.972972972972973,0.1157791890571568,0.0836289913836796,0.9607843137254902,0.0495216657287563,0.043859649122807,0.9155828952789308,939,1345
sv_mean,sub-02_FDSI_triangular-ramp10s_snr25dB,sub-02,triangular-ramp10s,25,0,27,1.0,0.9717314487632508,0.9700374531835206,0.9761904761904762,0.9693121693121692,1.0,0.912089705467224,1100,1132
sv_mean,sub-02_FDSI_triangular-ramp10s_snr25dB,sub-02,triangular-ramp10s,25,1,30,1.0,0.99603567888999,0.9958027282266528,0.9910714285714286,0.9964328180737216,1.0,0.9391791224479676,1005,1009
sv_mean,sub-02_FDSI_triangular-ramp10s_snr25dB,sub-02,triangular-ramp10s,25,2,24,1.0,0.98440065681445,0.9834782608695652,0.9927007299270072,0.9832347140039448,0.9850746268656716,0.9362844228744508,1199,1218
sv_mean,sub-02_FDSI_triangular-ramp10s_snr25dB,sub-02,triangular-ramp10s,25,3,20,1.0,0.973404255319149,0.9718423169750604,0.9797297297297296,0.9716117216117216,0.986842105263158,0.9095432162284852,1281,1316
sv_mean,sub-02_FDSI_triangular-ramp10s_snr25dB,sub-02,triangular-ramp10s,25,4,21,1.0,0.9961330239752514,0.9959183673469388,0.9856115107913668,0.9953789279112756,0.972972972972973,0.9349570274353028,1288,1293
sv_mean,sub-02_FDSI_triangular-ramp10s_snr25dB,sub-02,triangular-ramp10s,25,5,32,0.9,0.8643702906350915,0.8623435722411832,0.9405940594059404,0.8457583547557841,1.0,0.8672264218330383,823,909
sv_mean,sub-02_FDSI_triangular-ramp10s_snr25dB,sub-02,triangular-ramp10s,25,6,33,1.0,0.6637744034707158,0.6457142857142857,0.956989247311828,0.6091954022988506,1.0,0.8212339878082275,674,860
sv_mean,sub-02_FDSI_triangular-ramp10s_snr25dB,sub-02,triangular-ramp10s,25,7,25,1.0,0.9500846023688664,0.9472743521000894,0.9763779527559056,0.9443882709807888,0.9848484848484848,0.901414692401886,1127,1178
sv_mean,sub-02_FDSI_triangular-ramp10s_snr25dB,sub-02,triangular-ramp10s,25,8,28,0.918032786885246,0.0887971089313371,0.0618336886993603,0.8852459016393442,0.0371243370654095,0.0530973451327433,0.8679862022399902,1020,1089
sv_mean,sub-02_FDSI_triangular-ramp10s_snr25dB,sub-02,triangular-ramp10s,25,9,19,0.9864864864864864,0.082312591866732,0.0482968988307066,0.75,0.0297994269340974,0.0442477876106194,0.8601312041282654,864,1345
sv_mean,sub-02_FDSI_triangular-ramp10s_snr25dB,sub-02,triangular-ramp10s,25,10,16,0.9090909090909092,0.9461161651504548,0.948224852071006,0.9235668789808916,0.943979933110368,1.0,0.9102200269699096,1360,1421
sv_mean,sub-02_FDSI_triangular-ramp10s_snr20dB,sub-02,triangular-ramp10s,20,0,30,1.0,0.9900891972249752,0.9895068205666316,1.0,0.9881093935790726,1.0,0.9212970733642578,999,1009
sv_mean,sub-02_FDSI_triangular-ramp10s_snr20dB,sub-02,triangular-ramp10s,20,1,27,1.0,0.8909410729991205,0.8844361602982292,0.9523809523809524,0.8778947368421053,0.9672131147540984,0.879523515701294,1018,1132
sv_mean,sub-02_FDSI_triangular-ramp10s_snr20dB,sub-02,triangular-ramp10s,20,2,20,0.9452054794520548,0.8891402714932126,0.8858739026336792,0.918918918918919,0.8811252268602541,0.9473684210526316,0.8725965023040771,1189,1316
sv_mean,sub-02_FDSI_triangular-ramp10s_snr20dB,sub-02,triangular-ramp10s,20,3,24,1.0,0.9410377358490566,0.9377076411960132,0.9927007299270072,0.9307116104868914,1.0,0.9135825037956238,1251,1218
sv_mean,sub-02_FDSI_triangular-ramp10s_snr20dB,sub-02,triangular-ramp10s,20,4,21,1.0,0.9868522815158546,0.9861224489795918,0.9712230215827338,0.9870490286771508,0.9864864864864864,0.9238801598548888,1276,1293
sv_mean,sub-02_FDSI_triangular-ramp10s_snr20dB,sub-02,triangular-ramp10s,20,5,32,0.9019607843137256,0.930921052631579,0.9326364692218352,0.903846153846154,0.9366754617414248,0.9,0.882825493812561,852,909
sv_mean,sub-02_FDSI_triangular-ramp10s_snr15dB,sub-02,triangular-ramp10s,15,0,21,0.9852941176470588,0.9884526558891455,0.9886271324126726,0.9856115107913668,0.9852941176470588,0.9864864864864864,0.925024151802063,1290,1293
sv_mean,sub-02_FDSI_triangular-ramp10s_snr15dB,sub-02,triangular-ramp10s,15,1,24,1.0,0.6327108092812677,0.6180105944673338,0.9507042253521126,0.5935275080906149,0.825,0.862851083278656,1667,1218
sv_mean,sub-02_FDSI_triangular-ramp10s_snr15dB,sub-02,triangular-ramp10s,15,2,30,0.9821428571428572,0.907843137254902,0.9035269709543567,0.9642857142857144,0.8967136150234741,0.9642857142857144,0.8400924801826477,937,1009
sv_mean,sub-02_FDSI_triangular-ramp5s_snr30dB,sub-02,triangular-ramp5s,30,0,24,0.9850746268656716,0.9894394800974816,0.9879828326180258,0.9637681159420288,0.99317738791423,0.9850746268656716,0.9641504287719728,1222,1227
sv_mean,sub-02_FDSI_triangular-ramp5s_snr30dB,sub-02,triangular-ramp5s,30,1,22,1.0,0.0769593956562795,0.044477028347996,0.559322033898305,0.0415282392026578,0.0782608695652174,0.9473280906677246,1014,1267
sv_mean,sub-02_FDSI_triangular-ramp5s_snr30dB,sub-02,triangular-ramp5s,30,2,33,0.979591836734694,0.9682726204465336,0.9675810473815462,0.9583333333333334,0.9788732394366196,0.8222222222222222,0.9165195226669312,824,851
sv_mean,sub-02_FDSI_triangular-ramp5s_snr30dB,sub-02,triangular-ramp5s,30,3,21,1.0,0.996141975308642,0.9959116925592804,1.0,0.9962962962962963,0.9859154929577464,0.9177350401878356,1291,1296
sv_mean,sub-02_FDSI_triangular-ramp5s_snr30dB,sub-02,triangular-ramp5s,30,4,32,1.0,0.9900552486187846,0.9894736842105264,0.98,0.9907407407407408,1.0,0.9148216843605042,896,905
sv_mean,sub-02_FDSI_triangular-ramp5s_snr30dB,sub-02,triangular-ramp5s,30,5,30,1.0,0.992992992992993,0.9925847457627118,0.9910714285714286,0.9927884615384616,1.0,0.9104543328285216,992,999
sv_mean,sub-02_FDSI_triangular-ramp5s_snr30dB,sub-02,triangular-ramp5s,30,6,28,1.0,0.8583916083916084,0.850828729281768,0.7938931297709924,0.8584905660377359,1.0,0.8744718432426453,1040,1086
sv_mean,sub-02_FDSI_triangular-ramp5s_snr30dB,sub-02,triangular-ramp5s,30,7,27,1.0,0.9570661896243292,0.9546742209631728,0.907563025210084,0.96051227321238,1.0,0.8815255761146545,1070,1118
sv_mean,sub-02_FDSI_triangular-ramp5s_snr30dB,sub-02,triangular-ramp5s,30,8,26,1.0,0.1249372804816859,0.0954356846473029,0.6866666666666666,0.0825158684362377,0.0462962962962962,0.8291406631469727,1087,1155
sv_mean,sub-02_FDSI_triangular-ramp5s_snr30dB,sub-02,triangular-ramp5s,30,9,19,0.9444444444444444,0.0815544608648057,0.0461538461538461,0.56875,0.0368693402328589,0.0517241379310344,0.8479902148246765,639,1337
sv_mean,sub-02_FDSI_triangular-ramp5s_snr30dB,sub-02,triangular-ramp5s,30,10,29,1.0,0.5634517766497462,0.5409252669039146,0.625,0.5366598778004074,0.84375,0.7800073027610779,803,1045
sv_mean,sub-02_FDSI_triangular-ramp5s_snr30dB,sub-02,triangular-ramp5s,30,11,15,0.9487179487179488,0.7177197802197802,0.704644412191582,0.7025316455696202,0.7115858668857847,0.8395061728395061,0.832754909992218,1079,1422
sv_mean,sub-02_FDSI_triangular-ramp5s_snr30dB,sub-02,triangular-ramp5s,30,12,25,1.0,0.8493377483443708,0.840630472854641,0.9496402877697842,0.8255234297108675,1.0,0.842538058757782,1048,1186
sv_mean,sub-02_FDSI_triangular-ramp5s_snr30dB,sub-02,triangular-ramp5s,30,13,20,1.0,0.9543754674644728,0.9516256938937352,0.9733333333333334,0.9486948694869488,1.0,0.9049344658851624,1280,1333
sv_mean,sub-02_FDSI_triangular-ramp5s_snr30dB,sub-02,triangular-ramp5s,30,14,16,1.0,0.9650249821556032,0.9629068887206662,0.981012658227848,0.958904109589041,0.974025974025974,0.9161065220832824,1353,1400
sv_mean,sub-02_FDSI_triangular-ramp5s_snr30dB,sub-02,triangular-ramp5s,30,15,23,0.9,0.7709627329192547,0.7635467980295566,0.8367346938775511,0.7777777777777778,0.5285714285714286,0.8448299169540405,1033,1248
sv_mean,sub-02_FDSI_triangular-ramp5s_snr30dB,sub-02,triangular-ramp5s,30,16,31,0.9818181818181818,0.3277428371767994,0.3015988372093023,0.5934959349593496,0.2800318217979315,0.8627450980392157,0.863661527633667,955,945
sv_mean,sub-02_FDSI_triangular-ramp5s_snr30dB,sub-02,triangular-ramp5s,30,17,9,0.9156626506024096,0.1121495327102803,0.0853118712273641,0.5631578947368421,0.079372197309417,0.0555555555555555,0.5591825246810913,1345,1511
sv_mean,sub-02_FDSI_triangular-ramp5s_snr30dB,sub-02,triangular-ramp5s,30,18,14,0.9487179487179488,0.1523534269199009,0.1258532423208191,0.7142857142857143,0.1206650831353919,0.0612244897959183,0.8679132461547852,1341,1450
sv_mean,sub-02_FDSI_triangular-ramp5s_snr25dB,sub-02,triangular-ramp5s,25,0,25,1.0,0.8398340248962656,0.8305531167690957,0.8642857142857143,0.8298298298298298,0.9393939393939394,0.8613965511322021,1031,1186
sv_mean,sub-02_FDSI_triangular-ramp5s_snr25dB,sub-02,triangular-ramp5s,25,1,24,0.9850746268656716,0.9513343799058084,0.9478476821192052,0.9361702127659576,0.951219512195122,0.9850746268656716,0.9387049078941344,1259,1227
sv_mean,sub-02_FDSI_triangular-ramp5s_snr25dB,sub-02,triangular-ramp5s,25,2,21,1.0,0.9907407407407408,0.9901880621422732,0.993103448275862,0.9907407407407408,0.9859154929577464,0.9071691632270812,1284,1296
sv_mean,sub-02_FDSI_triangular-ramp5s_snr25dB,sub-02,triangular-ramp5s,25,3,33,0.979591836734694,0.604,0.6688815060908084,0.6146788990825688,0.7066326530612245,1.0,0.7927494049072266,753,851
sv_mean,sub-02_FDSI_triangular-ramp5s_snr25dB,sub-02,triangular-ramp5s,25,4,32,0.98,0.960220994475138,0.95906432748538,0.94,0.9603174603174603,1.0,0.8992500901222229,869,905
sv_mean,sub-02_FDSI_triangular-ramp5s_snr25dB,sub-02,triangular-ramp5s,25,5,28,0.9310344827586208,0.0815279361459521,0.0524764150943396,0.6357142857142857,0.0341431385423506,0.0449438202247191,0.8783639669418335,811,1086
sv_mean,sub-02_FDSI_triangular-ramp5s_snr25dB,sub-02,triangular-ramp5s,25,6,30,1.0,0.986986986986987,0.986228813559322,0.9464285714285714,0.9915865384615384,1.0,0.906456172466278,986,999
sv_mean,sub-02_FDSI_triangular-ramp5s_snr25dB,sub-02,triangular-ramp5s,25,7,27,1.0,0.8839285714285714,0.8774740810556079,0.7563025210084033,0.8935037273695421,0.9838709677419356,0.8634713888168335,992,1118
sv_mean,sub-02_FDSI_triangular-ramp5s_snr25dB,sub-02,triangular-ramp5s,25,8,29,0.9310344827586208,0.1662561576354679,0.1379310344827586,0.5284552845528455,0.1459381739755571,0.0666666666666666,0.7734744548797607,849,1045
sv_mean,sub-02_FDSI_triangular-ramp5s_snr25dB,sub-02,triangular-ramp5s,25,9,20,1.0,0.9340823970037452,0.9301032565528196,0.9133333333333332,0.9341749323715058,0.9736842105263158,0.8612486124038696,1249,1333
sv_mean,sub-02_FDSI_triangular-ramp5s_snr25dB,sub-02,triangular-ramp5s,25,10,26,0.9384615384615383,0.3115492957746479,0.287719298245614,0.5792682926829268,0.2623056994818653,0.7910447761194029,0.7904922366142273,1173,1155
sv_mean,sub-02_FDSI_triangular-ramp5s_snr20dB,sub-02,triangular-ramp5s,20,0,24,0.9850746268656716,0.8375706214689266,0.8288888888888889,0.7682926829268293,0.8388185654008439,0.9850746268656716,0.9011347889900208,1375,1227
sv_mean,sub-02_FDSI_triangular-ramp5s_snr20dB,sub-02,triangular-ramp5s,20,1,21,1.0,0.9830508474576272,0.9820408163265306,0.986206896551724,0.9824399260628466,0.9859154929577464,0.8914396166801453,1278,1296
sv_mean,sub-02_FDSI_triangular-ramp5s_snr20dB,sub-02,triangular-ramp5s,20,2,30,1.0,0.982,0.9809523809523808,0.9642857142857144,0.9831932773109244,1.0,0.8957581520080566,983,999
sv_mean,sub-02_FDSI_triangular-ramp5s_snr20dB,sub-02,triangular-ramp5s,20,3,27,0.9830508474576272,0.8213969938107869,0.8125,0.7131147540983607,0.8268215417106652,0.9516129032258064,0.8480339646339417,942,1118
sv_mean,sub-02_FDSI_triangular-ramp5s_snr20dB,sub-02,triangular-ramp5s,20,4,20,0.9473684210526316,0.8319702602230483,0.8250591016548463,0.7814569536423841,0.8291592128801432,0.9736842105263158,0.8494231104850769,1131,1333
sv_mean,sub-02_FDSI_triangular-ramp5s_snr15dB,sub-02,triangular-ramp5s,15,0,24,0.9848484848484848,0.1601920558707987,0.1357303370786516,0.7592592592592593,0.1203610832497492,0.0944881889763779,0.8782402873039246,1431,1227
sv_mean,sub-02_FDSI_triangular-ramp5s_snr15dB,sub-02,triangular-ramp5s,15,1,21,0.972972972972973,0.9364599092284418,0.9342948717948718,0.958904109589041,0.9311594202898552,0.9722222222222222,0.8667927980422974,1264,1296
sv_mean,sub-02_FDSI_triangular-ramp5s_snr15dB,sub-02,triangular-ramp5s,15,2,30,0.9818181818181818,0.9172482552342972,0.9135021097046412,0.8571428571428571,0.9198564593301436,1.0,0.8633379936218262,924,999
sv_mean,sub-03_FDSI_staircase_snr30dB,sub-03,staircase,30,0,48,1.0,0.9909021986353298,0.9905288082083662,,,,0.9564832448959352,1307,1319
sv_mean,sub-03_FDSI_staircase_snr30dB,sub-03,staircase,30,1,49,1.0,0.9960906958561376,0.9959316517493898,,,,0.9741855263710022,1274,1279
sv_mean,sub-03_FDSI_staircase_snr30dB,sub-03,staircase,30,2,51,1.0,0.9949281487743026,0.9947183098591548,,,,0.9787025451660156,1177,1183
sv_mean,sub-03_FDSI_staircase_snr30dB,sub-03,staircase,30,3,46,1.0,0.9942487419122932,0.994011976047904,,,,0.9687942266464232,1383,1391
sv_mean,sub-03_FDSI_staircase_snr30dB,sub-03,staircase,30,4,40,1.0,0.9950586781964176,0.9948453608247424,,,,0.9877315759658812,1611,1619
sv_mean,sub-03_FDSI_staircase_snr30dB,sub-03,staircase,30,5,52,1.0,0.993838028169014,0.9935720844811754,,,,0.975683867931366,1129,1136
sv_mean,sub-03_FDSI_staircase_snr30dB,sub-03,staircase,30,6,44,1.0,0.9952380952380953,0.9950389794472004,,,,0.9755346179008484,1463,1470
sv_mean,sub-03_FDSI_staircase_snr30dB,sub-03,staircase,30,7,50,1.0,0.980408163265306,0.9796091758708582,,,,0.9375369548797609,1201,1225
sv_mean,sub-03_FDSI_staircase_snr30dB,sub-03,staircase,30,8,45,0.9636363636363636,0.2263623660922217,0.2069789674952198,,,,0.8378733396530151,1188,1445
sv_mean,sub-03_FDSI_staircase_snr30dB,sub-03,staircase,30,9,47,1.0,0.9312638580931264,0.9284615384615384,,,,0.8993282318115234,1265,1348
sv_mean,sub-03_FDSI_staircase_snr30dB,sub-03,staircase,30,10,35,0.9295774647887324,0.9813559322033898,0.9835197174808712,,,,0.9496769905090332,1737,1770
sv_mean,sub-03_FDSI_staircase_snr25dB,sub-03,staircase,25,0,51,1.0,0.9940828402366864,0.993838028169014,,,,0.9650225043296814,1176,1183
sv_mean,sub-03_FDSI_staircase_snr25dB,sub-03,staircase,25,1,46,1.0,0.9942487419122932,0.994011976047904,,,,0.948377788066864,1383,1391
sv_mean,sub-03_FDSI_staircase_snr25dB,sub-03,staircase,25,2,52,1.0,0.9929577464788732,0.992653810835629,,,,0.9657691717147828,1128,1136
sv_mean,sub-03_FDSI_staircase_snr25dB,sub-03,staircase,25,3,40,1.0,0.9969116738727608,0.996778350515464,,,,0.984670102596283,1614,1619
sv_mean,sub-03_FDSI_staircase_snr25dB,sub-03,staircase,25,4,44,1.0,0.9945578231292516,0.994330262225372,,,,0.965138852596283,1462,1470
sv_mean,sub-03_FDSI_staircase_snr25dB,sub-03,staircase,25,5,48,1.0,0.9833206974981046,0.9826361483820047,,,,0.9450590014457704,1297,1319
sv_mean,sub-03_FDSI_staircase_snr25dB,sub-03,staircase,25,6,45,0.9090909090909092,0.1310254163014899,0.1118096093399191,,,,0.8204349875450134,1136,1445
sv_mean,sub-03_FDSI_staircase_snr25dB,sub-03,staircase,25,7,49,1.0,0.9960906958561376,0.9959316517493898,,,,0.9628810286521912,1274,1279
sv_mean,sub-03_FDSI_staircase_snr20dB,sub-03,staircase,20,0,44,1.0,0.9850340136054422,0.9844082211197732,,,,0.9380428194999696,1448,1470
sv_mean,sub-03_FDSI_staircase_snr20dB,sub-03,staircase,20,1,46,1.0,0.975574712643678,0.974569932685116,,,,0.9236670732498168,1359,1391
sv_mean,sub-03_FDSI_staircase_snr20dB,sub-03,staircase,20,2,40,1.0,0.9962940086473132,0.9961340206185568,,,,0.979450523853302,1613,1619
sv_mean,sub-03_FDSI_staircase_snr20dB,sub-03,staircase,20,3,49,0.96,0.931167826759474,0.9300080450522928,,,,0.8694218993186951,1218,1279
sv_mean,sub-03_FDSI_staircase_snr20dB,sub-03,staircase,20,4,51,1.0,0.992392223161454,0.9920774647887324,,,,0.9509268999099731,1174,1183
sv_mean,sub-03_FDSI_staircase_snr20dB,sub-03,staircase,20,5,52,1.0,0.98943661971831,0.9889807162534436,,,,0.9322227239608764,1124,1136
sv_mean,sub-03_FDSI_staircase_snr20dB,sub-03,staircase,20,6,48,0.9230769230769232,0.968939393939394,0.970820189274448,,,,0.9265937209129332,1280,1319
sv_mean,sub-03_FDSI_staircase_snr15dB,sub-03,staircase,15,0,40,1.0,0.9956763434218654,0.9954896907216496,,,,0.9731147289276124,1612,1619
sv_mean,sub-03_FDSI_staircase_snr15dB,sub-03,staircase,15,1,44,0.9322033898305084,0.9401767505098572,0.9405099150141644,,,,0.907007336616516,1384,1470
sv_mean,sub-03_FDSI_staircase_snr15dB,sub-03,staircase,15,2,52,0.9787234042553192,0.97273526824978,0.9724770642201837,,,,0.9167476296424866,1107,1136
sv_mean,sub-03_FDSI_triangular-ramp40s_snr30dB,sub-03,triangular-ramp40s,30,0,48,1.0,0.9915611814345991,0.9910813823857302,1.0,0.9898734177215188,1.0,0.9600289463996888,941,947
sv_mean,sub-03_FDSI_triangular-ramp40s_snr30dB,sub-03,triangular-ramp40s,30,1,46,1.0,0.987,0.986272439281943,0.9907407407407408,0.985645933014354,1.0,0.9375506639480592,987,1000
sv_mean,sub-03_FDSI_triangular-ramp40s_snr30dB,sub-03,triangular-ramp40s,30,2,40,1.0,0.9956483899042646,0.9953874538745388,0.9923664122137404,0.992685475444096,0.984126984126984,0.9855722188949584,1144,1149
sv_mean,sub-03_FDSI_triangular-ramp40s_snr30dB,sub-03,triangular-ramp40s,30,3,52,1.0,0.9987730061349692,0.9986996098829648,1.0,0.9985272459499264,1.0,0.9786874651908876,814,815
sv_mean,sub-03_FDSI_triangular-ramp40s_snr30dB,sub-03,triangular-ramp40s,30,4,49,1.0,0.996742671009772,0.9965556831228471,1.0,0.99609375,1.0,0.9733853340148926,918,921
sv_mean,sub-03_FDSI_triangular-ramp40s_snr30dB,sub-03,triangular-ramp40s,30,5,50,1.0,0.9729425028184892,0.9713603818615753,1.0,0.9676113360323888,1.0,0.9261839985847472,863,887
sv_mean,sub-03_FDSI_triangular-ramp40s_snr30dB,sub-03,triangular-ramp40s,30,6,51,1.0,0.9988317757009346,0.9987623762376238,1.0,1.0,0.9782608695652174,0.9774742722511292,855,856
sv_mean,sub-03_FDSI_triangular-ramp40s_snr30dB,sub-03,triangular-ramp40s,30,7,35,0.9859154929577464,0.9758842443729904,0.9752770673486786,0.9857142857142858,0.9729468599033816,1.0,0.9381214380264282,1214,1244
sv_mean,sub-03_FDSI_triangular-ramp40s_snr30dB,sub-03,triangular-ramp40s,30,8,45,0.9649122807017544,0.179215930304916,0.1503225806451613,0.9823008849557522,0.1273381294964028,0.0505050505050505,0.8261674642562866,857,1038
sv_mean,sub-03_FDSI_triangular-ramp40s_snr30dB,sub-03,triangular-ramp40s,30,9,44,1.0,0.995274102079395,0.994994994994995,1.0,0.9943246311010216,1.0,0.9696772694587708,1053,1058
sv_mean,sub-03_FDSI_triangular-ramp40s_snr30dB,sub-03,triangular-ramp40s,30,10,47,0.9245283018867924,0.970164609053498,0.972796517954298,0.9454545454545454,0.9727722772277227,0.9814814814814816,0.9319127202033995,943,972
sv_mean,sub-03_FDSI_triangular-ramp40s_snr30dB,sub-03,triangular-ramp40s,30,11,43,0.9344262295081968,0.1890577507598784,0.1603535353535353,0.9426229508196722,0.1384180790960452,0.07,0.8211355805397034,870,1086
sv_mean,sub-03_FDSI_triangular-ramp40s_snr25dB,sub-03,triangular-ramp40s,25,0,48,1.0,0.989451476793249,0.9888517279821628,1.0,0.9873417721518988,1.0,0.9415346384048462,939,947
sv_mean,sub-03_FDSI_triangular-ramp40s_snr25dB,sub-03,triangular-ramp40s,25,1,40,1.0,0.9956483899042646,0.9953874538745388,0.9923664122137404,0.992685475444096,0.984126984126984,0.9832093715667723,1144,1149
sv_mean,sub-03_FDSI_triangular-ramp40s_snr25dB,sub-03,triangular-ramp40s,25,2,52,1.0,0.9987730061349692,0.9986996098829648,1.0,0.9985272459499264,1.0,0.969066560268402,814,815
sv_mean,sub-03_FDSI_triangular-ramp40s_snr25dB,sub-03,triangular-ramp40s,25,3,44,0.9833333333333332,0.9896128423040604,0.98998998998999,0.9833333333333332,0.9909194097616344,0.9827586206896552,0.9576627016067504,1049,1058
sv_mean,sub-03_FDSI_triangular-ramp40s_snr25dB,sub-03,triangular-ramp40s,25,4,46,1.0,0.991,0.9904963041182682,1.0,0.9904306220095692,0.9821428571428572,0.9494509100914,991,1000
sv_mean,sub-03_FDSI_triangular-ramp40s_snr25dB,sub-03,triangular-ramp40s,25,5,49,1.0,0.979370249728556,0.9781859931113662,1.0,0.9778645833333334,0.9622641509433962,0.9179345965385436,902,921
sv_mean,sub-03_FDSI_triangular-ramp40s_snr25dB,sub-03,triangular-ramp40s,25,6,51,1.0,0.985981308411215,0.9851485148514852,1.0,0.9832167832167832,1.0,0.9611573219299316,844,856
sv_mean,sub-03_FDSI_triangular-ramp40s_snr20dB,sub-03,triangular-ramp40s,20,0,48,1.0,0.9381551362683438,0.9346622369878184,1.0,0.9271356783919598,0.9807692307692308,0.8926427364349365,902,947
sv_mean,sub-03_FDSI_triangular-ramp40s_snr20dB,sub-03,triangular-ramp40s,20,1,40,1.0,0.9947780678851176,0.9944649446494463,0.9847328244274808,0.992685475444096,0.984126984126984,0.9757521152496338,1143,1149
sv_mean,sub-03_FDSI_triangular-ramp40s_snr20dB,sub-03,triangular-ramp40s,20,2,46,1.0,0.981018981018981,0.979957805907173,1.0,0.978494623655914,0.9821428571428572,0.9248384833335876,983,1000
sv_mean,sub-03_FDSI_triangular-ramp40s_snr20dB,sub-03,triangular-ramp40s,20,3,49,0.98,0.9544468546637744,0.9529816513761468,0.99,0.9466840052015604,1.0,0.9118337035179138,881,921
sv_mean,sub-03_FDSI_triangular-ramp40s_snr20dB,sub-03,triangular-ramp40s,20,4,51,0.9791666666666666,0.9883177570093458,0.988861386138614,0.9894736842105264,0.9902097902097902,0.9565217391304348,0.9552728533744812,846,856
sv_mean,sub-03_FDSI_triangular-ramp40s_snr20dB,sub-03,triangular-ramp40s,20,5,52,1.0,0.9914110429447852,0.9908972691807544,0.9887640449438202,0.9926362297496318,0.9787234042553192,0.959567129611969,808,815
sv_mean,sub-03_FDSI_triangular-ramp40s_snr20dB,sub-03,triangular-ramp40s,20,6,44,1.0,0.9877126654064272,0.986986986986987,0.9915966386554622,0.9875141884222476,0.9827586206896552,0.9387679696083068,1045,1058
sv_mean,sub-03_FDSI_triangular-ramp40s_snr15dB,sub-03,triangular-ramp40s,15,0,40,1.0,0.9956483899042646,0.9953874538745388,0.9923664122137404,0.992685475444096,0.984126984126984,0.9702873826026917,1144,1149
sv_mean,sub-03_FDSI_triangular-ramp40s_snr15dB,sub-03,triangular-ramp40s,15,1,44,0.9830508474576272,0.9206049149338374,0.9169169169169168,0.9747899159663864,0.9091940976163452,0.9827586206896552,0.9111279249191284,974,1058
sv_mean,sub-03_FDSI_triangular-ramp40s_snr15dB,sub-03,triangular-ramp40s,15,2,52,0.9565217391304348,0.946341463414634,0.9457364341085271,0.9662921348314608,0.9415204678362572,0.9787234042553192,0.8754271268844604,781,815
sv_mean,sub-03_FDSI_triangular-ramp40s_snr15dB,sub-03,triangular-ramp40s,15,3,49,0.94,0.9231601731601732,0.9221967963386728,0.96,0.9169909208819714,0.9433962264150944,0.902945339679718,856,921
sv_mean,sub-03_FDSI_triangular-ramp40s_snr15dB,sub-03,triangular-ramp40s,15,4,46,0.9433962264150944,0.9203980099502488,0.9191176470588236,0.9629629629629628,0.910820451843044,0.9821428571428572,0.9050999879837036,930,1000
sv_mean,sub-03_FDSI_triangular-ramp20s_snr30dB,sub-03,triangular-ramp20s,30,0,52,1.0,0.9938195302843016,0.9934640522875816,1.0,0.9925925925925926,1.0,0.9756894707679749,804,809
sv_mean,sub-03_FDSI_triangular-ramp20s_snr30dB,sub-03,triangular-ramp20s,30,1,51,1.0,0.9859484777517564,0.9850931677018634,0.96875,0.988716502115656,0.979591836734694,0.9499115347862244,842,854
sv_mean,sub-03_FDSI_triangular-ramp20s_snr30dB,sub-03,triangular-ramp20s,30,2,40,1.0,0.9982683982683984,0.9981684981684982,0.992063492063492,0.9979274611398964,0.9846153846153848,0.9802616238594056,1153,1155
sv_mean,sub-03_FDSI_triangular-ramp20s_snr30dB,sub-03,triangular-ramp20s,30,3,44,1.0,0.9962581852198316,0.99603567888999,1.0,0.9966216216216216,0.9836065573770492,0.9501808285713196,1065,1069
sv_mean,sub-03_FDSI_triangular-ramp20s_snr30dB,sub-03,triangular-ramp20s,30,4,46,0.9818181818181818,0.996039603960396,0.9947698744769874,1.0,0.9952380952380953,1.0,0.9574400782585144,1006,1010
sv_mean,sub-03_FDSI_triangular-ramp20s_snr30dB,sub-03,triangular-ramp20s,30,5,48,1.0,0.994753410283316,0.9944444444444444,0.9905660377358492,0.996216897856242,0.9814814814814816,0.9575640559196472,948,953
sv_mean,sub-03_FDSI_triangular-ramp20s_snr30dB,sub-03,triangular-ramp20s,30,6,49,1.0,0.9902067464635472,0.98963133640553,1.0,0.9882506527415144,1.0,0.9408729672431946,910,919
sv_mean,sub-03_FDSI_triangular-ramp20s_snr30dB,sub-03,triangular-ramp20s,30,7,35,0.9852941176470588,0.971268954509178,0.9704641350210972,0.9485294117647058,0.9732569245463228,0.9857142857142858,0.9294670820236206,1217,1253
sv_mean,sub-03_FDSI_triangular-ramp20s_snr30dB,sub-03,triangular-ramp20s,30,8,45,0.912280701754386,0.1002915451895043,0.0723763570566948,0.9203539823008848,0.0419440745672436,0.0606060606060606,0.916441023349762,844,1043
sv_mean,sub-03_FDSI_triangular-ramp20s_snr30dB,sub-03,triangular-ramp20s,30,9,47,1.0,0.9175991861648016,0.9129032258064516,0.9905660377358492,0.9029126213592232,1.0,0.8912158608436584,911,974
sv_mean,sub-03_FDSI_triangular-ramp20s_snr30dB,sub-03,triangular-ramp20s,30,10,50,0.9615384615384616,0.9505061867266592,0.9474940334128878,0.9393939393939394,0.9487179487179488,1.0,0.922620415687561,846,888
sv_mean,sub-03_FDSI_triangular-ramp20s_snr25dB,sub-03,triangular-ramp20s,25,0,52,1.0,0.9913473423980222,0.9908496732026144,1.0,0.9896296296296296,1.0,0.9622132182121276,802,809
sv_mean,sub-03_FDSI_triangular-ramp20s_snr25dB,sub-03,triangular-ramp20s,25,1,49,1.0,0.8380952380952381,0.8288590604026845,1.0,0.8068181818181818,1.0,0.8754229545593262,818,919
sv_mean,sub-03_FDSI_triangular-ramp20s_snr25dB,sub-03,triangular-ramp20s,25,2,40,1.0,0.9982683982683984,0.9981684981684982,0.992063492063492,0.9979274611398964,0.9846153846153848,0.9774788618087769,1153,1155
sv_mean,sub-03_FDSI_triangular-ramp20s_snr25dB,sub-03,triangular-ramp20s,25,3,46,0.9818181818181818,0.9930693069306932,0.99163179916318,1.0,0.9928571428571428,0.9827586206896552,0.937148928642273,1003,1010
sv_mean,sub-03_FDSI_triangular-ramp20s_snr25dB,sub-03,triangular-ramp20s,25,4,44,1.0,0.9887745556594948,0.9881070366699702,1.0,0.9887387387387389,0.9672131147540984,0.9489250183105468,1057,1069
sv_mean,sub-03_FDSI_triangular-ramp20s_snr25dB,sub-03,triangular-ramp20s,25,5,51,1.0,0.9941451990632318,0.9937888198757764,1.0,0.994358251057828,0.979591836734694,0.9653372764587402,849,854
sv_mean,sub-03_FDSI_triangular-ramp20s_snr25dB,sub-03,triangular-ramp20s,25,6,48,1.0,0.94258872651357,0.9392265193370166,0.981132075471698,0.93734335839599,0.9444444444444444,0.9122341871261596,908,953
sv_mean,sub-03_FDSI_triangular-ramp20s_snr25dB,sub-03,triangular-ramp20s,25,7,35,0.9264705882352942,0.9034317637669592,0.9021097046413502,0.9044117647058824,0.897803247373448,0.9857142857142858,0.9056306481361388,1132,1253
sv_mean,sub-03_FDSI_triangular-ramp20s_snr20dB,sub-03,triangular-ramp20s,20,0,44,1.0,0.980355472404116,0.979187314172448,0.9916666666666668,0.980855855855856,0.9508196721311476,0.9209473729133606,1048,1069
sv_mean,sub-03_FDSI_triangular-ramp20s_snr20dB,sub-03,triangular-ramp20s,20,1,40,1.0,0.993939393939394,0.9935897435897436,1.0,0.9927461139896372,0.9692307692307692,0.9716864228248596,1148,1155
sv_mean,sub-03_FDSI_triangular-ramp20s_snr20dB,sub-03,triangular-ramp20s,20,2,52,1.0,0.9901112484548824,0.9895424836601308,0.9886363636363636,0.9911111111111112,0.9782608695652174,0.9520049095153807,801,809
sv_mean,sub-03_FDSI_triangular-ramp20s_snr20dB,sub-03,triangular-ramp20s,20,3,51,0.979591836734694,0.990632318501171,0.991304347826087,0.9895833333333334,0.9901269393511988,1.0,0.9470038414001464,846,854
sv_mean,sub-03_FDSI_triangular-ramp20s_snr20dB,sub-03,triangular-ramp20s,20,4,49,0.9803921568627452,0.7888324873096447,0.778372591006424,0.9901960784313726,0.7524038461538461,0.9803921568627452,0.8455498814582825,843,919
sv_mean,sub-03_FDSI_triangular-ramp20s_snr20dB,sub-03,triangular-ramp20s,20,5,48,0.981132075471698,0.9053784860557768,0.9011566771819136,0.9905660377358492,0.8898104265402843,0.9814814814814816,0.8660591840744019,960,953
sv_mean,sub-03_FDSI_triangular-ramp20s_snr20dB,sub-03,triangular-ramp20s,20,6,46,0.9818181818181818,0.9663366336633664,0.963389121338912,0.9910714285714286,0.9607142857142856,1.0,0.9083018898963928,976,1010
sv_mean,sub-03_FDSI_triangular-ramp20s_snr15dB,sub-03,triangular-ramp20s,15,0,40,1.0,0.9930735930735932,0.9926739926739928,1.0,0.9917098445595854,0.9692307692307692,0.963935911655426,1147,1155
sv_mean,sub-03_FDSI_triangular-ramp20s_snr15dB,sub-03,triangular-ramp20s,15,1,49,0.9607843137254902,0.8135593220338984,0.8051511758118701,0.9705882352941176,0.7812895069532237,1.0,0.870028018951416,793,919
sv_mean,sub-03_FDSI_triangular-ramp20s_snr15dB,sub-03,triangular-ramp20s,15,2,44,0.95,0.9188432835820896,0.91699604743083,0.9583333333333334,0.9090909090909092,0.9836065573770492,0.9029105305671692,988,1069
sv_mean,sub-03_FDSI_triangular-ramp20s_snr15dB,sub-03,triangular-ramp20s,15,3,52,0.9318181818181818,0.903822441430333,0.9022164276401564,0.9204545454545454,0.8995568685376661,0.9347826086956522,0.8792497515678406,735,809
sv_mean,sub-03_FDSI_triangular-ramp10s_snr30dB,sub-03,triangular-ramp10s,30,0,44,1.0,0.9943555973659456,0.99402390438247,1.0,0.994343891402715,0.9833333333333332,0.904677152633667,1057,1063
sv_mean,sub-03_FDSI_triangular-ramp10s_snr30dB,sub-03,triangular-ramp10s,30,1,35,1.0,0.9619651347068146,0.9597652975691534,0.9568345323741008,0.9610636277302944,0.9857142857142858,0.8995763659477234,1214,1262
sv_mean,sub-03_FDSI_triangular-ramp10s_snr30dB,sub-03,triangular-ramp10s,30,2,52,1.0,0.9927007299270072,0.9922879177377892,0.9888888888888888,0.992721979621543,1.0,0.9387578368186952,816,822
sv_mean,sub-03_FDSI_triangular-ramp10s_snr30dB,sub-03,triangular-ramp10s,30,3,50,1.0,0.9443813847900112,0.941034897713598,0.9591836734693876,0.938858695652174,1.0,0.8817507028579712,833,880
sv_mean,sub-03_FDSI_triangular-ramp10s_snr30dB,sub-03,triangular-ramp10s,30,4,46,1.0,0.9890329012961117,0.9883843717001056,0.991150442477876,0.988009592326139,1.0,0.9340744018554688,992,1003
sv_mean,sub-03_FDSI_triangular-ramp10s_snr30dB,sub-03,triangular-ramp10s,30,5,47,0.9814814814814816,0.1810012836970475,0.1522606382978723,0.9537037037037036,0.1318518518518518,0.0412371134020618,0.8349605202674866,863,977
sv_mean,sub-03_FDSI_triangular-ramp10s_snr30dB,sub-03,triangular-ramp10s,30,6,48,1.0,0.2342342342342342,0.2077230359520639,0.9905660377358492,0.1890881913303438,0.0943396226415094,0.8810659646987915,959,959
sv_mean,sub-03_FDSI_triangular-ramp10s_snr30dB,sub-03,triangular-ramp10s,30,7,49,1.0,0.9923329682365828,0.991898148148148,1.0,0.9921259842519684,0.9803921568627452,0.9514977931976318,906,913
sv_mean,sub-03_FDSI_triangular-ramp10s_snr30dB,sub-03,triangular-ramp10s,30,8,43,0.9166666666666666,0.0728542914171656,0.0468106995884773,0.6258992805755396,0.0333525014376078,0.0583333333333333,0.7731237411499023,1058,1092
sv_mean,sub-03_FDSI_triangular-ramp10s_snr30dB,sub-03,triangular-ramp10s,30,9,51,1.0,0.9907300115874856,0.9902080783353732,0.9893617021276596,0.9875346260387812,1.0,0.9682369232177734,855,863
sv_mean,sub-03_FDSI_triangular-ramp10s_snr30dB,sub-03,triangular-ramp10s,30,10,40,1.0,0.990409764603313,0.9898617511520738,0.9921875,0.9895397489539748,1.0,0.938064694404602,1136,1147
sv_mean,sub-03_FDSI_triangular-ramp10s_snr25dB,sub-03,triangular-ramp10s,25,0,51,1.0,0.9918887601390498,0.9914320685434516,0.9787234042553192,0.9930747922437672,0.9583333333333334,0.9526012539863586,856,863
sv_mean,sub-03_FDSI_triangular-ramp10s_snr25dB,sub-03,triangular-ramp10s,25,1,44,1.0,0.9840075258701788,0.9830677290836654,1.0,0.9807692307692308,1.0,0.8883587121963501,1046,1063
sv_mean,sub-03_FDSI_triangular-ramp10s_snr25dB,sub-03,triangular-ramp10s,25,2,50,0.9,0.7898230088495575,0.7833723653395784,0.8163265306122449,0.7747035573122529,0.9787234042553192,0.8373661637306213,738,880
sv_mean,sub-03_FDSI_triangular-ramp10s_snr25dB,sub-03,triangular-ramp10s,25,3,46,1.0,0.9731075697211156,0.971518987341772,0.991150442477876,0.9688622754491018,1.0,0.9091021418571472,978,1003
sv_mean,sub-03_FDSI_triangular-ramp10s_snr25dB,sub-03,triangular-ramp10s,25,4,48,1.0,0.2691588785046729,0.2446877012234385,1.0,0.2325413966882649,0.0970873786407767,0.863346517086029,1078,959
sv_mean,sub-03_FDSI_triangular-ramp10s_snr25dB,sub-03,triangular-ramp10s,25,5,49,1.0,0.973741794310722,0.9722543352601156,1.0,0.9698558322411532,0.9803921568627452,0.929927945137024,891,913
sv_mean,sub-03_FDSI_triangular-ramp10s_snr25dB,sub-03,triangular-ramp10s,25,6,52,1.0,0.9975669099756692,0.9974293059125964,1.0,0.9970887918486172,1.0,0.959182858467102,820,822
sv_mean,sub-03_FDSI_triangular-ramp10s_snr25dB,sub-03,triangular-ramp10s,25,7,40,1.0,0.972101133391456,0.9705069124423964,0.984375,0.9686192468619248,1.0,0.9207622408866882,1115,1147
sv_mean,sub-03_FDSI_triangular-ramp10s_snr20dB,sub-03,triangular-ramp10s,20,0,40,0.984126984126984,0.995640802092415,0.9944700460829492,1.0,0.99581589958159,0.984126984126984,0.9647164344787598,1142,1147
sv_mean,sub-03_FDSI_triangular-ramp10s_snr20dB,sub-03,triangular-ramp10s,20,1,46,1.0,0.9305962854349952,0.9265770423991728,0.9734513274336284,0.9215456674473068,0.9821428571428572,0.8775438666343689,972,1003
sv_mean,sub-03_FDSI_triangular-ramp10s_snr20dB,sub-03,triangular-ramp10s,20,2,49,1.0,0.7151515151515152,0.7003188097768331,0.99,0.66626936829559,0.9803921568627452,0.8294021487236023,785,913
sv_mean,sub-03_FDSI_triangular-ramp10s_snr20dB,sub-03,triangular-ramp10s,20,3,44,0.9830508474576272,0.9520225776105362,0.950199203187251,0.9831932773109244,0.9445701357466064,1.0,0.8804241418838501,1012,1063
sv_mean,sub-03_FDSI_triangular-ramp10s_snr20dB,sub-03,triangular-ramp10s,20,4,52,0.9772727272727272,0.941747572815534,0.9397435897435896,0.9555555555555556,0.9333333333333332,1.0,0.8713745474815369,778,822
sv_mean,sub-03_FDSI_triangular-ramp10s_snr20dB,sub-03,triangular-ramp10s,20,5,51,0.9130434782608696,0.9768250289687138,0.9804161566707468,0.9361702127659576,0.9806094182825484,0.9583333333333334,0.9393497109413148,843,863
sv_mean,sub-03_FDSI_triangular-ramp10s_snr20dB,sub-03,triangular-ramp10s,20,6,48,0.9423076923076924,0.1042944785276073,0.0792647903503733,0.9439252336448598,0.0526984126984126,0.0961538461538461,0.8614299297332764,1021,959
sv_mean,sub-03_FDSI_triangular-ramp10s_snr15dB,sub-03,triangular-ramp10s,15,0,40,0.984126984126984,0.995640802092415,0.9944700460829492,1.0,0.99581589958159,0.984126984126984,0.9548361897468568,1142,1147
sv_mean,sub-03_FDSI_triangular-ramp10s_snr15dB,sub-03,triangular-ramp10s,15,1,52,0.9772727272727272,0.9089805825242718,0.9051282051282052,0.9555555555555556,0.8969521044992743,0.9565217391304348,0.8729480504989624,751,822
sv_mean,sub-03_FDSI_triangular-ramp10s_snr15dB,sub-03,triangular-ramp10s,15,2,49,0.9591836734693876,0.6823176823176823,0.6680672268907563,0.91,0.6364705882352941,1.0,0.816113293170929,771,913
sv_mean,sub-03_FDSI_triangular-ramp5s_snr30dB,sub-03,triangular-ramp5s,30,0,40,1.0,0.9956784788245462,0.9954212454212454,0.992248062015504,0.995846313603323,1.0,0.9688624143600464,1152,1157
sv_mean,sub-03_FDSI_triangular-ramp5s_snr30dB,sub-03,triangular-ramp5s,30,1,51,1.0,0.9953216374269006,0.9950617283950616,0.9891304347826086,0.9958100558659218,1.0,0.9423351883888244,851,855
sv_mean,sub-03_FDSI_triangular-ramp5s_snr30dB,sub-03,triangular-ramp5s,30,2,46,1.0,0.988988988988989,0.9883597883597884,0.981651376146789,0.9892344497607656,1.0,0.8866369724273682,988,999
sv_mean,sub-03_FDSI_triangular-ramp5s_snr30dB,sub-03,triangular-ramp5s,30,3,44,1.0,0.9850327408793264,0.9841427155599604,0.9745762711864406,0.9832026875699889,1.0,0.8518770933151245,1053,1069
sv_mean,sub-03_FDSI_triangular-ramp5s_snr30dB,sub-03,triangular-ramp5s,30,4,52,1.0,0.9963369963369964,0.9961190168175936,1.0,0.9956076134699854,1.0,0.9524733424186708,816,819
sv_mean,sub-03_FDSI_triangular-ramp5s_snr30dB,sub-03,triangular-ramp5s,30,5,48,1.0,0.8571428571428571,0.8497512437810946,0.8803418803418803,0.8455467869222097,1.0,0.8527958393096924,1019,944
sv_mean,sub-03_FDSI_triangular-ramp5s_snr30dB,sub-03,triangular-ramp5s,30,6,47,0.9636363636363636,0.1205936920222634,0.0909090909090909,0.5725190839694656,0.0845986984815618,0.06,0.8632955551147461,836,976
sv_mean,sub-03_FDSI_triangular-ramp5s_snr30dB,sub-03,triangular-ramp5s,30,7,49,1.0,0.7737603305785123,0.761437908496732,0.8073394495412844,0.7561881188118812,0.9803921568627452,0.8465890884399414,805,912
sv_mean,sub-03_FDSI_triangular-ramp5s_snr30dB,sub-03,triangular-ramp5s,30,8,50,0.9803921568627452,0.7809224318658281,0.769656699889258,0.7413793103448276,0.7810126582278482,0.875,0.8118170499801636,810,889
sv_mean,sub-03_FDSI_triangular-ramp5s_snr30dB,sub-03,triangular-ramp5s,30,9,35,0.9855072463768116,0.8672496025437202,0.8603868797308662,0.7482014388489209,0.8745247148288974,1.0,0.8553956747055054,1095,1254
sv_mean,sub-03_FDSI_triangular-ramp5s_snr25dB,sub-03,triangular-ramp5s,25,0,48,1.0,0.3083333333333333,0.2844827586206896,0.7079646017699115,0.2538181818181818,0.7222222222222222,0.814600944519043,1097,944
sv_mean,sub-03_FDSI_triangular-ramp5s_snr25dB,sub-03,triangular-ramp5s,25,1,40,1.0,0.9956784788245462,0.9954212454212454,0.992248062015504,0.995846313603323,1.0,0.966253399848938,1152,1157
sv_mean,sub-03_FDSI_triangular-ramp5s_snr25dB,sub-03,triangular-ramp5s,25,2,46,1.0,0.971086739780658,0.9694415173867228,0.981651376146789,0.9678571428571427,1.0,0.8600739240646362,978,999
sv_mean,sub-03_FDSI_triangular-ramp5s_snr25dB,sub-03,triangular-ramp5s,25,3,44,1.0,0.9533146591970122,0.950544015825915,0.9152542372881356,0.9541899441340782,0.9830508474576272,0.8494113087654114,1023,1069
sv_mean,sub-03_FDSI_triangular-ramp5s_snr25dB,sub-03,triangular-ramp5s,25,4,51,1.0,0.9894736842105264,0.9888888888888888,0.9891304347826086,0.988826815642458,1.0,0.927603542804718,846,855
sv_mean,sub-03_FDSI_triangular-ramp5s_snr25dB,sub-03,triangular-ramp5s,25,5,52,1.0,0.9877899877899878,0.9870633893919794,1.0,0.985358711566618,1.0,0.9357721209526062,809,819
sv_mean,sub-03_FDSI_triangular-ramp5s_snr25dB,sub-03,triangular-ramp5s,25,6,49,1.0,0.6895522388059702,0.6732984293193718,0.7631578947368421,0.6587395957193817,1.0,0.8219271302223206,786,912
sv_mean,sub-03_FDSI_triangular-ramp5s_snr20dB,sub-03,triangular-ramp5s,20,0,52,1.0,0.9768292682926828,0.975452196382429,0.935483870967742,0.9780701754385964,1.0,0.9171509146690368,802,819
sv_mean,sub-03_FDSI_triangular-ramp5s_snr20dB,sub-03,triangular-ramp5s,20,1,49,1.0,0.8497297297297297,0.8411428571428572,0.9207920792079208,0.8305304010349288,1.0,0.8819372653961182,799,912
sv_mean,sub-03_FDSI_triangular-ramp5s_snr20dB,sub-03,triangular-ramp5s,20,2,40,1.0,0.996542783059637,0.9963369963369964,0.9844961240310076,0.9979231568016614,1.0,0.9473253488540648,1153,1157
sv_mean,sub-03_FDSI_triangular-ramp5s_snr20dB,sub-03,triangular-ramp5s,20,3,44,1.0,0.931098696461825,0.9270216962524654,0.9661016949152542,0.9198218262806236,1.0,0.8370035886764526,1005,1069
sv_mean,sub-03_FDSI_triangular-ramp5s_snr20dB,sub-03,triangular-ramp5s,20,4,46,1.0,0.9170779861796644,0.9124087591240876,0.9541284403669724,0.908235294117647,0.9814814814814816,0.8427024483680725,943,999
sv_mean,sub-03_FDSI_triangular-ramp5s_snr20dB,sub-03,triangular-ramp5s,20,5,51,1.0,0.9812865497076024,0.980246913580247,0.9891304347826086,0.979050279329609,1.0,0.928370237350464,839,855
sv_mean,sub-03_FDSI_triangular-ramp5s_snr20dB,sub-03,triangular-ramp5s,20,6,48,0.9433962264150944,0.7184466019417476,0.706243602865916,0.6944444444444444,0.7182448036951501,0.7678571428571429,0.8106095790863037,826,944
sv_mean,sub-03_FDSI_triangular-ramp5s_snr15dB,sub-03,triangular-ramp5s,15,0,52,0.9782608695652174,0.8746958637469586,0.8685567010309279,0.8152173913043478,0.8773722627737226,0.9555555555555556,0.8809754252433777,722,819
sv_mean,sub-03_FDSI_triangular-ramp5s_snr15dB,sub-03,triangular-ramp5s,15,1,40,1.0,0.9913569576490924,0.9908424908424908,0.992248062015504,0.9906542056074766,1.0,0.9422985315322876,1147,1157
sv_mean,sub-03_FDSI_triangular-ramp5s_snr15dB,sub-03,triangular-ramp5s,15,2,51,0.9111111111111112,0.9078179696616102,0.9076354679802956,0.7717391304347826,0.9206128133704736,0.9787234042553192,0.8897417783737183,780,855
sv_mean,sub-03_FDSI_triangular-ramp5s_snr15dB,sub-03,triangular-ramp5s,15,3,46,0.9074074074074074,0.3337774816788807,0.3123704215618521,0.8648648648648649,0.3165750196386488,0.043859649122807,0.8290020823478699,1003,999
sv_mean,sub-04_FDSI_staircase_snr30dB,sub-04,staircase,30,0,50,1.0,0.966740576496674,0.9654377880184332,,,,0.9413574934005736,1338,1323
sv_mean,sub-04_FDSI_staircase_snr30dB,sub-04,staircase,30,1,44,1.0,0.9921824104234528,0.991864406779661,,,,0.9460596442222596,1523,1535
sv_mean,sub-04_FDSI_staircase_snr30dB,sub-04,staircase,30,2,54,1.0,0.9759243336199483,0.974910394265233,,,,0.937631607055664,1135,1163
sv_mean,sub-04_FDSI_staircase_snr30dB,sub-04,staircase,30,3,41,1.0,0.9951338199513382,0.9949335022165928,,,,0.9841514229774476,1636,1644
sv_mean,sub-04_FDSI_staircase_snr30dB,sub-04,staircase,30,4,53,1.0,0.970954356846473,0.9697493517718236,,,,0.9149112105369568,1173,1202
sv_mean,sub-04_FDSI_staircase_snr30dB,sub-04,staircase,30,5,23,0.975,0.9813225643614336,0.9815886375591794,,,,0.9381459355354308,1944,1981
sv_mean,sub-04_FDSI_staircase_snr30dB,sub-04,staircase,30,6,51,1.0,0.9852369852369852,0.9845904298459044,,,,0.950554132461548,1270,1285
sv_mean,sub-04_FDSI_staircase_snr30dB,sub-04,staircase,30,7,48,1.0,0.984375,0.9837157660991858,,,,0.9344984889030457,1386,1408
sv_mean,sub-04_FDSI_staircase_snr30dB,sub-04,staircase,30,8,47,0.9107142857142856,0.8910558170813719,0.8902865129280224,,,,0.8656888604164124,1364,1448
sv_mean,sub-04_FDSI_staircase_snr30dB,sub-04,staircase,30,9,37,0.9420289855072465,0.9422299248989024,0.9422382671480144,,,,0.9095800518989564,1632,1730
sv_mean,sub-04_FDSI_staircase_snr30dB,sub-04,staircase,30,10,49,1.0,0.9948604992657856,0.9946524064171124,,,,0.9710407853126526,1355,1362
sv_mean,sub-04_FDSI_staircase_snr30dB,sub-04,staircase,30,11,17,0.9012345679012346,0.9718172983479106,0.9747091552857864,,,,0.9420034885406494,2001,2057
sv_mean,sub-04_FDSI_staircase_snr30dB,sub-04,staircase,30,12,42,1.0,0.993137866500312,0.9928571428571428,,,,0.9605889916419984,1592,1603
sv_mean,sub-04_FDSI_staircase_snr30dB,sub-04,staircase,30,13,33,0.9014084507042254,0.9495890410958904,0.951539338654504,,,,0.9283823370933532,1733,1825
sv_mean,sub-04_FDSI_staircase_snr25dB,sub-04,staircase,25,0,44,0.9666666666666668,0.9726740403383214,0.97291807718348,,,,0.9244483709335328,1497,1535
sv_mean,sub-04_FDSI_staircase_snr25dB,sub-04,staircase,25,1,51,0.9814814814814816,0.4991834512792596,0.4845765563656758,,,,0.9138871431350708,1469,1285
sv_mean,sub-04_FDSI_staircase_snr25dB,sub-04,staircase,25,2,53,0.9387755102040816,0.3044444444444444,0.2866933181039406,,,,0.8701944351196289,1146,1202
sv_mean,sub-04_FDSI_staircase_snr25dB,sub-04,staircase,25,3,41,1.0,0.9939172749391728,0.993666877770741,,,,0.9855937361717224,1634,1644
sv_mean,sub-04_FDSI_staircase_snr25dB,sub-04,staircase,25,4,48,1.0,0.9928977272727272,0.99259807549963,,,,0.9547125697135924,1398,1408
sv_mean,sub-04_FDSI_staircase_snr25dB,sub-04,staircase,25,5,54,1.0,0.9716251074806534,0.9704301075268816,,,,0.946480393409729,1130,1163
sv_mean,sub-04_FDSI_staircase_snr25dB,sub-04,staircase,25,6,50,0.9803921568627452,0.9753731343283584,0.9751745539177658,,,,0.9417721033096312,1324,1323
sv_mean,sub-04_FDSI_staircase_snr25dB,sub-04,staircase,25,7,47,0.912280701754386,0.7420178799489144,0.73558648111332,,,,0.8299426436424255,1280,1448
sv_mean,sub-04_FDSI_staircase_snr25dB,sub-04,staircase,25,8,49,1.0,0.9845814977973568,0.983957219251337,,,,0.9523146748542786,1341,1362
sv_mean,sub-04_FDSI_staircase_snr25dB,sub-04,staircase,25,9,42,1.0,0.9912663755458516,0.990909090909091,,,,0.9554528594017028,1589,1603
sv_mean,sub-04_FDSI_staircase_snr20dB,sub-04,staircase,20,0,41,1.0,0.9939172749391728,0.993666877770741,,,,0.9819122552871704,1634,1644
sv_mean,sub-04_FDSI_staircase_snr20dB,sub-04,staircase,20,1,48,0.9824561403508772,0.9723011363636364,0.9718726868985936,,,,0.9393235445022584,1369,1408
sv_mean,sub-04_FDSI_staircase_snr20dB,sub-04,staircase,20,2,42,0.9682539682539684,0.975670617592015,0.975974025974026,,,,0.927001178264618,1564,1603
sv_mean,sub-04_FDSI_staircase_snr20dB,sub-04,staircase,20,3,49,0.9622641509433962,0.9544787077826724,0.9541634835752484,,,,0.9272881150245668,1300,1362
sv_mean,sub-04_FDSI_staircase_snr15dB,sub-04,staircase,15,0,41,1.0,0.998175182481752,0.9981000633312224,,,,0.9770540595054626,1641,1644
sv_mean,sub-04_FDSI_triangular-ramp40s_snr30dB,sub-04,triangular-ramp40s,30,0,42,1.0,0.9948006932409011,0.9944903581267218,0.9923076923076924,0.9958289885297184,0.9846153846153848,0.9690468907356262,1148,1154
sv_mean,sub-04_FDSI_triangular-ramp40s_snr30dB,sub-04,triangular-ramp40s,30,1,41,1.0,0.9965811965811966,0.9963768115942028,0.9924812030075189,0.9948665297741272,1.0,0.9867967963218688,1166,1170
sv_mean,sub-04_FDSI_triangular-ramp40s_snr30dB,sub-04,triangular-ramp40s,30,2,33,0.9594594594594594,0.9643669446550416,0.9630818619582664,0.9726027397260274,0.9627611262488648,0.9452054794520548,0.930464208126068,1273,1318
sv_mean,sub-04_FDSI_triangular-ramp40s_snr30dB,sub-04,triangular-ramp40s,30,3,50,1.0,0.9755351681957186,0.9741379310344828,1.0,0.970838396111786,0.9636363636363636,0.9403740763664246,975,963
sv_mean,sub-04_FDSI_triangular-ramp40s_snr30dB,sub-04,triangular-ramp40s,30,4,51,1.0,0.9903640256959316,0.9897843359818388,1.0,0.9884169884169884,1.0,0.9475712180137634,925,934
sv_mean,sub-04_FDSI_triangular-ramp40s_snr30dB,sub-04,triangular-ramp40s,30,5,49,1.0,0.993939393939394,0.9935760171306208,1.0,0.9915151515151516,0.9818181818181818,0.9666520953178406,984,990
sv_mean,sub-04_FDSI_triangular-ramp40s_snr30dB,sub-04,triangular-ramp40s,30,6,48,1.0,0.9960513326752222,0.9958246346555324,1.0,0.9964497041420118,0.9821428571428572,0.9744351506233216,1009,1013
sv_mean,sub-04_FDSI_triangular-ramp40s_snr30dB,sub-04,triangular-ramp40s,30,7,44,1.0,0.9936993699369936,0.9933333333333332,0.9918032786885246,0.9913793103448276,1.0,0.9494104981422424,1104,1111
sv_mean,sub-04_FDSI_triangular-ramp40s_snr30dB,sub-04,triangular-ramp40s,30,8,54,1.0,0.9700956937799045,0.9683544303797468,0.9891304347826086,0.9670487106017192,0.9782608695652174,0.9096561670303344,811,836
sv_mean,sub-04_FDSI_triangular-ramp40s_snr30dB,sub-04,triangular-ramp40s,30,9,17,0.927710843373494,0.937123745819398,0.9363057324840764,0.9221556886227544,0.936597110754414,0.9518072289156626,0.9273151755332948,1401,1495
sv_mean,sub-04_FDSI_triangular-ramp40s_snr30dB,sub-04,triangular-ramp40s,30,10,23,0.935897435897436,0.9741439552760308,0.9763488543976347,0.9559748427672956,0.9748533109807208,1.0,0.9429142475128174,1394,1431
sv_mean,sub-04_FDSI_triangular-ramp40s_snr30dB,sub-04,triangular-ramp40s,30,11,47,0.9107142857142856,0.9070208728652752,0.906813627254509,0.912280701754386,0.9060022650056624,0.912280701754386,0.8982498645782471,973,1037
sv_mean,sub-04_FDSI_triangular-ramp40s_snr30dB,sub-04,triangular-ramp40s,30,12,53,0.9565217391304348,0.9755244755244756,0.9766009852216748,0.946808510638298,0.9790794979079498,0.9787234042553192,0.9508609175682068,837,858
sv_mean,sub-04_FDSI_triangular-ramp40s_snr25dB,sub-04,triangular-ramp40s,25,0,42,1.0,0.9930675909878682,0.992653810835629,0.9923076923076924,0.9937434827945776,0.9846153846153848,0.9540194869041444,1146,1154
sv_mean,sub-04_FDSI_triangular-ramp40s_snr25dB,sub-04,triangular-ramp40s,25,1,44,0.9672131147540984,0.9829290206648698,0.9838403041825096,0.9754098360655736,0.9817204301075269,0.9838709677419356,0.9301229119300842,1096,1111
sv_mean,sub-04_FDSI_triangular-ramp40s_snr25dB,sub-04,triangular-ramp40s,25,2,50,1.0,0.8194566170026293,0.8106617647058824,1.0,0.7894201424211598,0.9818181818181818,0.887369692325592,1113,963
sv_mean,sub-04_FDSI_triangular-ramp40s_snr25dB,sub-04,triangular-ramp40s,25,3,48,1.0,0.9921026653504442,0.9916492693110648,1.0,0.9928994082840236,0.9642857142857144,0.9535781741142272,1005,1013
sv_mean,sub-04_FDSI_triangular-ramp40s_snr25dB,sub-04,triangular-ramp40s,25,4,49,0.9821428571428572,0.987878787878788,0.9882226980728052,0.990990990990991,0.9866666666666668,0.9636363636363636,0.9504789113998412,978,990
sv_mean,sub-04_FDSI_triangular-ramp40s_snr25dB,sub-04,triangular-ramp40s,25,5,41,1.0,0.9948717948717948,0.9945652173913044,0.9924812030075189,0.9938398357289528,0.984375,0.9722697734832764,1164,1170
sv_mean,sub-04_FDSI_triangular-ramp40s_snr25dB,sub-04,triangular-ramp40s,25,6,51,0.981132075471698,0.555993690851735,0.5374485596707819,0.9714285714285714,0.5625587958607714,0.0396039603960396,0.905198574066162,1039,934
sv_mean,sub-04_FDSI_triangular-ramp40s_snr20dB,sub-04,triangular-ramp40s,20,0,42,0.953846153846154,0.9618717504332756,0.9623507805325988,0.953846153846154,0.9635036496350364,0.953846153846154,0.922904908657074,1110,1154
sv_mean,sub-04_FDSI_triangular-ramp40s_snr20dB,sub-04,triangular-ramp40s,20,1,41,1.0,0.9948717948717948,0.9945652173913044,0.9924812030075189,0.9928131416837782,1.0,0.9827271103858948,1164,1170
sv_mean,sub-04_FDSI_triangular-ramp40s_snr20dB,sub-04,triangular-ramp40s,20,2,44,0.9193548387096774,0.9332146037399822,0.9340245051837888,0.91869918699187,0.9286474973375932,1.0,0.8964764475822449,1060,1111
sv_mean,sub-04_FDSI_triangular-ramp40s_snr20dB,sub-04,triangular-ramp40s,20,3,48,0.9818181818181818,0.9842053307008884,0.9843423799582464,0.9732142857142856,0.9893491124260356,0.9285714285714286,0.9366554617881776,997,1013
sv_mean,sub-04_FDSI_triangular-ramp40s_snr15dB,sub-04,triangular-ramp40s,15,0,41,1.0,0.994017094017094,0.9936594202898552,0.9924812030075189,0.9917864476386036,1.0,0.9737359285354614,1163,1170
sv_mean,sub-04_FDSI_triangular-ramp20s_snr30dB,sub-04,triangular-ramp20s,30,0,48,1.0,0.99603567888999,0.9957939011566772,1.0,0.99523241954708,1.0,0.9617069959640504,1005,1009
sv_mean,sub-04_FDSI_triangular-ramp20s_snr30dB,sub-04,triangular-ramp20s,30,1,51,1.0,0.987027027027027,0.9862700228832952,1.0,0.9831168831168832,0.981132075471698,0.9343681931495668,915,923
sv_mean,sub-04_FDSI_triangular-ramp20s_snr30dB,sub-04,triangular-ramp20s,30,2,54,1.0,0.9663056558363418,0.9643765903307888,0.9666666666666668,0.961206896551724,1.0,0.9221272468566896,805,829
sv_mean,sub-04_FDSI_triangular-ramp20s_snr30dB,sub-04,triangular-ramp20s,30,3,50,1.0,0.974306269270298,0.9728260869565216,1.0,0.9692118226600984,1.0,0.9336152076721193,955,966
sv_mean,sub-04_FDSI_triangular-ramp20s_snr30dB,sub-04,triangular-ramp20s,30,4,53,1.0,0.9803468208092484,0.9791921664626684,0.9895833333333334,0.9791955617198336,0.9791666666666666,0.9372190237045288,849,864
sv_mean,sub-04_FDSI_triangular-ramp20s_snr30dB,sub-04,triangular-ramp20s,30,5,42,1.0,0.9956896551724138,0.9954421148587056,1.0,0.9948506694129764,1.0,0.957902729511261,1155,1160
sv_mean,sub-04_FDSI_triangular-ramp20s_snr30dB,sub-04,triangular-ramp20s,30,6,49,1.0,0.9908163265306122,0.9903121636167922,0.9906542056074766,0.9926739926739928,0.9629629629629628,0.9550931453704834,971,980
sv_mean,sub-04_FDSI_triangular-ramp20s_snr30dB,sub-04,triangular-ramp20s,30,7,37,0.9420289855072465,0.8916334661354581,0.8887015177065767,0.9558823529411764,0.878095238095238,0.9710144927536232,0.874505341053009,1123,1251
sv_mean,sub-04_FDSI_triangular-ramp20s_snr30dB,sub-04,triangular-ramp20s,30,8,23,0.9625,0.968421052631579,0.9687732342007436,0.968944099378882,0.9679324894514768,0.9746835443037974,0.9366708993911744,1380,1425
sv_mean,sub-04_FDSI_triangular-ramp20s_snr30dB,sub-04,triangular-ramp20s,30,9,41,1.0,0.9949238578680204,0.9946284691136974,0.9848484848484848,0.993920972644377,1.0,0.9773356318473816,1176,1182
sv_mean,sub-04_FDSI_triangular-ramp20s_snr30dB,sub-04,triangular-ramp20s,30,10,33,0.9178082191780822,0.946656649135988,0.9483306836248012,0.9455782312925172,0.945045045045045,0.9466666666666668,0.9130491614341736,1266,1325
sv_mean,sub-04_FDSI_triangular-ramp20s_snr30dB,sub-04,triangular-ramp20s,30,11,17,0.9375,0.9543010752688172,0.9552556818181818,0.951219512195122,0.9532258064516128,0.9761904761904762,0.929086983203888,1420,1488
sv_mean,sub-04_FDSI_triangular-ramp20s_snr30dB,sub-04,triangular-ramp20s,30,12,44,0.9838709677419356,0.990036231884058,0.9884947267497604,0.9916666666666668,0.9891540130151844,1.0,0.9335017204284668,1093,1104
sv_mean,sub-04_FDSI_triangular-ramp20s_snr25dB,sub-04,triangular-ramp20s,25,0,51,0.9803921568627452,0.2783235101506221,0.2540650406504065,0.9902912621359224,0.2411186696900982,0.05,0.899043619632721,1029,923
sv_mean,sub-04_FDSI_triangular-ramp20s_snr25dB,sub-04,triangular-ramp20s,25,1,54,0.9333333333333332,0.901323706377858,0.8994910941475827,0.9662921348314608,0.8922413793103449,0.9130434782608696,0.8879421353340149,751,829
sv_mean,sub-04_FDSI_triangular-ramp20s_snr25dB,sub-04,triangular-ramp20s,25,2,53,0.9375,0.9473684210526316,0.9479418886198548,0.9375,0.9493150684931508,0.9375,0.9076740145683287,838,864
sv_mean,sub-04_FDSI_triangular-ramp20s_snr25dB,sub-04,triangular-ramp20s,25,3,42,1.0,0.9922413793103448,0.99179580674567,0.992063492063492,0.991761071060762,1.0,0.9384228587150574,1151,1160
sv_mean,sub-04_FDSI_triangular-ramp20s_snr25dB,sub-04,triangular-ramp20s,25,4,48,1.0,0.92807881773399,0.9237199582027168,1.0,0.9136094674556212,1.0,0.9028823971748352,948,1009
sv_mean,sub-04_FDSI_triangular-ramp20s_snr25dB,sub-04,triangular-ramp20s,25,5,50,0.981132075471698,0.9683673469387756,0.9676375404530744,0.9908256880733946,0.9633699633699634,1.0,0.9385061264038086,963,966
sv_mean,sub-04_FDSI_triangular-ramp20s_snr25dB,sub-04,triangular-ramp20s,25,6,49,1.0,0.9744897959183674,0.9730893433799784,0.9813084112149532,0.971916971916972,1.0,0.9415178298950196,955,980
sv_mean,sub-04_FDSI_triangular-ramp20s_snr25dB,sub-04,triangular-ramp20s,25,7,44,1.0,0.9664855072463768,0.9645254074784276,0.9916666666666668,0.9609544468546638,1.0,0.9113954305648804,1067,1104
sv_mean,sub-04_FDSI_triangular-ramp20s_snr25dB,sub-04,triangular-ramp20s,25,8,41,1.0,0.9949238578680204,0.9946284691136974,0.9848484848484848,0.993920972644377,1.0,0.9793242812156676,1176,1182
sv_mean,sub-04_FDSI_triangular-ramp20s_snr20dB,sub-04,triangular-ramp20s,20,0,48,0.9827586206896552,0.9693069306930692,0.9684873949579832,0.9823008849557522,0.9654761904761904,1.0,0.9197325706481934,980,1009
sv_mean,sub-04_FDSI_triangular-ramp20s_snr20dB,sub-04,triangular-ramp20s,20,1,42,0.984126984126984,0.954349698535745,0.9526411657559198,0.9603174603174603,0.9506172839506172,1.0,0.8979604840278625,1109,1160
sv_mean,sub-04_FDSI_triangular-ramp20s_snr20dB,sub-04,triangular-ramp20s,20,2,41,1.0,0.994077834179357,0.9937332139659804,0.9848484848484848,0.9929078014184396,1.0,0.9763627648353576,1175,1182
sv_mean,sub-04_FDSI_triangular-ramp20s_snr15dB,sub-04,triangular-ramp20s,15,0,41,1.0,0.9949238578680204,0.9946284691136974,0.9848484848484848,0.993920972644377,1.0,0.9728490114212036,1176,1182
sv_mean,sub-04_FDSI_triangular-ramp10s_snr30dB,sub-04,triangular-ramp10s,30,0,49,1.0,0.9939024390243902,0.9935275080906149,1.0,0.9926650366748166,1.0,0.9502046704292296,978,984
sv_mean,sub-04_FDSI_triangular-ramp10s_snr30dB,sub-04,triangular-ramp10s,30,1,41,0.9846153846153848,0.9991452991452991,0.9981916817359856,1.0,0.9989775051124744,1.0,0.9670919179916382,1169,1170
sv_mean,sub-04_FDSI_triangular-ramp10s_snr30dB,sub-04,triangular-ramp10s,30,2,42,1.0,0.9722463139635732,0.9705882352941176,0.9767441860465116,0.9698857736240912,1.0,0.8824369311332703,1121,1153
sv_mean,sub-04_FDSI_triangular-ramp10s_snr30dB,sub-04,triangular-ramp10s,30,3,48,1.0,0.9960238568588468,0.9957983193277312,0.9907407407407408,0.9964328180737216,1.0,0.9491799473762512,1002,1006
sv_mean,sub-04_FDSI_triangular-ramp10s_snr30dB,sub-04,triangular-ramp10s,30,4,47,0.9827586206896552,0.0561143462149285,0.0267613326051338,0.6206896551724138,0.0323170731707317,0.0654205607476635,0.9253122210502625,957,1038
sv_mean,sub-04_FDSI_triangular-ramp10s_snr30dB,sub-04,triangular-ramp10s,30,5,50,1.0,0.8766114180478821,0.8704061895551257,0.9905660377358492,0.8562162162162162,1.0,0.8927972316741943,1076,962
sv_mean,sub-04_FDSI_triangular-ramp10s_snr30dB,sub-04,triangular-ramp10s,30,6,44,1.0,0.9739208633093526,0.9723809523809523,0.9838709677419356,0.970684039087948,1.0,0.8937097787857056,1083,1112
sv_mean,sub-04_FDSI_triangular-ramp10s_snr30dB,sub-04,triangular-ramp10s,30,7,51,1.0,0.880859375,0.8746145940390545,1.0,0.9099756690997568,0.5151515151515151,0.8922079205513,1000,926
sv_mean,sub-04_FDSI_triangular-ramp10s_snr30dB,sub-04,triangular-ramp10s,30,8,17,0.9523809523809524,0.958611481975968,0.9575971731448764,0.9760479041916168,0.9535256410256412,1.0,0.9323689937591552,1436,1498
sv_mean,sub-04_FDSI_triangular-ramp10s_snr30dB,sub-04,triangular-ramp10s,30,9,54,1.0,0.9903846153846154,0.989821882951654,1.0,0.9884559884559884,1.0,0.9299540519714355,824,832
sv_mean,sub-04_FDSI_triangular-ramp10s_snr30dB,sub-04,triangular-ramp10s,30,10,33,0.9444444444444444,0.1689220718618758,0.1419604056011588,0.9375,0.120042872454448,0.0461538461538461,0.8554843664169312,1192,1313
sv_mean,sub-04_FDSI_triangular-ramp10s_snr30dB,sub-04,triangular-ramp10s,30,11,53,0.9583333333333334,0.1238709677419354,0.0972037283621837,0.9583333333333334,0.0703812316715542,0.0561797752808988,0.9244344830513,873,869
sv_mean,sub-04_FDSI_triangular-ramp10s_snr30dB,sub-04,triangular-ramp10s,30,12,43,0.9076923076923076,0.1109890109890109,0.0814814814814814,0.8931297709923665,0.0518659076533839,0.0673076923076923,0.8692435622215271,883,1139
sv_mean,sub-04_FDSI_triangular-ramp10s_snr30dB,sub-04,triangular-ramp10s,30,13,23,0.9090909090909092,0.9455687369155618,0.9476401179941004,0.9230769230769232,0.9465776293823038,0.9746835443037974,0.9063555598258972,1356,1432
sv_mean,sub-04_FDSI_triangular-ramp10s_snr25dB,sub-04,triangular-ramp10s,25,0,54,0.9130434782608696,0.0888382687927107,0.0666666666666666,0.9130434782608696,0.0442875481386392,0.058252427184466,0.9229841232299804,1080,832
sv_mean,sub-04_FDSI_triangular-ramp10s_snr25dB,sub-04,triangular-ramp10s,25,1,49,0.9824561403508772,0.9797365754812564,0.9795698924731184,0.991150442477876,0.9780755176613886,0.981132075471698,0.9116207361221312,970,984
sv_mean,sub-04_FDSI_triangular-ramp10s_snr25dB,sub-04,triangular-ramp10s,25,2,48,0.9814814814814816,0.9543197616683218,0.9527806925498428,0.9907407407407408,0.9477434679334916,0.9824561403508772,0.8976646065711975,962,1006
sv_mean,sub-04_FDSI_triangular-ramp10s_snr25dB,sub-04,triangular-ramp10s,25,3,42,1.0,0.981786643538595,0.9806985294117648,1.0,0.9781931464174456,1.0,0.9144529700279236,1132,1153
sv_mean,sub-04_FDSI_triangular-ramp10s_snr25dB,sub-04,triangular-ramp10s,25,4,50,1.0,0.872794800371402,0.8663414634146341,1.0,0.8504366812227074,1.0,0.8791350722312927,1055,962
sv_mean,sub-04_FDSI_triangular-ramp10s_snr25dB,sub-04,triangular-ramp10s,25,5,44,0.9838709677419356,0.9434470377019748,0.94106463878327,0.967741935483871,0.9360780065005416,1.0,0.8763798475265503,1053,1112
sv_mean,sub-04_FDSI_triangular-ramp10s_snr25dB,sub-04,triangular-ramp10s,25,6,41,0.9846153846153848,0.9991452991452991,0.9981916817359856,1.0,0.9989775051124744,1.0,0.9626894593238832,1169,1170
sv_mean,sub-04_FDSI_triangular-ramp10s_snr25dB,sub-04,triangular-ramp10s,25,7,51,0.9803921568627452,0.4957081545064378,0.4773570898292502,0.9514563106796116,0.4970612930310663,0.0594059405940594,0.8463706970214844,1165,926
sv_mean,sub-04_FDSI_triangular-ramp10s_snr20dB,sub-04,triangular-ramp10s,20,0,41,0.9846153846153848,0.9948717948717948,0.9936708860759492,0.984375,0.9948927477017364,0.984375,0.9705429077148438,1164,1170
sv_mean,sub-04_FDSI_triangular-ramp10s_snr20dB,sub-04,triangular-ramp10s,20,1,49,0.9473684210526316,0.8757575757575757,0.8713826366559485,0.9203539823008848,0.8640776699029126,0.9622641509433962,0.8693050742149353,873,984
sv_mean,sub-04_FDSI_triangular-ramp10s_snr20dB,sub-04,triangular-ramp10s,20,2,42,0.9692307692307692,0.9419410745233968,0.9403122130394858,0.9534883720930232,0.9377593360995852,0.9836065573770492,0.8814130425453186,1088,1153
sv_mean,sub-04_FDSI_triangular-ramp10s_snr20dB,sub-04,triangular-ramp10s,20,3,50,0.9423076923076924,0.80875781948168,0.8022492970946579,0.9181818181818182,0.7861635220125787,0.9818181818181818,0.8509073853492737,1062,962
sv_mean,sub-04_FDSI_triangular-ramp10s_snr20dB,sub-04,triangular-ramp10s,20,4,48,0.925925925925926,0.8529121421520237,0.848800834202294,0.9444444444444444,0.8349056603773585,0.9473684210526316,0.8691614270210266,871,1006
sv_mean,sub-04_FDSI_triangular-ramp10s_snr15dB,sub-04,triangular-ramp10s,15,0,41,0.9846153846153848,0.9948717948717948,0.9936708860759492,0.984375,0.9948927477017364,0.984375,0.9655997157096864,1164,1170
sv_mean,sub-04_FDSI_triangular-ramp5s_snr30dB,sub-04,triangular-ramp5s,30,0,48,1.0,0.994059405940594,0.9937238493723848,1.0,0.992874109263658,1.0,0.9298174977302552,1004,1010
sv_mean,sub-04_FDSI_triangular-ramp5s_snr30dB,sub-04,triangular-ramp5s,30,1,44,1.0,0.9153915391539154,0.9103908484270734,0.9583333333333334,0.9033297529538132,0.9836065573770492,0.8635998964309692,1021,1107
sv_mean,sub-04_FDSI_triangular-ramp5s_snr30dB,sub-04,triangular-ramp5s,30,2,49,1.0,0.9504048582995952,0.9475374732334048,0.8256880733944955,0.9636803874092008,1.0,0.9129720330238342,942,985
sv_mean,sub-04_FDSI_triangular-ramp5s_snr30dB,sub-04,triangular-ramp5s,30,3,41,0.9848484848484848,0.9949238578680204,0.9937332139659804,0.9924242424242424,0.9949186991869918,1.0,0.9514543414115906,1176,1182
sv_mean,sub-04_FDSI_triangular-ramp5s_snr30dB,sub-04,triangular-ramp5s,30,4,54,1.0,0.9045346062052506,0.898989898989899,0.8913043478260869,0.899856938483548,1.0,0.8854036331176758,764,832
sv_mean,sub-04_FDSI_triangular-ramp5s_snr30dB,sub-04,triangular-ramp5s,30,5,42,1.0,0.9773519163763066,0.9759926131117268,0.9375,0.9811912225705328,1.0,0.893117368221283,1123,1147
sv_mean,sub-04_FDSI_triangular-ramp5s_snr30dB,sub-04,triangular-ramp5s,30,6,53,0.9791666666666666,0.9335585585585584,0.930952380952381,0.9215686274509804,0.934959349593496,0.9375,0.8894568681716919,851,866
sv_mean,sub-04_FDSI_triangular-ramp5s_snr30dB,sub-04,triangular-ramp5s,30,7,50,1.0,0.8261648745519713,0.8176691729323309,0.90990990990991,0.8067226890756303,1.0,0.8222769498825073,1080,958
sv_mean,sub-04_FDSI_triangular-ramp5s_snr30dB,sub-04,triangular-ramp5s,30,8,47,0.9482758620689656,0.0625657202944269,0.0347071583514099,0.4965986394557823,0.0330073349633251,0.0776699029126213,0.9122978448867798,982,1039
sv_mean,sub-04_FDSI_triangular-ramp5s_snr30dB,sub-04,triangular-ramp5s,30,9,23,1.0,0.9538885065381968,0.9512727272727272,0.9493670886075948,0.9539852095316352,0.9615384615384616,0.9175568222999572,1386,1453
sv_mean,sub-04_FDSI_triangular-ramp5s_snr30dB,sub-04,triangular-ramp5s,30,10,51,1.0,0.8247213779128673,0.8153681963713981,0.8484848484848485,0.823030303030303,0.8095238095238095,0.8362557291984558,888,913
sv_mean,sub-04_FDSI_triangular-ramp5s_snr25dB,sub-04,triangular-ramp5s,25,0,42,1.0,0.960801393728223,0.9584487534626038,0.9609375,0.9592476489028212,0.984126984126984,0.881991446018219,1104,1147
sv_mean,sub-04_FDSI_triangular-ramp5s_snr25dB,sub-04,triangular-ramp5s,25,1,48,1.0,0.9722772277227724,0.9707112970711296,0.9823008849557522,0.9691211401425178,1.0,0.908118724822998,982,1010
sv_mean,sub-04_FDSI_triangular-ramp5s_snr25dB,sub-04,triangular-ramp5s,25,2,44,1.0,0.831304347826087,0.8216911764705882,0.8416666666666667,0.8195876288659794,0.9672131147540984,0.8413832187652588,999,1107
sv_mean,sub-04_FDSI_triangular-ramp5s_snr25dB,sub-04,triangular-ramp5s,25,3,54,0.9565217391304348,0.6037117903930131,0.5850574712643678,0.7040816326530612,0.5680933852140078,0.9787234042553192,0.7850719094276428,637,832
sv_mean,sub-04_FDSI_triangular-ramp5s_snr25dB,sub-04,triangular-ramp5s,25,4,41,0.9848484848484848,0.9932318104906938,0.9919427036705462,1.0,0.9928861788617886,0.9848484848484848,0.953596830368042,1174,1182
sv_mean,sub-04_FDSI_triangular-ramp5s_snr25dB,sub-04,triangular-ramp5s,25,5,50,1.0,0.8310376492194674,0.8225650916104147,0.9035087719298246,0.8123644251626898,1.0,0.8452069759368896,1036,958
sv_mean,sub-04_FDSI_triangular-ramp5s_snr25dB,sub-04,triangular-ramp5s,25,6,53,0.9791666666666666,0.88,0.8744131455399061,0.8598130841121495,0.8791946308724832,0.9375,0.8604885935783386,826,866
sv_mean,sub-04_FDSI_triangular-ramp5s_snr25dB,sub-04,triangular-ramp5s,25,7,49,1.0,0.9033232628398792,0.8977635782747604,0.875,0.9021739130434784,0.981132075471698,0.8851410150527954,905,985
sv_mean,sub-04_FDSI_triangular-ramp5s_snr25dB,sub-04,triangular-ramp5s,25,8,51,0.98,0.4079207920792079,0.38839590443686,0.9029126213592232,0.3981693363844393,0.04,0.8153194189071655,1220,913
sv_mean,sub-04_FDSI_triangular-ramp5s_snr20dB,sub-04,triangular-ramp5s,20,0,41,0.9848484848484848,0.994077834179357,0.9928379588182632,1.0,0.9928861788617886,1.0,0.9612631797790528,1175,1182
sv_mean,sub-04_FDSI_triangular-ramp5s_snr20dB,sub-04,triangular-ramp5s,20,1,48,0.9444444444444444,0.9425742574257424,0.942468619246862,0.9203539823008848,0.9453681710213776,0.9454545454545454,0.8818506598472595,952,1010
sv_mean,sub-04_FDSI_triangular-ramp5s_snr20dB,sub-04,triangular-ramp5s,20,2,42,0.9384615384615383,0.8630849220103987,0.8585858585858586,0.8604651162790697,0.8555093555093555,0.984126984126984,0.8447703123092651,1003,1147
sv_mean,sub-04_FDSI_triangular-ramp5s_snr15dB,sub-04,triangular-ramp5s,15,0,41,0.9848484848484848,0.9957698815566836,0.9946284691136974,1.0,0.9959349593495936,0.9848484848484848,0.952713668346405,1177,1182
sv_mean,sub-05_FDSI_staircase_snr30dB,sub-05,staircase,30,0,35,1.0,0.9872530274059912,0.9867197875166004,,,,0.9582171440124512,1549,1569
sv_mean,sub-05_FDSI_staircase_snr30dB,sub-05,staircase,30,1,31,1.0,0.9952885747938752,0.9951010410287814,,,,0.9599098563194276,1690,1698
sv_mean,sub-05_FDSI_staircase_snr30dB,sub-05,staircase,30,2,44,1.0,0.9991204925241864,0.999083409715857,,,,0.9779754877090454,1136,1137
sv_mean,sub-05_FDSI_staircase_snr30dB,sub-05,staircase,30,3,42,1.0,0.9552,0.9533721898417984,,,,0.9029914736747742,1194,1250
sv_mean,sub-05_FDSI_staircase_snr30dB,sub-05,staircase,30,4,43,1.0,0.9949958298582152,0.994787141615986,,,,0.984630823135376,1193,1199
sv_mean,sub-05_FDSI_staircase_snr30dB,sub-05,staircase,30,5,30,1.0,0.993006993006993,0.9927228623408126,,,,0.9424334168434144,1704,1716
sv_mean,sub-05_FDSI_staircase_snr30dB,sub-05,staircase,30,6,40,1.0,0.9933823529411764,0.993114001530222,,,,0.9547821283340454,1351,1360
sv_mean,sub-05_FDSI_staircase_snr30dB,sub-05,staircase,30,7,34,1.0,0.9824780976220276,0.9817470664928292,,,,0.9487758874893188,1570,1598
sv_mean,sub-05_FDSI_staircase_snr30dB,sub-05,staircase,30,8,41,1.0,0.9283625730994152,0.9256449165402124,,,,0.918831706047058,1344,1294
sv_mean,sub-05_FDSI_staircase_snr30dB,sub-05,staircase,30,9,37,0.9322033898305084,0.9643337819650069,0.9656622284512963,,,,0.9223195910453796,1433,1486
sv_mean,sub-05_FDSI_staircase_snr30dB,sub-05,staircase,30,10,39,0.9824561403508772,0.9900071377587436,0.9903273809523808,,,,0.9513327479362488,1387,1401
sv_mean,sub-05_FDSI_staircase_snr30dB,sub-05,staircase,30,11,36,0.9672131147540984,0.9758169934640524,0.9761742682096664,,,,0.9194488525390624,1493,1530
sv_mean,sub-05_FDSI_staircase_snr30dB,sub-05,staircase,30,12,33,0.9076923076923076,0.3141197497765862,0.296364473078693,,,,0.7548574209213257,1304,1637
sv_mean,sub-05_FDSI_staircase_snr30dB,sub-05,staircase,30,13,16,0.9615384615384616,0.986784140969163,0.9877862595419848,,,,0.9533550143241882,2016,2043
sv_mean,sub-05_FDSI_staircase_snr25dB,sub-05,staircase,25,0,35,1.0,0.9687699171446782,0.9674634794156708,,,,0.9382128119468688,1520,1569
sv_mean,sub-05_FDSI_staircase_snr25dB,sub-05,staircase,25,1,31,1.0,0.9864546525323912,0.9859154929577464,,,,0.944531261920929,1675,1698
sv_mean,sub-05_FDSI_staircase_snr25dB,sub-05,staircase,25,2,44,1.0,0.9947229551451188,0.994500458295142,,,,0.96804940700531,1131,1137
sv_mean,sub-05_FDSI_staircase_snr25dB,sub-05,staircase,25,3,42,0.9591836734693876,0.890302066772655,0.8875103391232424,,,,0.8683783411979675,1128,1250
sv_mean,sub-05_FDSI_staircase_snr25dB,sub-05,staircase,25,4,43,1.0,0.9949958298582152,0.994787141615986,,,,0.9755008816719056,1193,1199
sv_mean,sub-05_FDSI_staircase_snr25dB,sub-05,staircase,25,5,40,0.981132075471698,0.9830882352941176,0.983167559296098,,,,0.9404840469360352,1337,1360
sv_mean,sub-05_FDSI_staircase_snr25dB,sub-05,staircase,25,6,36,0.9016393442622952,0.3398568019093079,0.3230088495575221,,,,0.8336843252182007,1277,1530
sv_mean,sub-05_FDSI_staircase_snr25dB,sub-05,staircase,25,7,16,0.9871794871794872,0.97503671071953,0.9745547073791349,,,,0.938014805316925,1992,2043
sv_mean,sub-05_FDSI_staircase_snr25dB,sub-05,staircase,25,8,30,0.9701492537313432,0.951048951048951,0.9502728926622196,,,,0.9250074028968812,1632,1716
sv_mean,sub-05_FDSI_staircase_snr20dB,sub-05,staircase,20,0,31,1.0,0.9699823425544438,0.9687882496940023,,,,0.921829640865326,1649,1698
sv_mean,sub-05_FDSI_staircase_snr20dB,sub-05,staircase,20,1,43,1.0,0.9933277731442868,0.993049522154648,,,,0.9594069123268129,1191,1199
sv_mean,sub-05_FDSI_staircase_snr20dB,sub-05,staircase,20,2,44,1.0,0.962313759859772,0.960730593607306,,,,0.8689272999763489,1102,1137
sv_mean,sub-05_FDSI_staircase_snr15dB,sub-05,staircase,15,0,31,0.9402985074626866,0.8977803738317757,0.896048632218845,,,,0.8881784677505493,1551,1698
sv_mean,sub-05_FDSI_staircase_snr15dB,sub-05,staircase,15,1,43,0.9791666666666666,0.975,0.9748263888888888,,,,0.9336686730384828,1171,1199
sv_mean,sub-05_FDSI_staircase_snr15dB,sub-05,staircase,15,2,44,0.9782608695652174,0.9396853146853148,0.9380692167577414,,,,0.8472270965576172,1082,1137
sv_mean,sub-05_FDSI_triangular-ramp40s_snr30dB,sub-05,triangular-ramp40s,30,0,44,1.0,0.952439024390244,0.9497422680412372,1.0,0.9429824561403508,1.0,0.8124316334724426,786,815
sv_mean,sub-05_FDSI_triangular-ramp40s_snr30dB,sub-05,triangular-ramp40s,30,1,41,1.0,0.9738493723849372,0.9724061810154524,0.9902912621359224,0.9675,1.0,0.9362434148788452,950,937
sv_mean,sub-05_FDSI_triangular-ramp40s_snr30dB,sub-05,triangular-ramp40s,30,2,43,1.0,0.9698025551684089,0.9679802955665024,0.9897959183673468,0.9650837988826816,1.0,0.8763695955276489,836,860
sv_mean,sub-05_FDSI_triangular-ramp40s_snr30dB,sub-05,triangular-ramp40s,30,3,35,1.0,0.9946855624446412,0.9943872778297476,0.976,0.9936238044633368,0.9846153846153848,0.9554383158683776,1123,1129
sv_mean,sub-05_FDSI_triangular-ramp40s_snr30dB,sub-05,triangular-ramp40s,30,4,31,1.0,0.992635024549918,0.9922077922077922,0.9927007299270072,0.9921491658488716,1.0,0.9525663256645204,1213,1222
sv_mean,sub-05_FDSI_triangular-ramp40s_snr30dB,sub-05,triangular-ramp40s,30,5,16,1.0,0.990482664853841,0.9899280575539569,0.9877300613496932,0.9877750611246944,0.9879518072289156,0.9526832699775696,1457,1471
sv_mean,sub-05_FDSI_triangular-ramp40s_snr30dB,sub-05,triangular-ramp40s,30,6,40,1.0,0.9969199178644764,0.9967355821545156,1.0,0.996300863131936,1.0,0.9631232619285583,971,974
sv_mean,sub-05_FDSI_triangular-ramp40s_snr30dB,sub-05,triangular-ramp40s,30,7,39,1.0,0.9899699097291876,0.989384288747346,1.0,0.9879807692307692,0.9642857142857144,0.9526379108428956,987,997
sv_mean,sub-05_FDSI_triangular-ramp40s_snr30dB,sub-05,triangular-ramp40s,30,8,33,0.9206349206349206,0.9424216765453006,0.943649373881932,0.9534883720930232,0.9401622718052738,0.9545454545454546,0.9202300310134888,1117,1177
sv_mean,sub-05_FDSI_triangular-ramp40s_snr30dB,sub-05,triangular-ramp40s,30,9,42,1.0,0.9713024282560706,0.969626168224299,0.99,0.9667994687915008,1.0,0.8970726728439331,880,906
sv_mean,sub-05_FDSI_triangular-ramp40s_snr30dB,sub-05,triangular-ramp40s,30,10,30,1.0,0.9904761904761904,0.9899413243922884,0.9928057553956836,0.9904942965779469,0.9855072463768116,0.96332448720932,1248,1260
sv_mean,sub-05_FDSI_triangular-ramp40s_snr30dB,sub-05,triangular-ramp40s,30,11,36,0.9672131147540984,0.9493670886075948,0.9483253588516748,0.9672131147540984,0.9447453954496208,0.9836065573770492,0.8947296142578125,1056,1100
sv_mean,sub-05_FDSI_triangular-ramp40s_snr30dB,sub-05,triangular-ramp40s,30,12,34,0.9,0.9260869565217392,0.9275229357798164,0.9444444444444444,0.920997920997921,0.967741935483871,0.8964816331863403,1068,1147
sv_mean,sub-05_FDSI_triangular-ramp40s_snr25dB,sub-05,triangular-ramp40s,25,0,44,1.0,0.8864994026284349,0.880201765447667,1.0,0.8644793152639088,1.0,0.7781273722648621,764,815
sv_mean,sub-05_FDSI_triangular-ramp40s_snr25dB,sub-05,triangular-ramp40s,25,1,35,1.0,0.9813994685562444,0.980355472404116,0.9838709677419356,0.9787460148777896,0.9846153846153848,0.929530143737793,1108,1129
sv_mean,sub-05_FDSI_triangular-ramp40s_snr25dB,sub-05,triangular-ramp40s,25,2,30,1.0,0.9801744647105473,0.9790619765494136,1.0,0.976258309591643,1.0,0.9290798902511596,1237,1260
sv_mean,sub-05_FDSI_triangular-ramp40s_snr25dB,sub-05,triangular-ramp40s,25,3,31,1.0,0.9909983633387888,0.9904761904761904,0.9927007299270072,0.9911678115799804,0.9848484848484848,0.942558526992798,1211,1222
sv_mean,sub-05_FDSI_triangular-ramp40s_snr25dB,sub-05,triangular-ramp40s,25,4,40,0.9818181818181818,0.9856410256410256,0.9858695652173912,0.9908256880733946,0.9839901477832512,1.0,0.937699854373932,962,974
sv_mean,sub-05_FDSI_triangular-ramp40s_snr25dB,sub-05,triangular-ramp40s,25,5,41,0.9411764705882352,0.5871934604904632,0.5744530698659139,0.9615384615384616,0.5584518167456556,0.5454545454545454,0.9035650491714478,1393,937
sv_mean,sub-05_FDSI_triangular-ramp40s_snr25dB,sub-05,triangular-ramp40s,25,6,43,1.0,0.9965116279069768,0.996300863131936,1.0,0.9958041958041958,1.0,0.9667999148368835,857,860
sv_mean,sub-05_FDSI_triangular-ramp40s_snr25dB,sub-05,triangular-ramp40s,25,7,36,0.9344262295081968,0.2941558441558441,0.2677484787018255,0.9344262295081968,0.2537993920972644,0.0490196078431372,0.7708197832107544,893,1100
sv_mean,sub-05_FDSI_triangular-ramp40s_snr25dB,sub-05,triangular-ramp40s,25,8,39,0.9272727272727272,0.9530469530469532,0.9545454545454546,0.9363636363636364,0.9545454545454546,0.9285714285714286,0.930108368396759,958,997
sv_mean,sub-05_FDSI_triangular-ramp40s_snr25dB,sub-05,triangular-ramp40s,25,9,16,0.9753086419753086,0.9571719918422842,0.956115107913669,0.9631901840490796,0.9519152404237978,0.9759036144578314,0.935820996761322,1408,1471
sv_mean,sub-05_FDSI_triangular-ramp40s_snr20dB,sub-05,triangular-ramp40s,20,0,31,0.9705882352941176,0.963205233033524,0.9627705627705628,0.9565217391304348,0.9617271835132484,1.0,0.9163307547569276,1179,1222
sv_mean,sub-05_FDSI_triangular-ramp40s_snr20dB,sub-05,triangular-ramp40s,20,1,43,1.0,0.994186046511628,0.9938347718865598,1.0,0.993006993006993,1.0,0.9529026746749878,855,860
sv_mean,sub-05_FDSI_triangular-ramp40s_snr20dB,sub-05,triangular-ramp40s,20,2,44,1.0,0.939540507859734,0.9361430395913156,1.0,0.9276410998552822,1.0,0.8288323283195496,789,815
sv_mean,sub-05_FDSI_triangular-ramp40s_snr15dB,sub-05,triangular-ramp40s,15,0,43,0.979591836734694,0.972093023255814,0.9716399506781752,0.9897959183673468,0.972027972027972,0.9361702127659576,0.9342926144599916,836,860
sv_mean,sub-05_FDSI_triangular-ramp40s_snr15dB,sub-05,triangular-ramp40s,15,1,44,1.0,0.9212121212121211,0.9167733674775927,0.9888888888888888,0.9100145137880988,0.9565217391304348,0.8554587364196777,770,815
sv_mean,sub-05_FDSI_triangular-ramp20s_snr30dB,sub-05,triangular-ramp20s,30,0,39,0.9636363636363636,0.9761431411530817,0.9768664563617244,0.981981981981982,0.9749403341288784,0.9482758620689656,0.9202701449394226,987,1001
sv_mean,sub-05_FDSI_triangular-ramp20s_snr30dB,sub-05,triangular-ramp20s,30,1,35,1.0,0.9866785079928952,0.9858889934148636,1.0,0.983991462113127,1.0,0.9349405765533448,1111,1126
sv_mean,sub-05_FDSI_triangular-ramp20s_snr30dB,sub-05,triangular-ramp20s,30,2,30,1.0,0.9888089528377298,0.9881255301102628,0.9928571428571428,0.9875239923224568,1.0,0.9291502237319946,1237,1251
sv_mean,sub-05_FDSI_triangular-ramp20s_snr30dB,sub-05,triangular-ramp20s,30,3,29,0.9315068493150684,0.1059670781893004,0.0737573490112239,0.9166666666666666,0.0433749257278669,0.0535714285714285,0.8778401017189026,876,1274
sv_mean,sub-05_FDSI_triangular-ramp20s_snr30dB,sub-05,triangular-ramp20s,30,4,16,0.9761904761904762,0.9857723577235772,0.9863505747126436,0.9754601226993864,0.984577922077922,1.0,0.9501549601554872,1455,1476
sv_mean,sub-05_FDSI_triangular-ramp20s_snr30dB,sub-05,triangular-ramp20s,30,5,36,1.0,0.7581589958158996,0.7451499118165785,1.0,0.7662203913491246,0.3861386138613861,0.8279517292976379,1010,1091
sv_mean,sub-05_FDSI_triangular-ramp20s_snr30dB,sub-05,triangular-ramp20s,30,6,40,1.0,0.9907407407407408,0.9902067464635472,1.0,0.9888888888888888,1.0,0.956513285636902,963,972
sv_mean,sub-05_FDSI_triangular-ramp20s_snr30dB,sub-05,triangular-ramp20s,30,7,31,1.0,0.989344262295082,0.9887250650477016,0.9926470588235294,0.9891944990176816,0.9848484848484848,0.9352909922599792,1207,1220
sv_mean,sub-05_FDSI_triangular-ramp20s_snr30dB,sub-05,triangular-ramp20s,30,8,43,1.0,0.985981308411215,0.9851668726823238,1.0,0.9832167832167832,1.0,0.946450173854828,844,856
sv_mean,sub-05_FDSI_triangular-ramp20s_snr30dB,sub-05,triangular-ramp20s,30,9,41,1.0,0.5960890087660148,0.5817039106145251,0.961904761904762,0.5705426356589147,0.5340909090909091,0.9123289585113524,1426,941
sv_mean,sub-05_FDSI_triangular-ramp20s_snr30dB,sub-05,triangular-ramp20s,30,10,42,1.0,0.608029197080292,0.5934897804693414,1.0,0.6064461407972859,0.2234042553191489,0.9026718735694884,1307,896
sv_mean,sub-05_FDSI_triangular-ramp20s_snr30dB,sub-05,triangular-ramp20s,30,11,37,0.9830508474576272,0.7913351016799293,0.7807835820895522,0.9658119658119658,0.7581151832460733,0.9830508474576272,0.8547477126121521,958,1068
sv_mean,sub-05_FDSI_triangular-ramp20s_snr30dB,sub-05,triangular-ramp20s,30,12,33,0.9375,0.1648906337633202,0.1361256544502617,0.953125,0.1092436974789916,0.0571428571428571,0.8483240604400635,899,1178
sv_mean,sub-05_FDSI_triangular-ramp20s_snr30dB,sub-05,triangular-ramp20s,30,13,44,1.0,0.9963369963369964,0.996124031007752,1.0,0.9956140350877192,1.0,0.9718371033668518,816,819
sv_mean,sub-05_FDSI_triangular-ramp20s_snr30dB,sub-05,triangular-ramp20s,30,14,34,0.9672131147540984,0.1497975708502024,0.1199040767386091,0.9838709677419356,0.0908483633934535,0.058252427184466,0.8706048130989075,834,1154
sv_mean,sub-05_FDSI_triangular-ramp20s_snr25dB,sub-05,triangular-ramp20s,25,0,41,1.0,0.5579710144927537,0.5426039536468984,0.961904761904762,0.5205992509363296,0.6538461538461539,0.8806604743003845,1424,941
sv_mean,sub-05_FDSI_triangular-ramp20s_snr25dB,sub-05,triangular-ramp20s,25,1,30,1.0,0.9592326139088728,0.9567430025445292,0.9857142857142858,0.9529750479846448,1.0,0.9115644693374634,1200,1251
sv_mean,sub-05_FDSI_triangular-ramp20s_snr25dB,sub-05,triangular-ramp20s,25,2,44,1.0,0.9951159951159952,0.9948320413436692,1.0,0.9941520467836256,1.0,0.9557350873947144,815,819
sv_mean,sub-05_FDSI_triangular-ramp20s_snr25dB,sub-05,triangular-ramp20s,25,3,39,0.9090909090909092,0.883349012229539,0.8819444444444444,0.9369369369369368,0.8681564245810056,0.9827586206896552,0.8832774758338928,1001,1001
sv_mean,sub-05_FDSI_triangular-ramp20s_snr25dB,sub-05,triangular-ramp20s,25,4,31,0.9850746268656716,0.9754098360655736,0.9748482220294884,0.9926470588235294,0.9734774066797642,0.9696969696969696,0.9109269380569458,1190,1220
sv_mean,sub-05_FDSI_triangular-ramp20s_snr25dB,sub-05,triangular-ramp20s,25,5,34,0.9344262295081968,0.8807260155574762,0.8777372262773723,0.9516129032258064,0.8649484536082475,0.984126984126984,0.8766767978668213,1022,1154
sv_mean,sub-05_FDSI_triangular-ramp20s_snr25dB,sub-05,triangular-ramp20s,25,6,43,1.0,0.9813084112149532,0.9802224969097652,1.0,0.9776223776223776,1.0,0.9186660647392272,840,856
sv_mean,sub-05_FDSI_triangular-ramp20s_snr25dB,sub-05,triangular-ramp20s,25,7,40,0.9622641509433962,0.9278455284552846,0.9258861439312568,0.981132075471698,0.9172749391727494,0.9821428571428572,0.9002097249031067,925,972
sv_mean,sub-05_FDSI_triangular-ramp20s_snr25dB,sub-05,triangular-ramp20s,25,8,35,0.984126984126984,0.9716060337178348,0.9708646616541352,0.984,0.96908315565032,0.984375,0.9192355871200562,1096,1126
sv_mean,sub-05_FDSI_triangular-ramp20s_snr25dB,sub-05,triangular-ramp20s,25,9,16,0.9523809523809524,0.936357481381178,0.9353912419239052,0.950920245398773,0.9318734793187348,0.951219512195122,0.9227464199066162,1384,1476
sv_mean,sub-05_FDSI_triangular-ramp20s_snr20dB,sub-05,triangular-ramp20s,20,0,43,1.0,0.991822429906542,0.9913473423980222,1.0,0.9902097902097902,1.0,0.95246022939682,849,856
sv_mean,sub-05_FDSI_triangular-ramp20s_snr20dB,sub-05,triangular-ramp20s,20,1,44,1.0,0.9227053140096618,0.9182630906768838,1.0,0.9090909090909092,0.9787234042553192,0.837325930595398,773,819
sv_mean,sub-05_FDSI_triangular-ramp20s_snr20dB,sub-05,triangular-ramp20s,20,2,31,0.9850746268656716,0.9434889434889436,0.9410745233968804,0.9852941176470588,0.9371933267909716,0.9545454545454546,0.8824094533920288,1153,1220
sv_mean,sub-05_FDSI_triangular-ramp20s_snr15dB,sub-05,triangular-ramp20s,15,0,44,1.0,0.8532544378698225,0.845,1.0,0.8267605633802817,0.9787234042553192,0.8247197866439819,747,819
sv_mean,sub-05_FDSI_triangular-ramp20s_snr15dB,sub-05,triangular-ramp20s,15,1,43,0.9787234042553192,0.9649532710280374,0.9641532756489494,0.9893617021276596,0.9622377622377624,0.9574468085106383,0.9198927879333496,826,856
sv_mean,sub-05_FDSI_triangular-ramp10s_snr30dB,sub-05,triangular-ramp10s,30,0,43,1.0,0.967479674796748,0.965559655596556,0.9893617021276596,0.9625,1.0,0.8849167823791504,833,861
sv_mean,sub-05_FDSI_triangular-ramp10s_snr30dB,sub-05,triangular-ramp10s,30,1,44,1.0,0.9890510948905108,0.98840206185567,0.9787234042553192,0.9897360703812316,1.0,0.9652198553085328,813,822
sv_mean,sub-05_FDSI_triangular-ramp10s_snr30dB,sub-05,triangular-ramp10s,30,2,42,1.0,0.6793327154772938,0.6640776699029126,0.9696969696969696,0.6336206896551724,0.9423076923076924,0.8011032342910767,909,903
sv_mean,sub-05_FDSI_triangular-ramp10s_snr30dB,sub-05,triangular-ramp10s,30,3,30,1.0,0.988009592326139,0.9873203719357564,1.0,0.9855907780979828,1.0,0.910262405872345,1236,1251
sv_mean,sub-05_FDSI_triangular-ramp10s_snr30dB,sub-05,triangular-ramp10s,30,4,40,1.0,0.977366255144033,0.9760609357997824,1.0,0.9740420271940669,0.9818181818181818,0.9290093779563904,950,972
sv_mean,sub-05_FDSI_triangular-ramp10s_snr30dB,sub-05,triangular-ramp10s,30,5,31,0.9852941176470588,0.973920130399348,0.971551724137931,1.0,0.968780487804878,1.0,0.8758241534233093,1196,1226
sv_mean,sub-05_FDSI_triangular-ramp10s_snr30dB,sub-05,triangular-ramp10s,30,6,41,1.0,0.3987878787878788,0.3792240300375469,1.0,0.3470790378006873,0.5434782608695652,0.8912934064865112,1376,932
sv_mean,sub-05_FDSI_triangular-ramp10s_snr30dB,sub-05,triangular-ramp10s,30,7,36,0.9508196721311476,0.2392108508014796,0.2114029468289558,0.9338842975206612,0.1959798994974874,0.0576923076923076,0.7764261364936829,912,1098
sv_mean,sub-05_FDSI_triangular-ramp10s_snr30dB,sub-05,triangular-ramp10s,30,8,34,0.984126984126984,0.9321148825065274,0.929097605893186,0.984375,0.922675026123302,0.96875,0.911103129386902,1072,1148
sv_mean,sub-05_FDSI_triangular-ramp10s_snr30dB,sub-05,triangular-ramp10s,30,9,35,1.0,0.9624664879356568,0.9602649006622516,0.9833333333333332,0.9594017094017094,0.9682539682539684,0.8928515315055847,1077,1119
sv_mean,sub-05_FDSI_triangular-ramp10s_snr30dB,sub-05,triangular-ramp10s,30,10,39,1.0,0.8181818181818182,0.8090909090909091,0.972972972972973,0.7892603850050659,0.9827586206896552,0.8654073476791382,1093,1007
sv_mean,sub-05_FDSI_triangular-ramp10s_snr30dB,sub-05,triangular-ramp10s,30,11,33,0.9846153846153848,0.0798097251585623,0.0476190476190476,0.6923076923076923,0.0321981424148606,0.0275229357798165,0.907726228237152,855,1188
sv_mean,sub-05_FDSI_triangular-ramp10s_snr30dB,sub-05,triangular-ramp10s,30,12,16,1.0,0.9864038069340584,0.9856527977044476,0.9873417721518988,0.9853777416734364,1.0,0.9484915733337402,1451,1471
sv_mean,sub-05_FDSI_triangular-ramp10s_snr25dB,sub-05,triangular-ramp10s,25,0,43,1.0,0.994192799070848,0.993849938499385,1.0,0.9930555555555556,1.0,0.9549025297164916,856,861
sv_mean,sub-05_FDSI_triangular-ramp10s_snr25dB,sub-05,triangular-ramp10s,25,1,35,0.9838709677419356,0.911685994647636,0.9074598677998112,0.9416666666666668,0.9040511727078892,0.9682539682539684,0.8825938701629639,1024,1119
sv_mean,sub-05_FDSI_triangular-ramp10s_snr25dB,sub-05,triangular-ramp10s,25,2,30,1.0,0.9464428457234212,0.9433643279797126,0.9928571428571428,0.9385206532180596,0.9714285714285714,0.8910818696022034,1184,1251
sv_mean,sub-05_FDSI_triangular-ramp10s_snr25dB,sub-05,triangular-ramp10s,25,3,44,1.0,0.9914841849148418,0.990979381443299,1.0,0.9897360703812316,1.0,0.9583054184913636,815,822
sv_mean,sub-05_FDSI_triangular-ramp10s_snr25dB,sub-05,triangular-ramp10s,25,4,40,1.0,0.9364102564102564,0.9327548806941433,0.9814814814814816,0.9310344827586208,0.9272727272727272,0.8877609372138977,916,972
sv_mean,sub-05_FDSI_triangular-ramp10s_snr25dB,sub-05,triangular-ramp10s,25,5,39,0.9272727272727272,0.7628951747088186,0.7550130775937227,0.9380530973451328,0.7374031007751938,0.8448275862068966,0.8296834826469421,1112,1007
sv_mean,sub-05_FDSI_triangular-ramp10s_snr25dB,sub-05,triangular-ramp10s,25,6,41,0.9615384615384616,0.1345565749235474,0.1120418848167539,0.8715596330275229,0.0968858131487889,0.0526315789473684,0.8224376440048218,1294,932
sv_mean,sub-05_FDSI_triangular-ramp10s_snr25dB,sub-05,triangular-ramp10s,25,7,31,0.9852941176470588,0.9471114727420668,0.9432013769363168,0.9925373134328358,0.937682570593963,1.0,0.8656905293464661,1167,1226
sv_mean,sub-05_FDSI_triangular-ramp10s_snr20dB,sub-05,triangular-ramp10s,20,0,43,1.0,0.9686411149825784,0.966789667896679,0.946808510638298,0.9694444444444444,1.0,0.9199709892272948,834,861
sv_mean,sub-05_FDSI_triangular-ramp10s_snr20dB,sub-05,triangular-ramp10s,20,1,44,1.0,0.9483173076923076,0.94529262086514,0.9893617021276596,0.9393063583815028,1.0,0.9012491703033448,799,822
sv_mean,sub-05_FDSI_triangular-ramp10s_snr20dB,sub-05,triangular-ramp10s,20,2,31,0.9264705882352942,0.914030819140308,0.9116638078902228,0.9552238805970148,0.903883495145631,0.9855072463768116,0.8596611618995667,1134,1226
sv_mean,sub-05_FDSI_triangular-ramp10s_snr15dB,sub-05,triangular-ramp10s,15,0,44,0.9565217391304348,0.8543577981651376,0.8486682808716707,0.9787234042553192,0.8306010928961749,0.9782608695652174,0.8250038027763367,795,822
sv_mean,sub-05_FDSI_triangular-ramp10s_snr15dB,sub-05,triangular-ramp10s,15,1,43,0.9375,0.9663573085846868,0.968058968058968,0.9680851063829788,0.9653259361997226,0.9787234042553192,0.8946196436882019,834,861
sv_mean,sub-05_FDSI_triangular-ramp10s_snr15dB,sub-05,triangular-ramp10s,15,2,31,0.9411764705882352,0.8146111547525531,0.8059701492537313,0.9328358208955224,0.7902621722846442,0.9577464788732394,0.8143515586853027,1084,1226
sv_mean,sub-05_FDSI_triangular-ramp5s_snr30dB,sub-05,triangular-ramp5s,30,0,44,1.0,0.9950980392156864,0.9948119325551232,0.989010989010989,0.9955817378497792,1.0,0.959528148174286,812,816
sv_mean,sub-05_FDSI_triangular-ramp5s_snr30dB,sub-05,triangular-ramp5s,30,1,30,1.0,0.9666136724960256,0.9646761984861228,0.9712230215827338,0.9619771863117872,1.0,0.8639711141586304,1217,1257
sv_mean,sub-05_FDSI_triangular-ramp5s_snr30dB,sub-05,triangular-ramp5s,30,2,43,1.0,0.9964912280701754,0.996300863131936,0.9782608695652174,0.9958041958041958,1.0,0.9509956240653992,852,855
sv_mean,sub-05_FDSI_triangular-ramp5s_snr30dB,sub-05,triangular-ramp5s,30,3,41,1.0,0.0916069600818833,0.0677521008403361,0.675,0.0552646887725421,0.0535714285714285,0.8231412768363953,1200,933
sv_mean,sub-05_FDSI_triangular-ramp5s_snr30dB,sub-05,triangular-ramp5s,30,4,31,1.0,0.9544715447154472,0.9518072289156626,0.9343065693430656,0.9541015625,1.0,0.8244611024856567,1175,1229
sv_mean,sub-05_FDSI_triangular-ramp5s_snr30dB,sub-05,triangular-ramp5s,30,5,36,1.0,0.3647887323943662,0.3367647058823529,0.7593984962406015,0.3499577345731192,0.0490196078431372,0.772759199142456,837,1101
sv_mean,sub-05_FDSI_triangular-ramp5s_snr30dB,sub-05,triangular-ramp5s,30,6,35,1.0,0.9141104294478528,0.9093432007400556,0.8461538461538461,0.9166666666666666,0.984375,0.8732501268386841,1055,1129
sv_mean,sub-05_FDSI_triangular-ramp5s_snr30dB,sub-05,triangular-ramp5s,30,7,34,0.9846153846153848,0.075880758807588,0.0426966292134831,0.7194244604316546,0.0295969773299748,0.0571428571428571,0.9132787585258484,828,1157
sv_mean,sub-05_FDSI_triangular-ramp5s_snr30dB,sub-05,triangular-ramp5s,30,8,42,1.0,0.0885515496521189,0.0593994778067885,0.6173913043478261,0.0504017531044558,0.043010752688172,0.8948705792427063,824,897
sv_mean,sub-05_FDSI_triangular-ramp5s_snr30dB,sub-05,triangular-ramp5s,30,9,16,0.9876543209876544,0.9671007539410555,0.9658925979680696,0.9272727272727272,0.9703947368421052,0.9746835443037974,0.9331216812133788,1411,1459
sv_mean,sub-05_FDSI_triangular-ramp5s_snr30dB,sub-05,triangular-ramp5s,30,10,40,1.0,0.0842663523865645,0.0541692026780279,0.7706422018348624,0.039057239057239,0.04,0.9170451164245604,860,980
sv_mean,sub-05_FDSI_triangular-ramp5s_snr30dB,sub-05,triangular-ramp5s,30,11,33,0.9696969696969696,0.0681818181818181,0.0355969331872946,0.4739884393063583,0.0349781386633354,0.048076923076923,0.9046440720558168,834,1187
sv_mean,sub-05_FDSI_triangular-ramp5s_snr30dB,sub-05,triangular-ramp5s,30,12,29,0.9142857142857144,0.0568181818181818,0.0287326834273986,0.4514285714285714,0.0291545189504373,0.0526315789473684,0.8926777839660645,867,1272
sv_mean,sub-05_FDSI_triangular-ramp5s_snr25dB,sub-05,triangular-ramp5s,25,0,43,1.0,0.9883040935672516,0.9876695437731196,0.978021978021978,0.9902097902097902,0.979591836734694,0.9343888759613036,845,855
sv_mean,sub-05_FDSI_triangular-ramp5s_snr25dB,sub-05,triangular-ramp5s,25,1,44,1.0,0.701212789415656,0.685614849187935,0.7653061224489796,0.6762778505897772,0.9782608695652174,0.7953913807868958,727,816
sv_mean,sub-05_FDSI_triangular-ramp5s_snr25dB,sub-05,triangular-ramp5s,25,2,41,0.98,0.1027361899845121,0.0794912559618442,0.7033898305084746,0.0663145539906103,0.0535714285714285,0.8028097748756409,1203,933
sv_mean,sub-05_FDSI_triangular-ramp5s_snr25dB,sub-05,triangular-ramp5s,25,3,40,0.9814814814814816,0.7472014925373134,0.7347740667976425,0.7368421052631579,0.7331118493909191,1.0,0.8339229822158813,893,980
sv_mean,sub-05_FDSI_triangular-ramp5s_snr25dB,sub-05,triangular-ramp5s,25,4,42,0.9387755102040816,0.0770218228498074,0.049039098740888,0.5765765765765766,0.0414814814814814,0.043010752688172,0.8861775994300842,781,897
sv_mean,sub-05_FDSI_triangular-ramp5s_snr25dB,sub-05,triangular-ramp5s,25,5,16,0.9506172839506172,0.9403701165181632,0.9397677793904208,0.9454545454545454,0.9407407407407408,0.9240506329113924,0.9096745252609252,1372,1459
sv_mean,sub-05_FDSI_triangular-ramp5s_snr25dB,sub-05,triangular-ramp5s,25,6,31,0.9558823529411764,0.841552142279709,0.834901625320787,0.8695652173913043,0.8281553398058252,0.9855072463768116,0.8252120614051819,1049,1229
sv_mean,sub-05_FDSI_triangular-ramp5s_snr25dB,sub-05,triangular-ramp5s,25,7,36,0.9333333333333332,0.3404104741684359,0.3141167775314116,0.5259259259259259,0.3466780238500851,0.0490196078431372,0.7521046996116638,793,1101
sv_mean,sub-05_FDSI_triangular-ramp5s_snr25dB,sub-05,triangular-ramp5s,25,8,35,1.0,0.8158123370981755,0.8056828597616865,0.8015873015873016,0.8056133056133056,0.96875,0.8267836570739746,961,1129
sv_mean,sub-05_FDSI_triangular-ramp5s_snr25dB,sub-05,triangular-ramp5s,25,9,30,0.9710144927536232,0.9131807419100236,0.9098497495826378,0.9424460431654677,0.9047169811320754,0.9852941176470588,0.8405479192733765,1167,1257
sv_mean,sub-05_FDSI_triangular-ramp5s_snr20dB,sub-05,triangular-ramp5s,20,0,31,0.9705882352941176,0.8654602675059009,0.8595178719866999,0.9416058394160584,0.8505639097744361,0.9428571428571428,0.8211513161659241,1142,1229
sv_mean,sub-05_FDSI_triangular-ramp5s_snr20dB,sub-05,triangular-ramp5s,20,1,43,1.0,0.5693348365276212,0.5468564650059312,0.6483516483516484,0.5327978580990629,0.979591836734694,0.8227340579032898,537,855
sv_mean,sub-05_FDSI_triangular-ramp5s_snr20dB,sub-05,triangular-ramp5s,20,2,44,1.0,0.6224066390041494,0.6039173014145811,0.776595744680851,0.5849514563106796,0.9782608695652174,0.7883138656616211,748,816
sv_mean,sub-05_FDSI_triangular-ramp5s_snr20dB,sub-05,triangular-ramp5s,20,3,41,0.9215686274509804,0.1994318181818181,0.1778818022235225,0.5984848484848485,0.170844327176781,0.1160714285714285,0.7922878265380859,1178,933
sv_mean,sub-05_FDSI_triangular-ramp5s_snr15dB,sub-05,triangular-ramp5s,15,0,43,0.9090909090909092,0.6953488372093023,0.6838235294117647,0.5714285714285714,0.6958333333333333,0.9183673469387756,0.8416346311569214,603,855
sv_mean,sub-05_FDSI_triangular-ramp5s_snr15dB,sub-05,triangular-ramp5s,15,1,44,1.0,0.4400715563506261,0.4165890027958993,0.6494845360824743,0.3938461538461538,0.9782608695652174,0.736761748790741,794,816
sv_sum,sub-01_FDSI_staircase_snr30dB,sub-01,staircase,30,0,28,0.9850746268656716,0.9957575757575756,0.9949494949494948,,,,0.9899678826332092,1643,1650
sv_sum,sub-01_FDSI_staircase_snr30dB,sub-01,staircase,30,1,38,1.0,0.9929639401934915,0.9926739926739928,,,,0.9868525862693788,1129,1137
sv_sum,sub-01_FDSI_staircase_snr30dB,sub-01,staircase,30,2,7,0.9647058823529412,0.9765147956787223,0.9770058708414872,,,,0.9355888962745668,2079,2129
sv_sum,sub-01_FDSI_staircase_snr30dB,sub-01,staircase,30,3,37,1.0,0.9859387923904052,0.9853574504737296,,,,0.9334011673927308,1192,1209
sv_sum,sub-01_FDSI_staircase_snr30dB,sub-01,staircase,30,4,31,1.0,0.9718032786885246,0.9706083390293916,,,,0.915659725666046,1482,1525
sv_sum,sub-01_FDSI_staircase_snr30dB,sub-01,staircase,30,5,35,1.0,0.967016491754123,0.965625,,,,0.9213700890541076,1295,1329
sv_sum,sub-01_FDSI_staircase_snr30dB,sub-01,staircase,30,6,34,1.0,0.994198694706309,0.9939531368102796,,,,0.9624800682067872,1371,1379
sv_sum,sub-01_FDSI_staircase_snr30dB,sub-01,staircase,30,7,36,1.0,0.9968304278922344,0.9966969446738232,,,,0.9767304062843324,1258,1262
sv_sum,sub-01_FDSI_staircase_snr30dB,sub-01,staircase,30,8,24,1.0,0.976150859678314,0.975158867706528,,,,0.937330961227417,1760,1803
sv_sum,sub-01_FDSI_staircase_snr30dB,sub-01,staircase,30,9,30,1.0,0.9840966921119592,0.9834656084656084,,,,0.928020179271698,1547,1572
sv_sum,sub-01_FDSI_staircase_snr30dB,sub-01,staircase,30,10,33,1.0,0.9951048951048952,0.99490538573508,,,,0.9693719148635864,1423,1430
sv_sum,sub-01_FDSI_staircase_snr30dB,sub-01,staircase,30,11,32,1.0,0.9925925925925926,0.9922698524244554,,,,0.9733455181121826,1474,1485
sv_sum,sub-01_FDSI_staircase_snr30dB,sub-01,staircase,30,12,22,0.9324324324324323,0.9686147186147186,0.9701240135287486,,,,0.9289461374282836,1791,1847
sv_sum,sub-01_FDSI_staircase_snr30dB,sub-01,staircase,30,13,29,0.984126984126984,0.9679012345679012,0.9672447013487476,,,,0.916806936264038,1571,1617
sv_sum,sub-01_FDSI_staircase_snr25dB,sub-01,staircase,25,0,28,0.9850746268656716,0.9945454545454544,0.9936868686868688,,,,0.971512734889984,1641,1650
sv_sum,sub-01_FDSI_staircase_snr25dB,sub-01,staircase,25,1,38,1.0,0.9929639401934915,0.9926739926739928,,,,0.9806511402130128,1129,1137
sv_sum,sub-01_FDSI_staircase_snr25dB,sub-01,staircase,25,2,37,1.0,0.9801652892561984,0.9793459552495696,,,,0.908209502696991,1187,1209
sv_sum,sub-01_FDSI_staircase_snr25dB,sub-01,staircase,25,3,31,0.967741935483871,0.2547799021787461,0.2345679012345679,,,,0.9126970171928406,1297,1525
sv_sum,sub-01_FDSI_staircase_snr25dB,sub-01,staircase,25,4,24,0.9722222222222222,0.9700499168053244,0.9699595609474292,,,,0.9357763528823853,1749,1803
sv_sum,sub-01_FDSI_staircase_snr25dB,sub-01,staircase,25,5,34,1.0,0.9869470630891952,0.9863945578231292,,,,0.9425612092018129,1361,1379
sv_sum,sub-01_FDSI_staircase_snr25dB,sub-01,staircase,25,6,30,1.0,0.9745547073791349,0.9735449735449736,,,,0.9299997091293336,1532,1572
sv_sum,sub-01_FDSI_staircase_snr25dB,sub-01,staircase,25,7,36,1.0,0.9920760697305864,0.9917423616845582,,,,0.9716041088104248,1252,1262
sv_sum,sub-01_FDSI_staircase_snr25dB,sub-01,staircase,25,8,33,1.0,0.7705918242830995,0.7624763108022742,,,,0.8957775831222534,1472,1430
sv_sum,sub-01_FDSI_staircase_snr25dB,sub-01,staircase,25,9,32,1.0,0.9952861952861952,0.9950808151791988,,,,0.9674426913261414,1478,1485
sv_sum,sub-01_FDSI_staircase_snr25dB,sub-01,staircase,25,10,35,0.9629629629629628,0.9834462001504892,0.984313725490196,,,,0.9495998620986938,1307,1329
sv_sum,sub-01_FDSI_staircase_snr25dB,sub-01,staircase,25,11,29,0.9206349206349206,0.2514767932489452,0.2332032943216298,,,,0.8583113551139832,1349,1617
sv_sum,sub-01_FDSI_staircase_snr20dB,sub-01,staircase,20,0,28,0.9850746268656716,0.9957575757575756,0.9949494949494948,,,,0.9874538779258728,1643,1650
sv_sum,sub-01_FDSI_staircase_snr20dB,sub-01,staircase,20,1,38,1.0,0.992084432717678,0.9917582417582418,,,,0.966644823551178,1128,1137
sv_sum,sub-01_FDSI_staircase_snr20dB,sub-01,staircase,20,2,36,1.0,0.993660855784469,0.9933938893476466,,,,0.9629285335540771,1254,1262
sv_sum,sub-01_FDSI_staircase_snr20dB,sub-01,staircase,20,3,37,0.9791666666666666,0.9596042868920032,0.9587982832618026,,,,0.8976233005523682,1168,1209
sv_sum,sub-01_FDSI_staircase_snr20dB,sub-01,staircase,20,4,34,0.9821428571428572,0.972463768115942,0.9720543806646526,,,,0.9139667749404908,1343,1379
sv_sum,sub-01_FDSI_staircase_snr20dB,sub-01,staircase,20,5,32,1.0,0.9905723905723904,0.9901616303583978,,,,0.9588916301727296,1471,1485
sv_sum,sub-01_FDSI_staircase_snr15dB,sub-01,staircase,15,0,28,0.9850746268656716,0.9957575757575756,0.9949494949494948,,,,0.9844628572463988,1643,1650
sv_sum,sub-01_FDSI_staircase_snr15dB,sub-01,staircase,15,1,38,1.0,0.990325417766051,0.98992673992674,,,,0.9364712238311768,1126,1137
sv_sum,sub-01_FDSI_staircase_snr15dB,sub-01,staircase,15,2,36,0.9803921568627452,0.9770206022187004,0.976878612716763,,,,0.932753086090088,1233,1262
sv_sum,sub-01_FDSI_staircase_snr15dB,sub-01,staircase,15,3,34,0.9285714285714286,0.8905367231638418,0.8889705882352941,,,,0.8694713711738586,1298,1379
sv_sum,sub-01_FDSI_staircase_snr15dB,sub-01,staircase,15,4,32,0.9516129032258064,0.956346541302888,0.956552207428171,,,,0.9297658801078796,1428,1485
sv_sum,sub-01_FDSI_triangular-ramp40s_snr30dB,sub-01,triangular-ramp40s,30,0,28,1.0,0.9974747474747476,0.997326203208556,1.0,0.997983870967742,0.9846153846153848,0.989241898059845,1185,1188
sv_sum,sub-01_FDSI_triangular-ramp40s_snr30dB,sub-01,triangular-ramp40s,30,1,32,1.0,0.9981167608286252,0.99800796812749,1.0,0.9988674971687428,0.9833333333333332,0.9772028923034668,1060,1062
sv_sum,sub-01_FDSI_triangular-ramp40s_snr30dB,sub-01,triangular-ramp40s,30,2,30,1.0,0.9947229551451188,0.9944186046511628,1.0,0.9936708860759492,1.0,0.9671931862831116,1131,1137
sv_sum,sub-01_FDSI_triangular-ramp40s_snr30dB,sub-01,triangular-ramp40s,30,3,37,1.0,0.9732868757259,0.9717444717444718,1.0,0.967966573816156,1.0,0.8789783120155334,838,861
sv_sum,sub-01_FDSI_triangular-ramp40s_snr30dB,sub-01,triangular-ramp40s,30,4,34,0.9821428571428572,0.9897645854657112,0.9880694143167028,0.9910714285714286,0.9876695437731196,0.9818181818181818,0.9628142714500428,967,977
sv_sum,sub-01_FDSI_triangular-ramp40s_snr30dB,sub-01,triangular-ramp40s,30,5,35,1.0,0.9841772151898734,0.9832775919732442,1.0,0.981060606060606,1.0,0.9403880834579468,933,948
sv_sum,sub-01_FDSI_triangular-ramp40s_snr30dB,sub-01,triangular-ramp40s,30,6,24,0.9855072463768116,0.9774143302180686,0.976954732510288,0.9856115107913668,0.9757688723205964,0.9861111111111112,0.9488359093666076,1255,1284
sv_sum,sub-01_FDSI_triangular-ramp40s_snr30dB,sub-01,triangular-ramp40s,30,7,38,1.0,0.9975429975429976,0.9974025974025974,1.0,0.9970501474926252,1.0,0.9840290546417236,812,814
sv_sum,sub-01_FDSI_triangular-ramp40s_snr30dB,sub-01,triangular-ramp40s,30,8,33,1.0,0.9892367906066536,0.9886128364389234,1.0,0.9870740305522914,1.0,0.959490180015564,1011,1022
sv_sum,sub-01_FDSI_triangular-ramp40s_snr30dB,sub-01,triangular-ramp40s,30,9,36,1.0,0.9911797133406836,0.9906759906759908,1.0,0.9894875164257556,1.0,0.9727593660354614,899,907
sv_sum,sub-01_FDSI_triangular-ramp40s_snr30dB,sub-01,triangular-ramp40s,30,10,29,0.9682539682539684,0.9802575107296138,0.9809437386569873,0.984251968503937,0.9783950617283952,1.0,0.926620066165924,1144,1163
sv_sum,sub-01_FDSI_triangular-ramp40s_snr30dB,sub-01,triangular-ramp40s,30,11,31,1.0,0.989080982711556,0.9884615384615384,1.0,0.985838779956427,0.984126984126984,0.9492114782333374,1087,1099
sv_sum,sub-01_FDSI_triangular-ramp40s_snr30dB,sub-01,triangular-ramp40s,30,12,22,0.9333333333333332,0.9616829451540196,0.963375796178344,0.9523809523809524,0.958670260557053,1.0,0.9270697236061096,1281,1330
sv_sum,sub-01_FDSI_triangular-ramp40s_snr30dB,sub-01,triangular-ramp40s,30,13,7,0.902439024390244,0.9259986902423052,0.9273356401384084,0.8862275449101796,0.9277864992150706,0.9767441860465116,0.9216859936714172,1414,1527
sv_sum,sub-01_FDSI_triangular-ramp40s_snr25dB,sub-01,triangular-ramp40s,25,0,28,1.0,0.9966329966329966,0.9964349376114082,1.0,0.9969758064516128,0.9846153846153848,0.9901939034461976,1184,1188
sv_sum,sub-01_FDSI_triangular-ramp40s_snr25dB,sub-01,triangular-ramp40s,25,1,32,1.0,0.992467043314501,0.9920318725099602,1.0,0.9909399773499432,1.0,0.9689484238624572,1054,1062
sv_sum,sub-01_FDSI_triangular-ramp40s_snr25dB,sub-01,triangular-ramp40s,25,2,37,1.0,0.9433526011560692,0.9400977995110024,1.0,0.9321329639889196,1.0,0.8561918139457703,820,861
sv_sum,sub-01_FDSI_triangular-ramp40s_snr25dB,sub-01,triangular-ramp40s,25,3,24,0.927536231884058,0.9602803738317756,0.9621399176954732,0.9280575539568344,0.9608938547486032,0.9861111111111112,0.9311389923095704,1233,1284
sv_sum,sub-01_FDSI_triangular-ramp40s_snr25dB,sub-01,triangular-ramp40s,25,4,34,0.9642857142857144,0.9867075664621676,0.9859154929577464,0.9821428571428572,0.9839901477832512,1.0,0.939950942993164,966,977
sv_sum,sub-01_FDSI_triangular-ramp40s_snr25dB,sub-01,triangular-ramp40s,25,5,38,1.0,0.9975429975429976,0.9974025974025974,1.0,0.9970501474926252,1.0,0.9838350415229796,812,814
sv_sum,sub-01_FDSI_triangular-ramp40s_snr25dB,sub-01,triangular-ramp40s,25,6,29,0.9523809523809524,0.260435038212816,0.2338217338217338,0.9448818897637796,0.2180451127819548,0.036036036036036,0.8419825434684753,981,1163
sv_sum,sub-01_FDSI_triangular-ramp40s_snr25dB,sub-01,triangular-ramp40s,25,7,30,1.0,0.990325417766051,0.9897674418604652,1.0,0.9883966244725738,1.0,0.9589795470237732,1126,1137
sv_sum,sub-01_FDSI_triangular-ramp40s_snr25dB,sub-01,triangular-ramp40s,25,8,36,1.0,0.9944873208379272,0.9941724941724942,1.0,0.9921156373193168,0.98,0.9720776081085204,902,907
sv_sum,sub-01_FDSI_triangular-ramp40s_snr25dB,sub-01,triangular-ramp40s,25,9,35,0.9803921568627452,0.968421052631579,0.967741935483871,0.9805825242718448,0.9647798742138364,0.9622641509433962,0.923668384552002,922,948
sv_sum,sub-01_FDSI_triangular-ramp40s_snr25dB,sub-01,triangular-ramp40s,25,10,31,0.9830508474576272,0.2564102564102564,0.2285714285714285,0.9747899159663864,0.211944646758922,0.0576923076923076,0.9017740488052368,910,1099
sv_sum,sub-01_FDSI_triangular-ramp40s_snr25dB,sub-01,triangular-ramp40s,25,11,33,0.9821428571428572,0.121296813862493,0.0934795152914022,0.9642857142857144,0.0681094844048376,0.0693069306930693,0.8168355226516724,984,1022
sv_sum,sub-01_FDSI_triangular-ramp40s_snr20dB,sub-01,triangular-ramp40s,20,0,28,1.0,0.9949494949494948,0.9946524064171124,1.0,0.9939516129032258,1.0,0.98881733417511,1182,1188
sv_sum,sub-01_FDSI_triangular-ramp40s_snr20dB,sub-01,triangular-ramp40s,20,1,32,1.0,0.9915254237288136,0.9910358565737052,1.0,0.9898074745186864,1.0,0.9558840990066528,1053,1062
sv_sum,sub-01_FDSI_triangular-ramp40s_snr20dB,sub-01,triangular-ramp40s,20,2,38,1.0,0.995085995085995,0.9948051948051948,1.0,0.9941002949852508,1.0,0.9718377590179444,810,814
sv_sum,sub-01_FDSI_triangular-ramp40s_snr20dB,sub-01,triangular-ramp40s,20,3,35,0.9019607843137256,0.7357414448669202,0.7272727272727273,0.8557692307692307,0.7166853303471444,0.8181818181818182,0.8204485177993774,878,948
sv_sum,sub-01_FDSI_triangular-ramp40s_snr20dB,sub-01,triangular-ramp40s,20,4,36,1.0,0.9911797133406836,0.9906759906759908,1.0,0.988173455978975,0.98,0.9629719257354736,899,907
sv_sum,sub-01_FDSI_triangular-ramp40s_snr20dB,sub-01,triangular-ramp40s,20,5,34,0.9642857142857144,0.9542217700915564,0.9515086206896552,0.9821428571428572,0.9461444308445532,0.9818181818181818,0.899876058101654,944,977
sv_sum,sub-01_FDSI_triangular-ramp40s_snr20dB,sub-01,triangular-ramp40s,20,6,37,0.9148936170212766,0.945475638051044,0.947239263803681,0.946808510638298,0.9415855354659248,1.0,0.8961721658706665,816,861
sv_sum,sub-01_FDSI_triangular-ramp40s_snr15dB,sub-01,triangular-ramp40s,15,0,28,1.0,0.9949494949494948,0.9946524064171124,1.0,0.9939516129032258,1.0,0.9855964183807372,1182,1188
sv_sum,sub-01_FDSI_triangular-ramp40s_snr15dB,sub-01,triangular-ramp40s,15,1,34,0.9107142857142856,0.8987090367428004,0.8960084033613446,0.9553571428571428,0.8846611177170036,0.9636363636363636,0.8481720089912415,935,977
sv_sum,sub-01_FDSI_triangular-ramp40s_snr15dB,sub-01,triangular-ramp40s,15,2,36,0.9183673469387756,0.9823594266813672,0.986013986013986,0.9484536082474226,0.9842312746386334,0.98,0.9225388169288636,891,907
sv_sum,sub-01_FDSI_triangular-ramp40s_snr15dB,sub-01,triangular-ramp40s,15,3,38,1.0,0.9877149877149876,0.987012987012987,1.0,0.9852507374631267,1.0,0.9146674871444702,804,814
sv_sum,sub-01_FDSI_triangular-ramp20s_snr30dB,sub-01,triangular-ramp20s,30,0,36,1.0,0.9934138309549944,0.9930232558139536,0.9805825242718448,0.9921052631578948,1.0,0.9790995717048644,905,911
sv_sum,sub-01_FDSI_triangular-ramp20s_snr30dB,sub-01,triangular-ramp20s,30,1,38,1.0,0.9950556242274412,0.9947780678851176,1.0,0.994074074074074,1.0,0.980308473110199,805,809
sv_sum,sub-01_FDSI_triangular-ramp20s_snr30dB,sub-01,triangular-ramp20s,30,2,28,1.0,0.994186046511628,0.993838028169014,1.0,0.993006993006993,1.0,0.9823524355888368,1197,1204
sv_sum,sub-01_FDSI_triangular-ramp20s_snr30dB,sub-01,triangular-ramp20s,30,3,35,1.0,0.9832460732984292,0.9822616407982262,1.0,0.9798994974874372,1.0,0.929847240447998,940,954
sv_sum,sub-01_FDSI_triangular-ramp20s_snr30dB,sub-01,triangular-ramp20s,30,4,34,1.0,0.9939086294416244,0.9935691318327974,1.0,0.9927184466019418,1.0,0.9466263055801392,979,985
sv_sum,sub-01_FDSI_triangular-ramp20s_snr30dB,sub-01,triangular-ramp20s,30,5,32,1.0,0.995291902071563,0.9950149551345964,1.0,0.9943630214205186,1.0,0.9586127996444702,1057,1062
sv_sum,sub-01_FDSI_triangular-ramp20s_snr30dB,sub-01,triangular-ramp20s,30,6,37,1.0,0.7095516569200779,0.6949846468781986,1.0,0.6632653061224489,0.979591836734694,0.7468023896217346,883,871
sv_sum,sub-01_FDSI_triangular-ramp20s_snr30dB,sub-01,triangular-ramp20s,30,7,24,0.9859154929577464,0.9883630721489528,0.9885057471264368,0.9788732394366196,0.9888475836431226,1.0,0.9462905526161194,1274,1289
sv_sum,sub-01_FDSI_triangular-ramp20s_snr30dB,sub-01,triangular-ramp20s,30,8,33,1.0,0.2846763540290621,0.2566918325326012,1.0,0.2419106317411402,0.0510204081632653,0.8683428168296814,924,1021
sv_sum,sub-01_FDSI_triangular-ramp20s_snr30dB,sub-01,triangular-ramp20s,30,9,30,1.0,0.9982190560997328,0.998114985862394,1.0,0.9978563772775992,1.0,0.9689816236495972,1121,1123
sv_sum,sub-01_FDSI_triangular-ramp20s_snr30dB,sub-01,triangular-ramp20s,30,10,31,1.0,0.1569867740080506,0.1268612269207862,0.9917355371900828,0.0992063492063492,0.0380952380952381,0.929161012172699,921,1091
sv_sum,sub-01_FDSI_triangular-ramp20s_snr30dB,sub-01,triangular-ramp20s,30,11,29,0.9846153846153848,0.1434712520150456,0.1130289532293986,0.992248062015504,0.0846201358863496,0.0648148148148148,0.896381139755249,966,1162
sv_sum,sub-01_FDSI_triangular-ramp20s_snr30dB,sub-01,triangular-ramp20s,30,12,13,0.9,0.8936314363143631,0.8932664756446992,0.9263803680981596,0.8888888888888888,0.8765432098765432,0.903076946735382,1321,1474
sv_sum,sub-01_FDSI_triangular-ramp20s_snr30dB,sub-01,triangular-ramp20s,30,13,22,1.0,0.9596412556053812,0.9572446555819476,0.9733333333333334,0.9568345323741008,0.9736842105263158,0.9190273880958556,1285,1337
sv_sum,sub-01_FDSI_triangular-ramp20s_snr25dB,sub-01,triangular-ramp20s,25,0,36,1.0,0.9934138309549944,0.9930232558139536,0.9805825242718448,0.9921052631578948,1.0,0.9692248106002808,905,911
sv_sum,sub-01_FDSI_triangular-ramp20s_snr25dB,sub-01,triangular-ramp20s,25,1,38,1.0,0.9950556242274412,0.9947780678851176,1.0,0.994074074074074,1.0,0.9748654365539552,805,809
sv_sum,sub-01_FDSI_triangular-ramp20s_snr25dB,sub-01,triangular-ramp20s,25,2,28,1.0,0.9950166112956812,0.9947183098591548,1.0,0.994005994005994,1.0,0.9845128059387208,1198,1204
sv_sum,sub-01_FDSI_triangular-ramp20s_snr25dB,sub-01,triangular-ramp20s,25,3,34,1.0,0.9868287740628168,0.986096256684492,1.0,0.9842615012106536,1.0,0.9161306619644164,976,985
sv_sum,sub-01_FDSI_triangular-ramp20s_snr25dB,sub-01,triangular-ramp20s,25,4,35,1.0,0.925311203319502,0.920965971459934,1.0,0.91055900621118,1.0,0.8940592408180237,902,954
sv_sum,sub-01_FDSI_triangular-ramp20s_snr25dB,sub-01,triangular-ramp20s,25,5,32,1.0,0.9905838041431262,0.9900299102691924,0.982608695652174,0.990990990990991,0.9666666666666668,0.962357759475708,1052,1062
sv_sum,sub-01_FDSI_triangular-ramp20s_snr25dB,sub-01,triangular-ramp20s,25,6,37,1.0,0.131697869593286,0.1033333333333333,0.9894736842105264,0.0794117647058823,0.0434782608695652,0.7534171342849731,882,871
sv_sum,sub-01_FDSI_triangular-ramp20s_snr25dB,sub-01,triangular-ramp20s,25,7,31,0.9666666666666668,0.146836912362159,0.1172579675285628,0.9586776859504132,0.0895123580494322,0.0485436893203883,0.8904872536659241,885,1091
sv_sum,sub-01_FDSI_triangular-ramp20s_snr25dB,sub-01,triangular-ramp20s,25,8,30,0.9838709677419356,0.9813499111900532,0.981203007518797,0.992063492063492,0.9797008547008548,0.984375,0.9511595964431764,1108,1123
sv_sum,sub-01_FDSI_triangular-ramp20s_snr25dB,sub-01,triangular-ramp20s,25,9,33,0.9298245614035088,0.1510474090407938,0.1257825839499146,0.9652173913043478,0.1015132408575031,0.0454545454545454,0.9068893194198608,1067,1021
sv_sum,sub-01_FDSI_triangular-ramp20s_snr25dB,sub-01,triangular-ramp20s,25,10,22,0.9066666666666666,0.8590405904059041,0.85625,0.8866666666666667,0.848404255319149,0.961038961038961,0.88581782579422,1182,1337
sv_sum,sub-01_FDSI_triangular-ramp20s_snr20dB,sub-01,triangular-ramp20s,20,0,38,1.0,0.9938195302843016,0.9934725848563968,1.0,0.9925925925925926,1.0,0.950416624546051,804,809
sv_sum,sub-01_FDSI_triangular-ramp20s_snr20dB,sub-01,triangular-ramp20s,20,1,32,1.0,0.9849340866290018,0.984047856430708,0.991304347826087,0.981981981981982,0.9833333333333332,0.9425308108329772,1046,1062
sv_sum,sub-01_FDSI_triangular-ramp20s_snr20dB,sub-01,triangular-ramp20s,20,2,28,1.0,0.9958471760797342,0.9955985915492958,0.9925373134328358,0.996003996003996,1.0,0.9856049418449402,1199,1204
sv_sum,sub-01_FDSI_triangular-ramp20s_snr20dB,sub-01,triangular-ramp20s,20,3,36,1.0,0.9901207464324918,0.9895348837209302,0.9902912621359224,0.986842105263158,1.0,0.9256972670555116,902,911
sv_sum,sub-01_FDSI_triangular-ramp20s_snr20dB,sub-01,triangular-ramp20s,20,4,34,1.0,0.9275653923541248,0.9235668789808916,0.9905660377358492,0.9147659063625452,1.0,0.8757160305976868,931,985
sv_sum,sub-01_FDSI_triangular-ramp20s_snr15dB,sub-01,triangular-ramp20s,15,0,28,1.0,0.9950166112956812,0.9947183098591548,1.0,0.995004995004995,0.9855072463768116,0.9839690327644348,1198,1204
sv_sum,sub-01_FDSI_triangular-ramp20s_snr15dB,sub-01,triangular-ramp20s,15,1,38,1.0,0.9521472392638036,0.949481865284974,1.0,0.9441997063142438,0.9787234042553192,0.8902718424797058,782,809
sv_sum,sub-01_FDSI_triangular-ramp20s_snr15dB,sub-01,triangular-ramp20s,15,2,32,0.9830508474576272,0.9471243042671614,0.9450441609421,0.982608695652174,0.9424778761061948,0.9166666666666666,0.9009990096092224,1037,1062
sv_sum,sub-01_FDSI_triangular-ramp20s_snr15dB,sub-01,triangular-ramp20s,15,3,36,0.9019607843137256,0.9539473684210528,0.957026713124274,0.9320388349514565,0.9513797634691196,1.0,0.8734607696533203,871,911
sv_sum,sub-01_FDSI_triangular-ramp10s_snr30dB,sub-01,triangular-ramp10s,30,0,32,1.0,0.1021654636313159,0.072289156626506,0.9915254237288136,0.0399239543726235,0.0686274509803921,0.9293643236160278,919,1066
sv_sum,sub-01_FDSI_triangular-ramp10s_snr30dB,sub-01,triangular-ramp10s,30,1,30,1.0,0.1009933774834437,0.0702054794520548,0.9838709677419356,0.0379027163613392,0.06,0.9447747468948364,863,1132
sv_sum,sub-01_FDSI_triangular-ramp10s_snr30dB,sub-01,triangular-ramp10s,30,2,36,1.0,0.992239467849224,0.9917743830787308,0.99009900990099,0.9933333333333332,0.9803921568627452,0.9047338366508484,895,902
sv_sum,sub-01_FDSI_triangular-ramp10s_snr30dB,sub-01,triangular-ramp10s,30,3,35,1.0,0.9801670146137788,0.9790055248618784,0.981132075471698,0.97875,1.0,0.9481742978096008,942,955
sv_sum,sub-01_FDSI_triangular-ramp10s_snr30dB,sub-01,triangular-ramp10s,30,4,38,1.0,0.8648325358851675,0.8569620253164557,1.0,0.8390313390313391,1.0,0.8497529625892639,740,819
sv_sum,sub-01_FDSI_triangular-ramp10s_snr30dB,sub-01,triangular-ramp10s,30,5,7,0.9047619047619048,0.90620957309185,0.9062927496580028,0.8764705882352941,0.906274206041828,0.9418604651162792,0.9023851752281188,1407,1540
sv_sum,sub-01_FDSI_triangular-ramp10s_snr30dB,sub-01,triangular-ramp10s,30,6,34,1.0,0.981981981981982,0.9809523809523808,0.981651376146789,0.9808153477218226,1.0,0.91302490234375,984,996
sv_sum,sub-01_FDSI_triangular-ramp10s_snr30dB,sub-01,triangular-ramp10s,30,7,28,1.0,0.9966386554621848,0.9964381121994658,1.0,0.997979797979798,0.9692307692307692,0.9696683287620544,1186,1190
sv_sum,sub-01_FDSI_triangular-ramp10s_snr30dB,sub-01,triangular-ramp10s,30,8,33,1.0,0.1771463119709794,0.147777082028804,0.9913793103448276,0.1223922114047287,0.0515463917525773,0.8768987655639648,908,1039
sv_sum,sub-01_FDSI_triangular-ramp10s_snr30dB,sub-01,triangular-ramp10s,30,9,37,1.0,0.0789306174411203,0.0505249343832021,0.9479166666666666,0.0267921795800144,0.0588235294117647,0.8640010952949524,826,869
sv_sum,sub-01_FDSI_triangular-ramp10s_snr30dB,sub-01,triangular-ramp10s,30,10,31,1.0,0.4476127320954907,0.4239280774550484,1.0,0.3711262282690854,0.9833333333333332,0.8981577754020691,1078,1105
sv_sum,sub-01_FDSI_triangular-ramp10s_snr30dB,sub-01,triangular-ramp10s,30,11,24,1.0,0.9595645412130638,0.9572016460905348,0.9716312056737588,0.9563197026022304,0.9855072463768116,0.913164496421814,1234,1286
sv_sum,sub-01_FDSI_triangular-ramp10s_snr30dB,sub-01,triangular-ramp10s,30,12,22,0.9178082191780822,0.3940724478594951,0.3722126929674099,0.9387755102040816,0.3724983860555197,0.0573770491803278,0.7977121472358704,1205,1335
sv_sum,sub-01_FDSI_triangular-ramp10s_snr30dB,sub-01,triangular-ramp10s,30,13,29,0.9846153846153848,0.0886339937434828,0.0572045331894225,0.8978102189781022,0.0319469559975889,0.0642201834862385,0.9341455101966858,926,1162
sv_sum,sub-01_FDSI_triangular-ramp10s_snr25dB,sub-01,triangular-ramp10s,25,0,30,1.0,0.0929081913139087,0.0619670267197271,0.968,0.0295783511642542,0.06,0.9374333024024964,856,1132
sv_sum,sub-01_FDSI_triangular-ramp10s_snr25dB,sub-01,triangular-ramp10s,25,1,36,1.0,0.9800443458980044,0.9788484136310224,1.0,0.9773333333333334,0.9803921568627452,0.8948132395744324,884,902
sv_sum,sub-01_FDSI_triangular-ramp10s_snr25dB,sub-01,triangular-ramp10s,25,2,38,1.0,0.0831937465103294,0.059025787965616,1.0,0.0357815442561205,0.08,0.8985710144042969,1121,819
sv_sum,sub-01_FDSI_triangular-ramp10s_snr25dB,sub-01,triangular-ramp10s,25,3,35,1.0,0.5078651685393258,0.4875195007800312,0.9439252336448598,0.4699115044247787,0.4693877551020408,0.8202613592147827,1058,955
sv_sum,sub-01_FDSI_triangular-ramp10s_snr25dB,sub-01,triangular-ramp10s,25,4,32,1.0,0.118398142774231,0.0876876876876876,0.9915254237288136,0.0571428571428571,0.086021505376344,0.934508740901947,861,1066
sv_sum,sub-01_FDSI_triangular-ramp10s_snr25dB,sub-01,triangular-ramp10s,25,5,28,1.0,0.9966386554621848,0.9964381121994658,1.0,0.997979797979798,0.9692307692307692,0.9673102498054504,1186,1190
sv_sum,sub-01_FDSI_triangular-ramp10s_snr25dB,sub-01,triangular-ramp10s,25,6,31,0.9516129032258064,0.4413369713506139,0.4188034188034188,0.9682539682539684,0.36640625,0.9333333333333332,0.8856462836265564,1008,1105
sv_sum,sub-01_FDSI_triangular-ramp10s_snr25dB,sub-01,triangular-ramp10s,25,7,37,1.0,0.074074074074074,0.0449061662198391,0.8541666666666666,0.0259259259259259,0.0588235294117647,0.8597965240478516,784,869
sv_sum,sub-01_FDSI_triangular-ramp10s_snr25dB,sub-01,triangular-ramp10s,25,8,34,1.0,0.9599198396793588,0.9576271186440678,0.981651376146789,0.9543817527010804,1.0,0.8937987089157104,960,996
sv_sum,sub-01_FDSI_triangular-ramp10s_snr25dB,sub-01,triangular-ramp10s,25,9,33,0.9824561403508772,0.0668493150684931,0.0373303167420814,0.5704225352112676,0.033952594490711,0.0377358490566037,0.9139092564582824,908,1039
sv_sum,sub-01_FDSI_triangular-ramp10s_snr25dB,sub-01,triangular-ramp10s,25,10,24,0.9577464788732394,0.9109062980030722,0.908204711616572,0.9290780141843972,0.903846153846154,0.9855072463768116,0.8848277926445007,1202,1286
sv_sum,sub-01_FDSI_triangular-ramp10s_snr20dB,sub-01,triangular-ramp10s,20,0,34,1.0,0.1019467213114754,0.0763962065331928,0.981651376146789,0.0503763752171395,0.0341880341880341,0.9170958399772644,1155,996
sv_sum,sub-01_FDSI_triangular-ramp10s_snr20dB,sub-01,triangular-ramp10s,20,1,30,0.9166666666666666,0.0784964068546158,0.0497427101200686,0.7835820895522388,0.0308087291399229,0.06,0.8347733020782471,819,1132
sv_sum,sub-01_FDSI_triangular-ramp10s_snr20dB,sub-01,triangular-ramp10s,20,2,36,1.0,0.9185022026431718,0.91365227537923,1.0,0.902116402116402,1.0,0.8595066666603088,840,902
sv_sum,sub-01_FDSI_triangular-ramp10s_snr20dB,sub-01,triangular-ramp10s,20,3,32,0.9827586206896552,0.9210762331838565,0.9176915799432356,0.9830508474576272,0.908413205537806,1.0,0.8872745633125305,1076,1066
sv_sum,sub-01_FDSI_triangular-ramp10s_snr20dB,sub-01,triangular-ramp10s,20,4,38,1.0,0.5675146771037182,0.5550978372811535,0.913978494623656,0.5187287173666288,1.0,0.6854608058929443,783,819
sv_sum,sub-01_FDSI_triangular-ramp10s_snr20dB,sub-01,triangular-ramp10s,20,5,35,0.981132075471698,0.1715801886792453,0.1454656116859403,0.9090909090909092,0.1230665770006725,0.0808080808080808,0.8035863637924194,1032,955
sv_sum,sub-01_FDSI_triangular-ramp10s_snr20dB,sub-01,triangular-ramp10s,20,6,37,0.9361702127659576,0.0705958549222798,0.0434201736806947,0.8210526315789474,0.025830258302583,0.0588235294117647,0.9135449528694152,784,869
sv_sum,sub-01_FDSI_triangular-ramp10s_snr20dB,sub-01,triangular-ramp10s,20,7,28,1.0,0.9966386554621848,0.9964381121994658,1.0,0.997979797979798,0.9692307692307692,0.9591603875160216,1186,1190
sv_sum,sub-01_FDSI_triangular-ramp10s_snr15dB,sub-01,triangular-ramp10s,15,0,28,1.0,0.9991596638655462,0.9991095280498664,1.0,0.998989898989899,1.0,0.978727638721466,1189,1190
sv_sum,sub-01_FDSI_triangular-ramp10s_snr15dB,sub-01,triangular-ramp10s,15,1,36,0.9803921568627452,0.6783681214421252,0.7502623294858342,0.8712871287128713,0.8194103194103194,0.9411764705882352,0.8260084390640259,867,902
sv_sum,sub-01_FDSI_triangular-ramp10s_snr15dB,sub-01,triangular-ramp10s,15,2,38,1.0,0.6256206554121152,0.6194968553459119,0.9263157894736842,0.5881670533642691,0.9767441860465116,0.7121081352233887,818,819
sv_sum,sub-01_FDSI_triangular-ramp10s_snr15dB,sub-01,triangular-ramp10s,15,3,34,0.9074074074074074,0.0969230769230769,0.0727081138040042,0.8909090909090909,0.0498550724637681,0.0344827586206896,0.91734778881073,1143,996
sv_sum,sub-01_FDSI_triangular-ramp5s_snr30dB,sub-01,triangular-ramp5s,30,0,32,1.0,0.0643051771117166,0.0326760563380281,0.5197368421052632,0.0306122448979591,0.0392156862745098,0.885552167892456,887,1066
sv_sum,sub-01_FDSI_triangular-ramp5s_snr30dB,sub-01,triangular-ramp5s,30,1,36,1.0,0.9955947136563876,0.9953434225844005,1.0,0.9947229551451188,1.0,0.9705796241760254,904,908
sv_sum,sub-01_FDSI_triangular-ramp5s_snr30dB,sub-01,triangular-ramp5s,30,2,28,1.0,0.9974789915966388,0.9973285841495992,1.0,0.995967741935484,0.9850746268656716,0.9764026403427124,1187,1190
sv_sum,sub-01_FDSI_triangular-ramp5s_snr30dB,sub-01,triangular-ramp5s,30,3,38,1.0,0.9864197530864196,0.9855832241153342,0.9893617021276596,0.9866071428571428,0.9772727272727272,0.9529366493225098,799,810
sv_sum,sub-01_FDSI_triangular-ramp5s_snr30dB,sub-01,triangular-ramp5s,30,4,37,1.0,0.0658523632501327,0.0424605334784975,0.7714285714285715,0.0289680144840072,0.0545454545454545,0.9600539803504944,1144,863
sv_sum,sub-01_FDSI_triangular-ramp5s_snr30dB,sub-01,triangular-ramp5s,30,5,33,1.0,0.0672056594239514,0.0405405405405405,0.6142857142857143,0.0308498253783469,0.0747663551401869,0.8772101402282715,1090,1022
sv_sum,sub-01_FDSI_triangular-ramp5s_snr30dB,sub-01,triangular-ramp5s,30,6,34,1.0,0.9838220424671386,0.9828877005347594,0.9908256880733946,0.9818621523579202,1.0,0.8838803172111511,974,988
sv_sum,sub-01_FDSI_triangular-ramp5s_snr30dB,sub-01,triangular-ramp5s,30,7,31,1.0,0.4556873691556176,0.4314868804664723,0.7518248175182481,0.3975708502024291,0.9672131147540984,0.8880054354667664,976,1110
sv_sum,sub-01_FDSI_triangular-ramp5s_snr30dB,sub-01,triangular-ramp5s,30,8,24,1.0,0.9319727891156464,0.9279423538831064,0.913907284768212,0.9300635785649408,0.9722222222222222,0.8896660804748535,1259,1297
sv_sum,sub-01_FDSI_triangular-ramp5s_snr30dB,sub-01,triangular-ramp5s,30,9,30,1.0,0.072992700729927,0.0395578824898196,0.6333333333333333,0.0303630363036303,0.05,0.8911324739456177,782,1129
sv_sum,sub-01_FDSI_triangular-ramp5s_snr30dB,sub-01,triangular-ramp5s,30,10,35,1.0,0.0785310734463276,0.0495337995337995,0.6299212598425197,0.0343264248704663,0.0824742268041237,0.8582803606987,949,960
sv_sum,sub-01_FDSI_triangular-ramp5s_snr30dB,sub-01,triangular-ramp5s,30,11,22,0.9733333333333334,0.85360524399126,0.8466872110939908,0.740506329113924,0.8621597892888498,0.9605263157894736,0.8680508136749268,1206,1339
sv_sum,sub-01_FDSI_triangular-ramp5s_snr30dB,sub-01,triangular-ramp5s,30,12,29,0.9682539682539684,0.0723140495867768,0.0421783235451147,0.5769230769230769,0.0318318318318318,0.0467289719626168,0.937450349330902,922,1154
sv_sum,sub-01_FDSI_triangular-ramp5s_snr25dB,sub-01,triangular-ramp5s,25,0,36,1.0,0.9922907488986784,0.9918509895227008,1.0,0.9907651715039578,1.0,0.9572463631629944,901,908
sv_sum,sub-01_FDSI_triangular-ramp5s_snr25dB,sub-01,triangular-ramp5s,25,1,32,1.0,0.9088471849865952,0.9036827195467422,0.8760330578512396,0.9073482428115016,1.0,0.8725331425666809,1070,1066
sv_sum,sub-01_FDSI_triangular-ramp5s_snr25dB,sub-01,triangular-ramp5s,25,2,28,1.0,0.9974789915966388,0.9973285841495992,1.0,0.995967741935484,0.9850746268656716,0.9700565934181212,1187,1190
sv_sum,sub-01_FDSI_triangular-ramp5s_snr25dB,sub-01,triangular-ramp5s,25,3,37,1.0,0.1513019000703729,0.1229090909090909,0.5849056603773585,0.1225490196078431,0.0561797752808988,0.760508120059967,773,863
sv_sum,sub-01_FDSI_triangular-ramp5s_snr25dB,sub-01,triangular-ramp5s,25,4,34,1.0,0.9306930693069309,0.9267782426778244,0.896551724137931,0.9346016646848988,0.9433962264150944,0.8544875383377075,962,988
sv_sum,sub-01_FDSI_triangular-ramp5s_snr25dB,sub-01,triangular-ramp5s,25,5,30,1.0,0.0756693830034924,0.0410628019323671,0.5986842105263158,0.0288065843621399,0.05,0.8657823204994202,719,1129
sv_sum,sub-01_FDSI_triangular-ramp5s_snr25dB,sub-01,triangular-ramp5s,25,6,38,1.0,0.784452296819788,0.7718204488778054,0.7553191489361702,0.7749648382559775,1.0,0.7909366488456726,705,810
sv_sum,sub-01_FDSI_triangular-ramp5s_snr25dB,sub-01,triangular-ramp5s,25,7,24,0.972972972972973,0.8595166163141994,0.8528,0.8278145695364238,0.8566243194192378,0.9444444444444444,0.8589813709259033,1165,1297
sv_sum,sub-01_FDSI_triangular-ramp5s_snr25dB,sub-01,triangular-ramp5s,25,8,33,0.9636363636363636,0.0592173017507724,0.0312169312169312,0.4855072463768116,0.0320855614973262,0.0849056603773584,0.9030213356018066,1035,1022
sv_sum,sub-01_FDSI_triangular-ramp5s_snr25dB,sub-01,triangular-ramp5s,25,9,31,1.0,0.4632095304835318,0.4392386530014641,0.7445255474452555,0.4076484947111473,0.9508196721311476,0.8754565715789795,978,1110
sv_sum,sub-01_FDSI_triangular-ramp5s_snr25dB,sub-01,triangular-ramp5s,25,10,35,0.9814814814814816,0.9195876288659792,0.915938864628821,0.8636363636363636,0.9232673267326732,0.9807692307692308,0.9152908325195312,902,960
sv_sum,sub-01_FDSI_triangular-ramp5s_snr20dB,sub-01,triangular-ramp5s,20,0,32,1.0,0.805761316872428,0.7956709956709956,0.8615384615384616,0.7875243664717348,1.0,0.8359271287918091,1128,1066
sv_sum,sub-01_FDSI_triangular-ramp5s_snr20dB,sub-01,triangular-ramp5s,20,1,28,1.0,0.9974789915966388,0.9973285841495992,1.0,0.995967741935484,0.9850746268656716,0.9708029627799988,1187,1190
sv_sum,sub-01_FDSI_triangular-ramp5s_snr20dB,sub-01,triangular-ramp5s,20,2,36,1.0,0.8021164021164021,0.7912946428571429,0.6634615384615384,0.8093434343434344,0.979591836734694,0.7987053990364075,795,908
sv_sum,sub-01_FDSI_triangular-ramp5s_snr20dB,sub-01,triangular-ramp5s,20,3,37,0.9782608695652174,0.0915538362346873,0.0644518272425249,0.5535714285714286,0.0571216617210682,0.0561797752808988,0.8168737292289734,830,863
sv_sum,sub-01_FDSI_triangular-ramp5s_snr20dB,sub-01,triangular-ramp5s,20,4,34,0.9814814814814816,0.0625931445603576,0.037263910158244,0.7333333333333333,0.031303357996585,0.0530973451327433,0.9451836943626404,1151,988
sv_sum,sub-01_FDSI_triangular-ramp5s_snr20dB,sub-01,triangular-ramp5s,20,5,38,1.0,0.9864364981504316,0.9856020942408376,0.9787234042553192,0.986627043090639,1.0,0.9223378896713256,801,810
sv_sum,sub-01_FDSI_triangular-ramp5s_snr20dB,sub-01,triangular-ramp5s,20,6,30,0.9032258064516128,0.0738292011019283,0.0444951511694238,0.5490196078431373,0.0320924261874197,0.0505050505050505,0.900111198425293,820,1129
sv_sum,sub-01_FDSI_triangular-ramp5s_snr15dB,sub-01,triangular-ramp5s,15,0,32,0.9666666666666668,0.8424842484248425,0.8353948620361561,0.8347107438016529,0.8387096774193549,0.9166666666666666,0.8520098924636841,981,1066
sv_sum,sub-01_FDSI_triangular-ramp5s_snr15dB,sub-01,triangular-ramp5s,15,1,28,1.0,0.9974789915966388,0.9973285841495992,1.0,0.995967741935484,0.9850746268656716,0.9676406383514404,1187,1190
sv_sum,sub-01_FDSI_triangular-ramp5s_snr15dB,sub-01,triangular-ramp5s,15,2,38,1.0,0.7185697808535179,0.7024390243902439,0.7340425531914894,0.6995884773662552,1.0,0.792377233505249,680,810
sv_sum,sub-01_FDSI_triangular-ramp5s_snr15dB,sub-01,triangular-ramp5s,15,3,36,0.979591836734694,0.7293233082706767,0.7154195011337868,0.7115384615384616,0.7225806451612903,0.8653846153846154,0.8556652069091797,702,908
sv_sum,sub-02_FDSI_staircase_snr30dB,sub-02,staircase,30,0,30,1.0,0.998551774076756,0.9984917043740572,,,,0.9846186637878418,1379,1381
sv_sum,sub-02_FDSI_staircase_snr30dB,sub-02,staircase,30,1,33,1.0,0.9439330543933054,0.9417391304347826,,,,0.8868539929389954,1137,1186
sv_sum,sub-02_FDSI_staircase_snr30dB,sub-02,staircase,30,2,21,1.0,0.9917081260364844,0.9913594470046084,,,,0.9824559092521667,1794,1809
sv_sum,sub-02_FDSI_staircase_snr30dB,sub-02,staircase,30,3,31,1.0,0.9909774436090224,0.9905956112852664,,,,0.9525312185287476,1319,1329
sv_sum,sub-02_FDSI_staircase_snr30dB,sub-02,staircase,30,4,26,1.0,0.9551872314303254,0.9534438775510204,,,,0.8827114701271057,1581,1604
sv_sum,sub-02_FDSI_staircase_snr30dB,sub-02,staircase,30,5,25,1.0,0.9903147699757868,0.9899244332493704,,,,0.9673202633857728,1636,1652
sv_sum,sub-02_FDSI_staircase_snr30dB,sub-02,staircase,30,6,16,1.0,0.9845360824742267,0.9838882921589688,,,,0.9507949948310852,1910,1940
sv_sum,sub-02_FDSI_staircase_snr30dB,sub-02,staircase,30,7,27,1.0,0.989710610932476,0.9892904953145916,,,,0.9659576416015624,1539,1555
sv_sum,sub-02_FDSI_staircase_snr30dB,sub-02,staircase,30,8,28,1.0,0.9853235490326884,0.9847222222222224,,,,0.9471491575241088,1478,1498
sv_sum,sub-02_FDSI_staircase_snr30dB,sub-02,staircase,30,9,24,1.0,0.9898809523809524,0.989454094292804,,,,0.970931351184845,1663,1680
sv_sum,sub-02_FDSI_staircase_snr30dB,sub-02,staircase,30,10,32,0.979591836734694,0.9928571428571428,0.9917491749174916,,,,0.9700118899345398,1251,1260
sv_sum,sub-02_FDSI_staircase_snr30dB,sub-02,staircase,30,11,29,0.9824561403508772,0.9903047091412742,0.9906272530641672,,,,0.9454595446586608,1430,1444
sv_sum,sub-02_FDSI_staircase_snr30dB,sub-02,staircase,30,12,14,0.9367088607594936,0.9674022066198597,0.9686684073107048,,,,0.9401200413703918,1930,1993
sv_sum,sub-02_FDSI_staircase_snr30dB,sub-02,staircase,30,13,22,1.0,0.9864483342744212,0.9858989424206815,,,,0.950880229473114,1747,1771
sv_sum,sub-02_FDSI_staircase_snr30dB,sub-02,staircase,30,14,20,1.0,0.9896570495372892,0.9892412231030576,,,,0.9558160305023192,1818,1837
sv_sum,sub-02_FDSI_staircase_snr30dB,sub-02,staircase,30,15,23,0.9428571428571428,0.9775474956822108,0.979004199160168,,,,0.937021791934967,1699,1736
sv_sum,sub-02_FDSI_staircase_snr30dB,sub-02,staircase,30,16,19,1.0,0.9138755980861244,0.9103982300884956,,,,0.9068886637687684,1727,1873
sv_sum,sub-02_FDSI_staircase_snr25dB,sub-02,staircase,25,0,30,1.0,0.998551774076756,0.9984917043740572,,,,0.98023921251297,1379,1381
sv_sum,sub-02_FDSI_staircase_snr25dB,sub-02,staircase,25,1,21,1.0,0.9917081260364844,0.9913594470046084,,,,0.9774413704872132,1794,1809
sv_sum,sub-02_FDSI_staircase_snr25dB,sub-02,staircase,25,2,26,0.9836065573770492,0.8603521554341227,0.8556116015132409,,,,0.8453211188316345,1460,1604
sv_sum,sub-02_FDSI_staircase_snr25dB,sub-02,staircase,25,3,27,0.9836065573770492,0.985209003215434,0.9852744310575636,,,,0.9523718357086182,1532,1555
sv_sum,sub-02_FDSI_staircase_snr25dB,sub-02,staircase,25,4,24,1.0,0.9857142857142858,0.9851116625310172,,,,0.9385764002799988,1656,1680
sv_sum,sub-02_FDSI_staircase_snr25dB,sub-02,staircase,25,5,33,1.0,0.9873524451939292,0.9868536371603857,,,,0.9478077292442322,1171,1186
sv_sum,sub-02_FDSI_staircase_snr25dB,sub-02,staircase,25,6,19,0.9315068493150684,0.1795933734939759,0.1583430120015486,,,,0.8114146590232849,1260,1873
sv_sum,sub-02_FDSI_staircase_snr25dB,sub-02,staircase,25,7,28,0.9661016949152542,0.9090322580645162,0.9067739771965124,,,,0.8845817446708679,1461,1498
sv_sum,sub-02_FDSI_staircase_snr25dB,sub-02,staircase,25,8,20,1.0,0.9912901469787696,0.9909399773499432,,,,0.9461625814437866,1821,1837
sv_sum,sub-02_FDSI_staircase_snr25dB,sub-02,staircase,25,9,25,0.984375,0.9727767695099818,0.972309628697294,,,,0.9388276934623718,1609,1652
sv_sum,sub-02_FDSI_staircase_snr25dB,sub-02,staircase,25,10,32,0.92,0.9841521394611727,0.9851607584501236,,,,0.9516140818595886,1244,1260
sv_sum,sub-02_FDSI_staircase_snr20dB,sub-02,staircase,20,0,30,1.0,0.998551774076756,0.9984917043740572,,,,0.9689026474952698,1379,1381
sv_sum,sub-02_FDSI_staircase_snr20dB,sub-02,staircase,20,1,21,1.0,0.9917081260364844,0.9913594470046084,,,,0.9691497087478638,1794,1809
sv_sum,sub-02_FDSI_staircase_snr20dB,sub-02,staircase,20,2,25,0.96875,0.9487643158529234,0.9479623824451412,,,,0.9290232062339784,1581,1652
sv_sum,sub-02_FDSI_staircase_snr20dB,sub-02,staircase,20,3,27,0.9672131147540984,0.9569131832797428,0.9564926372155288,,,,0.9250380396842957,1488,1555
sv_sum,sub-02_FDSI_staircase_snr20dB,sub-02,staircase,20,4,24,1.0,0.9904818560380726,0.99008059516429,,,,0.9473049640655518,1666,1680
sv_sum,sub-02_FDSI_staircase_snr20dB,sub-02,staircase,20,5,32,0.9019607843137256,0.9644268774703556,0.965432098765432,,,,0.938142716884613,1225,1260
sv_sum,sub-02_FDSI_staircase_snr15dB,sub-02,staircase,15,0,30,1.0,0.995655322230268,0.995475113122172,,,,0.9542301297187804,1375,1381
sv_sum,sub-02_FDSI_staircase_snr15dB,sub-02,staircase,15,1,21,1.0,0.9950248756218906,0.994815668202765,,,,0.9583000540733336,1800,1809
sv_sum,sub-02_FDSI_staircase_snr15dB,sub-02,staircase,15,2,24,1.0,0.9562389118864576,0.9544054220579176,,,,0.9148364067077636,1628,1680
sv_sum,sub-02_FDSI_triangular-ramp40s_snr30dB,sub-02,triangular-ramp40s,30,0,20,1.0,0.9977409638554215,0.997609561752988,1.0,0.9972972972972972,0.9726027397260274,0.9656674265861512,1325,1328
sv_sum,sub-02_FDSI_triangular-ramp40s_snr30dB,sub-02,triangular-ramp40s,30,1,30,1.0,0.994994994994995,0.9947033898305084,0.981981981981982,0.9963985594237696,1.0,0.9755701422691344,994,999
sv_sum,sub-02_FDSI_triangular-ramp40s_snr30dB,sub-02,triangular-ramp40s,30,2,21,1.0,0.9953881629515756,0.9951179820992676,0.9861111111111112,0.9954001839926404,0.9859154929577464,0.9807257652282716,1295,1301
sv_sum,sub-02_FDSI_triangular-ramp40s_snr30dB,sub-02,triangular-ramp40s,30,3,24,1.0,0.9902676399026764,0.989681857265692,1.0,0.9883040935672516,1.0,0.9738526940345764,1221,1233
sv_sum,sub-02_FDSI_triangular-ramp40s_snr30dB,sub-02,triangular-ramp40s,30,4,33,1.0,0.9929328621908128,0.9925187032418952,0.9789473684210528,0.9943422913719944,1.0,0.9616779685020448,843,849
sv_sum,sub-02_FDSI_triangular-ramp40s_snr30dB,sub-02,triangular-ramp40s,30,5,26,0.9696969696969696,0.9759450171821306,0.97632058287796,0.9774436090225564,0.9751809720785936,0.984375,0.9186553955078124,1137,1163
sv_sum,sub-02_FDSI_triangular-ramp40s_snr30dB,sub-02,triangular-ramp40s,30,6,32,1.0,0.9945175438596492,0.994199535962877,1.0,0.9934296977660972,1.0,0.968522846698761,907,912
sv_sum,sub-02_FDSI_triangular-ramp40s_snr30dB,sub-02,triangular-ramp40s,30,7,25,1.0,0.9881154499151104,0.9874213836477987,0.9848484848484848,0.9877800407331976,1.0,0.9569060206413268,1164,1178
sv_sum,sub-02_FDSI_triangular-ramp40s_snr30dB,sub-02,triangular-ramp40s,30,8,22,1.0,0.9803149606299212,0.9791492910758964,1.0,0.9763481551561022,1.0,0.9468815922737122,1245,1270
sv_sum,sub-02_FDSI_triangular-ramp40s_snr30dB,sub-02,triangular-ramp40s,30,9,27,1.0,0.9946043165467626,0.994291151284491,1.0,0.9935064935064936,1.0,0.9609189629554749,1106,1112
sv_sum,sub-02_FDSI_triangular-ramp40s_snr30dB,sub-02,triangular-ramp40s,30,10,28,1.0,0.9715073529411764,0.9698149951314508,0.9919354838709676,0.9668141592920354,1.0,0.9232200384140016,1062,1083
sv_sum,sub-02_FDSI_triangular-ramp40s_snr30dB,sub-02,triangular-ramp40s,30,11,29,0.9824561403508772,0.9836852207293666,0.983756345177665,0.9649122807017544,0.9850402761795168,1.0,0.9451861381530762,1027,1040
sv_sum,sub-02_FDSI_triangular-ramp40s_snr30dB,sub-02,triangular-ramp40s,30,12,23,1.0,0.977760127084988,0.9764903442485308,0.9855072463768116,0.9752616555661276,1.0,0.9363159537315368,1231,1259
sv_sum,sub-02_FDSI_triangular-ramp40s_snr30dB,sub-02,triangular-ramp40s,30,13,31,0.9807692307692308,0.9757894736842104,0.975501113585746,0.9805825242718448,0.9735516372795968,1.0,0.9397441744804382,928,949
sv_sum,sub-02_FDSI_triangular-ramp40s_snr30dB,sub-02,triangular-ramp40s,30,14,14,0.95,0.965782122905028,0.966715976331361,0.9567901234567902,0.966358284272498,0.9753086419753086,0.9356757402420044,1385,1430
sv_sum,sub-02_FDSI_triangular-ramp40s_snr30dB,sub-02,triangular-ramp40s,30,15,19,0.9863013698630136,0.862873814733771,0.8559322033898306,0.9931972789115646,0.8382608695652174,0.9864864864864864,0.8558738827705383,1220,1334
sv_sum,sub-02_FDSI_triangular-ramp40s_snr30dB,sub-02,triangular-ramp40s,30,16,16,0.987012987012987,0.9964488636363636,0.9954954954954957,0.9869281045751634,0.9974533106960952,1.0,0.9523628354072572,1403,1408
sv_sum,sub-02_FDSI_triangular-ramp40s_snr25dB,sub-02,triangular-ramp40s,25,0,20,1.0,0.9887048192771084,0.9880478087649402,1.0,0.9864864864864864,0.9726027397260274,0.946815311908722,1313,1328
sv_sum,sub-02_FDSI_triangular-ramp40s_snr25dB,sub-02,triangular-ramp40s,25,1,21,1.0,0.9953881629515756,0.9951179820992676,0.9861111111111112,0.9954001839926404,0.9859154929577464,0.9753931760787964,1295,1301
sv_sum,sub-02_FDSI_triangular-ramp40s_snr25dB,sub-02,triangular-ramp40s,25,2,24,1.0,0.9902676399026764,0.989681857265692,1.0,0.9883040935672516,1.0,0.9610338807106018,1221,1233
sv_sum,sub-02_FDSI_triangular-ramp40s_snr25dB,sub-02,triangular-ramp40s,25,3,26,0.9242424242424242,0.2315626611655492,0.2071542979177789,0.9477611940298508,0.1883541295306001,0.1043478260869565,0.8350863456726074,1225,1163
sv_sum,sub-02_FDSI_triangular-ramp40s_snr25dB,sub-02,triangular-ramp40s,25,4,25,0.9846153846153848,0.9770797962648556,0.9766397124887692,0.9772727272727272,0.9765784114052952,0.984375,0.9404770731925964,1151,1178
sv_sum,sub-02_FDSI_triangular-ramp40s_snr25dB,sub-02,triangular-ramp40s,25,5,27,1.0,0.9901079136690648,0.9895337773549,0.992063492063492,0.9891774891774892,1.0,0.9536493420600892,1101,1112
sv_sum,sub-02_FDSI_triangular-ramp40s_snr25dB,sub-02,triangular-ramp40s,25,6,30,1.0,0.992992992992993,0.9925847457627118,1.0,0.9915966386554622,1.0,0.9759406447410583,992,999
sv_sum,sub-02_FDSI_triangular-ramp40s_snr25dB,sub-02,triangular-ramp40s,25,7,32,0.94,0.9802631578947368,0.9825986078886312,0.93,0.988173455978975,0.9607843137254902,0.9547930359840392,894,912
sv_sum,sub-02_FDSI_triangular-ramp40s_snr25dB,sub-02,triangular-ramp40s,25,8,19,0.9315068493150684,0.1534061362454498,0.1227027027027027,0.9591836734693876,0.0917320458660229,0.0521739130434782,0.8203156590461731,884,1334
sv_sum,sub-02_FDSI_triangular-ramp40s_snr25dB,sub-02,triangular-ramp40s,25,9,28,0.9508196721311476,0.9062218214607756,0.9036259541984732,0.9596774193548387,0.894054054054054,0.9833333333333332,0.8974560499191284,1031,1083
sv_sum,sub-02_FDSI_triangular-ramp40s_snr25dB,sub-02,triangular-ramp40s,25,10,22,0.9154929577464788,0.3128430296377607,0.2884066247858367,0.9154929577464788,0.2806679511881824,0.05,0.81564861536026,1122,1270
sv_sum,sub-02_FDSI_triangular-ramp40s_snr25dB,sub-02,triangular-ramp40s,25,11,33,1.0,0.9681978798586572,0.9663341645885288,0.9789473684210528,0.966053748231966,0.9787234042553192,0.9200660586357116,822,849
sv_sum,sub-02_FDSI_triangular-ramp40s_snr20dB,sub-02,triangular-ramp40s,20,0,21,1.0,0.9938508839354344,0.9934906427990235,0.9861111111111112,0.9935602575896963,0.9859154929577464,0.9658056497573853,1293,1301
sv_sum,sub-02_FDSI_triangular-ramp40s_snr20dB,sub-02,triangular-ramp40s,20,1,24,0.9857142857142858,0.986212489862125,0.9862424763542562,0.9928057553956836,0.9844054580896686,1.0,0.9521423578262328,1216,1233
sv_sum,sub-02_FDSI_triangular-ramp40s_snr20dB,sub-02,triangular-ramp40s,20,2,30,1.0,0.990990990990991,0.9904661016949152,1.0,0.9891956782713084,1.0,0.967257797718048,990,999
sv_sum,sub-02_FDSI_triangular-ramp40s_snr20dB,sub-02,triangular-ramp40s,20,3,27,0.9508196721311476,0.9550359712230216,0.9552806850618458,0.9603174603174603,0.9523809523809524,0.9838709677419356,0.9146747589111328,1062,1112
sv_sum,sub-02_FDSI_triangular-ramp40s_snr20dB,sub-02,triangular-ramp40s,20,4,33,0.9361702127659576,0.8861788617886179,0.8832923832923832,0.9263157894736842,0.8734353268428373,1.0,0.8674370646476746,775,849
sv_sum,sub-02_FDSI_triangular-ramp40s_snr15dB,sub-02,triangular-ramp40s,15,0,24,0.9571428571428572,0.3801169590643274,0.3578133627829928,0.9712230215827338,0.3552386856788592,0.0542635658914728,0.9030207991600036,1363,1233
sv_sum,sub-02_FDSI_triangular-ramp40s_snr15dB,sub-02,triangular-ramp40s,15,1,30,1.0,0.986986986986987,0.986228813559322,0.990990990990991,0.985594237695078,1.0,0.9441196918487548,986,999
sv_sum,sub-02_FDSI_triangular-ramp20s_snr30dB,sub-02,triangular-ramp20s,30,0,24,1.0,0.9950738916256158,0.9947916666666666,0.9925373134328358,0.994088669950739,0.9857142857142858,0.980133295059204,1212,1218
sv_sum,sub-02_FDSI_triangular-ramp20s_snr30dB,sub-02,triangular-ramp20s,30,1,33,1.0,0.9894859813084113,0.9888751545117428,1.0,0.9873772791023844,1.0,0.9534545540809632,847,856
sv_sum,sub-02_FDSI_triangular-ramp20s_snr30dB,sub-02,triangular-ramp20s,30,2,19,1.0,0.1288404360753221,0.0928792569659442,0.9934640522875816,0.0583190394511149,0.0517241379310344,0.8633323907852173,924,1354
sv_sum,sub-02_FDSI_triangular-ramp20s_snr30dB,sub-02,triangular-ramp20s,30,3,25,1.0,0.9932546374367622,0.9928571428571428,1.0,0.9919110212335692,1.0,0.9562975168228148,1178,1186
sv_sum,sub-02_FDSI_triangular-ramp20s_snr30dB,sub-02,triangular-ramp20s,30,4,30,1.0,0.9218595450049456,0.9173640167364016,0.991150442477876,0.9063981042654028,0.9818181818181818,0.8665724992752075,939,1004
sv_sum,sub-02_FDSI_triangular-ramp20s_snr30dB,sub-02,triangular-ramp20s,30,5,22,1.0,0.1121810303322099,0.0802992518703241,0.9928571428571428,0.0512679162072767,0.0689655172413793,0.9114614725112916,1044,1266
sv_sum,sub-02_FDSI_triangular-ramp20s_snr30dB,sub-02,triangular-ramp20s,30,6,23,0.9571428571428572,0.9559294871794872,0.9558573853989814,0.9640287769784172,0.95489443378119,0.9552238805970148,0.919959306716919,1195,1246
sv_sum,sub-02_FDSI_triangular-ramp20s_snr30dB,sub-02,triangular-ramp20s,30,7,21,1.0,0.9961449498843484,0.9959183673469388,0.9931506849315068,0.9962894248608536,1.0,0.9634613990783693,1292,1297
sv_sum,sub-02_FDSI_triangular-ramp20s_snr30dB,sub-02,triangular-ramp20s,30,8,29,1.0,0.9371428571428572,0.9336016096579476,0.9912280701754386,0.9272727272727272,0.9821428571428572,0.8748291730880737,1005,1029
sv_sum,sub-02_FDSI_triangular-ramp20s_snr30dB,sub-02,triangular-ramp20s,30,9,27,1.0,0.9399641577060932,0.9365530303030304,0.9672131147540984,0.9368983957219252,0.9322033898305084,0.9145581126213074,1049,1116
sv_sum,sub-02_FDSI_triangular-ramp20s_snr30dB,sub-02,triangular-ramp20s,30,10,16,1.0,0.9786628733997156,0.9774266365688488,0.9937106918238994,0.9768835616438356,0.9746835443037974,0.9436720013618468,1377,1405
sv_sum,sub-02_FDSI_triangular-ramp20s_snr30dB,sub-02,triangular-ramp20s,30,11,26,0.9846153846153848,0.7510373443983402,0.737719298245614,0.9765625,0.708498023715415,0.9692307692307692,0.8056662678718567,956,1154
sv_sum,sub-02_FDSI_triangular-ramp20s_snr30dB,sub-02,triangular-ramp20s,30,12,14,0.9642857142857144,0.9439567859554356,0.9427344309234073,0.975609756097561,0.936944219886823,0.9875,0.9238916039466858,1435,1444
sv_sum,sub-02_FDSI_triangular-ramp20s_snr30dB,sub-02,triangular-ramp20s,30,13,20,1.0,0.9902329075882796,0.9896579156722356,1.0,0.9873646209386282,0.9864864864864864,0.9423983097076416,1318,1331
sv_sum,sub-02_FDSI_triangular-ramp20s_snr30dB,sub-02,triangular-ramp20s,30,14,31,0.9636363636363636,0.9388379204892966,0.9352750809061487,0.97196261682243,0.9317073170731708,0.9814814814814816,0.9147170186042786,941,961
sv_sum,sub-02_FDSI_triangular-ramp20s_snr30dB,sub-02,triangular-ramp20s,30,15,28,1.0,0.9620018535681186,0.9598039215686276,0.9916666666666668,0.955456570155902,1.0,0.9253239035606384,1038,1079
sv_sum,sub-02_FDSI_triangular-ramp20s_snr30dB,sub-02,triangular-ramp20s,30,16,32,1.0,0.8326226012793176,0.8233970753655793,0.98,0.8030495552731893,1.0,0.8380709290504456,810,909
sv_sum,sub-02_FDSI_triangular-ramp20s_snr25dB,sub-02,triangular-ramp20s,25,0,24,1.0,0.9950738916256158,0.9947916666666666,0.9925373134328358,0.994088669950739,0.9857142857142858,0.9693308472633362,1212,1218
sv_sum,sub-02_FDSI_triangular-ramp20s_snr25dB,sub-02,triangular-ramp20s,25,1,19,0.9,0.1047948591201186,0.0720535254760679,0.9215686274509804,0.0370581527936145,0.0517241379310344,0.8631345629692078,881,1354
sv_sum,sub-02_FDSI_triangular-ramp20s_snr25dB,sub-02,triangular-ramp20s,25,2,30,1.0,0.9930278884462151,0.9926238145416229,1.0,0.9916267942583732,1.0,0.9583683013916016,997,1004
sv_sum,sub-02_FDSI_triangular-ramp20s_snr25dB,sub-02,triangular-ramp20s,25,3,33,1.0,0.985981308411215,0.9851668726823238,1.0,0.9831697054698456,1.0,0.9120861887931824,844,856
sv_sum,sub-02_FDSI_triangular-ramp20s_snr25dB,sub-02,triangular-ramp20s,25,4,25,1.0,0.9688026981450252,0.9669642857142856,1.0,0.962588473205258,1.0,0.913543939590454,1149,1186
sv_sum,sub-02_FDSI_triangular-ramp20s_snr25dB,sub-02,triangular-ramp20s,25,5,20,1.0,0.9827197595792636,0.9817024661893397,0.9866666666666668,0.9819494584837544,0.9594594594594594,0.9315523505210876,1308,1331
sv_sum,sub-02_FDSI_triangular-ramp20s_snr25dB,sub-02,triangular-ramp20s,25,6,21,1.0,0.9961449498843484,0.9959183673469388,0.9931506849315068,0.9962894248608536,1.0,0.957846999168396,1292,1297
sv_sum,sub-02_FDSI_triangular-ramp20s_snr25dB,sub-02,triangular-ramp20s,25,7,32,0.9387755102040816,0.987898789878988,0.9906976744186048,0.95,0.992084432717678,1.0,0.9438880681991576,898,909
sv_sum,sub-02_FDSI_triangular-ramp20s_snr25dB,sub-02,triangular-ramp20s,25,8,27,1.0,0.9775985663082436,0.9763257575757576,1.0,0.9732620320855616,1.0,0.9350677728652954,1091,1116
sv_sum,sub-02_FDSI_triangular-ramp20s_snr25dB,sub-02,triangular-ramp20s,25,9,16,0.9743589743589745,0.9630681818181818,0.962406015037594,0.9625,0.9632164242942686,0.9620253164556962,0.9228928089141846,1359,1405
sv_sum,sub-02_FDSI_triangular-ramp20s_snr20dB,sub-02,triangular-ramp20s,20,0,24,1.0,0.9909762100082036,0.9904596704249784,0.9850746268656716,0.9901574803149606,0.9857142857142858,0.94967919588089,1209,1218
sv_sum,sub-02_FDSI_triangular-ramp20s_snr20dB,sub-02,triangular-ramp20s,20,1,30,1.0,0.9910358565737052,0.9905163329820864,0.991150442477876,0.9904306220095692,1.0,0.95068359375,995,1004
sv_sum,sub-02_FDSI_triangular-ramp20s_snr20dB,sub-02,triangular-ramp20s,20,2,21,1.0,0.9953739398612182,0.9951020408163266,1.0,0.9944341372912802,1.0,0.9508174657821656,1291,1297
sv_sum,sub-02_FDSI_triangular-ramp20s_snr20dB,sub-02,triangular-ramp20s,20,3,25,0.9090909090909092,0.9187604690117251,0.9193262411347518,0.9153846153846154,0.9156626506024096,0.9705882352941176,0.8978838920593262,1105,1186
sv_sum,sub-02_FDSI_triangular-ramp20s_snr15dB,sub-02,triangular-ramp20s,15,0,24,1.0,0.3482443482443482,0.3268753104818678,0.9850746268656716,0.3243093922651934,0.0526315789473684,0.9012016654014589,1585,1218
sv_sum,sub-02_FDSI_triangular-ramp20s_snr15dB,sub-02,triangular-ramp20s,15,1,30,1.0,0.9850597609561752,0.9841938883034772,0.9823008849557522,0.9844497607655502,1.0,0.9361788034439088,989,1004
sv_sum,sub-02_FDSI_triangular-ramp20s_snr15dB,sub-02,triangular-ramp20s,15,2,21,0.9583333333333334,0.9770290964777948,0.9781199351701784,0.9726027397260274,0.9806273062730628,0.9342105263157896,0.9372575283050536,1285,1297
sv_sum,sub-02_FDSI_triangular-ramp10s_snr30dB,sub-02,triangular-ramp10s,30,0,27,1.0,0.980565371024735,0.9794007490636704,1.0,0.9777777777777776,0.9836065573770492,0.9365670084953308,1110,1132
sv_sum,sub-02_FDSI_triangular-ramp10s_snr30dB,sub-02,triangular-ramp10s,30,1,24,1.0,0.989326765188834,0.9886956521739132,0.9927007299270072,0.9891518737672584,0.9850746268656716,0.9445682764053344,1205,1218
sv_sum,sub-02_FDSI_triangular-ramp10s_snr30dB,sub-02,triangular-ramp10s,30,2,30,1.0,0.9970267591674926,0.9968520461699896,0.9910714285714286,0.9976218787158144,1.0,0.9472861886024476,1006,1009
sv_sum,sub-02_FDSI_triangular-ramp10s_snr30dB,sub-02,triangular-ramp10s,30,3,20,1.0,0.9886018237082068,0.98793242156074,1.0,0.9871794871794872,0.986842105263158,0.9219805598258972,1301,1316
sv_sum,sub-02_FDSI_triangular-ramp10s_snr30dB,sub-02,triangular-ramp10s,30,4,33,1.0,0.9825581395348836,0.981549815498155,1.0,0.9791955617198336,1.0,0.918187379837036,845,860
sv_sum,sub-02_FDSI_triangular-ramp10s_snr30dB,sub-02,triangular-ramp10s,30,5,26,1.0,0.1028708133971291,0.074074074074074,0.992248062015504,0.0465753424657534,0.0615384615384615,0.8147312998771667,1154,1151
sv_sum,sub-02_FDSI_triangular-ramp10s_snr30dB,sub-02,triangular-ramp10s,30,6,28,1.0,0.1016324381253291,0.0718171926006528,0.975609756097561,0.0434520217260108,0.0526315789473684,0.8909446597099304,1003,1089
sv_sum,sub-02_FDSI_triangular-ramp10s_snr30dB,sub-02,triangular-ramp10s,30,7,21,1.0,0.9969064191802012,0.996734693877551,0.9856115107913668,0.9953789279112756,0.9864864864864864,0.9480026960372924,1289,1293
sv_sum,sub-02_FDSI_triangular-ramp10s_snr30dB,sub-02,triangular-ramp10s,30,8,32,1.0,0.9845984598459846,0.9837019790454016,0.9801980198019802,0.9854881266490764,0.98,0.942921221256256,895,909
sv_sum,sub-02_FDSI_triangular-ramp10s_snr30dB,sub-02,triangular-ramp10s,30,9,22,1.0,0.1127639155470249,0.081013916500994,0.9863013698630136,0.0490899062327633,0.0495867768595041,0.8996250629425049,1052,1267
sv_sum,sub-02_FDSI_triangular-ramp10s_snr30dB,sub-02,triangular-ramp10s,30,10,25,1.0,0.9796264855687606,0.97847533632287,1.0,0.9756345177664976,1.0,0.9260280728340148,1154,1178
sv_sum,sub-02_FDSI_triangular-ramp10s_snr30dB,sub-02,triangular-ramp10s,30,11,16,1.0,0.978902953586498,0.9776951672862454,0.9871794871794872,0.9756302521008404,0.987012987012987,0.9406190514564514,1393,1421
sv_sum,sub-02_FDSI_triangular-ramp10s_snr30dB,sub-02,triangular-ramp10s,30,12,14,0.9878048780487804,0.1492357200321802,0.1206322795341098,0.9814814814814816,0.0969081679741578,0.0671140939597315,0.8918803930282593,1407,1450
sv_sum,sub-02_FDSI_triangular-ramp10s_snr30dB,sub-02,triangular-ramp10s,30,13,31,0.9803921568627452,0.7850378787878788,0.7751243781094528,0.8558558558558559,0.7687150837988826,0.92,0.8451279401779175,925,960
sv_sum,sub-02_FDSI_triangular-ramp10s_snr30dB,sub-02,triangular-ramp10s,30,14,8,0.9036144578313252,0.0790529695024077,0.0506434205064342,0.711764705882353,0.0388349514563106,0.0633802816901408,0.8288425207138062,1172,1517
sv_sum,sub-02_FDSI_triangular-ramp10s_snr30dB,sub-02,triangular-ramp10s,30,15,29,0.9821428571428572,0.6850921273031826,0.6704745166959578,0.9482758620689656,0.6439842209072978,0.859375,0.7772055864334106,974,1038
sv_sum,sub-02_FDSI_triangular-ramp10s_snr30dB,sub-02,triangular-ramp10s,30,16,23,0.9552238805970148,0.8956043956043956,0.8922949461474731,0.9708029197080292,0.8838951310861424,0.927536231884058,0.8863204121589661,1166,1249
sv_sum,sub-02_FDSI_triangular-ramp10s_snr30dB,sub-02,triangular-ramp10s,30,17,19,0.972972972972973,0.0946803318692044,0.0617721518987341,0.8888888888888888,0.030320044918585,0.043859649122807,0.9214135408401488,898,1345
sv_sum,sub-02_FDSI_triangular-ramp10s_snr25dB,sub-02,triangular-ramp10s,25,0,27,1.0,0.9464442493415276,0.9432558139534885,0.9761904761904762,0.9390756302521008,1.0,0.9014504551887512,1085,1132
sv_sum,sub-02_FDSI_triangular-ramp10s_snr25dB,sub-02,triangular-ramp10s,25,1,30,1.0,0.9950445986124876,0.994753410283316,0.9910714285714286,0.995243757431629,1.0,0.936044692993164,1004,1009
sv_sum,sub-02_FDSI_triangular-ramp10s_snr25dB,sub-02,triangular-ramp10s,25,2,24,1.0,0.9860426929392446,0.9852173913043478,0.9927007299270072,0.985207100591716,0.9850746268656716,0.9376938343048096,1201,1218
sv_sum,sub-02_FDSI_triangular-ramp10s_snr25dB,sub-02,triangular-ramp10s,25,3,20,1.0,0.9764437689969604,0.9750603378921964,0.9864864864864864,0.9743589743589745,0.986842105263158,0.911426603794098,1285,1316
sv_sum,sub-02_FDSI_triangular-ramp10s_snr25dB,sub-02,triangular-ramp10s,25,4,21,1.0,0.9969064191802012,0.996734693877551,0.9856115107913668,0.9953789279112756,0.9864864864864864,0.9386717677116394,1289,1293
sv_sum,sub-02_FDSI_triangular-ramp10s_snr25dB,sub-02,triangular-ramp10s,25,5,32,0.9,0.8391906283280085,0.8357705286839145,0.9405940594059404,0.815989847715736,1.0,0.8612619042396545,818,909
sv_sum,sub-02_FDSI_triangular-ramp10s_snr25dB,sub-02,triangular-ramp10s,25,6,33,1.0,0.6857429718875502,0.7572062084257206,0.946236559139785,0.8283485045513654,1.0,0.8298630118370056,819,860
sv_sum,sub-02_FDSI_triangular-ramp10s_snr25dB,sub-02,triangular-ramp10s,25,7,25,1.0,0.923141891891892,0.9188224799286352,0.9763779527559056,0.9122098890010092,0.9848484848484848,0.8892585635185242,1099,1178
sv_sum,sub-02_FDSI_triangular-ramp10s_snr25dB,sub-02,triangular-ramp10s,25,8,28,0.918032786885246,0.0886929460580912,0.0615961435457953,0.8770491803278688,0.0373222748815165,0.0530973451327433,0.8616570234298706,1010,1089
sv_sum,sub-02_FDSI_triangular-ramp10s_snr25dB,sub-02,triangular-ramp10s,25,9,19,0.9864864864864864,0.0821114369501466,0.0481744421906693,0.75,0.0303030303030303,0.0442477876106194,0.8437877297401428,869,1345
sv_sum,sub-02_FDSI_triangular-ramp10s_snr25dB,sub-02,triangular-ramp10s,25,10,16,0.9090909090909092,0.951048951048951,0.9534368070953436,0.9235668789808916,0.949874686716792,1.0,0.9142986536026,1369,1421
sv_sum,sub-02_FDSI_triangular-ramp10s_snr20dB,sub-02,triangular-ramp10s,20,0,30,1.0,0.9890981169474728,0.9884575026232948,1.0,0.9869203329369798,1.0,0.9173072576522828,998,1009
sv_sum,sub-02_FDSI_triangular-ramp10s_snr20dB,sub-02,triangular-ramp10s,20,1,27,1.0,0.8775153105861767,0.8702502316960148,0.9523809523809524,0.8619246861924686,0.9672131147540984,0.8735594749450684,1014,1132
sv_sum,sub-02_FDSI_triangular-ramp10s_snr20dB,sub-02,triangular-ramp10s,20,2,20,0.9452054794520548,0.9012066365007542,0.8986432561851556,0.918918918918919,0.8947368421052632,0.9605263157894736,0.8715868592262268,1205,1316
sv_sum,sub-02_FDSI_triangular-ramp10s_snr20dB,sub-02,triangular-ramp10s,20,3,24,1.0,0.8452211126961484,0.8373313343328336,0.9784172661870504,0.8210702341137124,1.0,0.8924919366836548,1369,1218
sv_sum,sub-02_FDSI_triangular-ramp10s_snr20dB,sub-02,triangular-ramp10s,20,4,21,1.0,0.9868522815158546,0.9861224489795918,0.9712230215827338,0.9870490286771508,0.9864864864864864,0.929102897644043,1276,1293
sv_sum,sub-02_FDSI_triangular-ramp10s_snr20dB,sub-02,triangular-ramp10s,20,5,32,0.9019607843137256,0.924507658643326,0.925840092699884,0.903846153846154,0.930171277997365,0.8823529411764706,0.8910965919494629,850,909
sv_sum,sub-02_FDSI_triangular-ramp10s_snr15dB,sub-02,triangular-ramp10s,15,0,21,0.9852941176470588,0.9846508058326938,0.9846153846153848,0.9856115107913668,0.9816681943171404,0.9733333333333334,0.9283635020256042,1293,1293
sv_sum,sub-02_FDSI_triangular-ramp10s_snr15dB,sub-02,triangular-ramp10s,15,1,24,1.0,0.6037321624588364,0.5883694412770809,0.9310344827586208,0.5590796019900498,0.9565217391304348,0.8722116351127625,1704,1218
sv_sum,sub-02_FDSI_triangular-ramp10s_snr15dB,sub-02,triangular-ramp10s,15,2,30,0.9821428571428572,0.9056420233463036,0.9012345679012346,0.9732142857142856,0.8930232558139535,0.9642857142857144,0.8251701593399048,950,1009
sv_sum,sub-02_FDSI_triangular-ramp5s_snr30dB,sub-02,triangular-ramp5s,30,0,24,0.9850746268656716,0.9862348178137652,0.9846022241231822,0.9432624113475178,0.9922103213242454,0.9850746268656716,0.9655210971832277,1226,1227
sv_sum,sub-02_FDSI_triangular-ramp5s_snr30dB,sub-02,triangular-ramp5s,30,1,22,1.0,0.0764872521246459,0.0439882697947214,0.5536723163841808,0.0415282392026578,0.0782608695652174,0.9457862973213196,1013,1267
sv_sum,sub-02_FDSI_triangular-ramp5s_snr30dB,sub-02,triangular-ramp5s,30,2,33,0.979591836734694,0.9568764568764568,0.9555006180469716,0.91,0.9719495091164096,0.8222222222222222,0.9036954045295716,828,851
sv_sum,sub-02_FDSI_triangular-ramp5s_snr30dB,sub-02,triangular-ramp5s,30,3,21,1.0,0.996141975308642,0.9959116925592804,1.0,0.9962962962962963,0.9859154929577464,0.920963168144226,1291,1296
sv_sum,sub-02_FDSI_triangular-ramp5s_snr30dB,sub-02,triangular-ramp5s,30,4,32,1.0,0.9900552486187846,0.9894736842105264,0.98,0.9907407407407408,1.0,0.9239413738250732,896,905
sv_sum,sub-02_FDSI_triangular-ramp5s_snr30dB,sub-02,triangular-ramp5s,30,5,30,1.0,0.993993993993994,0.9936440677966102,0.9910714285714286,0.9939903846153846,1.0,0.9044068455696106,993,999
sv_sum,sub-02_FDSI_triangular-ramp5s_snr30dB,sub-02,triangular-ramp5s,30,6,28,1.0,0.8697183098591549,0.862708719851577,0.7651515151515151,0.8761904761904762,1.0,0.8813484907150269,1038,1086
sv_sum,sub-02_FDSI_triangular-ramp5s_snr30dB,sub-02,triangular-ramp5s,30,7,27,1.0,0.958855098389982,0.9565627950897072,0.907563025210084,0.9626467449306296,1.0,0.8759921789169312,1072,1118
sv_sum,sub-02_FDSI_triangular-ramp5s_snr30dB,sub-02,triangular-ramp5s,30,8,26,1.0,0.1856561546286877,0.1578116780641767,0.6415094339622641,0.1531213191990577,0.0467289719626168,0.8193694949150085,1176,1155
sv_sum,sub-02_FDSI_triangular-ramp5s_snr30dB,sub-02,triangular-ramp5s,30,9,19,0.9444444444444444,0.0815876515986769,0.0459242250287026,0.5625,0.0371819960861056,0.0517241379310344,0.8458735942840576,625,1337
sv_sum,sub-02_FDSI_triangular-ramp5s_snr30dB,sub-02,triangular-ramp5s,30,10,29,1.0,0.5065616797900262,0.480184331797235,0.6031746031746031,0.4700944386149003,0.859375,0.7866602540016174,677,1045
sv_sum,sub-02_FDSI_triangular-ramp5s_snr30dB,sub-02,triangular-ramp5s,30,11,15,0.9487179487179488,0.7171097477845945,0.7041036717062635,0.7044025157232704,0.7084690553745928,0.875,0.818003237247467,1097,1422
sv_sum,sub-02_FDSI_triangular-ramp5s_snr30dB,sub-02,triangular-ramp5s,30,12,25,1.0,0.7743506493506493,0.7615780445969125,0.7972027972027972,0.7565982404692082,1.0,0.836993932723999,1000,1186
sv_sum,sub-02_FDSI_triangular-ramp5s_snr30dB,sub-02,triangular-ramp5s,30,13,20,1.0,0.9573991031390134,0.9548335974643424,0.9668874172185432,0.9531953195319532,1.0,0.9025120735168456,1286,1333
sv_sum,sub-02_FDSI_triangular-ramp5s_snr30dB,sub-02,triangular-ramp5s,30,14,16,1.0,0.9721627408993576,0.9704769114307344,0.9873417721518988,0.9666095890410958,0.974025974025974,0.9226227402687072,1363,1400
sv_sum,sub-02_FDSI_triangular-ramp5s_snr30dB,sub-02,triangular-ramp5s,30,15,23,0.9,0.8083785880527541,0.8031173092698933,0.8040540540540541,0.8175865294667914,0.6805555555555556,0.8524348139762878,1083,1248
sv_sum,sub-02_FDSI_triangular-ramp5s_snr30dB,sub-02,triangular-ramp5s,30,16,31,0.9818181818181818,0.3254355400696864,0.2992753623188405,0.6134453781512605,0.2743083003952569,0.9215686274509804,0.8694849014282227,957,945
sv_sum,sub-02_FDSI_triangular-ramp5s_snr30dB,sub-02,triangular-ramp5s,30,17,9,0.9156626506024096,0.0739747029513223,0.0463182897862232,0.551219512195122,0.0429530201342281,0.0699300699300699,0.9131900668144226,1291,1511
sv_sum,sub-02_FDSI_triangular-ramp5s_snr30dB,sub-02,triangular-ramp5s,30,18,14,0.9487179487179488,0.1551155115511551,0.1287297527706735,0.725,0.1233396584440227,0.0612244897959183,0.868758499622345,1350,1450
sv_sum,sub-02_FDSI_triangular-ramp5s_snr25dB,sub-02,triangular-ramp5s,25,0,25,1.0,0.826797385620915,0.8169257340241797,0.8028169014084507,0.8228346456692913,0.9393939393939394,0.8507400155067444,1050,1186
sv_sum,sub-02_FDSI_triangular-ramp5s_snr25dB,sub-02,triangular-ramp5s,25,1,24,0.9850746268656716,0.9416796267496113,0.9377049180327868,0.9225352112676056,0.9415041782729804,0.9850746268656716,0.9346237182617188,1270,1227
sv_sum,sub-02_FDSI_triangular-ramp5s_snr25dB,sub-02,triangular-ramp5s,25,2,21,1.0,0.9907407407407408,0.9901880621422732,0.993103448275862,0.9907407407407408,0.9859154929577464,0.9072552919387816,1284,1296
sv_sum,sub-02_FDSI_triangular-ramp5s_snr25dB,sub-02,triangular-ramp5s,25,3,33,0.979591836734694,0.4540284360189573,0.4284294234592445,0.5526315789473685,0.4129464285714285,0.9782608695652174,0.7112829685211182,683,851
sv_sum,sub-02_FDSI_triangular-ramp5s_snr25dB,sub-02,triangular-ramp5s,25,4,32,0.98,0.9624309392265192,0.9614035087719298,0.94,0.9629629629629628,1.0,0.908242166042328,871,905
sv_sum,sub-02_FDSI_triangular-ramp5s_snr25dB,sub-02,triangular-ramp5s,25,5,28,0.9310344827586208,0.0948821161587119,0.0660321237358715,0.6376811594202898,0.0495703899537343,0.0465116279069767,0.8658245801925659,818,1086
sv_sum,sub-02_FDSI_triangular-ramp5s_snr25dB,sub-02,triangular-ramp5s,25,6,30,1.0,0.987987987987988,0.9872881355932204,0.9464285714285714,0.9927884615384616,1.0,0.901966392993927,987,999
sv_sum,sub-02_FDSI_triangular-ramp5s_snr25dB,sub-02,triangular-ramp5s,25,7,27,1.0,0.8932980599647267,0.8874418604651163,0.8031496062992126,0.8994708994708994,0.9838709677419356,0.842801570892334,1029,1118
sv_sum,sub-02_FDSI_triangular-ramp5s_snr25dB,sub-02,triangular-ramp5s,25,8,29,0.9310344827586208,0.2280130293159609,0.2004062288422478,0.4842767295597484,0.2138910812943962,0.0673076923076923,0.7418330311775208,840,1045
sv_sum,sub-02_FDSI_triangular-ramp5s_snr25dB,sub-02,triangular-ramp5s,25,9,20,1.0,0.9312406576980568,0.9270998415213946,0.86,0.9379496402877698,0.9736842105263158,0.8649209141731262,1251,1333
sv_sum,sub-02_FDSI_triangular-ramp5s_snr25dB,sub-02,triangular-ramp5s,25,10,26,0.9384615384615383,0.3297991071428571,0.3068905616676317,0.5521472392638037,0.2883631713554987,0.7692307692307693,0.8108775615692139,1228,1155
sv_sum,sub-02_FDSI_triangular-ramp5s_snr20dB,sub-02,triangular-ramp5s,20,0,24,0.9850746268656716,0.7963709677419355,0.7862165963431786,0.7682926829268293,0.7899761336515513,0.9850746268656716,0.8903037309646606,1446,1227
sv_sum,sub-02_FDSI_triangular-ramp5s_snr20dB,sub-02,triangular-ramp5s,20,1,21,1.0,0.9838212634822804,0.9828571428571428,0.9793103448275862,0.9842883548983364,0.9859154929577464,0.8917673826217651,1279,1296
sv_sum,sub-02_FDSI_triangular-ramp5s_snr20dB,sub-02,triangular-ramp5s,20,2,30,1.0,0.983,0.982010582010582,0.9642857142857144,0.9843937575030012,1.0,0.8917454481124878,984,999
sv_sum,sub-02_FDSI_triangular-ramp5s_snr20dB,sub-02,triangular-ramp5s,20,3,27,0.9830508474576272,0.8268551236749117,0.8182665424044734,0.7,0.8357894736842105,0.935483870967742,0.8495023250579834,950,1118
sv_sum,sub-02_FDSI_triangular-ramp5s_snr20dB,sub-02,triangular-ramp5s,20,4,20,0.9473684210526316,0.8303834808259587,0.8234375,0.7272727272727273,0.8348134991119005,0.9736842105263158,0.8469547629356384,1149,1333
sv_sum,sub-02_FDSI_triangular-ramp5s_snr15dB,sub-02,triangular-ramp5s,15,0,24,0.9848484848484848,0.185782817269952,0.1621014818140997,0.75,0.1489468405215647,0.0930232558139534,0.8793562650680542,1492,1227
sv_sum,sub-02_FDSI_triangular-ramp5s_snr15dB,sub-02,triangular-ramp5s,15,1,21,0.972972972972973,0.9522365428354814,0.951004016064257,0.958904109589041,0.9500454132606722,0.9722222222222222,0.8700001835823059,1279,1296
sv_sum,sub-02_FDSI_triangular-ramp5s_snr15dB,sub-02,triangular-ramp5s,15,2,30,0.9818181818181818,0.926221335992024,0.9229957805907172,0.8214285714285714,0.9354066985645934,1.0,0.8646585941314697,933,999
sv_sum,sub-03_FDSI_staircase_snr30dB,sub-03,staircase,30,0,48,1.0,0.9909021986353298,0.9905288082083662,,,,0.9576285481452942,1307,1319
sv_sum,sub-03_FDSI_staircase_snr30dB,sub-03,staircase,30,1,49,1.0,0.9960906958561376,0.9959316517493898,,,,0.975597321987152,1274,1279
sv_sum,sub-03_FDSI_staircase_snr30dB,sub-03,staircase,30,2,51,1.0,0.9949281487743026,0.9947183098591548,,,,0.9804546236991882,1177,1183
sv_sum,sub-03_FDSI_staircase_snr30dB,sub-03,staircase,30,3,46,1.0,0.9942487419122932,0.994011976047904,,,,0.9709819555282592,1383,1391
sv_sum,sub-03_FDSI_staircase_snr30dB,sub-03,staircase,30,4,40,1.0,0.9950586781964176,0.9948453608247424,,,,0.9894115924835204,1611,1619
sv_sum,sub-03_FDSI_staircase_snr30dB,sub-03,staircase,30,5,52,1.0,0.993838028169014,0.9935720844811754,,,,0.9773284792900084,1129,1136
sv_sum,sub-03_FDSI_staircase_snr30dB,sub-03,staircase,30,6,44,1.0,0.9952380952380953,0.9950389794472004,,,,0.9775336980819702,1463,1470
sv_sum,sub-03_FDSI_staircase_snr30dB,sub-03,staircase,30,7,50,1.0,0.9820408163265306,0.9813084112149532,,,,0.9405053853988647,1203,1225
sv_sum,sub-03_FDSI_staircase_snr30dB,sub-03,staircase,30,8,45,0.9636363636363636,0.164028144239226,0.1442091031996394,,,,0.8711970448493958,1202,1445
sv_sum,sub-03_FDSI_staircase_snr30dB,sub-03,staircase,30,9,47,1.0,0.9423076923076924,0.9399538106235564,,,,0.8980153799057007,1278,1348
sv_sum,sub-03_FDSI_staircase_snr30dB,sub-03,staircase,30,10,35,0.9295774647887324,0.9847457627118644,0.987051206592113,,,,0.9517902135849,1743,1770
sv_sum,sub-03_FDSI_staircase_snr25dB,sub-03,staircase,25,0,51,1.0,0.9957734573119188,0.9955985915492958,,,,0.9671487212181092,1178,1183
sv_sum,sub-03_FDSI_staircase_snr25dB,sub-03,staircase,25,1,46,1.0,0.9942487419122932,0.994011976047904,,,,0.9513218402862548,1383,1391
sv_sum,sub-03_FDSI_staircase_snr25dB,sub-03,staircase,25,2,52,1.0,0.993838028169014,0.9935720844811754,,,,0.9677879214286804,1129,1136
sv_sum,sub-03_FDSI_staircase_snr25dB,sub-03,staircase,25,3,40,1.0,0.9969116738727608,0.996778350515464,,,,0.9866037368774414,1614,1619
sv_sum,sub-03_FDSI_staircase_snr25dB,sub-03,staircase,25,4,44,1.0,0.9952380952380953,0.9950389794472004,,,,0.9677713513374328,1463,1470
sv_sum,sub-03_FDSI_staircase_snr25dB,sub-03,staircase,25,5,48,1.0,0.9855951478392722,0.9850039463299132,,,,0.9469820261001588,1300,1319
sv_sum,sub-03_FDSI_staircase_snr25dB,sub-03,staircase,25,6,45,0.9090909090909092,0.1284843205574913,0.109326193663543,,,,0.8174003958702087,1146,1445
sv_sum,sub-03_FDSI_staircase_snr25dB,sub-03,staircase,25,7,49,1.0,0.9960906958561376,0.9959316517493898,,,,0.964059352874756,1274,1279
sv_sum,sub-03_FDSI_staircase_snr20dB,sub-03,staircase,20,0,44,1.0,0.9870748299319728,0.9865343727852588,,,,0.9427715539932252,1451,1470
sv_sum,sub-03_FDSI_staircase_snr20dB,sub-03,staircase,20,1,46,1.0,0.9798850574712644,0.9790575916230366,,,,0.9273810982704164,1365,1391
sv_sum,sub-03_FDSI_staircase_snr20dB,sub-03,staircase,20,2,40,1.0,0.9962940086473132,0.9961340206185568,,,,0.9819262623786926,1613,1619
sv_sum,sub-03_FDSI_staircase_snr20dB,sub-03,staircase,20,3,49,0.96,0.9190439475713184,0.917401764234162,,,,0.8758640289306641,1210,1279
sv_sum,sub-03_FDSI_staircase_snr20dB,sub-03,staircase,20,4,51,1.0,0.99323753169907,0.9929577464788732,,,,0.9545579552650452,1175,1183
sv_sum,sub-03_FDSI_staircase_snr20dB,sub-03,staircase,20,5,52,1.0,0.988556338028169,0.9880624426078972,,,,0.9321817755699158,1123,1136
sv_sum,sub-03_FDSI_staircase_snr20dB,sub-03,staircase,20,6,48,0.9230769230769232,0.9696969696969696,0.9716088328075708,,,,0.9294196367263794,1281,1319
sv_sum,sub-03_FDSI_staircase_snr15dB,sub-03,staircase,15,0,40,1.0,0.9956763434218654,0.9954896907216496,,,,0.97594553232193,1612,1619
sv_sum,sub-03_FDSI_staircase_snr15dB,sub-03,staircase,15,1,44,0.9322033898305084,0.9483344663494222,0.9490084985835694,,,,0.913163959980011,1396,1470
sv_sum,sub-03_FDSI_staircase_snr15dB,sub-03,staircase,15,2,52,0.9787234042553192,0.9753521126760564,0.975206611570248,,,,0.9146650433540344,1108,1136
sv_sum,sub-03_FDSI_triangular-ramp40s_snr30dB,sub-03,triangular-ramp40s,30,0,48,1.0,0.9915611814345991,0.9910813823857302,1.0,0.9898734177215188,1.0,0.961472749710083,941,947
sv_sum,sub-03_FDSI_triangular-ramp40s_snr30dB,sub-03,triangular-ramp40s,30,1,46,1.0,0.988,0.9873284054910244,0.9907407407407408,0.986842105263158,1.0,0.9410889744758606,988,1000
sv_sum,sub-03_FDSI_triangular-ramp40s_snr30dB,sub-03,triangular-ramp40s,30,2,40,1.0,0.9956483899042646,0.9953874538745388,0.9923664122137404,0.992685475444096,0.984126984126984,0.9874463677406312,1144,1149
sv_sum,sub-03_FDSI_triangular-ramp40s_snr30dB,sub-03,triangular-ramp40s,30,3,52,1.0,0.9987730061349692,0.9986996098829648,1.0,0.9985272459499264,1.0,0.9804844856262208,814,815
sv_sum,sub-03_FDSI_triangular-ramp40s_snr30dB,sub-03,triangular-ramp40s,30,4,49,1.0,0.996742671009772,0.9965556831228471,1.0,0.99609375,1.0,0.9751915335655212,918,921
sv_sum,sub-03_FDSI_triangular-ramp40s_snr30dB,sub-03,triangular-ramp40s,30,5,50,1.0,0.9662162162162162,0.964243146603099,1.0,0.9595687331536388,1.0,0.9222027063369752,859,887
sv_sum,sub-03_FDSI_triangular-ramp40s_snr30dB,sub-03,triangular-ramp40s,30,6,51,1.0,0.9988317757009346,0.9987623762376238,1.0,1.0,0.9782608695652174,0.9794570207595824,855,856
sv_sum,sub-03_FDSI_triangular-ramp40s_snr30dB,sub-03,triangular-ramp40s,30,7,35,0.9859154929577464,0.9790996784565916,0.9786871270247228,0.9857142857142858,0.9768115942028984,1.0,0.9407335519790648,1218,1244
sv_sum,sub-03_FDSI_triangular-ramp40s_snr30dB,sub-03,triangular-ramp40s,30,8,45,0.9649122807017544,0.1561360874848116,0.1271239773442416,0.9823008849557522,0.1021693491952414,0.0505050505050505,0.839729905128479,865,1038
sv_sum,sub-03_FDSI_triangular-ramp40s_snr30dB,sub-03,triangular-ramp40s,30,9,44,1.0,0.995274102079395,0.994994994994995,1.0,0.9943246311010216,1.0,0.972345530986786,1053,1058
sv_sum,sub-03_FDSI_triangular-ramp40s_snr30dB,sub-03,triangular-ramp40s,30,10,47,0.9245283018867924,0.97119341563786,0.9738846572361264,0.9454545454545454,0.974009900990099,0.9814814814814816,0.9358032941818236,944,972
sv_sum,sub-03_FDSI_triangular-ramp40s_snr30dB,sub-03,triangular-ramp40s,30,11,43,0.9344262295081968,0.1799187463726059,0.1522262334536702,0.950413223140496,0.1304347826086956,0.07,0.8061996698379517,947,1086
sv_sum,sub-03_FDSI_triangular-ramp40s_snr25dB,sub-03,triangular-ramp40s,25,0,48,1.0,0.9873417721518988,0.9866220735785952,1.0,0.9848101265822784,1.0,0.9440128207206726,937,947
sv_sum,sub-03_FDSI_triangular-ramp40s_snr25dB,sub-03,triangular-ramp40s,25,1,40,1.0,0.9956483899042646,0.9953874538745388,0.9923664122137404,0.992685475444096,0.984126984126984,0.9851838946342468,1144,1149
sv_sum,sub-03_FDSI_triangular-ramp40s_snr25dB,sub-03,triangular-ramp40s,25,2,52,1.0,0.9987730061349692,0.9986996098829648,1.0,0.9985272459499264,1.0,0.9712605476379396,814,815
sv_sum,sub-03_FDSI_triangular-ramp40s_snr25dB,sub-03,triangular-ramp40s,25,3,44,0.9833333333333332,0.9905571293673276,0.990990990990991,0.9833333333333332,0.9920544835414302,0.9827586206896552,0.960828185081482,1050,1058
sv_sum,sub-03_FDSI_triangular-ramp40s_snr25dB,sub-03,triangular-ramp40s,25,4,46,1.0,0.993,0.9926082365364308,1.0,0.992822966507177,0.9821428571428572,0.9520791172981262,993,1000
sv_sum,sub-03_FDSI_triangular-ramp40s_snr25dB,sub-03,triangular-ramp40s,25,5,49,1.0,0.984799131378936,0.983926521239954,1.0,0.984375,0.9622641509433962,0.9154146313667296,907,921
sv_sum,sub-03_FDSI_triangular-ramp40s_snr25dB,sub-03,triangular-ramp40s,25,6,51,1.0,0.9871495327102804,0.9863861386138614,1.0,0.9846153846153848,1.0,0.9620400071144104,845,856
sv_sum,sub-03_FDSI_triangular-ramp40s_snr20dB,sub-03,triangular-ramp40s,20,0,48,1.0,0.9294605809128632,0.9255202628696604,1.0,0.9168734491315136,0.9807692307692308,0.8932139873504639,913,947
sv_sum,sub-03_FDSI_triangular-ramp40s_snr20dB,sub-03,triangular-ramp40s,20,1,40,1.0,0.9947780678851176,0.9944649446494463,0.9847328244274808,0.992685475444096,0.984126984126984,0.9783464670181274,1143,1149
sv_sum,sub-03_FDSI_triangular-ramp40s_snr20dB,sub-03,triangular-ramp40s,20,2,46,1.0,0.9830339321357284,0.982086406743941,1.0,0.9809069212410502,0.9821428571428572,0.9279724955558776,987,1000
sv_sum,sub-03_FDSI_triangular-ramp40s_snr20dB,sub-03,triangular-ramp40s,20,3,49,0.98,0.9653304442036836,0.9644902634593356,0.99,0.9597402597402598,1.0,0.9062930345535278,893,921
sv_sum,sub-03_FDSI_triangular-ramp40s_snr20dB,sub-03,triangular-ramp40s,20,4,51,0.9791666666666666,0.991822429906542,0.9925742574257426,0.9894736842105264,0.993006993006993,0.9782608695652174,0.9573861956596376,849,856
sv_sum,sub-03_FDSI_triangular-ramp40s_snr20dB,sub-03,triangular-ramp40s,20,5,52,1.0,0.9914110429447852,0.9908972691807544,0.9887640449438202,0.9926362297496318,0.9787234042553192,0.9613382816314696,808,815
sv_sum,sub-03_FDSI_triangular-ramp40s_snr20dB,sub-03,triangular-ramp40s,20,6,44,1.0,0.9877126654064272,0.986986986986987,0.9915966386554622,0.9875141884222476,0.9827586206896552,0.9429922103881836,1045,1058
sv_sum,sub-03_FDSI_triangular-ramp40s_snr15dB,sub-03,triangular-ramp40s,15,0,40,1.0,0.9956483899042646,0.9953874538745388,0.9923664122137404,0.992685475444096,0.984126984126984,0.9734126925468444,1144,1149
sv_sum,sub-03_FDSI_triangular-ramp40s_snr15dB,sub-03,triangular-ramp40s,15,1,44,0.9830508474576272,0.943289224952741,0.9409409409409408,0.9747899159663864,0.9353007945516458,1.0,0.9151138067245485,998,1058
sv_sum,sub-03_FDSI_triangular-ramp40s_snr15dB,sub-03,triangular-ramp40s,15,2,52,0.9565217391304348,0.938875305623472,0.9378238341968912,0.9662921348314608,0.9325513196480938,0.9787234042553192,0.8914992213249207,771,815
sv_sum,sub-03_FDSI_triangular-ramp40s_snr15dB,sub-03,triangular-ramp40s,15,3,49,0.94,0.9301075268817204,0.9295454545454546,0.96,0.9214929214929216,1.0,0.8990306258201599,874,921
sv_sum,sub-03_FDSI_triangular-ramp40s_snr15dB,sub-03,triangular-ramp40s,15,4,46,0.9433962264150944,0.927363184079602,0.9264705882352942,0.9629629629629628,0.9191438763376932,0.9821428571428572,0.9095659852027892,937,1000
sv_sum,sub-03_FDSI_triangular-ramp20s_snr30dB,sub-03,triangular-ramp20s,30,0,52,1.0,0.9938195302843016,0.9934640522875816,1.0,0.9925925925925926,1.0,0.9768311977386476,804,809
sv_sum,sub-03_FDSI_triangular-ramp20s_snr30dB,sub-03,triangular-ramp20s,30,1,51,1.0,0.9882903981264636,0.9875776397515528,0.96875,0.9901269393511988,1.0,0.9485650658607484,844,854
sv_sum,sub-03_FDSI_triangular-ramp20s_snr30dB,sub-03,triangular-ramp20s,30,2,40,1.0,0.9982683982683984,0.9981684981684982,0.992063492063492,0.9979274611398964,0.9846153846153848,0.9826470017433168,1153,1155
sv_sum,sub-03_FDSI_triangular-ramp20s_snr30dB,sub-03,triangular-ramp20s,30,3,44,1.0,0.9971936389148736,0.9970267591674926,1.0,0.9977477477477478,0.9836065573770492,0.9524849057197572,1066,1069
sv_sum,sub-03_FDSI_triangular-ramp20s_snr30dB,sub-03,triangular-ramp20s,30,4,46,0.9818181818181818,0.998019801980198,0.9968619246861924,1.0,0.9976190476190476,1.0,0.9581248760223388,1008,1010
sv_sum,sub-03_FDSI_triangular-ramp20s_snr30dB,sub-03,triangular-ramp20s,30,5,48,1.0,0.994753410283316,0.9944444444444444,0.9905660377358492,0.996216897856242,0.9814814814814816,0.9557393789291382,948,953
sv_sum,sub-03_FDSI_triangular-ramp20s_snr30dB,sub-03,triangular-ramp20s,30,6,49,1.0,0.9891186071817192,0.988479262672811,1.0,0.9869451697127938,1.0,0.9347764253616332,909,919
sv_sum,sub-03_FDSI_triangular-ramp20s_snr30dB,sub-03,triangular-ramp20s,30,7,35,0.9852941176470588,0.971268954509178,0.9704641350210972,0.9558823529411764,0.9723018147086916,0.9857142857142858,0.930299997329712,1217,1253
sv_sum,sub-03_FDSI_triangular-ramp20s_snr30dB,sub-03,triangular-ramp20s,30,8,45,0.912280701754386,0.0975043528728961,0.0696278511404561,0.9203539823008848,0.0390728476821192,0.0606060606060606,0.9165318012237548,848,1043
sv_sum,sub-03_FDSI_triangular-ramp20s_snr30dB,sub-03,triangular-ramp20s,30,9,47,1.0,0.3200280112044817,0.2938181818181818,0.9905660377358492,0.2840816326530612,0.0631578947368421,0.8650630712509155,911,974
sv_sum,sub-03_FDSI_triangular-ramp20s_snr30dB,sub-03,triangular-ramp20s,30,10,50,0.9615384615384616,0.9460067491563554,0.9427207637231504,0.9191919191919192,0.9460188933873144,1.0,0.9196985363960266,842,888
sv_sum,sub-03_FDSI_triangular-ramp20s_snr25dB,sub-03,triangular-ramp20s,25,0,52,1.0,0.9938195302843016,0.9934640522875816,1.0,0.9925925925925926,1.0,0.9623565077781676,804,809
sv_sum,sub-03_FDSI_triangular-ramp20s_snr25dB,sub-03,triangular-ramp20s,25,1,49,1.0,0.872093023255814,0.864804469273743,1.0,0.8474148802017655,1.0,0.872950553894043,852,919
sv_sum,sub-03_FDSI_triangular-ramp20s_snr25dB,sub-03,triangular-ramp20s,25,2,40,1.0,0.9982683982683984,0.9981684981684982,0.992063492063492,0.9979274611398964,0.9846153846153848,0.9801124930381776,1153,1155
sv_sum,sub-03_FDSI_triangular-ramp20s_snr25dB,sub-03,triangular-ramp20s,25,3,46,0.9818181818181818,0.994059405940594,0.9926778242677824,1.0,0.9940476190476192,0.9827586206896552,0.9379947781562804,1004,1010
sv_sum,sub-03_FDSI_triangular-ramp20s_snr25dB,sub-03,triangular-ramp20s,25,4,44,1.0,0.9897100093545368,0.9890981169474728,1.0,0.9887387387387389,0.9836065573770492,0.9495326280593872,1058,1069
sv_sum,sub-03_FDSI_triangular-ramp20s_snr25dB,sub-03,triangular-ramp20s,25,5,51,1.0,0.9964871194379392,0.996273291925466,1.0,0.997179125528914,0.979591836734694,0.9670166373252868,851,854
sv_sum,sub-03_FDSI_triangular-ramp20s_snr25dB,sub-03,triangular-ramp20s,25,6,48,1.0,0.7224489795918367,0.7098976109215017,0.9905660377358492,0.7137254901960784,0.5252525252525253,0.8664223551750183,1157,953
sv_sum,sub-03_FDSI_triangular-ramp20s_snr25dB,sub-03,triangular-ramp20s,25,7,35,0.9264705882352942,0.9090183559457302,0.9080168776371308,0.9117647058823528,0.903533906399236,0.9857142857142858,0.9051145315170288,1139,1253
sv_sum,sub-03_FDSI_triangular-ramp20s_snr20dB,sub-03,triangular-ramp20s,20,0,44,1.0,0.9831618334892422,0.9821605550049554,0.9916666666666668,0.9842342342342344,0.9508196721311476,0.9242358803749084,1051,1069
sv_sum,sub-03_FDSI_triangular-ramp20s_snr20dB,sub-03,triangular-ramp20s,20,1,40,1.0,0.993939393939394,0.9935897435897436,1.0,0.9927461139896372,0.9692307692307692,0.97424978017807,1148,1155
sv_sum,sub-03_FDSI_triangular-ramp20s_snr20dB,sub-03,triangular-ramp20s,20,2,52,1.0,0.992583436341162,0.992156862745098,0.9886363636363636,0.994074074074074,0.9782608695652174,0.9512557983398438,803,809
sv_sum,sub-03_FDSI_triangular-ramp20s_snr20dB,sub-03,triangular-ramp20s,20,3,51,0.979591836734694,0.990632318501171,0.991304347826087,0.9895833333333334,0.9901269393511988,1.0,0.9503377676010132,846,854
sv_sum,sub-03_FDSI_triangular-ramp20s_snr20dB,sub-03,triangular-ramp20s,20,4,49,0.9803921568627452,0.7668341708542713,0.7552966101694916,0.9901960784313726,0.7268408551068883,0.9803921568627452,0.8480425477027893,839,919
sv_sum,sub-03_FDSI_triangular-ramp20s_snr20dB,sub-03,triangular-ramp20s,20,5,48,0.981132075471698,0.2798573975044563,0.2570552147239264,0.9905660377358492,0.247612551159618,0.0555555555555555,0.8653572201728821,1201,953
sv_sum,sub-03_FDSI_triangular-ramp20s_snr20dB,sub-03,triangular-ramp20s,20,6,46,0.9818181818181818,0.9713438735177866,0.9686847599164928,0.9910714285714286,0.9667458432304038,1.0,0.9073256254196168,985,1010
sv_sum,sub-03_FDSI_triangular-ramp20s_snr15dB,sub-03,triangular-ramp20s,15,0,40,1.0,0.9930735930735932,0.9926739926739928,1.0,0.9917098445595854,0.9692307692307692,0.9668269753456116,1147,1155
sv_sum,sub-03_FDSI_triangular-ramp20s_snr15dB,sub-03,triangular-ramp20s,15,1,49,0.9607843137254902,0.7760577915376677,0.7657952069716776,0.9705882352941176,0.7389705882352942,0.9803921568627452,0.8550763726234436,802,919
sv_sum,sub-03_FDSI_triangular-ramp20s_snr15dB,sub-03,triangular-ramp20s,15,2,44,0.95,0.9207828518173344,0.9190523198420532,0.95,0.9114349775784754,1.0,0.905110478401184,992,1069
sv_sum,sub-03_FDSI_triangular-ramp20s_snr15dB,sub-03,triangular-ramp20s,15,3,52,0.9318181818181818,0.9176904176904176,0.9168831168831169,0.9318181818181818,0.9147058823529411,0.9347826086956522,0.8616751432418823,752,809
sv_sum,sub-03_FDSI_triangular-ramp10s_snr30dB,sub-03,triangular-ramp10s,30,0,44,1.0,0.9943555973659456,0.99402390438247,1.0,0.994343891402715,0.9833333333333332,0.9058406949043274,1057,1063
sv_sum,sub-03_FDSI_triangular-ramp10s_snr30dB,sub-03,triangular-ramp10s,30,1,35,1.0,0.9541139240506328,0.9514644351464436,0.9568345323741008,0.9516587677725118,0.9857142857142858,0.8971579074859619,1208,1262
sv_sum,sub-03_FDSI_triangular-ramp10s_snr30dB,sub-03,triangular-ramp10s,30,2,52,1.0,0.9902676399026764,0.9897172236503856,0.9888888888888888,0.9898107714701602,1.0,0.9350401759147644,814,822
sv_sum,sub-03_FDSI_triangular-ramp10s_snr30dB,sub-03,triangular-ramp10s,30,3,50,1.0,0.9409761634506244,0.937424789410349,0.9693877551020408,0.9334239130434784,1.0,0.8778591752052307,830,880
sv_sum,sub-03_FDSI_triangular-ramp10s_snr30dB,sub-03,triangular-ramp10s,30,4,46,1.0,0.9910269192422732,0.9904963041182682,0.991150442477876,0.9904076738609112,1.0,0.9339173436164856,994,1003
sv_sum,sub-03_FDSI_triangular-ramp10s_snr30dB,sub-03,triangular-ramp10s,30,5,47,0.9814814814814816,0.5981981981981982,0.5785984848484849,0.9537037037037036,0.6201550387596899,0.0416666666666666,0.8449285626411438,797,977
sv_sum,sub-03_FDSI_triangular-ramp10s_snr30dB,sub-03,triangular-ramp10s,30,6,48,1.0,0.3212903225806451,0.2977303070761015,0.9906542056074766,0.2835708927231808,0.1272727272727272,0.8662971258163452,1089,959
sv_sum,sub-03_FDSI_triangular-ramp10s_snr30dB,sub-03,triangular-ramp10s,30,7,49,1.0,0.991237677984666,0.9907407407407408,1.0,0.9908136482939632,0.9803921568627452,0.9433966279029846,905,913
sv_sum,sub-03_FDSI_triangular-ramp10s_snr30dB,sub-03,triangular-ramp10s,30,8,43,0.9166666666666666,0.0828313253012048,0.056935817805383,0.6204379562043796,0.0436530729465824,0.0727272727272727,0.7620154619216919,1065,1092
sv_sum,sub-03_FDSI_triangular-ramp10s_snr30dB,sub-03,triangular-ramp10s,30,9,51,1.0,0.9918887601390498,0.9914320685434516,0.9893617021276596,0.9889196675900276,1.0,0.9700551629066468,856,863
sv_sum,sub-03_FDSI_triangular-ramp10s_snr30dB,sub-03,triangular-ramp10s,30,10,40,1.0,0.990409764603313,0.9898617511520738,0.9921875,0.9895397489539748,1.0,0.941944181919098,1136,1147
sv_sum,sub-03_FDSI_triangular-ramp10s_snr25dB,sub-03,triangular-ramp10s,25,0,51,1.0,0.993047508690614,0.99265605875153,0.9787234042553192,0.994459833795014,0.9583333333333334,0.9550237655639648,857,863
sv_sum,sub-03_FDSI_triangular-ramp10s_snr25dB,sub-03,triangular-ramp10s,25,1,44,1.0,0.982126058325494,0.9810756972111554,1.0,0.9785067873303168,1.0,0.8905907869338989,1044,1063
sv_sum,sub-03_FDSI_triangular-ramp10s_snr25dB,sub-03,triangular-ramp10s,25,2,50,0.9,0.8032786885245902,0.7976878612716763,0.8367346938775511,0.7883116883116883,0.9787234042553192,0.8277768492698669,770,880
sv_sum,sub-03_FDSI_triangular-ramp10s_snr25dB,sub-03,triangular-ramp10s,25,3,46,1.0,0.9642147117296224,0.9621052631578948,0.991150442477876,0.9581839904420548,1.0,0.9093465805053712,973,1003
sv_sum,sub-03_FDSI_triangular-ramp10s_snr25dB,sub-03,triangular-ramp10s,25,4,48,1.0,0.2487834549878345,0.2242462311557789,1.0,0.2100840336134453,0.0970873786407767,0.8699197173118591,1094,959
sv_sum,sub-03_FDSI_triangular-ramp10s_snr25dB,sub-03,triangular-ramp10s,25,5,49,1.0,0.9617486338797814,0.9595842956120092,1.0,0.9554973821989527,0.9803921568627452,0.9205885529518129,882,913
sv_sum,sub-03_FDSI_triangular-ramp10s_snr25dB,sub-03,triangular-ramp10s,25,6,52,1.0,0.9987834549878344,0.9987146529562982,1.0,0.9985443959243084,1.0,0.9547598958015442,821,822
sv_sum,sub-03_FDSI_triangular-ramp10s_snr25dB,sub-03,triangular-ramp10s,25,7,40,1.0,0.983435047951177,0.9824884792626728,0.984375,0.9822175732217572,1.0,0.9233006834983826,1128,1147
sv_sum,sub-03_FDSI_triangular-ramp10s_snr20dB,sub-03,triangular-ramp10s,20,0,40,0.984126984126984,0.995640802092415,0.9944700460829492,1.0,0.99581589958159,0.984126984126984,0.9686315059661864,1142,1147
sv_sum,sub-03_FDSI_triangular-ramp10s_snr20dB,sub-03,triangular-ramp10s,20,1,46,1.0,0.9244186046511628,0.9200819672131147,0.9734513274336284,0.9130938586326768,1.0,0.8740396499633789,983,1003
sv_sum,sub-03_FDSI_triangular-ramp10s_snr20dB,sub-03,triangular-ramp10s,20,2,49,1.0,0.6834817012858556,0.6673596673596673,0.99,0.6302325581395349,0.9803921568627452,0.8292533159255981,789,913
sv_sum,sub-03_FDSI_triangular-ramp10s_snr20dB,sub-03,triangular-ramp10s,20,3,44,0.9830508474576272,0.9511737089201878,0.9493041749502982,0.9831932773109244,0.944632768361582,0.9836065573770492,0.8839976787567139,1015,1063
sv_sum,sub-03_FDSI_triangular-ramp10s_snr20dB,sub-03,triangular-ramp10s,20,4,52,0.9772727272727272,0.8800475059382423,0.87468671679198,0.9555555555555556,0.8601694915254238,1.0,0.8504102230072021,761,822
sv_sum,sub-03_FDSI_triangular-ramp10s_snr20dB,sub-03,triangular-ramp10s,20,5,51,0.9130434782608696,0.981460023174971,0.98531211750306,0.9361702127659576,0.984764542936288,0.9791666666666666,0.9410024881362916,847,863
sv_sum,sub-03_FDSI_triangular-ramp10s_snr20dB,sub-03,triangular-ramp10s,20,6,48,0.9423076923076924,0.0952908587257617,0.0701654306902452,0.9345794392523364,0.0434782608695652,0.0961538461538461,0.8683895468711853,1018,959
sv_sum,sub-03_FDSI_triangular-ramp10s_snr15dB,sub-03,triangular-ramp10s,15,0,40,0.984126984126984,0.995640802092415,0.9944700460829492,1.0,0.99581589958159,0.984126984126984,0.9580618143081664,1142,1147
sv_sum,sub-03_FDSI_triangular-ramp10s_snr15dB,sub-03,triangular-ramp10s,15,1,52,0.9772727272727272,0.8832731648616126,0.8780177890724269,0.9555555555555556,0.8676258992805755,0.9361702127659576,0.8615663647651672,743,822
sv_sum,sub-03_FDSI_triangular-ramp10s_snr15dB,sub-03,triangular-ramp10s,15,2,49,0.9591836734693876,0.6542239685658153,0.6388028895768834,0.92,0.6032295271049596,1.0,0.823849081993103,771,913
sv_sum,sub-03_FDSI_triangular-ramp5s_snr30dB,sub-03,triangular-ramp5s,30,0,40,1.0,0.9956784788245462,0.9954212454212454,0.992248062015504,0.995846313603323,1.0,0.9747163653373718,1152,1157
sv_sum,sub-03_FDSI_triangular-ramp5s_snr30dB,sub-03,triangular-ramp5s,30,1,51,1.0,0.9953216374269006,0.9950617283950616,0.9891304347826086,0.9958100558659218,1.0,0.9478800892829896,851,855
sv_sum,sub-03_FDSI_triangular-ramp5s_snr30dB,sub-03,triangular-ramp5s,30,2,46,1.0,0.987987987987988,0.9873015873015872,0.981651376146789,0.9880382775119616,1.0,0.888817310333252,987,999
sv_sum,sub-03_FDSI_triangular-ramp5s_snr30dB,sub-03,triangular-ramp5s,30,3,44,1.0,0.9878391019644528,0.9871159563924676,0.9830508474576272,0.9854423292273236,1.0,0.8514159917831421,1056,1069
sv_sum,sub-03_FDSI_triangular-ramp5s_snr30dB,sub-03,triangular-ramp5s,30,4,52,1.0,0.9963369963369964,0.9961190168175936,1.0,0.9956076134699854,1.0,0.9438872337341307,816,819
sv_sum,sub-03_FDSI_triangular-ramp5s_snr30dB,sub-03,triangular-ramp5s,30,5,48,1.0,0.6846921797004991,0.6704347826086956,0.788135593220339,0.6566440349175557,1.0,0.8392760157585144,1081,944
sv_sum,sub-03_FDSI_triangular-ramp5s_snr30dB,sub-03,triangular-ramp5s,30,6,47,0.9636363636363636,0.4183927091963546,0.3923611111111111,0.5362318840579711,0.3747534516765286,0.9272727272727272,0.8131402730941772,736,976
sv_sum,sub-03_FDSI_triangular-ramp5s_snr30dB,sub-03,triangular-ramp5s,30,7,49,1.0,0.7301905717151455,0.7159450897571278,0.7027027027027027,0.718562874251497,0.9803921568627452,0.8319595456123352,813,912
sv_sum,sub-03_FDSI_triangular-ramp5s_snr30dB,sub-03,triangular-ramp5s,30,8,50,0.9803921568627452,0.7693099897013388,0.7576086956521739,0.6693548387096774,0.7784730913642053,0.875,0.8071637153625488,829,889
sv_sum,sub-03_FDSI_triangular-ramp5s_snr30dB,sub-03,triangular-ramp5s,30,9,35,0.9855072463768116,0.8697378872120731,0.8630252100840337,0.7482014388489209,0.8774928774928775,1.0,0.8580390214920044,1100,1254
sv_sum,sub-03_FDSI_triangular-ramp5s_snr25dB,sub-03,triangular-ramp5s,25,0,48,1.0,0.3573883161512027,0.3335709194583036,0.7079646017699115,0.3020186335403726,0.9444444444444444,0.8249362111091614,1031,944
sv_sum,sub-03_FDSI_triangular-ramp5s_snr25dB,sub-03,triangular-ramp5s,25,1,40,1.0,0.9956784788245462,0.9954212454212454,0.992248062015504,0.995846313603323,1.0,0.9696102142333984,1152,1157
sv_sum,sub-03_FDSI_triangular-ramp5s_snr25dB,sub-03,triangular-ramp5s,25,2,46,1.0,0.9671641791044776,0.9652996845425869,0.981651376146789,0.9631828978622328,1.0,0.8615191578865051,978,999
sv_sum,sub-03_FDSI_triangular-ramp5s_snr25dB,sub-03,triangular-ramp5s,25,3,44,1.0,0.9448082319925164,0.9415262636273538,0.9145299145299144,0.9462486002239642,0.9830508474576272,0.8552843928337097,1010,1069
sv_sum,sub-03_FDSI_triangular-ramp5s_snr25dB,sub-03,triangular-ramp5s,25,4,51,1.0,0.9906432748538012,0.9901234567901236,0.9891304347826086,0.9902234636871508,1.0,0.9332516193389891,847,855
sv_sum,sub-03_FDSI_triangular-ramp5s_snr25dB,sub-03,triangular-ramp5s,25,5,52,1.0,0.9914529914529916,0.9909443725743856,1.0,0.9897510980966324,1.0,0.925330936908722,812,819
sv_sum,sub-03_FDSI_triangular-ramp5s_snr25dB,sub-03,triangular-ramp5s,25,6,49,1.0,0.7242424242424242,0.8056179775280898,0.6048387096774194,0.8236057068741893,1.0,0.8664591312408447,795,912
sv_sum,sub-03_FDSI_triangular-ramp5s_snr20dB,sub-03,triangular-ramp5s,20,0,52,1.0,0.9487179487179488,0.9456662354463132,0.8478260869565217,0.95900439238653,1.0,0.9154671430587769,777,819
sv_sum,sub-03_FDSI_triangular-ramp5s_snr20dB,sub-03,triangular-ramp5s,20,1,49,1.0,0.8351063829787234,0.8258426966292135,0.8773584905660378,0.8186462324393359,1.0,0.8617260456085205,813,912
sv_sum,sub-03_FDSI_triangular-ramp5s_snr20dB,sub-03,triangular-ramp5s,20,2,40,1.0,0.996542783059637,0.9963369963369964,0.9844961240310076,0.9979231568016614,1.0,0.9529280066490172,1153,1157
sv_sum,sub-03_FDSI_triangular-ramp5s_snr20dB,sub-03,triangular-ramp5s,20,3,44,1.0,0.9356343283582088,0.9318181818181818,0.9322033898305084,0.9318435754189944,1.0,0.8403744101524353,1006,1069
sv_sum,sub-03_FDSI_triangular-ramp5s_snr20dB,sub-03,triangular-ramp5s,20,4,46,1.0,0.8857412653446648,0.8796019900497513,0.8793103448275862,0.8807649043869517,0.9814814814814816,0.8215754628181458,998,999
sv_sum,sub-03_FDSI_triangular-ramp5s_snr20dB,sub-03,triangular-ramp5s,20,5,51,1.0,0.9847953216374268,0.9839506172839506,0.9891304347826086,0.98463687150838,0.9787234042553192,0.933622419834137,842,855
sv_sum,sub-03_FDSI_triangular-ramp5s_snr20dB,sub-03,triangular-ramp5s,20,6,48,0.9433962264150944,0.7210884353741497,0.7090163934426229,0.7053571428571429,0.7219003476245655,0.7407407407407407,0.8244205713272095,827,944
sv_sum,sub-03_FDSI_triangular-ramp5s_snr15dB,sub-03,triangular-ramp5s,15,0,52,0.9782608695652174,0.8772782503037667,0.8712998712998713,0.8152173913043478,0.880466472303207,0.9555555555555556,0.8818085789680481,726,819
sv_sum,sub-03_FDSI_triangular-ramp5s_snr15dB,sub-03,triangular-ramp5s,15,1,40,1.0,0.9922212618841832,0.9917582417582418,0.992248062015504,0.991692627206646,1.0,0.9431843161582948,1148,1157
sv_sum,sub-03_FDSI_triangular-ramp5s_snr15dB,sub-03,triangular-ramp5s,15,2,51,0.9111111111111112,0.9462616822429908,0.9482120838471024,0.8586956521739131,0.9553695955369595,0.9787234042553192,0.8921056389808655,811,855
sv_sum,sub-03_FDSI_triangular-ramp5s_snr15dB,sub-03,triangular-ramp5s,15,3,46,0.9074074074074074,0.7850045167118338,0.7787274453941121,0.8468468468468469,0.767515923566879,0.9629629629629628,0.8056156039237976,977,999
sv_sum,sub-04_FDSI_staircase_snr30dB,sub-04,staircase,30,0,50,1.0,0.9479392624728852,0.945945945945946,,,,0.9376989603042604,1371,1323
sv_sum,sub-04_FDSI_staircase_snr30dB,sub-04,staircase,30,1,44,1.0,0.9928338762214984,0.992542372881356,,,,0.9487694501876832,1524,1535
sv_sum,sub-04_FDSI_staircase_snr30dB,sub-04,staircase,30,2,54,1.0,0.9810834049871024,0.9802867383512543,,,,0.9401226043701172,1141,1163
sv_sum,sub-04_FDSI_staircase_snr30dB,sub-04,staircase,30,3,41,1.0,0.9951338199513382,0.9949335022165928,,,,0.9860522150993348,1636,1644
sv_sum,sub-04_FDSI_staircase_snr30dB,sub-04,staircase,30,4,53,1.0,0.9784232365145228,0.9775280898876404,,,,0.914006769657135,1182,1202
sv_sum,sub-04_FDSI_staircase_snr30dB,sub-04,staircase,30,5,23,0.975,0.9823321554770318,0.9826407154129404,,,,0.9425877332687378,1946,1981
sv_sum,sub-04_FDSI_staircase_snr30dB,sub-04,staircase,30,6,51,1.0,0.9822119102861562,0.9814366424535916,,,,0.9520068764686584,1278,1285
sv_sum,sub-04_FDSI_staircase_snr30dB,sub-04,staircase,30,7,48,1.0,0.9886363636363636,0.988156920799408,,,,0.9341849088668824,1392,1408
sv_sum,sub-04_FDSI_staircase_snr30dB,sub-04,staircase,30,8,47,0.9107142857142856,0.8974530831099196,0.8969359331476323,,,,0.8686652183532715,1383,1448
sv_sum,sub-04_FDSI_staircase_snr30dB,sub-04,staircase,30,9,37,0.9420289855072465,0.9486439699942296,0.9489182692307692,,,,0.9139642715454102,1647,1730
sv_sum,sub-04_FDSI_staircase_snr30dB,sub-04,staircase,30,10,49,1.0,0.9955947136563876,0.9954163483575248,,,,0.9729474782943726,1356,1362
sv_sum,sub-04_FDSI_staircase_snr30dB,sub-04,staircase,30,11,17,0.9012345679012346,0.977637335926106,0.9807692307692308,,,,0.9456159472465516,2011,2057
sv_sum,sub-04_FDSI_staircase_snr30dB,sub-04,staircase,30,12,42,1.0,0.9943855271366188,0.994155844155844,,,,0.9617074728012084,1594,1603
sv_sum,sub-04_FDSI_staircase_snr30dB,sub-04,staircase,30,13,33,0.9014084507042254,0.956736035049288,0.958974358974359,,,,0.9298319816589355,1748,1825
sv_sum,sub-04_FDSI_staircase_snr25dB,sub-04,staircase,25,0,44,0.9666666666666668,0.9791530944625408,0.9796610169491524,,,,0.9281544089317322,1503,1535
sv_sum,sub-04_FDSI_staircase_snr25dB,sub-04,staircase,25,1,51,0.9814814814814816,0.5128345166575642,0.4985931344963421,,,,0.9162979125976562,1485,1285
sv_sum,sub-04_FDSI_staircase_snr25dB,sub-04,staircase,25,2,53,0.9387755102040816,0.2846955567745474,0.2666290868094701,,,,0.8793157339096069,1140,1202
sv_sum,sub-04_FDSI_staircase_snr25dB,sub-04,staircase,25,3,41,1.0,0.9939172749391728,0.993666877770741,,,,0.987748384475708,1634,1644
sv_sum,sub-04_FDSI_staircase_snr25dB,sub-04,staircase,25,4,48,1.0,0.9928977272727272,0.99259807549963,,,,0.956683874130249,1398,1408
sv_sum,sub-04_FDSI_staircase_snr25dB,sub-04,staircase,25,5,54,1.0,0.9724849527085124,0.971326164874552,,,,0.947022557258606,1131,1163
sv_sum,sub-04_FDSI_staircase_snr25dB,sub-04,staircase,25,6,50,0.9803921568627452,0.9849737039819684,0.98515625,,,,0.9467331767082214,1319,1323
sv_sum,sub-04_FDSI_staircase_snr25dB,sub-04,staircase,25,7,47,0.912280701754386,0.7169230769230769,0.7098214285714286,,,,0.8228033781051636,1342,1448
sv_sum,sub-04_FDSI_staircase_snr25dB,sub-04,staircase,25,8,49,1.0,0.9882525697503672,0.9877769289533996,,,,0.9549833536148072,1346,1362
sv_sum,sub-04_FDSI_staircase_snr25dB,sub-04,staircase,25,9,42,1.0,0.9925140361821584,0.9922077922077922,,,,0.9575093388557434,1591,1603
sv_sum,sub-04_FDSI_staircase_snr20dB,sub-04,staircase,20,0,41,1.0,0.9939172749391728,0.993666877770741,,,,0.9843801856040956,1634,1644
sv_sum,sub-04_FDSI_staircase_snr20dB,sub-04,staircase,20,1,48,0.9824561403508772,0.9786931818181818,0.9785344189489268,,,,0.9434227347373962,1378,1408
sv_sum,sub-04_FDSI_staircase_snr20dB,sub-04,staircase,20,2,42,0.9682539682539684,0.9831565814098564,0.9837662337662336,,,,0.93028461933136,1576,1603
sv_sum,sub-04_FDSI_staircase_snr20dB,sub-04,staircase,20,3,49,0.9622641509433962,0.9574155653450808,0.9572192513368984,,,,0.9314396381378174,1304,1362
sv_sum,sub-04_FDSI_staircase_snr15dB,sub-04,staircase,15,0,41,1.0,0.998175182481752,0.9981000633312224,,,,0.9802156090736388,1641,1644
sv_sum,sub-04_FDSI_triangular-ramp40s_snr30dB,sub-04,triangular-ramp40s,30,0,42,1.0,0.9956672443674176,0.995408631772268,0.9923076923076924,0.9968717413972888,0.9846153846153848,0.9715374112129213,1149,1154
sv_sum,sub-04_FDSI_triangular-ramp40s_snr30dB,sub-04,triangular-ramp40s,30,1,41,1.0,0.9965811965811966,0.9963768115942028,0.9924812030075189,0.9948665297741272,1.0,0.9887233376502992,1166,1170
sv_sum,sub-04_FDSI_triangular-ramp40s_snr30dB,sub-04,triangular-ramp40s,30,2,33,0.9594594594594594,0.9711902956785444,0.9703049759229536,0.9794520547945206,0.9691189827429608,0.958904109589041,0.9343249201774596,1282,1318
sv_sum,sub-04_FDSI_triangular-ramp40s_snr30dB,sub-04,triangular-ramp40s,30,3,50,1.0,0.972560975609756,0.970998925886144,1.0,0.9673123486682808,0.9636363636363636,0.9419443011283876,978,963
sv_sum,sub-04_FDSI_triangular-ramp40s_snr30dB,sub-04,triangular-ramp40s,30,4,51,1.0,0.992505353319058,0.9920544835414302,1.0,0.990990990990991,1.0,0.949243187904358,927,934
sv_sum,sub-04_FDSI_triangular-ramp40s_snr30dB,sub-04,triangular-ramp40s,30,5,49,1.0,0.993939393939394,0.9935760171306208,1.0,0.9915151515151516,0.9818181818181818,0.968554675579071,984,990
sv_sum,sub-04_FDSI_triangular-ramp40s_snr30dB,sub-04,triangular-ramp40s,30,6,48,1.0,0.9960513326752222,0.9958246346555324,1.0,0.9964497041420118,0.9821428571428572,0.97684246301651,1009,1013
sv_sum,sub-04_FDSI_triangular-ramp40s_snr30dB,sub-04,triangular-ramp40s,30,7,44,1.0,0.9936993699369936,0.9933333333333332,0.9918032786885246,0.9913793103448276,1.0,0.951560080051422,1104,1111
sv_sum,sub-04_FDSI_triangular-ramp40s_snr30dB,sub-04,triangular-ramp40s,30,8,54,1.0,0.9677033492822966,0.9658227848101266,0.9891304347826086,0.9641833810888252,0.9782608695652174,0.908712923526764,809,836
sv_sum,sub-04_FDSI_triangular-ramp40s_snr30dB,sub-04,triangular-ramp40s,30,9,17,0.927710843373494,0.9491638795986622,0.9490445859872612,0.9281437125748504,0.9502407704654896,0.9518072289156626,0.9311312437057496,1419,1495
sv_sum,sub-04_FDSI_triangular-ramp40s_snr30dB,sub-04,triangular-ramp40s,30,10,23,0.935897435897436,0.9783368273934312,0.9807834441980784,0.9559748427672956,0.9798826487845766,1.0,0.9454604387283324,1400,1431
sv_sum,sub-04_FDSI_triangular-ramp40s_snr30dB,sub-04,triangular-ramp40s,30,11,47,0.9107142857142856,0.905607476635514,0.9053254437869822,0.912280701754386,0.9032258064516128,0.9298245614035088,0.8939177393913269,1002,1037
sv_sum,sub-04_FDSI_triangular-ramp40s_snr30dB,sub-04,triangular-ramp40s,30,12,53,0.9565217391304348,0.9744483159117304,0.9754601226993864,0.946808510638298,0.9777777777777776,0.9787234042553192,0.9524542093276978,842,858
sv_sum,sub-04_FDSI_triangular-ramp40s_snr25dB,sub-04,triangular-ramp40s,25,0,42,1.0,0.9948006932409011,0.9944903581267218,0.9923076923076924,0.9958289885297184,0.9846153846153848,0.956814467906952,1148,1154
sv_sum,sub-04_FDSI_triangular-ramp40s_snr25dB,sub-04,triangular-ramp40s,25,1,44,0.9672131147540984,0.9829290206648698,0.9838403041825096,0.9754098360655736,0.9817204301075269,0.9838709677419356,0.9333611130714417,1096,1111
sv_sum,sub-04_FDSI_triangular-ramp40s_snr25dB,sub-04,triangular-ramp40s,25,2,50,1.0,0.772914946325351,0.7625215889464594,1.0,0.7378917378917379,0.9818181818181818,0.8868616223335266,1184,963
sv_sum,sub-04_FDSI_triangular-ramp40s_snr25dB,sub-04,triangular-ramp40s,25,3,48,1.0,0.9930898321816388,0.9926931106471816,1.0,0.9940828402366864,0.9642857142857144,0.9561052322387696,1006,1013
sv_sum,sub-04_FDSI_triangular-ramp40s_snr25dB,sub-04,triangular-ramp40s,25,4,49,0.9821428571428572,0.990909090909091,0.9914346895074948,0.990990990990991,0.9890909090909092,0.9818181818181818,0.9530593156814576,981,990
sv_sum,sub-04_FDSI_triangular-ramp40s_snr25dB,sub-04,triangular-ramp40s,25,5,41,1.0,0.9948717948717948,0.9945652173913044,0.9924812030075189,0.9938398357289528,0.984375,0.9744350910186768,1164,1170
sv_sum,sub-04_FDSI_triangular-ramp40s_snr25dB,sub-04,triangular-ramp40s,25,6,51,0.981132075471698,0.5788630904723779,0.5610367892976589,0.9809523809523808,0.5890804597701149,0.0396039603960396,0.9088470339775084,1038,934
sv_sum,sub-04_FDSI_triangular-ramp40s_snr20dB,sub-04,triangular-ramp40s,20,0,42,0.953846153846154,0.9679376083188908,0.9687786960514232,0.9615384615384616,0.9697601668404588,0.953846153846154,0.9262518286705016,1117,1154
sv_sum,sub-04_FDSI_triangular-ramp40s_snr20dB,sub-04,triangular-ramp40s,20,1,41,1.0,0.9948717948717948,0.9945652173913044,0.9924812030075189,0.9928131416837782,1.0,0.984956681728363,1164,1170
sv_sum,sub-04_FDSI_triangular-ramp40s_snr20dB,sub-04,triangular-ramp40s,20,2,44,0.9193548387096774,0.9473214285714284,0.9489603024574668,0.91869918699187,0.9455128205128204,1.0,0.9006803631782532,1070,1111
sv_sum,sub-04_FDSI_triangular-ramp40s_snr20dB,sub-04,triangular-ramp40s,20,3,48,0.9818181818181818,0.9842053307008884,0.9843423799582464,0.9732142857142856,0.9893491124260356,0.9285714285714286,0.9397580623626708,997,1013
sv_sum,sub-04_FDSI_triangular-ramp40s_snr15dB,sub-04,triangular-ramp40s,15,0,41,1.0,0.9948717948717948,0.9945652173913044,0.9924812030075189,0.9928131416837782,1.0,0.976871371269226,1164,1170
sv_sum,sub-04_FDSI_triangular-ramp20s_snr30dB,sub-04,triangular-ramp20s,30,0,48,1.0,0.99603567888999,0.9957939011566772,1.0,0.99523241954708,1.0,0.9639411568641664,1005,1009
sv_sum,sub-04_FDSI_triangular-ramp20s_snr30dB,sub-04,triangular-ramp20s,30,1,51,1.0,0.990280777537797,0.9897142857142858,1.0,0.987029831387808,0.981132075471698,0.9339386820793152,920,923
sv_sum,sub-04_FDSI_triangular-ramp20s_snr30dB,sub-04,triangular-ramp20s,30,2,54,1.0,0.966346153846154,0.9644218551461246,0.9777777777777776,0.9598278335724534,1.0,0.9205952286720276,807,829
sv_sum,sub-04_FDSI_triangular-ramp20s_snr30dB,sub-04,triangular-ramp20s,30,3,50,1.0,0.958627648839556,0.9562899786780384,1.0,0.9506024096385542,1.0,0.9262747764587402,975,966
sv_sum,sub-04_FDSI_triangular-ramp20s_snr30dB,sub-04,triangular-ramp20s,30,4,53,1.0,0.9826589595375722,0.981640146878825,1.0,0.9819694868238558,0.9583333333333334,0.93682062625885,851,864
sv_sum,sub-04_FDSI_triangular-ramp20s_snr30dB,sub-04,triangular-ramp20s,30,5,42,1.0,0.9956896551724138,0.9954421148587056,1.0,0.9948506694129764,1.0,0.9588826894760132,1155,1160
sv_sum,sub-04_FDSI_triangular-ramp20s_snr30dB,sub-04,triangular-ramp20s,30,6,49,1.0,0.9897959183673468,0.9892357373519914,0.9906542056074766,0.9914529914529916,0.9629629629629628,0.9529310464859008,970,980
sv_sum,sub-04_FDSI_triangular-ramp20s_snr30dB,sub-04,triangular-ramp20s,30,7,37,0.9420289855072465,0.8888888888888888,0.8858102434928632,0.9558823529411764,0.8748815165876778,0.9710144927536232,0.8716649413108826,1129,1251
sv_sum,sub-04_FDSI_triangular-ramp20s_snr30dB,sub-04,triangular-ramp20s,30,8,23,0.9625,0.9691228070175438,0.9695167286245352,0.968944099378882,0.9670886075949368,1.0,0.9400967359542848,1381,1425
sv_sum,sub-04_FDSI_triangular-ramp20s_snr30dB,sub-04,triangular-ramp20s,30,9,41,1.0,0.9949238578680204,0.9946284691136974,0.9848484848484848,0.993920972644377,1.0,0.9804779291152954,1176,1182
sv_sum,sub-04_FDSI_triangular-ramp20s_snr30dB,sub-04,triangular-ramp20s,30,10,33,0.9178082191780822,0.9453592814371258,0.9469517022961204,0.9523809523809524,0.9426008968609866,0.9466666666666668,0.9136625528335572,1274,1325
sv_sum,sub-04_FDSI_triangular-ramp20s_snr30dB,sub-04,triangular-ramp20s,30,11,17,0.9375,0.9576612903225806,0.9588068181818182,0.951219512195122,0.9564516129032258,0.988095238095238,0.9323487877845764,1425,1488
sv_sum,sub-04_FDSI_triangular-ramp20s_snr30dB,sub-04,triangular-ramp20s,30,12,44,0.9838709677419356,0.990036231884058,0.9884947267497604,0.9916666666666668,0.9891540130151844,1.0,0.9313712120056152,1093,1104
sv_sum,sub-04_FDSI_triangular-ramp20s_snr25dB,sub-04,triangular-ramp20s,25,0,51,0.9803921568627452,0.3222591362126246,0.2991746905089408,0.9902912621359224,0.2913143735588009,0.05,0.8946806192398071,1067,923
sv_sum,sub-04_FDSI_triangular-ramp20s_snr25dB,sub-04,triangular-ramp20s,25,1,54,0.9333333333333332,0.8968824940047961,0.8948035487959443,0.9662921348314608,0.8855507868383404,0.9347826086956522,0.870802104473114,753,829
sv_sum,sub-04_FDSI_triangular-ramp20s_snr25dB,sub-04,triangular-ramp20s,25,2,53,0.9375,0.9418472063854048,0.942098914354644,0.9375,0.9427012278308322,0.9375,0.908206582069397,839,864
sv_sum,sub-04_FDSI_triangular-ramp20s_snr25dB,sub-04,triangular-ramp20s,25,3,42,1.0,0.9939655172413792,0.9936189608021878,0.992063492063492,0.9938208032955717,1.0,0.9393784403800964,1153,1160
sv_sum,sub-04_FDSI_triangular-ramp20s_snr25dB,sub-04,triangular-ramp20s,25,4,48,1.0,0.9118511263467188,0.9065420560747663,1.0,0.8942420681551116,1.0,0.90092670917511,943,1009
sv_sum,sub-04_FDSI_triangular-ramp20s_snr25dB,sub-04,triangular-ramp20s,25,5,50,0.981132075471698,0.9595959595959596,0.9583778014941302,0.9908256880733946,0.9529553679131484,1.0,0.9370521306991576,974,966
sv_sum,sub-04_FDSI_triangular-ramp20s_snr25dB,sub-04,triangular-ramp20s,25,6,49,1.0,0.9755102040816328,0.9741657696447792,0.9813084112149532,0.9731379731379732,1.0,0.9398311972618104,956,980
sv_sum,sub-04_FDSI_triangular-ramp20s_snr25dB,sub-04,triangular-ramp20s,25,7,44,1.0,0.9619565217391304,0.959731543624161,0.9916666666666668,0.955531453362256,1.0,0.9107655882835388,1062,1104
sv_sum,sub-04_FDSI_triangular-ramp20s_snr25dB,sub-04,triangular-ramp20s,25,8,41,1.0,0.9949238578680204,0.9946284691136974,0.9848484848484848,0.993920972644377,1.0,0.9817531704902648,1176,1182
sv_sum,sub-04_FDSI_triangular-ramp20s_snr20dB,sub-04,triangular-ramp20s,20,0,48,0.9827586206896552,0.9683168316831684,0.967436974789916,0.9734513274336284,0.9654761904761904,1.0,0.9227264523506165,979,1009
sv_sum,sub-04_FDSI_triangular-ramp20s_snr20dB,sub-04,triangular-ramp20s,20,1,42,0.984126984126984,0.9517657192075796,0.9499089253187614,0.9603174603174603,0.9475308641975309,1.0,0.8977432250976562,1106,1160
sv_sum,sub-04_FDSI_triangular-ramp20s_snr20dB,sub-04,triangular-ramp20s,20,2,41,1.0,0.994077834179357,0.9937332139659804,0.9848484848484848,0.9929078014184396,1.0,0.9791879653930664,1175,1182
sv_sum,sub-04_FDSI_triangular-ramp20s_snr15dB,sub-04,triangular-ramp20s,15,0,41,1.0,0.9949238578680204,0.9946284691136974,0.9848484848484848,0.993920972644377,1.0,0.9753624796867372,1176,1182
sv_sum,sub-04_FDSI_triangular-ramp10s_snr30dB,sub-04,triangular-ramp10s,30,0,49,1.0,0.9949186991869918,0.9946062567421792,1.0,0.9938875305623472,1.0,0.9440775513648988,979,984
sv_sum,sub-04_FDSI_triangular-ramp10s_snr30dB,sub-04,triangular-ramp10s,30,1,41,0.9846153846153848,0.9991452991452991,0.9981916817359856,1.0,0.9989775051124744,1.0,0.9716765880584716,1169,1170
sv_sum,sub-04_FDSI_triangular-ramp10s_snr30dB,sub-04,triangular-ramp10s,30,2,42,1.0,0.95836947094536,0.9558823529411764,0.9689922480620154,0.9543094496365524,1.0,0.8838868737220764,1105,1153
sv_sum,sub-04_FDSI_triangular-ramp10s_snr30dB,sub-04,triangular-ramp10s,30,3,48,1.0,0.9960238568588468,0.9957983193277312,0.9907407407407408,0.9964328180737216,1.0,0.9482167363166808,1002,1006
sv_sum,sub-04_FDSI_triangular-ramp10s_snr30dB,sub-04,triangular-ramp10s,30,4,47,0.9827586206896552,0.0563829787234042,0.026893523600439,0.6153846153846154,0.0318822808093194,0.0654205607476635,0.9214275479316713,948,1038
sv_sum,sub-04_FDSI_triangular-ramp10s_snr30dB,sub-04,triangular-ramp10s,30,5,50,1.0,0.878003696857671,0.8718446601941747,0.9905660377358492,0.8577633007600435,1.0,0.8917142152786255,1070,962
sv_sum,sub-04_FDSI_triangular-ramp10s_snr30dB,sub-04,triangular-ramp10s,30,6,44,1.0,0.9721223021582732,0.9704761904761904,0.9919354838709676,0.96742671009772,1.0,0.8913804888725281,1081,1112
sv_sum,sub-04_FDSI_triangular-ramp10s_snr30dB,sub-04,triangular-ramp10s,30,7,51,1.0,0.9536354056902002,0.9510022271714922,1.0,0.9445843828715366,1.0,0.8904303908348083,928,926
sv_sum,sub-04_FDSI_triangular-ramp10s_snr30dB,sub-04,triangular-ramp10s,30,8,17,0.9523809523809524,0.958611481975968,0.9575971731448764,0.9820359281437124,0.9527243589743588,1.0,0.9346294403076172,1436,1498
sv_sum,sub-04_FDSI_triangular-ramp10s_snr30dB,sub-04,triangular-ramp10s,30,9,54,1.0,0.9375750300120048,0.9339263024142312,1.0,0.92507204610951,1.0,0.9182823300361632,782,832
sv_sum,sub-04_FDSI_triangular-ramp10s_snr30dB,sub-04,triangular-ramp10s,30,10,33,0.9444444444444444,0.9014404852160728,0.8989574979951884,0.9375,0.8938294010889292,0.9452054794520548,0.8922110199928284,1195,1313
sv_sum,sub-04_FDSI_triangular-ramp10s_snr30dB,sub-04,triangular-ramp10s,30,11,53,0.9583333333333334,0.1416613007083065,0.1156146179401993,0.9690721649484536,0.089311859443631,0.0561797752808988,0.8993952870368958,904,869
sv_sum,sub-04_FDSI_triangular-ramp10s_snr30dB,sub-04,triangular-ramp10s,30,12,43,0.9076923076923076,0.1068447412353923,0.0767898383371824,0.8787878787878788,0.0468850353243416,0.0673076923076923,0.865486741065979,850,1139
sv_sum,sub-04_FDSI_triangular-ramp10s_snr30dB,sub-04,triangular-ramp10s,30,13,23,0.9090909090909092,0.9518492672714584,0.9542772861356932,0.935897435897436,0.9532554257095158,0.9620253164556962,0.9069429636001588,1365,1432
sv_sum,sub-04_FDSI_triangular-ramp10s_snr25dB,sub-04,triangular-ramp10s,25,0,54,0.9130434782608696,0.815668202764977,0.8102189781021898,0.9239130434782608,0.7994505494505495,0.8541666666666666,0.8604490756988525,744,832
sv_sum,sub-04_FDSI_triangular-ramp10s_snr25dB,sub-04,triangular-ramp10s,25,1,49,0.9824561403508772,0.959,0.9575821845174972,0.9823008849557522,0.9532374100719424,1.0,0.8988593816757202,975,984
sv_sum,sub-04_FDSI_triangular-ramp10s_snr25dB,sub-04,triangular-ramp10s,25,2,48,0.9814814814814816,0.9563492063492064,0.9549266247379457,0.9907407407407408,0.9501779359430604,0.9824561403508772,0.8834954500198364,966,1006
sv_sum,sub-04_FDSI_triangular-ramp10s_snr25dB,sub-04,triangular-ramp10s,25,3,42,1.0,0.9835212489158716,0.9825367647058824,0.992248062015504,0.9813084112149532,1.0,0.9130337238311768,1134,1153
sv_sum,sub-04_FDSI_triangular-ramp10s_snr25dB,sub-04,triangular-ramp10s,25,4,50,1.0,0.8486782133090246,0.8411483253588516,1.0,0.8226495726495726,1.0,0.8742731809616089,1066,962
sv_sum,sub-04_FDSI_triangular-ramp10s_snr25dB,sub-04,triangular-ramp10s,25,5,44,0.9838709677419356,0.9297153024911032,0.9265536723163842,0.9838709677419356,0.9185423365487674,0.9850746268656716,0.8674917817115784,1057,1112
sv_sum,sub-04_FDSI_triangular-ramp10s_snr25dB,sub-04,triangular-ramp10s,25,6,41,0.9846153846153848,0.9991452991452991,0.9981916817359856,1.0,0.9989775051124744,1.0,0.9661332964897156,1169,1170
sv_sum,sub-04_FDSI_triangular-ramp10s_snr25dB,sub-04,triangular-ramp10s,25,7,51,0.9803921568627452,0.4938716654650324,0.4752994011976048,0.9514563106796116,0.4949152542372881,0.0594059405940594,0.8428571820259094,1146,926
sv_sum,sub-04_FDSI_triangular-ramp10s_snr20dB,sub-04,triangular-ramp10s,20,0,41,0.9846153846153848,0.9948717948717948,0.9936708860759492,0.984375,0.9948927477017364,0.984375,0.9750903844833374,1164,1170
sv_sum,sub-04_FDSI_triangular-ramp10s_snr20dB,sub-04,triangular-ramp10s,20,1,49,0.9473684210526316,0.8665997993981945,0.8617021276595744,0.9203539823008848,0.8531889290012034,0.9622641509433962,0.8654863238334656,877,984
sv_sum,sub-04_FDSI_triangular-ramp10s_snr20dB,sub-04,triangular-ramp10s,20,2,42,0.9692307692307692,0.916089965397924,0.912923923006416,0.9534883720930232,0.906832298136646,0.9836065573770492,0.8830661773681641,1062,1153
sv_sum,sub-04_FDSI_triangular-ramp10s_snr20dB,sub-04,triangular-ramp10s,20,3,50,0.9423076923076924,0.8200723327305606,0.8140417457305503,0.926605504587156,0.7983014861995754,0.9818181818181818,0.8558221459388733,1051,962
sv_sum,sub-04_FDSI_triangular-ramp10s_snr20dB,sub-04,triangular-ramp10s,20,4,48,0.925925925925926,0.8330097087378641,0.8278688524590164,0.9351851851851852,0.8127167630057803,0.9473684210526316,0.8388506174087524,882,1006
sv_sum,sub-04_FDSI_triangular-ramp10s_snr15dB,sub-04,triangular-ramp10s,15,0,41,0.9846153846153848,0.9948717948717948,0.9936708860759492,0.984375,0.9948927477017364,0.984375,0.969200074672699,1164,1170
sv_sum,sub-04_FDSI_triangular-ramp5s_snr30dB,sub-04,triangular-ramp5s,30,0,48,1.0,0.9910891089108912,0.9905857740585774,1.0,0.9893111638954868,1.0,0.926470935344696,1001,1010
sv_sum,sub-04_FDSI_triangular-ramp5s_snr30dB,sub-04,triangular-ramp5s,30,1,44,1.0,0.8825112107623319,0.8755935422602089,0.9083333333333332,0.8705882352941177,0.9836065573770492,0.8713817000389099,992,1107
sv_sum,sub-04_FDSI_triangular-ramp5s_snr30dB,sub-04,triangular-ramp5s,30,2,49,1.0,0.9484638255698712,0.9455497382198952,0.8461538461538461,0.9594755661501788,1.0,0.89337158203125,981,985
sv_sum,sub-04_FDSI_triangular-ramp5s_snr30dB,sub-04,triangular-ramp5s,30,3,41,0.9848484848484848,0.9949238578680204,0.9937332139659804,0.9924242424242424,0.9949186991869918,1.0,0.9583882093429564,1176,1182
sv_sum,sub-04_FDSI_triangular-ramp5s_snr30dB,sub-04,triangular-ramp5s,30,4,54,1.0,0.9158767772511848,0.9110275689223056,0.8804347826086957,0.9148936170212766,1.0,0.8788453340530396,785,832
sv_sum,sub-04_FDSI_triangular-ramp5s_snr30dB,sub-04,triangular-ramp5s,30,5,42,1.0,0.9765013054830288,0.9750922509225092,0.9375,0.9801670146137788,1.0,0.8894822597503662,1124,1147
sv_sum,sub-04_FDSI_triangular-ramp5s_snr30dB,sub-04,triangular-ramp5s,30,6,53,0.9791666666666666,0.918141592920354,0.9147196261682244,0.7894736842105263,0.9326145552560648,1.0,0.8900203704833984,868,866
sv_sum,sub-04_FDSI_triangular-ramp5s_snr30dB,sub-04,triangular-ramp5s,30,7,50,1.0,0.8214285714285714,0.8127340823970037,0.8928571428571429,0.8031413612565445,1.0,0.8233508467674255,1082,958
sv_sum,sub-04_FDSI_triangular-ramp5s_snr30dB,sub-04,triangular-ramp5s,30,8,47,0.9482758620689656,0.0608787718369507,0.0327689787001638,0.4693877551020408,0.033271719038817,0.0776699029126213,0.9093971848487854,965,1039
sv_sum,sub-04_FDSI_triangular-ramp5s_snr30dB,sub-04,triangular-ramp5s,30,9,23,1.0,0.9559532002752924,0.9534545454545454,0.9430379746835444,0.9572719802793755,0.9615384615384616,0.920262098312378,1389,1453
sv_sum,sub-04_FDSI_triangular-ramp5s_snr30dB,sub-04,triangular-ramp5s,30,10,51,1.0,0.8324924318869829,0.8235919234856536,0.8217821782178217,0.8265550239234449,0.9444444444444444,0.8223071098327637,903,913
sv_sum,sub-04_FDSI_triangular-ramp5s_snr25dB,sub-04,triangular-ramp5s,25,0,42,1.0,0.9503484320557491,0.9473684210526316,0.921875,0.9519331243469176,0.984126984126984,0.8824012875556946,1092,1147
sv_sum,sub-04_FDSI_triangular-ramp5s_snr25dB,sub-04,triangular-ramp5s,25,1,48,1.0,0.9772277227722772,0.9759414225941424,0.9823008849557522,0.9750593824228028,1.0,0.9048119187355042,987,1010
sv_sum,sub-04_FDSI_triangular-ramp5s_snr25dB,sub-04,triangular-ramp5s,25,2,44,1.0,0.8387096774193549,0.8294930875576036,0.8442622950819673,0.827979274611399,0.9672131147540984,0.8424925208091736,1002,1107
sv_sum,sub-04_FDSI_triangular-ramp5s_snr25dB,sub-04,triangular-ramp5s,25,3,54,0.9565217391304348,0.5920177383592018,0.572429906542056,0.6796116504854369,0.5558510638297872,0.9787234042553192,0.7940160632133484,604,832
sv_sum,sub-04_FDSI_triangular-ramp5s_snr25dB,sub-04,triangular-ramp5s,25,4,41,0.9848484848484848,0.994077834179357,0.9928379588182632,1.0,0.9939024390243902,0.9848484848484848,0.9564637541770936,1175,1182
sv_sum,sub-04_FDSI_triangular-ramp5s_snr25dB,sub-04,triangular-ramp5s,25,5,50,1.0,0.8315217391304348,0.8231939163498099,0.8803418803418803,0.815845824411135,1.0,0.8418105244636536,1064,958
sv_sum,sub-04_FDSI_triangular-ramp5s_snr25dB,sub-04,triangular-ramp5s,25,6,53,0.9791666666666666,0.8932146829810901,0.8883666274970623,0.8333333333333334,0.8990578734858681,0.9375,0.8678922057151794,836,866
sv_sum,sub-04_FDSI_triangular-ramp5s_snr25dB,sub-04,triangular-ramp5s,25,7,49,1.0,0.9064386317907444,0.901063829787234,0.875,0.9059107358262968,0.981132075471698,0.8807595372200012,910,985
sv_sum,sub-04_FDSI_triangular-ramp5s_snr25dB,sub-04,triangular-ramp5s,25,8,51,0.98,0.4726477024070022,0.453444360333081,0.780952380952381,0.4832618025751073,0.04,0.8195145130157471,1106,913
sv_sum,sub-04_FDSI_triangular-ramp5s_snr20dB,sub-04,triangular-ramp5s,20,0,41,0.9848484848484848,0.994077834179357,0.9928379588182632,1.0,0.9928861788617886,1.0,0.9656174182891846,1175,1182
sv_sum,sub-04_FDSI_triangular-ramp5s_snr20dB,sub-04,triangular-ramp5s,20,1,48,0.9444444444444444,0.9445544554455444,0.944560669456067,0.9026548672566372,0.9501187648456056,0.9454545454545454,0.8840822577476501,954,1010
sv_sum,sub-04_FDSI_triangular-ramp5s_snr20dB,sub-04,triangular-ramp5s,20,2,42,0.9384615384615383,0.8820468343451865,0.8786764705882353,0.8473282442748091,0.8800834202294057,0.984126984126984,0.8487858772277832,1023,1147
sv_sum,sub-04_FDSI_triangular-ramp5s_snr15dB,sub-04,triangular-ramp5s,15,0,41,0.9848484848484848,0.9957698815566836,0.9946284691136974,1.0,0.9959349593495936,0.9848484848484848,0.9574323892593384,1177,1182
sv_sum,sub-05_FDSI_staircase_snr30dB,sub-05,staircase,30,0,35,1.0,0.988527724665392,0.9880478087649402,,,,0.9609472751617432,1551,1569
sv_sum,sub-05_FDSI_staircase_snr30dB,sub-05,staircase,30,1,31,1.0,0.9958775029446408,0.9957134109001836,,,,0.9626630544662476,1691,1698
sv_sum,sub-05_FDSI_staircase_snr30dB,sub-05,staircase,30,2,44,1.0,0.9991204925241864,0.999083409715857,,,,0.9796684384346008,1136,1137
sv_sum,sub-05_FDSI_staircase_snr30dB,sub-05,staircase,30,3,42,1.0,0.9552715654952076,0.9534497090606816,,,,0.9028416872024536,1198,1250
sv_sum,sub-05_FDSI_staircase_snr30dB,sub-05,staircase,30,4,43,1.0,0.9949958298582152,0.994787141615986,,,,0.986106812953949,1193,1199
sv_sum,sub-05_FDSI_staircase_snr30dB,sub-05,staircase,30,5,30,1.0,0.9935897435897436,0.9933292904790784,,,,0.9456720352172852,1705,1716
sv_sum,sub-05_FDSI_staircase_snr30dB,sub-05,staircase,30,6,40,1.0,0.9941176470588236,0.9938791124713084,,,,0.9568917155265808,1352,1360
sv_sum,sub-05_FDSI_staircase_snr30dB,sub-05,staircase,30,7,34,1.0,0.9824780976220276,0.9817470664928292,,,,0.9510942101478576,1570,1598
sv_sum,sub-05_FDSI_staircase_snr30dB,sub-05,staircase,30,8,41,1.0,0.9250909090909092,0.9222641509433962,,,,0.9215912222862244,1353,1294
sv_sum,sub-05_FDSI_staircase_snr30dB,sub-05,staircase,30,9,37,0.9322033898305084,0.961744966442953,0.9629629629629628,,,,0.9214425683021544,1437,1486
sv_sum,sub-05_FDSI_staircase_snr30dB,sub-05,staircase,30,10,39,0.9824561403508772,0.9892933618843684,0.9895833333333334,,,,0.9538164138793944,1386,1401
sv_sum,sub-05_FDSI_staircase_snr30dB,sub-05,staircase,30,11,36,0.9672131147540984,0.9758169934640524,0.9761742682096664,,,,0.9198880195617676,1493,1530
sv_sum,sub-05_FDSI_staircase_snr30dB,sub-05,staircase,30,12,33,0.9076923076923076,0.2955643390425999,0.2775768535262206,,,,0.7600980401039124,1313,1637
sv_sum,sub-05_FDSI_staircase_snr30dB,sub-05,staircase,30,13,16,0.9615384615384616,0.986784140969163,0.9877862595419848,,,,0.9568385481834412,2016,2043
sv_sum,sub-05_FDSI_staircase_snr25dB,sub-05,staircase,25,0,35,1.0,0.9719566602931804,0.9707835325365206,,,,0.941722333431244,1525,1569
sv_sum,sub-05_FDSI_staircase_snr25dB,sub-05,staircase,25,1,31,1.0,0.9893992932862192,0.988977342314758,,,,0.947876274585724,1680,1698
sv_sum,sub-05_FDSI_staircase_snr25dB,sub-05,staircase,25,2,44,1.0,0.9964819700967458,0.996333638863428,,,,0.9703662991523744,1133,1137
sv_sum,sub-05_FDSI_staircase_snr25dB,sub-05,staircase,25,3,42,0.9591836734693876,0.898973954222573,0.896551724137931,,,,0.866889476776123,1156,1250
sv_sum,sub-05_FDSI_staircase_snr25dB,sub-05,staircase,25,4,43,1.0,0.9949958298582152,0.994787141615986,,,,0.9771830439567566,1193,1199
sv_sum,sub-05_FDSI_staircase_snr25dB,sub-05,staircase,25,5,40,0.981132075471698,0.9838235294117648,0.9839326702371844,,,,0.9423544406890868,1338,1360
sv_sum,sub-05_FDSI_staircase_snr25dB,sub-05,staircase,25,6,36,0.9016393442622952,0.3339649455234486,0.3170731707317073,,,,0.82450270652771,1286,1530
sv_sum,sub-05_FDSI_staircase_snr25dB,sub-05,staircase,25,7,16,0.9871794871794872,0.982868330885952,0.9826972010178116,,,,0.942924737930298,2008,2043
sv_sum,sub-05_FDSI_staircase_snr25dB,sub-05,staircase,25,8,30,0.9701492537313432,0.9627039627039627,0.962401455427532,,,,0.9276286363601683,1652,1716
sv_sum,sub-05_FDSI_staircase_snr20dB,sub-05,staircase,20,0,31,1.0,0.974102413184226,0.9730722154222766,,,,0.926781415939331,1656,1698
sv_sum,sub-05_FDSI_staircase_snr20dB,sub-05,staircase,20,1,43,1.0,0.9933277731442868,0.993049522154648,,,,0.9621289372444152,1191,1199
sv_sum,sub-05_FDSI_staircase_snr20dB,sub-05,staircase,20,2,44,1.0,0.9702537182852145,0.9690063810391978,,,,0.8702601790428162,1115,1137
sv_sum,sub-05_FDSI_staircase_snr15dB,sub-05,staircase,15,0,31,0.9402985074626866,0.9146697837521915,0.9136253041362532,,,,0.8948711156845093,1578,1698
sv_sum,sub-05_FDSI_staircase_snr15dB,sub-05,staircase,15,1,43,0.9791666666666666,0.9775,0.9774305555555556,,,,0.936991572380066,1174,1199
sv_sum,sub-05_FDSI_staircase_snr15dB,sub-05,staircase,15,2,44,0.9782608695652174,0.9336244541484716,0.9317561419472248,,,,0.8434286117553711,1077,1137
sv_sum,sub-05_FDSI_triangular-ramp40s_snr30dB,sub-05,triangular-ramp40s,30,0,44,1.0,0.9527845036319612,0.9501278772378516,1.0,0.9434782608695652,1.0,0.7930231690406799,798,815
sv_sum,sub-05_FDSI_triangular-ramp40s_snr30dB,sub-05,triangular-ramp40s,30,1,41,1.0,0.9356136820925554,0.9322033898305084,0.9902912621359224,0.922434367541766,1.0,0.931444525718689,987,937
sv_sum,sub-05_FDSI_triangular-ramp40s_snr30dB,sub-05,triangular-ramp40s,30,2,43,1.0,0.9698025551684089,0.9679802955665024,0.9897959183673468,0.9650837988826816,1.0,0.8694118857383728,836,860
sv_sum,sub-05_FDSI_triangular-ramp40s_snr30dB,sub-05,triangular-ramp40s,30,3,35,1.0,0.995571302037201,0.9953227315247896,0.976,0.9946865037194474,0.9846153846153848,0.9577656984329224,1124,1129
sv_sum,sub-05_FDSI_triangular-ramp40s_snr30dB,sub-05,triangular-ramp40s,30,4,31,1.0,0.992635024549918,0.9922077922077922,0.9927007299270072,0.9921491658488716,1.0,0.9540350437164308,1213,1222
sv_sum,sub-05_FDSI_triangular-ramp40s_snr30dB,sub-05,triangular-ramp40s,30,5,16,1.0,0.9938817131203264,0.9935251798561152,0.9938650306748468,0.991035044824776,0.9879518072289156,0.9563069939613342,1462,1471
sv_sum,sub-05_FDSI_triangular-ramp40s_snr30dB,sub-05,triangular-ramp40s,30,6,40,1.0,0.9969199178644764,0.9967355821545156,1.0,0.996300863131936,1.0,0.9639727473258972,971,974
sv_sum,sub-05_FDSI_triangular-ramp40s_snr30dB,sub-05,triangular-ramp40s,30,7,39,1.0,0.9909729187562688,0.9904458598726116,1.0,0.9891826923076924,0.9642857142857144,0.9554944038391112,988,997
sv_sum,sub-05_FDSI_triangular-ramp40s_snr30dB,sub-05,triangular-ramp40s,30,8,33,0.9206349206349206,0.9385521885521886,0.9395555555555556,0.9534883720930232,0.9365558912386708,0.9393939393939394,0.91180020570755,1126,1177
sv_sum,sub-05_FDSI_triangular-ramp40s_snr30dB,sub-05,triangular-ramp40s,30,9,42,1.0,0.9713024282560706,0.969626168224299,0.99,0.9667994687915008,1.0,0.8930434584617615,880,906
sv_sum,sub-05_FDSI_triangular-ramp40s_snr30dB,sub-05,triangular-ramp40s,30,10,30,1.0,0.992063492063492,0.991617770326907,0.9928057553956836,0.9923954372623576,0.9855072463768116,0.9648427963256836,1250,1260
sv_sum,sub-05_FDSI_triangular-ramp40s_snr30dB,sub-05,triangular-ramp40s,30,11,36,0.9672131147540984,0.9429347826086956,0.9415148609779482,0.9672131147540984,0.9370249728555916,0.9836065573770492,0.9015327095985411,1045,1100
sv_sum,sub-05_FDSI_triangular-ramp40s_snr30dB,sub-05,triangular-ramp40s,30,12,34,0.9,0.9182608695652174,0.9192660550458716,0.9444444444444444,0.9106029106029108,0.9838709677419356,0.8972482085227966,1059,1147
sv_sum,sub-05_FDSI_triangular-ramp40s_snr25dB,sub-05,triangular-ramp40s,25,0,44,1.0,0.3419983753046304,0.36832895888014,1.0,0.373134328358209,1.0,0.7664873003959656,837,815
sv_sum,sub-05_FDSI_triangular-ramp40s_snr25dB,sub-05,triangular-ramp40s,25,1,35,1.0,0.9840566873339238,0.9831618334892422,0.9838709677419356,0.9819341126461212,0.9846153846153848,0.9331865310668944,1111,1129
sv_sum,sub-05_FDSI_triangular-ramp40s_snr25dB,sub-05,triangular-ramp40s,25,2,30,1.0,0.9833465503568596,0.9824120603015076,0.9928057553956836,0.9810066476733144,1.0,0.9335785508155824,1241,1260
sv_sum,sub-05_FDSI_triangular-ramp40s_snr25dB,sub-05,triangular-ramp40s,25,3,31,1.0,0.9893617021276596,0.9887445887445888,0.9927007299270072,0.9892051030421982,0.9848484848484848,0.9467999935150146,1209,1222
sv_sum,sub-05_FDSI_triangular-ramp40s_snr25dB,sub-05,triangular-ramp40s,25,4,40,0.9818181818181818,0.9825641025641024,0.982608695652174,0.9908256880733946,0.9802955665024632,1.0,0.9396286606788636,959,974
sv_sum,sub-05_FDSI_triangular-ramp40s_snr25dB,sub-05,triangular-ramp40s,25,5,41,0.9411764705882352,0.5836707152496626,0.5709294199860238,0.9615384615384616,0.5555555555555556,0.5346534653465347,0.9079696536064148,1410,937
sv_sum,sub-05_FDSI_triangular-ramp40s_snr25dB,sub-05,triangular-ramp40s,25,6,43,1.0,0.9965116279069768,0.996300863131936,1.0,0.9958041958041958,1.0,0.967900812625885,857,860
sv_sum,sub-05_FDSI_triangular-ramp40s_snr25dB,sub-05,triangular-ramp40s,25,7,36,0.9344262295081968,0.2692059393156875,0.2419354838709677,0.9344262295081968,0.2295454545454545,0.0490196078431372,0.7675305604934692,866,1100
sv_sum,sub-05_FDSI_triangular-ramp40s_snr25dB,sub-05,triangular-ramp40s,25,8,39,0.9272727272727272,0.9520958083832336,0.9535374868004224,0.9272727272727272,0.9581839904420548,0.875,0.9337108135223388,959,997
sv_sum,sub-05_FDSI_triangular-ramp40s_snr25dB,sub-05,triangular-ramp40s,25,9,16,0.9753086419753086,0.9680489462950372,0.9676258992805756,0.9631901840490796,0.964955175224124,0.9759036144578314,0.939864456653595,1424,1471
sv_sum,sub-05_FDSI_triangular-ramp40s_snr20dB,sub-05,triangular-ramp40s,20,0,31,0.9705882352941176,0.9738348323793948,0.974025974025974,0.9565217391304348,0.9744847890088322,1.0,0.9200437068939208,1192,1222
sv_sum,sub-05_FDSI_triangular-ramp40s_snr20dB,sub-05,triangular-ramp40s,20,1,43,1.0,0.9953488372093025,0.995067817509248,1.0,0.9944055944055944,1.0,0.9556103348731996,856,860
sv_sum,sub-05_FDSI_triangular-ramp40s_snr20dB,sub-05,triangular-ramp40s,20,2,44,1.0,0.9181494661921707,0.9136420525657072,1.0,0.9024045261669024,1.0,0.8118903040885925,802,815
sv_sum,sub-05_FDSI_triangular-ramp40s_snr15dB,sub-05,triangular-ramp40s,15,0,43,0.979591836734694,0.9790697674418604,0.9790382244143032,0.979591836734694,0.9818181818181818,0.9361702127659576,0.9360964298248292,842,860
sv_sum,sub-05_FDSI_triangular-ramp40s_snr15dB,sub-05,triangular-ramp40s,15,1,44,1.0,0.902031063321386,0.8965952080706179,0.9888888888888888,0.8858773181169758,0.9782608695652174,0.847126305103302,777,815
sv_sum,sub-05_FDSI_triangular-ramp20s_snr30dB,sub-05,triangular-ramp20s,30,0,39,0.9636363636363636,0.9636184857423796,0.9636174636174636,0.981981981981982,0.9587750294464076,0.9655172413793104,0.922238826751709,996,1001
sv_sum,sub-05_FDSI_triangular-ramp20s_snr30dB,sub-05,triangular-ramp20s,30,1,35,1.0,0.988454706927176,0.9877704609595483,1.0,0.9861259338313768,1.0,0.9340070486068726,1113,1126
sv_sum,sub-05_FDSI_triangular-ramp20s_snr30dB,sub-05,triangular-ramp20s,30,2,30,1.0,0.9904076738609112,0.989821882951654,0.9928571428571428,0.989443378119002,1.0,0.9306884407997132,1239,1251
sv_sum,sub-05_FDSI_triangular-ramp20s_snr30dB,sub-05,triangular-ramp20s,30,3,29,0.9315068493150684,0.1037493579866461,0.071504802561366,0.9097222222222222,0.0415183867141162,0.0535714285714285,0.8707186579704285,875,1274
sv_sum,sub-05_FDSI_triangular-ramp20s_snr30dB,sub-05,triangular-ramp20s,30,4,16,0.9761904761904762,0.9898373983739838,0.9906609195402298,0.9754601226993864,0.989448051948052,1.0,0.952614963054657,1461,1476
sv_sum,sub-05_FDSI_triangular-ramp20s_snr30dB,sub-05,triangular-ramp20s,30,5,36,1.0,0.4697183098591549,0.445916114790287,1.0,0.4538590604026846,0.0485436893203883,0.6869698166847229,996,1091
sv_sum,sub-05_FDSI_triangular-ramp20s_snr30dB,sub-05,triangular-ramp20s,30,6,40,1.0,0.9897225077081192,0.9891304347826086,1.0,0.9876695437731196,1.0,0.9518647193908693,964,972
sv_sum,sub-05_FDSI_triangular-ramp20s_snr30dB,sub-05,triangular-ramp20s,30,7,31,1.0,0.989344262295082,0.9887250650477016,0.9926470588235294,0.9891944990176816,0.9848484848484848,0.938448131084442,1207,1220
sv_sum,sub-05_FDSI_triangular-ramp20s_snr30dB,sub-05,triangular-ramp20s,30,8,43,1.0,0.9871495327102804,0.9864029666254636,1.0,0.9846153846153848,1.0,0.9351994395256042,845,856
sv_sum,sub-05_FDSI_triangular-ramp20s_snr30dB,sub-05,triangular-ramp20s,30,9,41,1.0,0.5895372233400402,0.575,0.961904761904762,0.5643793369313801,0.5168539325842697,0.9115373492240906,1429,941
sv_sum,sub-05_FDSI_triangular-ramp20s_snr30dB,sub-05,triangular-ramp20s,30,10,42,1.0,0.6207906295754027,0.6066818526955201,1.0,0.6119148936170212,0.3404255319148936,0.9028705358505248,1318,896
sv_sum,sub-05_FDSI_triangular-ramp20s_snr30dB,sub-05,triangular-ramp20s,30,11,37,0.9830508474576272,0.7110169491525423,0.6966993755575379,0.9658119658119658,0.6842629482071713,0.6610169491525424,0.8138302564620972,951,1068
sv_sum,sub-05_FDSI_triangular-ramp20s_snr30dB,sub-05,triangular-ramp20s,30,12,33,0.9375,0.1286486486486486,0.0996640537513997,0.953125,0.0700123915737298,0.0571428571428571,0.8323572874069214,910,1178
sv_sum,sub-05_FDSI_triangular-ramp20s_snr30dB,sub-05,triangular-ramp20s,30,13,44,1.0,0.9963369963369964,0.996124031007752,1.0,0.9956140350877192,1.0,0.9729477763175964,816,819
sv_sum,sub-05_FDSI_triangular-ramp20s_snr30dB,sub-05,triangular-ramp20s,30,14,34,0.9672131147540984,0.8835616438356164,0.8789521228545619,0.9838709677419356,0.8654434250764526,0.9682539682539684,0.8621392250061035,1046,1154
sv_sum,sub-05_FDSI_triangular-ramp20s_snr25dB,sub-05,triangular-ramp20s,25,0,41,1.0,0.5625,0.5473110959836623,0.961904761904762,0.5293233082706766,0.5882352941176471,0.8789533376693726,1434,941
sv_sum,sub-05_FDSI_triangular-ramp20s_snr25dB,sub-05,triangular-ramp20s,25,1,30,1.0,0.9625199362041468,0.9602368866328256,0.9857142857142858,0.9569377990430622,1.0,0.9114657640457152,1210,1251
sv_sum,sub-05_FDSI_triangular-ramp20s_snr25dB,sub-05,triangular-ramp20s,25,2,44,1.0,0.993894993894994,0.9935400516795866,1.0,0.9926900584795322,1.0,0.955804169178009,814,819
sv_sum,sub-05_FDSI_triangular-ramp20s_snr25dB,sub-05,triangular-ramp20s,25,3,39,0.9090909090909092,0.1629422718808193,0.1433349259436216,0.9369369369369368,0.1259181532004197,0.0538461538461538,0.8819155693054199,1497,1001
sv_sum,sub-05_FDSI_triangular-ramp20s_snr25dB,sub-05,triangular-ramp20s,25,4,31,0.9850746268656716,0.9795081967213116,0.97918473547268,0.9926470588235294,0.9783889980353636,0.9696969696969696,0.9133704900741576,1195,1220
sv_sum,sub-05_FDSI_triangular-ramp20s_snr25dB,sub-05,triangular-ramp20s,25,5,34,0.9344262295081968,0.8502127659574468,0.8456014362657092,0.9435483870967742,0.8299595141700404,0.984126984126984,0.8633514642715454,1020,1154
sv_sum,sub-05_FDSI_triangular-ramp20s_snr25dB,sub-05,triangular-ramp20s,25,6,43,1.0,0.977803738317757,0.976514215080346,1.0,0.9734265734265736,1.0,0.9066540002822876,837,856
sv_sum,sub-05_FDSI_triangular-ramp20s_snr25dB,sub-05,triangular-ramp20s,25,7,40,0.9622641509433962,0.1682419659735349,0.1408083441981747,0.9716981132075472,0.1165821868211441,0.0618556701030927,0.8886983394622803,882,972
sv_sum,sub-05_FDSI_triangular-ramp20s_snr25dB,sub-05,triangular-ramp20s,25,8,35,0.984126984126984,0.974267968056788,0.9736842105263158,0.992,0.9712153518123668,0.984375,0.9187261462211608,1099,1126
sv_sum,sub-05_FDSI_triangular-ramp20s_snr25dB,sub-05,triangular-ramp20s,25,9,16,0.9523809523809524,0.9478319783197832,0.9475574712643678,0.950920245398773,0.9456168831168832,0.951219512195122,0.9260225892066956,1399,1476
sv_sum,sub-05_FDSI_triangular-ramp20s_snr20dB,sub-05,triangular-ramp20s,20,0,43,1.0,0.9906542056074766,0.9901112484548824,1.0,0.9888111888111888,1.0,0.9533068537712096,848,856
sv_sum,sub-05_FDSI_triangular-ramp20s_snr20dB,sub-05,triangular-ramp20s,20,1,44,1.0,0.8505747126436781,0.8424242424242424,1.0,0.8244897959183674,0.9787234042553192,0.8126475811004639,791,819
sv_sum,sub-05_FDSI_triangular-ramp20s_snr20dB,sub-05,triangular-ramp20s,20,2,31,0.9850746268656716,0.95004095004095,0.948006932409012,0.9852941176470588,0.9450441609421,0.9545454545454546,0.886709988117218,1161,1220
sv_sum,sub-05_FDSI_triangular-ramp20s_snr15dB,sub-05,triangular-ramp20s,15,0,44,1.0,0.7966666666666666,0.7859649122807018,1.0,0.7620915032679738,0.9787234042553192,0.785759449005127,798,819
sv_sum,sub-05_FDSI_triangular-ramp20s_snr15dB,sub-05,triangular-ramp20s,15,1,43,0.9787234042553192,0.9614485981308412,0.9604449938195304,0.9893617021276596,0.958041958041958,0.9574468085106383,0.9191778898239136,823,856
sv_sum,sub-05_FDSI_triangular-ramp10s_snr30dB,sub-05,triangular-ramp10s,30,0,43,1.0,0.9420625724217844,0.9386503067484664,0.9893617021276596,0.9321329639889196,1.0,0.8735665082931519,815,861
sv_sum,sub-05_FDSI_triangular-ramp10s_snr30dB,sub-05,triangular-ramp10s,30,1,44,1.0,0.9890510948905108,0.98840206185567,0.9787234042553192,0.9897360703812316,1.0,0.9606484174728394,813,822
sv_sum,sub-05_FDSI_triangular-ramp10s_snr30dB,sub-05,triangular-ramp10s,30,2,42,1.0,0.6361031518624641,0.6182364729458918,0.9696969696969696,0.5808249721293199,0.9607843137254902,0.8005847334861755,810,903
sv_sum,sub-05_FDSI_triangular-ramp10s_snr30dB,sub-05,triangular-ramp10s,30,3,30,1.0,0.9888089528377298,0.9881656804733728,1.0,0.9865513928914506,1.0,0.9097706079483032,1237,1251
sv_sum,sub-05_FDSI_triangular-ramp10s_snr30dB,sub-05,triangular-ramp10s,30,4,40,1.0,0.9763860369609856,0.975027144408252,1.0,0.9728729963008632,0.9818181818181818,0.9172436594963074,953,972
sv_sum,sub-05_FDSI_triangular-ramp10s_snr30dB,sub-05,triangular-ramp10s,30,5,31,0.9852941176470588,0.9755501222493888,0.9732758620689655,1.0,0.9707317073170731,1.0,0.8786793947219849,1198,1226
sv_sum,sub-05_FDSI_triangular-ramp10s_snr30dB,sub-05,triangular-ramp10s,30,6,41,1.0,0.4154676258992806,0.3966584158415842,1.0,0.3721881390593047,0.4489795918367347,0.8660316467285156,1429,932
sv_sum,sub-05_FDSI_triangular-ramp10s_snr30dB,sub-05,triangular-ramp10s,30,7,36,0.9508196721311476,0.272613849033063,0.2457846952010376,0.9338842975206612,0.2343522561863173,0.0576923076923076,0.7616323828697205,942,1098
sv_sum,sub-05_FDSI_triangular-ramp10s_snr30dB,sub-05,triangular-ramp10s,30,8,34,0.984126984126984,0.931304347826087,0.9282428702851886,0.984375,0.9217118997912316,0.96875,0.9038881063461304,1073,1148
sv_sum,sub-05_FDSI_triangular-ramp10s_snr30dB,sub-05,triangular-ramp10s,30,9,35,1.0,0.9544235924932976,0.9517502365184484,0.9833333333333332,0.9497863247863249,0.9682539682539684,0.8893654346466064,1068,1119
sv_sum,sub-05_FDSI_triangular-ramp10s_snr30dB,sub-05,triangular-ramp10s,30,10,39,1.0,0.7013996889580093,0.6880584890333062,0.990990990990991,0.6565295169946332,0.9827586206896552,0.847508430480957,1181,1007
sv_sum,sub-05_FDSI_triangular-ramp10s_snr30dB,sub-05,triangular-ramp10s,30,11,33,0.9846153846153848,0.077490774907749,0.0453056768558952,0.6459627329192547,0.0321981424148606,0.0275229357798165,0.9090765118598938,856,1188
sv_sum,sub-05_FDSI_triangular-ramp10s_snr30dB,sub-05,triangular-ramp10s,30,12,16,1.0,0.9884432358939496,0.9878048780487804,0.9873417721518988,0.9878147847278635,1.0,0.950115442276001,1454,1471
sv_sum,sub-05_FDSI_triangular-ramp10s_snr25dB,sub-05,triangular-ramp10s,25,0,43,1.0,0.9965156794425089,0.996309963099631,1.0,0.9958333333333332,1.0,0.9498297572135924,858,861
sv_sum,sub-05_FDSI_triangular-ramp10s_snr25dB,sub-05,triangular-ramp10s,25,1,35,0.9838709677419356,0.9154804270462632,0.911487758945386,0.95,0.9075451647183846,0.9682539682539684,0.878782331943512,1034,1119
sv_sum,sub-05_FDSI_triangular-ramp10s_snr25dB,sub-05,triangular-ramp10s,25,2,30,1.0,0.952076677316294,0.9493243243243245,0.9928571428571428,0.9452975047984644,0.9714285714285714,0.8897759318351746,1193,1251
sv_sum,sub-05_FDSI_triangular-ramp10s_snr25dB,sub-05,triangular-ramp10s,25,3,44,1.0,0.9902676399026764,0.9896907216494846,1.0,0.9882697947214076,1.0,0.957105278968811,814,822
sv_sum,sub-05_FDSI_triangular-ramp10s_snr25dB,sub-05,triangular-ramp10s,25,4,40,1.0,0.9100204498977504,0.9048648648648648,0.9907407407407408,0.898159509202454,0.9272727272727272,0.8805345296859741,896,972
sv_sum,sub-05_FDSI_triangular-ramp10s_snr25dB,sub-05,triangular-ramp10s,25,5,39,0.9272727272727272,0.745928338762215,0.7374254049445865,0.9217391304347826,0.7196969696969697,0.8448275862068966,0.8401914834976196,1137,1007
sv_sum,sub-05_FDSI_triangular-ramp10s_snr25dB,sub-05,triangular-ramp10s,25,6,41,0.9615384615384616,0.0790413054563998,0.0550026191723415,0.8636363636363636,0.0340646651270207,0.0526315789473684,0.8591985702514648,1184,932
sv_sum,sub-05_FDSI_triangular-ramp10s_snr25dB,sub-05,triangular-ramp10s,25,7,31,0.9852941176470588,0.9544715447154472,0.9509888220120378,1.0,0.9455252918287936,1.0,0.8708117008209229,1178,1226
sv_sum,sub-05_FDSI_triangular-ramp10s_snr20dB,sub-05,triangular-ramp10s,20,0,43,1.0,0.9663182346109176,0.964329643296433,0.946808510638298,0.9666666666666668,1.0,0.9117292761802672,832,861
sv_sum,sub-05_FDSI_triangular-ramp10s_snr20dB,sub-05,triangular-ramp10s,20,1,44,1.0,0.9520958083832336,0.9493029150823828,0.9787234042553192,0.9453237410071944,1.0,0.897179126739502,808,822
sv_sum,sub-05_FDSI_triangular-ramp10s_snr20dB,sub-05,triangular-ramp10s,20,2,31,0.9264705882352942,0.9240097008892482,0.9222222222222224,0.9552238805970148,0.9158607350096712,0.9855072463768116,0.8602911829948425,1154,1226
sv_sum,sub-05_FDSI_triangular-ramp10s_snr15dB,sub-05,triangular-ramp10s,15,0,44,0.9565217391304348,0.8388888888888889,0.832552693208431,0.9787234042553192,0.8144736842105263,0.9565217391304348,0.8046466708183289,833,822
sv_sum,sub-05_FDSI_triangular-ramp10s_snr15dB,sub-05,triangular-ramp10s,15,1,43,0.9375,0.9593967517401392,0.9606879606879608,0.9680851063829788,0.957004160887656,0.9787234042553192,0.8950887322425842,828,861
sv_sum,sub-05_FDSI_triangular-ramp10s_snr15dB,sub-05,triangular-ramp10s,15,2,31,0.9411764705882352,0.8056872037914692,0.7964970809007507,0.9626865671641792,0.7756833176248822,0.9577464788732394,0.8326869010925293,1060,1226
sv_sum,sub-05_FDSI_triangular-ramp5s_snr30dB,sub-05,triangular-ramp5s,30,0,44,1.0,0.9950980392156864,0.9948119325551232,0.989010989010989,0.9955817378497792,1.0,0.9569878578186036,812,816
sv_sum,sub-05_FDSI_triangular-ramp5s_snr30dB,sub-05,triangular-ramp5s,30,1,30,1.0,0.9683042789223456,0.9664710813076278,0.9645390070921984,0.9648956356736242,1.0,0.8604921102523804,1227,1257
sv_sum,sub-05_FDSI_triangular-ramp5s_snr30dB,sub-05,triangular-ramp5s,30,2,43,1.0,0.9964912280701754,0.996300863131936,0.9782608695652174,0.9958041958041958,1.0,0.9447655081748962,852,855
sv_sum,sub-05_FDSI_triangular-ramp5s_snr30dB,sub-05,triangular-ramp5s,30,3,41,1.0,0.082233502538071,0.0583333333333333,0.6124031007751938,0.0463499420625724,0.0535714285714285,0.8383251428604126,1199,933
sv_sum,sub-05_FDSI_triangular-ramp5s_snr30dB,sub-05,triangular-ramp5s,30,4,31,1.0,0.951219512195122,0.9483648881239244,0.9051094890510948,0.9541015625,1.0,0.8334276080131531,1171,1229
sv_sum,sub-05_FDSI_triangular-ramp5s_snr30dB,sub-05,triangular-ramp5s,30,5,36,1.0,0.4610244988864143,0.4358974358974359,0.6666666666666666,0.4765342960288808,0.0490196078431372,0.7682050466537476,867,1101
sv_sum,sub-05_FDSI_triangular-ramp5s_snr30dB,sub-05,triangular-ramp5s,30,6,35,1.0,0.8609904430929627,0.8533455545371219,0.7734375,0.8625,0.984375,0.8766586184501648,1013,1129
sv_sum,sub-05_FDSI_triangular-ramp5s_snr30dB,sub-05,triangular-ramp5s,30,7,34,0.9846153846153848,0.1085141903171953,0.075635103926097,0.6714285714285714,0.0618955512572533,0.0571428571428571,0.8596814870834351,835,1157
sv_sum,sub-05_FDSI_triangular-ramp5s_snr30dB,sub-05,triangular-ramp5s,30,8,42,1.0,0.0902777777777777,0.0612377850162866,0.6513761467889908,0.0522496371552975,0.043010752688172,0.8822972774505615,830,897
sv_sum,sub-05_FDSI_triangular-ramp5s_snr30dB,sub-05,triangular-ramp5s,30,9,16,0.9876543209876544,0.969842357779301,0.9687953555878084,0.9454545454545454,0.971217105263158,0.9746835443037974,0.9367826581001282,1415,1459
sv_sum,sub-05_FDSI_triangular-ramp5s_snr30dB,sub-05,triangular-ramp5s,30,10,40,1.0,0.1024734982332155,0.072992700729927,0.7636363636363637,0.0599326599326599,0.04,0.8940224051475525,892,980
sv_sum,sub-05_FDSI_triangular-ramp5s_snr30dB,sub-05,triangular-ramp5s,30,11,33,0.9696969696969696,0.0649762282091917,0.0322933771209633,0.4939759036144578,0.0342465753424657,0.0490196078431372,0.8944228291511536,829,1187
sv_sum,sub-05_FDSI_triangular-ramp5s_snr30dB,sub-05,triangular-ramp5s,30,12,29,0.9142857142857144,0.0676303562209602,0.0358864488484199,0.4787878787878787,0.0338983050847457,0.045045045045045,0.7947583198547363,796,1272
sv_sum,sub-05_FDSI_triangular-ramp5s_snr25dB,sub-05,triangular-ramp5s,25,0,43,1.0,0.9859649122807016,0.9852034525277436,0.956043956043956,0.9902097902097902,0.979591836734694,0.926687717437744,843,855
sv_sum,sub-05_FDSI_triangular-ramp5s_snr25dB,sub-05,triangular-ramp5s,25,1,44,1.0,0.6205493387589013,0.6023454157782516,0.7373737373737373,0.5871121718377088,0.9782608695652174,0.7717450261116028,777,816
sv_sum,sub-05_FDSI_triangular-ramp5s_snr25dB,sub-05,triangular-ramp5s,25,2,41,0.98,0.0952133194588969,0.0715811965811965,0.6699029126213593,0.0645539906103286,0.0530973451327433,0.8215221166610718,1172,933
sv_sum,sub-05_FDSI_triangular-ramp5s_snr25dB,sub-05,triangular-ramp5s,25,3,40,0.9814814814814816,0.7490875912408759,0.7370441458733206,0.7083333333333334,0.739413680781759,1.0,0.8226541876792908,937,980
sv_sum,sub-05_FDSI_triangular-ramp5s_snr25dB,sub-05,triangular-ramp5s,25,4,42,0.9387755102040816,0.0806142034548944,0.0528401585204755,0.5925925925925926,0.0456553755522827,0.043010752688172,0.8783281445503235,792,897
sv_sum,sub-05_FDSI_triangular-ramp5s_snr25dB,sub-05,triangular-ramp5s,25,5,16,0.9506172839506172,0.947909527073338,0.9477503628447024,0.9393939393939394,0.9506172839506172,0.9240506329113924,0.913450002670288,1383,1459
sv_sum,sub-05_FDSI_triangular-ramp5s_snr25dB,sub-05,triangular-ramp5s,25,6,31,0.9558823529411764,0.8595641646489104,0.8539709649871904,0.7591240875912408,0.8669902912621359,0.9444444444444444,0.8313473463058472,1075,1229
sv_sum,sub-05_FDSI_triangular-ramp5s_snr25dB,sub-05,triangular-ramp5s,25,7,36,0.9333333333333332,0.356145251396648,0.3309037900874635,0.5107913669064749,0.3666947014297729,0.0490196078431372,0.7158619165420532,841,1101
sv_sum,sub-05_FDSI_triangular-ramp5s_snr25dB,sub-05,triangular-ramp5s,25,8,35,1.0,0.8089887640449438,0.7985414767547858,0.7596899224806202,0.8020725388601037,0.984375,0.8241633176803589,964,1129
sv_sum,sub-05_FDSI_triangular-ramp5s_snr25dB,sub-05,triangular-ramp5s,25,9,30,0.9710144927536232,0.9120443740095088,0.908633696563286,0.900709219858156,0.9078822412155746,1.0,0.8460798859596252,1156,1257
sv_sum,sub-05_FDSI_triangular-ramp5s_snr20dB,sub-05,triangular-ramp5s,20,0,31,0.9705882352941176,0.8724247226624405,0.8668341708542714,0.9343065693430656,0.8597156398104265,0.9428571428571428,0.8277989625930786,1134,1229
sv_sum,sub-05_FDSI_triangular-ramp5s_snr20dB,sub-05,triangular-ramp5s,20,1,43,1.0,0.5816326530612245,0.5596658711217184,0.6483516483516484,0.5471698113207547,0.979591836734694,0.8338980674743652,540,855
sv_sum,sub-05_FDSI_triangular-ramp5s_snr20dB,sub-05,triangular-ramp5s,20,2,44,1.0,0.5982142857142857,0.5794392523364486,0.7578947368421053,0.5617070357554786,0.9565217391304348,0.7614739537239075,795,816
sv_sum,sub-05_FDSI_triangular-ramp5s_snr20dB,sub-05,triangular-ramp5s,20,3,41,0.9215686274509804,0.1797133406835722,0.158252977878616,0.5877862595419847,0.1376673040152963,0.2894736842105263,0.8172627091407776,1207,933
sv_sum,sub-05_FDSI_triangular-ramp5s_snr15dB,sub-05,triangular-ramp5s,15,0,43,0.9090909090909092,0.7265353418308227,0.7167277167277167,0.5714285714285714,0.7344398340248963,0.8979591836734694,0.835431694984436,635,855
sv_sum,sub-05_FDSI_triangular-ramp5s_snr15dB,sub-05,triangular-ramp5s,15,1,44,1.0,0.4481175390266299,0.4243295019157088,0.65625,0.40169133192389,0.9574468085106383,0.7730177640914917,761,816
pareto_mean,sub-01_FDSI_staircase_snr30dB,sub-01,staircase,30,0,28,0.9850746268656716,0.9957575757575756,0.9949494949494948,,,,0.9890738725662231,1643,1650
pareto_mean,sub-01_FDSI_staircase_snr30dB,sub-01,staircase,30,1,38,1.0,0.9929639401934915,0.9926739926739928,,,,0.9861196279525756,1129,1137
pareto_mean,sub-01_FDSI_staircase_snr30dB,sub-01,staircase,30,2,7,0.9647058823529412,0.963363081258807,0.963307240704501,,,,0.9352426528930664,2051,2129
pareto_mean,sub-01_FDSI_staircase_snr30dB,sub-01,staircase,30,3,37,1.0,0.9859387923904052,0.9853574504737296,,,,0.9343469738960266,1192,1209
pareto_mean,sub-01_FDSI_staircase_snr30dB,sub-01,staircase,30,4,31,1.0,0.3570750237416904,0.337573385518591,,,,0.8759384751319885,1333,1525
pareto_mean,sub-01_FDSI_staircase_snr30dB,sub-01,staircase,30,5,35,1.0,0.9512378094523632,0.9491790461297888,,,,0.9238659739494324,1272,1329
pareto_mean,sub-01_FDSI_staircase_snr30dB,sub-01,staircase,30,6,34,1.0,0.9920232052211748,0.9916855631141346,,,,0.9621444940567015,1368,1379
pareto_mean,sub-01_FDSI_staircase_snr30dB,sub-01,staircase,30,7,36,1.0,0.9960380348652932,0.9958711808422792,,,,0.9763676524162292,1257,1262
pareto_mean,sub-01_FDSI_staircase_snr30dB,sub-01,staircase,30,8,24,1.0,0.9628397115917916,0.9612940496822646,,,,0.936944842338562,1736,1803
pareto_mean,sub-01_FDSI_staircase_snr30dB,sub-01,staircase,30,9,30,1.0,0.9790076335877864,0.9781746031746033,,,,0.9291957020759584,1539,1572
pareto_mean,sub-01_FDSI_staircase_snr30dB,sub-01,staircase,30,10,33,1.0,0.9951048951048952,0.99490538573508,,,,0.9690122604370116,1423,1430
pareto_mean,sub-01_FDSI_staircase_snr30dB,sub-01,staircase,30,11,32,1.0,0.991919191919192,0.9915671117357696,,,,0.9730419516563416,1473,1485
pareto_mean,sub-01_FDSI_staircase_snr30dB,sub-01,staircase,30,12,22,0.9324324324324323,0.9518398268398268,0.9526493799323562,,,,0.9292483925819396,1760,1847
pareto_mean,sub-01_FDSI_staircase_snr30dB,sub-01,staircase,30,13,29,0.984126984126984,0.9531442663378544,0.9518922386144965,,,,0.917412042617798,1551,1617
pareto_mean,sub-01_FDSI_staircase_snr25dB,sub-01,staircase,25,0,28,0.9850746268656716,0.9933333333333332,0.9924242424242424,,,,0.970678687095642,1639,1650
pareto_mean,sub-01_FDSI_staircase_snr25dB,sub-01,staircase,25,1,38,1.0,0.9929639401934915,0.9926739926739928,,,,0.9801806807518004,1129,1137
pareto_mean,sub-01_FDSI_staircase_snr25dB,sub-01,staircase,25,2,37,1.0,0.9620148637489678,0.9604471195184868,,,,0.9095979332923888,1167,1209
pareto_mean,sub-01_FDSI_staircase_snr25dB,sub-01,staircase,25,3,31,0.967741935483871,0.2527765437583296,0.2325262677021471,,,,0.9110526442527772,1295,1525
pareto_mean,sub-01_FDSI_staircase_snr25dB,sub-01,staircase,25,4,24,0.9722222222222222,0.9500831946755408,0.949162333911034,,,,0.9352688789367676,1713,1803
pareto_mean,sub-01_FDSI_staircase_snr25dB,sub-01,staircase,25,5,34,1.0,0.9796954314720812,0.9788359788359788,,,,0.9428496956825256,1351,1379
pareto_mean,sub-01_FDSI_staircase_snr25dB,sub-01,staircase,25,6,30,1.0,0.965648854961832,0.9642857142857144,,,,0.9318974018096924,1518,1572
pareto_mean,sub-01_FDSI_staircase_snr25dB,sub-01,staircase,25,7,36,1.0,0.991283676703645,0.990916597853014,,,,0.9713281989097596,1251,1262
pareto_mean,sub-01_FDSI_staircase_snr25dB,sub-01,staircase,25,8,33,1.0,0.9653739612188366,0.9639769452449568,,,,0.9448224306106568,1408,1430
pareto_mean,sub-01_FDSI_staircase_snr25dB,sub-01,staircase,25,9,32,1.0,0.9932659932659932,0.9929725931131412,,,,0.9673218727111816,1475,1485
pareto_mean,sub-01_FDSI_staircase_snr25dB,sub-01,staircase,25,10,35,0.9629629629629628,0.9736644093303236,0.9741176470588236,,,,0.9492425918579102,1294,1329
pareto_mean,sub-01_FDSI_staircase_snr25dB,sub-01,staircase,25,11,29,0.9206349206349206,0.2504230118443316,0.2320730117340287,,,,0.8579275608062744,1339,1617
pareto_mean,sub-01_FDSI_staircase_snr20dB,sub-01,staircase,20,0,28,0.9850746268656716,0.9957575757575756,0.9949494949494948,,,,0.9867597818374634,1643,1650
pareto_mean,sub-01_FDSI_staircase_snr20dB,sub-01,staircase,20,1,38,1.0,0.9912049252418644,0.9908424908424908,,,,0.9662179350852966,1127,1137
pareto_mean,sub-01_FDSI_staircase_snr20dB,sub-01,staircase,20,2,36,1.0,0.9865293185419968,0.985962014863749,,,,0.9631009697914124,1245,1262
pareto_mean,sub-01_FDSI_staircase_snr20dB,sub-01,staircase,20,3,37,0.9791666666666666,0.9026402640264026,0.8994845360824743,,,,0.897188127040863,1097,1209
pareto_mean,sub-01_FDSI_staircase_snr20dB,sub-01,staircase,20,4,34,0.9821428571428572,0.9616775126536516,0.9608138658628486,,,,0.9131837487220764,1334,1379
pareto_mean,sub-01_FDSI_staircase_snr20dB,sub-01,staircase,20,5,32,1.0,0.9865319865319864,0.9859451862262824,,,,0.9583142995834352,1465,1485
pareto_mean,sub-01_FDSI_staircase_snr15dB,sub-01,staircase,15,0,28,0.9850746268656716,0.9951515151515152,0.9943181818181818,,,,0.9838228821754456,1642,1650
pareto_mean,sub-01_FDSI_staircase_snr15dB,sub-01,staircase,15,1,38,1.0,0.9762532981530344,0.9752747252747253,,,,0.9360772967338562,1110,1137
pareto_mean,sub-01_FDSI_staircase_snr15dB,sub-01,staircase,15,2,36,0.9803921568627452,0.9595879556259904,0.9587118084227912,,,,0.9336981177330016,1211,1262
pareto_mean,sub-01_FDSI_staircase_snr15dB,sub-01,staircase,15,3,34,0.9285714285714286,0.8190743338008415,0.8145985401459854,,,,0.8563613295555115,1215,1379
pareto_mean,sub-01_FDSI_staircase_snr15dB,sub-01,staircase,15,4,32,0.9516129032258064,0.933467741935484,0.9326788218793828,,,,0.9296903610229492,1392,1485
pareto_mean,sub-01_FDSI_triangular-ramp40s_snr30dB,sub-01,triangular-ramp40s,30,0,28,1.0,0.9974747474747476,0.997326203208556,1.0,0.997983870967742,0.9846153846153848,0.9884753227233888,1185,1188
pareto_mean,sub-01_FDSI_triangular-ramp40s_snr30dB,sub-01,triangular-ramp40s,30,1,32,1.0,0.9981167608286252,0.99800796812749,1.0,0.9988674971687428,0.9833333333333332,0.9765167832374572,1060,1062
pareto_mean,sub-01_FDSI_triangular-ramp40s_snr30dB,sub-01,triangular-ramp40s,30,2,30,1.0,0.9947229551451188,0.9944186046511628,1.0,0.9936708860759492,1.0,0.9667896628379822,1131,1137
pareto_mean,sub-01_FDSI_triangular-ramp40s_snr30dB,sub-01,triangular-ramp40s,30,3,37,1.0,0.9698025551684089,0.968058968058968,1.0,0.9637883008356546,1.0,0.8842629790306091,835,861
pareto_mean,sub-01_FDSI_triangular-ramp40s_snr30dB,sub-01,triangular-ramp40s,30,4,34,0.9821428571428572,0.9907881269191402,0.9891540130151844,0.9910714285714286,0.9889025893958076,0.9818181818181818,0.9621528387069702,968,977
pareto_mean,sub-01_FDSI_triangular-ramp40s_snr30dB,sub-01,triangular-ramp40s,30,5,35,1.0,0.9704641350210972,0.9687848383500556,0.9902912621359224,0.9659090909090908,1.0,0.9403063058853148,920,948
pareto_mean,sub-01_FDSI_triangular-ramp40s_snr30dB,sub-01,triangular-ramp40s,30,6,24,0.9855072463768116,0.971183800623053,0.9703703703703704,0.9856115107913668,0.9692451071761417,0.9722222222222222,0.9477314352989196,1247,1284
pareto_mean,sub-01_FDSI_triangular-ramp40s_snr30dB,sub-01,triangular-ramp40s,30,7,38,1.0,0.9975429975429976,0.9974025974025974,1.0,0.9970501474926252,1.0,0.982960045337677,812,814
pareto_mean,sub-01_FDSI_triangular-ramp40s_snr30dB,sub-01,triangular-ramp40s,30,8,33,1.0,0.9765166340508806,0.9751552795031057,1.0,0.9717978848413632,1.0,0.960519552230835,998,1022
pareto_mean,sub-01_FDSI_triangular-ramp40s_snr30dB,sub-01,triangular-ramp40s,30,9,36,1.0,0.9889746416758544,0.9883449883449884,1.0,0.9868593955321944,1.0,0.9724504351615906,897,907
pareto_mean,sub-01_FDSI_triangular-ramp40s_snr30dB,sub-01,triangular-ramp40s,30,10,29,0.9682539682539684,0.9699312714776632,0.9700272479564032,0.9763779527559056,0.9670442842430484,1.0,0.9268478155136108,1130,1163
pareto_mean,sub-01_FDSI_triangular-ramp40s_snr30dB,sub-01,triangular-ramp40s,30,11,31,1.0,0.9872611464968152,0.9865384615384616,1.0,0.9836601307189542,0.984126984126984,0.9485994577407836,1085,1099
pareto_mean,sub-01_FDSI_triangular-ramp40s_snr30dB,sub-01,triangular-ramp40s,30,12,22,0.9333333333333332,0.9512378094523632,0.9523052464228936,0.945945945945946,0.947935368043088,0.9861111111111112,0.925063133239746,1271,1330
pareto_mean,sub-01_FDSI_triangular-ramp40s_snr30dB,sub-01,triangular-ramp40s,30,13,7,0.902439024390244,0.8945645055664702,0.8941176470588236,0.8622754491017964,0.8948194662480377,0.9534883720930232,0.9212132692337036,1366,1527
pareto_mean,sub-01_FDSI_triangular-ramp40s_snr25dB,sub-01,triangular-ramp40s,25,0,28,1.0,0.9966329966329966,0.9964349376114082,1.0,0.9969758064516128,0.9846153846153848,0.9895382523536682,1184,1188
pareto_mean,sub-01_FDSI_triangular-ramp40s_snr25dB,sub-01,triangular-ramp40s,25,1,32,1.0,0.9905838041431262,0.9900398406374502,1.0,0.9886749716874292,1.0,0.9683429598808287,1052,1062
pareto_mean,sub-01_FDSI_triangular-ramp40s_snr25dB,sub-01,triangular-ramp40s,25,2,37,1.0,0.9202312138728324,0.9156479217603912,1.0,0.9044321329639888,1.0,0.8605511784553528,800,861
pareto_mean,sub-01_FDSI_triangular-ramp40s_snr25dB,sub-01,triangular-ramp40s,25,3,24,0.927536231884058,0.9415887850467288,0.9423868312757202,0.935251798561151,0.9385474860335196,0.9722222222222222,0.9306493997573853,1209,1284
pareto_mean,sub-01_FDSI_triangular-ramp40s_snr25dB,sub-01,triangular-ramp40s,25,4,34,0.9642857142857144,0.979570990806946,0.9783549783549784,0.9821428571428572,0.97539975399754,1.0,0.9403696656227112,961,977
pareto_mean,sub-01_FDSI_triangular-ramp40s_snr25dB,sub-01,triangular-ramp40s,25,5,38,1.0,0.9975429975429976,0.9974025974025974,1.0,0.9970501474926252,1.0,0.98338383436203,812,814
pareto_mean,sub-01_FDSI_triangular-ramp40s_snr25dB,sub-01,triangular-ramp40s,25,6,29,0.9523809523809524,0.2563198118753674,0.2295482295482295,0.937007874015748,0.213943950786056,0.036036036036036,0.8409510254859924,974,1163
pareto_mean,sub-01_FDSI_triangular-ramp40s_snr25dB,sub-01,triangular-ramp40s,25,7,30,1.0,0.9868073878627968,0.986046511627907,0.992,0.9852320675105484,1.0,0.9589864015579224,1122,1137
pareto_mean,sub-01_FDSI_triangular-ramp40s_snr25dB,sub-01,triangular-ramp40s,25,8,36,1.0,0.9944873208379272,0.9941724941724942,1.0,0.9921156373193168,0.98,0.9719221591949464,902,907
pareto_mean,sub-01_FDSI_triangular-ramp40s_snr25dB,sub-01,triangular-ramp40s,25,9,35,0.9803921568627452,0.9422268907563024,0.9400665926748056,0.9805825242718448,0.933500627352572,0.9622641509433962,0.921137034893036,901,948
pareto_mean,sub-01_FDSI_triangular-ramp40s_snr25dB,sub-01,triangular-ramp40s,25,10,31,0.9830508474576272,0.257661038148843,0.2298701298701298,0.9747899159663864,0.213401310997815,0.0576923076923076,0.8987212777137756,912,1099
pareto_mean,sub-01_FDSI_triangular-ramp40s_snr25dB,sub-01,triangular-ramp40s,25,11,33,0.9821428571428572,0.1161473087818696,0.0877706260971328,0.9642857142857144,0.0614091790562378,0.0693069306930693,0.8412178158760071,948,1022
pareto_mean,sub-01_FDSI_triangular-ramp40s_snr20dB,sub-01,triangular-ramp40s,20,0,28,1.0,0.9949494949494948,0.9946524064171124,1.0,0.9939516129032258,1.0,0.9881819486618042,1182,1188
pareto_mean,sub-01_FDSI_triangular-ramp40s_snr20dB,sub-01,triangular-ramp40s,20,1,32,1.0,0.987758945386064,0.9870517928286852,0.9663865546218487,0.9898074745186864,1.0,0.9551750421524048,1049,1062
pareto_mean,sub-01_FDSI_triangular-ramp40s_snr20dB,sub-01,triangular-ramp40s,20,2,38,1.0,0.995085995085995,0.9948051948051948,1.0,0.9941002949852508,1.0,0.9714230298995972,810,814
pareto_mean,sub-01_FDSI_triangular-ramp40s_snr20dB,sub-01,triangular-ramp40s,20,3,35,0.9019607843137256,0.6871945259042033,0.6759259259259259,0.8952380952380953,0.6670520231213873,0.6037735849056604,0.824927031993866,778,948
pareto_mean,sub-01_FDSI_triangular-ramp40s_snr20dB,sub-01,triangular-ramp40s,20,4,36,1.0,0.9911797133406836,0.9906759906759908,1.0,0.988173455978975,0.98,0.9631357192993164,899,907
pareto_mean,sub-01_FDSI_triangular-ramp40s_snr20dB,sub-01,triangular-ramp40s,20,5,34,0.9642857142857144,0.9370558375634518,0.9333333333333332,0.9821428571428572,0.9255189255189256,0.9818181818181818,0.8990965485572815,931,977
pareto_mean,sub-01_FDSI_triangular-ramp40s_snr20dB,sub-01,triangular-ramp40s,20,6,37,0.9148936170212766,0.9351851851851852,0.9363525091799264,0.946808510638298,0.9306518723994452,0.979591836734694,0.8966559171676636,811,861
pareto_mean,sub-01_FDSI_triangular-ramp40s_snr15dB,sub-01,triangular-ramp40s,15,0,28,1.0,0.9949494949494948,0.9946524064171124,1.0,0.9939516129032258,1.0,0.9848819971084596,1182,1188
pareto_mean,sub-01_FDSI_triangular-ramp40s_snr15dB,sub-01,triangular-ramp40s,15,1,34,0.9107142857142856,0.8462301587301587,0.8405036726128017,0.9553571428571428,0.8230403800475059,0.9454545454545454,0.8357443809509277,884,977
pareto_mean,sub-01_FDSI_triangular-ramp40s_snr15dB,sub-01,triangular-ramp40s,15,2,36,0.9183673469387756,0.9691289966923924,0.972027972027972,0.9381443298969072,0.9710906701708278,0.96,0.921335220336914,879,907
pareto_mean,sub-01_FDSI_triangular-ramp40s_snr15dB,sub-01,triangular-ramp40s,15,3,38,1.0,0.9742014742014742,0.9727272727272728,1.0,0.9690265486725664,1.0,0.918322503566742,793,814
pareto_mean,sub-01_FDSI_triangular-ramp20s_snr30dB,sub-01,triangular-ramp20s,30,0,36,1.0,0.9934138309549944,0.9930232558139536,0.9805825242718448,0.9921052631578948,1.0,0.9779871702194214,905,911
pareto_mean,sub-01_FDSI_triangular-ramp20s_snr30dB,sub-01,triangular-ramp20s,30,1,38,1.0,0.9950556242274412,0.9947780678851176,1.0,0.994074074074074,1.0,0.9790516495704652,805,809
pareto_mean,sub-01_FDSI_triangular-ramp20s_snr30dB,sub-01,triangular-ramp20s,30,2,28,1.0,0.994186046511628,0.993838028169014,1.0,0.993006993006993,1.0,0.9810314774513244,1197,1204
pareto_mean,sub-01_FDSI_triangular-ramp20s_snr30dB,sub-01,triangular-ramp20s,30,3,35,1.0,0.9549738219895288,0.9523281596452328,1.0,0.9459798994974874,1.0,0.9302947521209716,913,954
pareto_mean,sub-01_FDSI_triangular-ramp20s_snr30dB,sub-01,triangular-ramp20s,30,4,34,1.0,0.9918781725888324,0.9914255091103966,1.0,0.9902912621359224,1.0,0.9476218819618224,977,985
pareto_mean,sub-01_FDSI_triangular-ramp20s_snr30dB,sub-01,triangular-ramp20s,30,5,32,1.0,0.9943502824858758,0.9940179461615156,1.0,0.9932356257046224,1.0,0.9581356644630432,1056,1062
pareto_mean,sub-01_FDSI_triangular-ramp20s_snr30dB,sub-01,triangular-ramp20s,30,6,37,1.0,0.1360201511335012,0.1085120207927225,1.0,0.085,0.0439560439560439,0.7301620841026306,933,871
pareto_mean,sub-01_FDSI_triangular-ramp20s_snr30dB,sub-01,triangular-ramp20s,30,7,24,0.9859154929577464,0.9759503491078356,0.9753694581280788,0.9577464788732394,0.9767657992565056,1.0,0.9473362565040588,1258,1289
pareto_mean,sub-01_FDSI_triangular-ramp20s_snr30dB,sub-01,triangular-ramp20s,30,8,33,1.0,0.2827814569536424,0.2546455609084652,1.0,0.2395672333848531,0.0510204081632653,0.8744036555290222,916,1021
pareto_mean,sub-01_FDSI_triangular-ramp20s_snr30dB,sub-01,triangular-ramp20s,30,9,30,1.0,0.9973285841495992,0.9971724787935908,1.0,0.9967845659163987,1.0,0.969238817691803,1120,1123
pareto_mean,sub-01_FDSI_triangular-ramp20s_snr30dB,sub-01,triangular-ramp20s,30,10,31,1.0,0.1601654846335697,0.1292892156862745,0.9917355371900828,0.1010238907849829,0.0380952380952381,0.9320337772369384,872,1091
pareto_mean,sub-01_FDSI_triangular-ramp20s_snr30dB,sub-01,triangular-ramp20s,30,11,29,0.9846153846153848,0.143010752688172,0.1125348189415041,0.992248062015504,0.0840543881334981,0.0648148148148148,0.8977721929550171,964,1162
pareto_mean,sub-01_FDSI_triangular-ramp20s_snr30dB,sub-01,triangular-ramp20s,30,12,13,0.9,0.8495934959349594,0.8467048710601719,0.9202453987730062,0.8394160583941606,0.8395061728395061,0.902450144290924,1256,1474
pareto_mean,sub-01_FDSI_triangular-ramp20s_snr30dB,sub-01,triangular-ramp20s,30,13,22,1.0,0.9521316379955124,0.9492868462757528,0.9666666666666668,0.9477947794779478,0.986842105263158,0.918349027633667,1273,1337
pareto_mean,sub-01_FDSI_triangular-ramp20s_snr25dB,sub-01,triangular-ramp20s,25,0,36,1.0,0.9934138309549944,0.9930232558139536,0.9805825242718448,0.9921052631578948,1.0,0.9680952429771424,905,911
pareto_mean,sub-01_FDSI_triangular-ramp20s_snr25dB,sub-01,triangular-ramp20s,25,1,38,1.0,0.9950556242274412,0.9947780678851176,1.0,0.994074074074074,1.0,0.9747156500816344,805,809
pareto_mean,sub-01_FDSI_triangular-ramp20s_snr25dB,sub-01,triangular-ramp20s,25,2,28,1.0,0.9950166112956812,0.9947183098591548,1.0,0.994005994005994,1.0,0.9831735491752625,1198,1204
pareto_mean,sub-01_FDSI_triangular-ramp20s_snr25dB,sub-01,triangular-ramp20s,25,3,34,1.0,0.9746707193515703,0.9732620320855616,1.0,0.9709443099273608,0.9818181818181818,0.9206183552742004,964,985
pareto_mean,sub-01_FDSI_triangular-ramp20s_snr25dB,sub-01,triangular-ramp20s,25,4,35,1.0,0.877720207253886,0.8706140350877193,1.0,0.8535980148883374,1.0,0.8986620903015137,858,954
pareto_mean,sub-01_FDSI_triangular-ramp20s_snr25dB,sub-01,triangular-ramp20s,25,5,32,1.0,0.9905838041431262,0.9900299102691924,0.982608695652174,0.990990990990991,0.9666666666666668,0.9615874886512756,1052,1062
pareto_mean,sub-01_FDSI_triangular-ramp20s_snr25dB,sub-01,triangular-ramp20s,25,6,37,1.0,0.1276024177300201,0.0979166666666666,0.9894736842105264,0.0723076923076923,0.0434782608695652,0.7616494297981262,808,871
pareto_mean,sub-01_FDSI_triangular-ramp20s_snr25dB,sub-01,triangular-ramp20s,25,7,31,0.9666666666666668,0.1476744186046511,0.1180722891566265,0.950413223140496,0.0910307898259705,0.0485436893203883,0.8873296976089478,883,1091
pareto_mean,sub-01_FDSI_triangular-ramp20s_snr25dB,sub-01,triangular-ramp20s,25,8,30,0.9838709677419356,0.9715302491103204,0.9708097928436912,0.984126984126984,0.9700214132762311,0.96875,0.9537491202354432,1093,1123
pareto_mean,sub-01_FDSI_triangular-ramp20s_snr25dB,sub-01,triangular-ramp20s,25,9,33,0.9298245614035088,0.15218594355285,0.1268571428571428,0.9565217391304348,0.1032298923369221,0.0454545454545454,0.9042998552322388,1061,1021
pareto_mean,sub-01_FDSI_triangular-ramp20s_snr25dB,sub-01,triangular-ramp20s,25,10,22,0.9066666666666666,0.8201174743024964,0.815073815073815,0.86,0.8088105726872247,0.9090909090909092,0.8827768564224243,1142,1337
pareto_mean,sub-01_FDSI_triangular-ramp20s_snr20dB,sub-01,triangular-ramp20s,20,0,38,1.0,0.9901112484548824,0.9895561357702348,1.0,0.988148148148148,1.0,0.9513177275657654,801,809
pareto_mean,sub-01_FDSI_triangular-ramp20s_snr20dB,sub-01,triangular-ramp20s,20,1,32,1.0,0.9736346516007532,0.9720837487537388,0.991304347826087,0.9707207207207208,0.95,0.9420818090438844,1034,1062
pareto_mean,sub-01_FDSI_triangular-ramp20s_snr20dB,sub-01,triangular-ramp20s,20,2,28,1.0,0.9958471760797342,0.9955985915492958,0.9925373134328358,0.996003996003996,1.0,0.9843035340309144,1199,1204
pareto_mean,sub-01_FDSI_triangular-ramp20s_snr20dB,sub-01,triangular-ramp20s,20,3,36,1.0,0.991218441273326,0.9906976744186048,0.9902912621359224,0.988157894736842,1.0,0.930244207382202,903,911
pareto_mean,sub-01_FDSI_triangular-ramp20s_snr20dB,sub-01,triangular-ramp20s,20,4,34,1.0,0.8914572864321608,0.8854718981972428,0.9905660377358492,0.8717026378896883,1.0,0.871847927570343,897,985
pareto_mean,sub-01_FDSI_triangular-ramp20s_snr15dB,sub-01,triangular-ramp20s,15,0,28,1.0,0.9950166112956812,0.9947183098591548,1.0,0.995004995004995,0.9855072463768116,0.98303484916687,1198,1204
pareto_mean,sub-01_FDSI_triangular-ramp20s_snr15dB,sub-01,triangular-ramp20s,15,1,38,1.0,0.9350490196078431,0.9314359637774904,1.0,0.9237536656891496,0.9787234042553192,0.8909814357757568,770,809
pareto_mean,sub-01_FDSI_triangular-ramp20s_snr15dB,sub-01,triangular-ramp20s,15,2,32,0.9830508474576272,0.9319664492078286,0.9289940828402368,0.982608695652174,0.9254727474972192,0.9,0.9034883379936218,1011,1062
pareto_mean,sub-01_FDSI_triangular-ramp20s_snr15dB,sub-01,triangular-ramp20s,15,3,36,0.9019607843137256,0.9342825848849944,0.9361948955916474,0.9223300970873788,0.9330708661417324,0.9387755102040816,0.8872703909873962,855,911
pareto_mean,sub-01_FDSI_triangular-ramp10s_snr30dB,sub-01,triangular-ramp10s,30,0,32,1.0,0.1046188091263216,0.0747556066705002,0.9915254237288136,0.042566709021601,0.0686274509803921,0.927527129650116,919,1066
pareto_mean,sub-01_FDSI_triangular-ramp10s_snr30dB,sub-01,triangular-ramp10s,30,1,30,1.0,0.2667478684531059,0.2389380530973451,0.991869918699187,0.2227722772277227,0.06,0.8936959505081177,948,1132
pareto_mean,sub-01_FDSI_triangular-ramp10s_snr30dB,sub-01,triangular-ramp10s,30,2,36,1.0,0.9944567627494456,0.9941245593419508,0.99009900990099,0.996,0.9803921568627452,0.909563422203064,897,902
pareto_mean,sub-01_FDSI_triangular-ramp10s_snr30dB,sub-01,triangular-ramp10s,30,3,35,1.0,0.9688149688149688,0.966996699669967,0.981132075471698,0.965174129353234,1.0,0.9473758339881896,939,955
pareto_mean,sub-01_FDSI_triangular-ramp10s_snr30dB,sub-01,triangular-ramp10s,30,4,38,1.0,0.0814606741573033,0.0570934256055363,0.978021978021978,0.0354206198608475,0.0588235294117647,0.9036743640899658,1106,819
pareto_mean,sub-01_FDSI_triangular-ramp10s_snr30dB,sub-01,triangular-ramp10s,30,5,7,0.9047619047619048,0.8814766839378239,0.8801369863013698,0.8698224852071006,0.8813033359193173,0.9069767441860463,0.900956392288208,1365,1540
pareto_mean,sub-01_FDSI_triangular-ramp10s_snr30dB,sub-01,triangular-ramp10s,30,6,34,1.0,0.972,0.970401691331924,0.981651376146789,0.9688622754491018,1.0,0.9197418689727784,976,996
pareto_mean,sub-01_FDSI_triangular-ramp10s_snr30dB,sub-01,triangular-ramp10s,30,7,28,1.0,0.9966386554621848,0.9964381121994658,1.0,0.997979797979798,0.9692307692307692,0.9674972891807556,1186,1190
pareto_mean,sub-01_FDSI_triangular-ramp10s_snr30dB,sub-01,triangular-ramp10s,30,8,33,1.0,0.1731234866828087,0.1435736677115987,0.9827586206896552,0.1183844011142061,0.0515463917525773,0.8796204924583435,899,1039
pareto_mean,sub-01_FDSI_triangular-ramp10s_snr30dB,sub-01,triangular-ramp10s,30,9,37,1.0,0.0815147625160462,0.0529450694904037,0.9479166666666666,0.0269876002917578,0.0588235294117647,0.8694157600402832,816,869
pareto_mean,sub-01_FDSI_triangular-ramp10s_snr30dB,sub-01,triangular-ramp10s,30,10,31,1.0,0.397039897039897,0.3719839142091153,1.0,0.3607547169811321,0.1346153846153846,0.8913923501968384,1066,1105
pareto_mean,sub-01_FDSI_triangular-ramp10s_snr30dB,sub-01,triangular-ramp10s,30,11,24,1.0,0.9285714285714286,0.924404272801972,0.950354609929078,0.9230055658627088,0.9710144927536232,0.9136375188827516,1198,1286
pareto_mean,sub-01_FDSI_triangular-ramp10s_snr30dB,sub-01,triangular-ramp10s,30,12,22,0.9178082191780822,0.272929405225125,0.2456546929316338,0.7551020408163265,0.2468893254747871,0.0578512396694214,0.847018301486969,955,1335
pareto_mean,sub-01_FDSI_triangular-ramp10s_snr30dB,sub-01,triangular-ramp10s,30,13,29,0.9846153846153848,0.0897235263432446,0.0583153347732181,0.8992805755395683,0.0326283987915407,0.0642201834862385,0.9316161274909972,927,1162
pareto_mean,sub-01_FDSI_triangular-ramp10s_snr25dB,sub-01,triangular-ramp10s,25,0,30,1.0,0.0929081913139087,0.0619670267197271,0.968,0.0295783511642542,0.06,0.9367801547050476,856,1132
pareto_mean,sub-01_FDSI_triangular-ramp10s_snr25dB,sub-01,triangular-ramp10s,25,1,36,1.0,0.9545454545454546,0.9518213866039952,1.0,0.9466666666666668,0.9803921568627452,0.8917076587677002,861,902
pareto_mean,sub-01_FDSI_triangular-ramp10s_snr25dB,sub-01,triangular-ramp10s,25,2,38,1.0,0.7377423033067275,0.7232250300842359,1.0,0.6904441453566622,1.0,0.7884166240692139,705,819
pareto_mean,sub-01_FDSI_triangular-ramp10s_snr25dB,sub-01,triangular-ramp10s,25,3,35,1.0,0.1403508771929824,0.1128545564272782,0.9158878504672896,0.0921658986175115,0.075,0.8387330770492554,995,955
pareto_mean,sub-01_FDSI_triangular-ramp10s_snr25dB,sub-01,triangular-ramp10s,25,4,32,1.0,0.1169284467713787,0.086092715231788,0.9915254237288136,0.0552964690206529,0.086021505376344,0.9359803199768066,854,1066
pareto_mean,sub-01_FDSI_triangular-ramp10s_snr25dB,sub-01,triangular-ramp10s,25,5,28,1.0,0.9966386554621848,0.9964381121994658,1.0,0.997979797979798,0.9692307692307692,0.9648249745368958,1186,1190
pareto_mean,sub-01_FDSI_triangular-ramp10s_snr25dB,sub-01,triangular-ramp10s,25,6,31,0.9516129032258064,0.4045801526717557,0.3799854967367658,0.968,0.3354632587859425,0.65625,0.8822580575942993,919,1105
pareto_mean,sub-01_FDSI_triangular-ramp10s_snr25dB,sub-01,triangular-ramp10s,25,7,37,1.0,0.0783055198973042,0.0496360026472534,0.8762886597938144,0.0277372262773722,0.0588235294117647,0.8364004492759705,811,869
pareto_mean,sub-01_FDSI_triangular-ramp10s_snr25dB,sub-01,triangular-ramp10s,25,8,34,1.0,0.8244422890397672,0.8147389969293757,0.981651376146789,0.7944572748267898,0.9821428571428572,0.8674327731132507,885,996
pareto_mean,sub-01_FDSI_triangular-ramp10s_snr25dB,sub-01,triangular-ramp10s,25,9,33,0.9824561403508772,0.068019747668678,0.0385050962627406,0.5845070422535211,0.0339961513790891,0.0377358490566037,0.9165092706680298,908,1039
pareto_mean,sub-01_FDSI_triangular-ramp10s_snr25dB,sub-01,triangular-ramp10s,25,10,24,0.9577464788732394,0.1112115732368897,0.0831387202241943,0.9148936170212766,0.0598555211558307,0.046875,0.8925492763519287,1172,1286
pareto_mean,sub-01_FDSI_triangular-ramp10s_snr20dB,sub-01,triangular-ramp10s,20,0,34,1.0,0.7747834456207893,0.7624365482233503,0.9724770642201837,0.7356979405034325,1.0,0.8258073925971985,848,996
pareto_mean,sub-01_FDSI_triangular-ramp10s_snr20dB,sub-01,triangular-ramp10s,20,1,30,0.9166666666666666,0.0781337830241708,0.0488656195462478,0.7883211678832117,0.0302432610124917,0.06,0.8434906005859375,786,1132
pareto_mean,sub-01_FDSI_triangular-ramp10s_snr20dB,sub-01,triangular-ramp10s,20,2,36,1.0,0.9548458149779736,0.9521586931155192,1.0,0.9483443708609272,1.0,0.8485577702522278,873,902
pareto_mean,sub-01_FDSI_triangular-ramp10s_snr20dB,sub-01,triangular-ramp10s,20,3,32,0.9827586206896552,0.9054905490549054,0.9012345679012346,0.9830508474576272,0.8898395721925134,1.0,0.8923735022544861,1051,1066
pareto_mean,sub-01_FDSI_triangular-ramp10s_snr20dB,sub-01,triangular-ramp10s,20,4,38,1.0,0.768969422423556,0.7562724014336918,0.945054945054945,0.7356475300400535,0.9767441860465116,0.7789341807365417,743,819
pareto_mean,sub-01_FDSI_triangular-ramp10s_snr20dB,sub-01,triangular-ramp10s,20,5,35,0.981132075471698,0.1784431137724551,0.1521335807050092,0.8608695652173913,0.1312584573748308,0.0649350649350649,0.7952645421028137,1013,955
pareto_mean,sub-01_FDSI_triangular-ramp10s_snr20dB,sub-01,triangular-ramp10s,20,6,37,0.9361702127659576,0.0672215108834827,0.0402640264026402,0.7894736842105263,0.0307692307692307,0.0588235294117647,0.9112854599952698,798,869
pareto_mean,sub-01_FDSI_triangular-ramp10s_snr20dB,sub-01,triangular-ramp10s,20,7,28,1.0,0.9957983193277312,0.9955476402493322,1.0,0.996969696969697,0.9692307692307692,0.9573010206222534,1185,1190
pareto_mean,sub-01_FDSI_triangular-ramp10s_snr15dB,sub-01,triangular-ramp10s,15,0,28,1.0,0.9991596638655462,0.9991095280498664,1.0,0.998989898989899,1.0,0.977041244506836,1189,1190
pareto_mean,sub-01_FDSI_triangular-ramp10s_snr15dB,sub-01,triangular-ramp10s,15,1,36,0.9803921568627452,0.084709643047416,0.0596933187294633,0.9306930693069309,0.0385078219013237,0.0454545454545454,0.9160985946655272,1134,902
pareto_mean,sub-01_FDSI_triangular-ramp10s_snr15dB,sub-01,triangular-ramp10s,15,2,38,1.0,0.616,0.5974842767295597,0.8131868131868132,0.5773672055427251,0.9767441860465116,0.691867470741272,797,819
pareto_mean,sub-01_FDSI_triangular-ramp10s_snr15dB,sub-01,triangular-ramp10s,15,3,34,0.9074074074074074,0.0888888888888888,0.0653907496012759,0.8909090909090909,0.0422039859320046,0.043103448275862,0.8791418671607971,1111,996
pareto_mean,sub-01_FDSI_triangular-ramp5s_snr30dB,sub-01,triangular-ramp5s,30,0,32,1.0,0.0655471289274106,0.0341545352743561,0.5228758169934641,0.0316856780735107,0.0392156862745098,0.8812627196311951,901,1066
pareto_mean,sub-01_FDSI_triangular-ramp5s_snr30dB,sub-01,triangular-ramp5s,30,1,36,1.0,0.987885462555066,0.9871944121071012,0.9504950495049505,0.992084432717678,1.0,0.971193790435791,897,908
pareto_mean,sub-01_FDSI_triangular-ramp5s_snr30dB,sub-01,triangular-ramp5s,30,2,28,1.0,0.9966386554621848,0.9964381121994658,1.0,0.9949596774193548,0.9850746268656716,0.975900948047638,1186,1190
pareto_mean,sub-01_FDSI_triangular-ramp5s_snr30dB,sub-01,triangular-ramp5s,30,3,38,1.0,0.9876543209876544,0.9868938401048492,0.9893617021276596,0.988095238095238,0.9772727272727272,0.9549548029899596,800,810
pareto_mean,sub-01_FDSI_triangular-ramp5s_snr30dB,sub-01,triangular-ramp5s,30,4,37,1.0,0.0669144981412639,0.0435492651061513,0.7904761904761904,0.0289680144840072,0.0545454545454545,0.9596801400184632,1146,863
pareto_mean,sub-01_FDSI_triangular-ramp5s_snr30dB,sub-01,triangular-ramp5s,30,5,33,1.0,0.066358024691358,0.0391741662255161,0.6071428571428571,0.0321620011911852,0.0747663551401869,0.879408061504364,1051,1022
pareto_mean,sub-01_FDSI_triangular-ramp5s_snr30dB,sub-01,triangular-ramp5s,30,6,34,1.0,0.9797775530839232,0.9786096256684492,0.9908256880733946,0.9770253929866988,1.0,0.8822033405303955,970,988
pareto_mean,sub-01_FDSI_triangular-ramp5s_snr30dB,sub-01,triangular-ramp5s,30,7,31,1.0,0.4546712802768166,0.430635838150289,0.7391304347826086,0.3980738362760834,0.9672131147540984,0.8791747093200684,992,1110
pareto_mean,sub-01_FDSI_triangular-ramp5s_snr30dB,sub-01,triangular-ramp5s,30,8,24,1.0,0.90854119425548,0.9031224979983988,0.9019607843137256,0.9044585987261148,0.9583333333333334,0.8893393874168396,1228,1297
pareto_mean,sub-01_FDSI_triangular-ramp5s_snr30dB,sub-01,triangular-ramp5s,30,9,30,1.0,0.0728476821192053,0.04,0.6143790849673203,0.0337662337662337,0.05,0.8762136697769165,815,1129
pareto_mean,sub-01_FDSI_triangular-ramp5s_snr30dB,sub-01,triangular-ramp5s,30,10,35,1.0,0.0693512304250559,0.0403690888119953,0.5757575757575758,0.0276172125883108,0.0505050505050505,0.8572867512702942,952,960
pareto_mean,sub-01_FDSI_triangular-ramp5s_snr30dB,sub-01,triangular-ramp5s,30,11,22,0.9733333333333334,0.8221119773210489,0.813622754491018,0.7134146341463414,0.8283518360375747,0.9605263157894736,0.8548088073730469,1232,1339
pareto_mean,sub-01_FDSI_triangular-ramp5s_snr30dB,sub-01,triangular-ramp5s,30,12,29,0.9682539682539684,0.0723140495867768,0.0421783235451147,0.5732484076433121,0.0318509615384615,0.0467289719626168,0.938709318637848,922,1154
pareto_mean,sub-01_FDSI_triangular-ramp5s_snr25dB,sub-01,triangular-ramp5s,25,0,36,1.0,0.987885462555066,0.9871944121071012,1.0,0.9868073878627968,0.979591836734694,0.9587323069572448,897,908
pareto_mean,sub-01_FDSI_triangular-ramp5s_snr25dB,sub-01,triangular-ramp5s,25,1,32,1.0,0.9115281501340484,0.906515580736544,0.8968253968253969,0.9079229122055674,1.0,0.8691121339797974,1073,1066
pareto_mean,sub-01_FDSI_triangular-ramp5s_snr25dB,sub-01,triangular-ramp5s,25,2,28,1.0,0.9974789915966388,0.9973285841495992,1.0,0.995967741935484,0.9850746268656716,0.967991292476654,1187,1190
pareto_mean,sub-01_FDSI_triangular-ramp5s_snr25dB,sub-01,triangular-ramp5s,25,3,37,1.0,0.1383203952011291,0.1094091903719912,0.5151515151515151,0.1046901172529313,0.0561797752808988,0.7186934351921082,750,863
pareto_mean,sub-01_FDSI_triangular-ramp5s_snr25dB,sub-01,triangular-ramp5s,25,4,34,1.0,0.9209486166007904,0.9164926931106472,0.896551724137931,0.9240806642941874,0.9245283018867924,0.8514490127563477,956,988
pareto_mean,sub-01_FDSI_triangular-ramp5s_snr25dB,sub-01,triangular-ramp5s,25,5,30,1.0,0.0752262443438914,0.0416178194607268,0.6405228758169934,0.0279441117764471,0.05,0.7936456799507141,772,1129
pareto_mean,sub-01_FDSI_triangular-ramp5s_snr25dB,sub-01,triangular-ramp5s,25,6,38,1.0,0.7398907103825136,0.7258064516129032,0.7017543859649122,0.7305151915455746,1.0,0.7288704514503479,782,810
pareto_mean,sub-01_FDSI_triangular-ramp5s_snr25dB,sub-01,triangular-ramp5s,25,7,24,0.972972972972973,0.0858257477243173,0.0564263322884012,0.8343949044585988,0.0447236180904522,0.0534351145038167,0.8981626629829407,1208,1297
pareto_mean,sub-01_FDSI_triangular-ramp5s_snr25dB,sub-01,triangular-ramp5s,25,8,33,0.9636363636363636,0.0625641025641025,0.0364116094986807,0.5347222222222222,0.0321046373365041,0.0849056603773584,0.8973017334938049,1050,1022
pareto_mean,sub-01_FDSI_triangular-ramp5s_snr25dB,sub-01,triangular-ramp5s,25,9,31,1.0,0.4150815217391304,0.3897944720056697,0.75,0.3568627450980392,0.8852459016393442,0.8555720448493958,973,1110
pareto_mean,sub-01_FDSI_triangular-ramp5s_snr25dB,sub-01,triangular-ramp5s,25,10,35,0.9814814814814816,0.8942014242115972,0.8891280947255114,0.8378378378378378,0.8975609756097561,0.9615384615384616,0.9081507921218872,902,960
pareto_mean,sub-01_FDSI_triangular-ramp5s_snr20dB,sub-01,triangular-ramp5s,20,0,32,1.0,0.823076923076923,0.8135135135135135,0.8615384615384616,0.8073394495412844,1.0,0.8371025323867798,1067,1066
pareto_mean,sub-01_FDSI_triangular-ramp5s_snr20dB,sub-01,triangular-ramp5s,20,1,28,1.0,0.9974789915966388,0.9973285841495992,1.0,0.995967741935484,0.9850746268656716,0.9675982594490052,1187,1190
pareto_mean,sub-01_FDSI_triangular-ramp5s_snr20dB,sub-01,triangular-ramp5s,20,2,36,1.0,0.7876288659793814,0.7763300760043431,0.6272727272727273,0.8051787916152897,0.8571428571428571,0.7808312177658081,826,908
pareto_mean,sub-01_FDSI_triangular-ramp5s_snr20dB,sub-01,triangular-ramp5s,20,3,37,0.9782608695652174,0.1048502139800285,0.0752212389380531,0.5575221238938053,0.0676126878130217,0.0561797752808988,0.7955098152160645,686,863
pareto_mean,sub-01_FDSI_triangular-ramp5s_snr20dB,sub-01,triangular-ramp5s,20,4,34,0.9814814814814816,0.064420218037661,0.0392057026476578,0.736,0.031303357996585,0.0530973451327433,0.942145586013794,1160,988
pareto_mean,sub-01_FDSI_triangular-ramp5s_snr20dB,sub-01,triangular-ramp5s,20,5,38,1.0,0.9815270935960592,0.9803921568627452,0.9787234042553192,0.9807121661721068,1.0,0.9223411679267884,799,810
pareto_mean,sub-01_FDSI_triangular-ramp5s_snr20dB,sub-01,triangular-ramp5s,20,6,30,0.9032258064516128,0.0704457897633461,0.041025641025641,0.564935064935065,0.0342598577892695,0.0505050505050505,0.9032905101776124,816,1129
pareto_mean,sub-01_FDSI_triangular-ramp5s_snr15dB,sub-01,triangular-ramp5s,15,0,32,0.9666666666666668,0.7633726201269265,0.7516778523489933,0.7372881355932204,0.764642082429501,0.7936507936507936,0.855236828327179,879,1066
pareto_mean,sub-01_FDSI_triangular-ramp5s_snr15dB,sub-01,triangular-ramp5s,15,1,28,1.0,0.9974789915966388,0.9973285841495992,1.0,0.995967741935484,0.9850746268656716,0.9638100266456604,1187,1190
pareto_mean,sub-01_FDSI_triangular-ramp5s_snr15dB,sub-01,triangular-ramp5s,15,2,38,1.0,0.7438752783964365,0.7297297297297297,0.696078431372549,0.7367021276595744,0.9772727272727272,0.7605170011520386,756,810
pareto_mean,sub-01_FDSI_triangular-ramp5s_snr15dB,sub-01,triangular-ramp5s,15,3,36,0.979591836734694,0.7470775770456961,0.734304932735426,0.7254901960784313,0.7417302798982188,0.8679245283018868,0.84550541639328,736,908
pareto_mean,sub-02_FDSI_staircase_snr30dB,sub-02,staircase,30,0,30,1.0,0.998551774076756,0.9984917043740572,,,,0.9838544130325316,1379,1381
pareto_mean,sub-02_FDSI_staircase_snr30dB,sub-02,staircase,30,1,33,1.0,0.8802345058626466,0.8755439512619669,,,,0.9167119860649108,1059,1186
pareto_mean,sub-02_FDSI_staircase_snr30dB,sub-02,staircase,30,2,21,1.0,0.9917081260364844,0.9913594470046084,,,,0.9815927147865297,1794,1809
pareto_mean,sub-02_FDSI_staircase_snr30dB,sub-02,staircase,30,3,31,1.0,0.9789473684210528,0.9780564263322884,,,,0.9528535604476928,1303,1329
pareto_mean,sub-02_FDSI_staircase_snr30dB,sub-02,staircase,30,4,26,1.0,0.9106592729513248,0.907170294494238,,,,0.8867751359939575,1497,1604
pareto_mean,sub-02_FDSI_staircase_snr30dB,sub-02,staircase,30,5,25,1.0,0.9878934624697336,0.9874055415617128,,,,0.9665974378585817,1632,1652
pareto_mean,sub-02_FDSI_staircase_snr30dB,sub-02,staircase,30,6,16,1.0,0.979381443298969,0.9785177228786252,,,,0.9497793316841124,1900,1940
pareto_mean,sub-02_FDSI_staircase_snr30dB,sub-02,staircase,30,7,27,1.0,0.9845659163987138,0.9839357429718876,,,,0.9656052589416504,1531,1555
pareto_mean,sub-02_FDSI_staircase_snr30dB,sub-02,staircase,30,8,28,1.0,0.9766511007338226,0.9756944444444444,,,,0.9483665823936462,1465,1498
pareto_mean,sub-02_FDSI_staircase_snr30dB,sub-02,staircase,30,9,24,1.0,0.9892857142857144,0.988833746898263,,,,0.970184564590454,1662,1680
pareto_mean,sub-02_FDSI_staircase_snr30dB,sub-02,staircase,30,10,32,0.979591836734694,0.992063492063492,0.990924092409241,,,,0.9690563082695008,1250,1260
pareto_mean,sub-02_FDSI_staircase_snr30dB,sub-02,staircase,30,11,29,0.9824561403508772,0.9840720221606648,0.9841384282624368,,,,0.945825219154358,1421,1444
pareto_mean,sub-02_FDSI_staircase_snr30dB,sub-02,staircase,30,12,14,0.9367088607594936,0.9588972431077696,0.9598121085594988,,,,0.9393737316131592,1915,1993
pareto_mean,sub-02_FDSI_staircase_snr30dB,sub-02,staircase,30,13,22,1.0,0.979107848673066,0.9782608695652174,,,,0.951280117034912,1734,1771
pareto_mean,sub-02_FDSI_staircase_snr30dB,sub-02,staircase,30,14,20,1.0,0.9880239520958084,0.987542468856172,,,,0.954677164554596,1815,1837
pareto_mean,sub-02_FDSI_staircase_snr30dB,sub-02,staircase,30,15,23,0.9428571428571428,0.9516685845799768,0.9520383693045564,,,,0.9369298815727234,1656,1736
pareto_mean,sub-02_FDSI_staircase_snr30dB,sub-02,staircase,30,16,19,1.0,0.3764021603656003,0.356898029134533,,,,0.7602009177207947,1440,1873
pareto_mean,sub-02_FDSI_staircase_snr25dB,sub-02,staircase,25,0,30,1.0,0.998551774076756,0.9984917043740572,,,,0.979613959789276,1379,1381
pareto_mean,sub-02_FDSI_staircase_snr25dB,sub-02,staircase,25,1,21,1.0,0.9917081260364844,0.9913594470046084,,,,0.9763677716255188,1794,1809
pareto_mean,sub-02_FDSI_staircase_snr25dB,sub-02,staircase,25,2,26,0.9836065573770492,0.8452669902912622,0.8399495904221802,,,,0.8568178415298462,1437,1604
pareto_mean,sub-02_FDSI_staircase_snr25dB,sub-02,staircase,25,3,27,0.9836065573770492,0.9787781350482316,0.9785809906291834,,,,0.951729953289032,1522,1555
pareto_mean,sub-02_FDSI_staircase_snr25dB,sub-02,staircase,25,4,24,1.0,0.9732142857142856,0.9720843672456576,,,,0.9385418891906738,1635,1680
pareto_mean,sub-02_FDSI_staircase_snr25dB,sub-02,staircase,25,5,33,1.0,0.981450252951096,0.9807186678352322,,,,0.9476128220558168,1164,1186
pareto_mean,sub-02_FDSI_staircase_snr25dB,sub-02,staircase,25,6,19,0.9315068493150684,0.1538461538461538,0.1318340442031795,,,,0.8377577662467957,1187,1873
pareto_mean,sub-02_FDSI_staircase_snr25dB,sub-02,staircase,25,7,28,0.9661016949152542,0.9038587311968608,0.9013605442176872,,,,0.8908959031105042,1413,1498
pareto_mean,sub-02_FDSI_staircase_snr25dB,sub-02,staircase,25,8,20,1.0,0.9847577572128472,0.984144960362401,,,,0.9455843567848206,1809,1837
pareto_mean,sub-02_FDSI_staircase_snr25dB,sub-02,staircase,25,9,25,0.984375,0.9582577132486388,0.9572057898049088,,,,0.9386666417121888,1585,1652
pareto_mean,sub-02_FDSI_staircase_snr25dB,sub-02,staircase,25,10,32,0.92,0.978622327790974,0.9794069192751236,,,,0.9505708813667296,1239,1260
pareto_mean,sub-02_FDSI_staircase_snr20dB,sub-02,staircase,20,0,30,1.0,0.997827661115134,0.997737556561086,,,,0.968200147151947,1378,1381
pareto_mean,sub-02_FDSI_staircase_snr20dB,sub-02,staircase,20,1,21,1.0,0.9911553344389166,0.9907834101382488,,,,0.9682437181472778,1793,1809
pareto_mean,sub-02_FDSI_staircase_snr20dB,sub-02,staircase,20,2,25,0.96875,0.9379144062688366,0.9366771159874608,,,,0.9277521371841432,1563,1652
pareto_mean,sub-02_FDSI_staircase_snr20dB,sub-02,staircase,20,3,27,0.9672131147540984,0.9338046272493572,0.9324414715719064,,,,0.9254820942878724,1454,1555
pareto_mean,sub-02_FDSI_staircase_snr20dB,sub-02,staircase,20,4,24,1.0,0.9839381320642476,0.9832610043397396,,,,0.9470542669296264,1655,1680
pareto_mean,sub-02_FDSI_staircase_snr20dB,sub-02,staircase,20,5,32,0.9019607843137256,0.9518547750591948,0.952341824157765,,,,0.936656892299652,1213,1260
pareto_mean,sub-02_FDSI_staircase_snr15dB,sub-02,staircase,15,0,30,1.0,0.9884141926140478,0.9879336349924586,,,,0.9535512328147888,1365,1381
pareto_mean,sub-02_FDSI_staircase_snr15dB,sub-02,staircase,15,1,21,1.0,0.9894969596462134,0.9890552995391704,,,,0.957654356956482,1790,1809
pareto_mean,sub-02_FDSI_staircase_snr15dB,sub-02,staircase,15,2,24,1.0,0.9317647058823528,0.928921568627451,,,,0.9127646684646606,1604,1680
pareto_mean,sub-02_FDSI_triangular-ramp40s_snr30dB,sub-02,triangular-ramp40s,30,0,20,1.0,0.9954819277108434,0.995219123505976,1.0,0.9945945945945946,0.9726027397260274,0.9652507901191713,1322,1328
pareto_mean,sub-02_FDSI_triangular-ramp40s_snr30dB,sub-02,triangular-ramp40s,30,1,30,1.0,0.993993993993994,0.9936440677966102,0.981981981981982,0.9951980792316928,1.0,0.9751625657081604,993,999
pareto_mean,sub-02_FDSI_triangular-ramp40s_snr30dB,sub-02,triangular-ramp40s,30,2,21,1.0,0.9953881629515756,0.9951179820992676,0.9861111111111112,0.9954001839926404,0.9859154929577464,0.979508340358734,1295,1301
pareto_mean,sub-02_FDSI_triangular-ramp40s_snr30dB,sub-02,triangular-ramp40s,30,3,24,1.0,0.989456609894566,0.9888220120378332,1.0,0.9873294346978556,1.0,0.973239004611969,1220,1233
pareto_mean,sub-02_FDSI_triangular-ramp40s_snr30dB,sub-02,triangular-ramp40s,30,4,33,1.0,0.994110718492344,0.9937655860349128,0.9894736842105264,0.9943422913719944,1.0,0.9607974886894226,844,849
pareto_mean,sub-02_FDSI_triangular-ramp40s_snr30dB,sub-02,triangular-ramp40s,30,5,26,0.9696969696969696,0.95793991416309,0.9572338489535942,0.9774436090225564,0.9535123966942148,0.984375,0.9200766086578368,1118,1163
pareto_mean,sub-02_FDSI_triangular-ramp40s_snr30dB,sub-02,triangular-ramp40s,30,6,32,1.0,0.9923245614035088,0.991879350348028,1.0,0.990801576872536,1.0,0.9676553606987,905,912
pareto_mean,sub-02_FDSI_triangular-ramp40s_snr30dB,sub-02,triangular-ramp40s,30,7,25,1.0,0.9872665534804754,0.9865229110512128,0.9924242424242424,0.9857433808553973,1.0,0.9564984440803528,1163,1178
pareto_mean,sub-02_FDSI_triangular-ramp40s_snr30dB,sub-02,triangular-ramp40s,30,8,22,1.0,0.9724409448818898,0.9708090075062552,0.9859154929577464,0.9687795648060548,1.0,0.9477280974388124,1235,1270
pareto_mean,sub-02_FDSI_triangular-ramp40s_snr30dB,sub-02,triangular-ramp40s,30,9,27,1.0,0.9910071942446044,0.9904852521408184,0.992063492063492,0.9902597402597404,1.0,0.9610769152641296,1102,1112
pareto_mean,sub-02_FDSI_triangular-ramp40s_snr30dB,sub-02,triangular-ramp40s,30,10,28,1.0,0.9613970588235294,0.9591041869522884,0.9919354838709676,0.9546460176991152,1.0,0.9237598776817322,1051,1083
pareto_mean,sub-02_FDSI_triangular-ramp40s_snr30dB,sub-02,triangular-ramp40s,30,11,29,0.9824561403508772,0.97790585975024,0.9776422764227642,0.956140350877193,0.9804147465437788,0.9830508474576272,0.9456638097763062,1019,1040
pareto_mean,sub-02_FDSI_triangular-ramp40s_snr30dB,sub-02,triangular-ramp40s,30,12,23,1.0,0.9634630659253376,0.961376994122586,0.9855072463768116,0.9590865842055184,0.9857142857142858,0.9358047842979432,1213,1259
pareto_mean,sub-02_FDSI_triangular-ramp40s_snr30dB,sub-02,triangular-ramp40s,30,13,31,0.9807692307692308,0.943157894736842,0.9409799554565702,0.9223300970873788,0.9420654911838792,1.0,0.9416460990905762,897,949
pareto_mean,sub-02_FDSI_triangular-ramp40s_snr30dB,sub-02,triangular-ramp40s,30,14,14,0.95,0.9443284620737648,0.943994104642594,0.9444444444444444,0.942211055276382,0.9753086419753086,0.9344852566719056,1364,1430
pareto_mean,sub-02_FDSI_triangular-ramp40s_snr30dB,sub-02,triangular-ramp40s,30,15,19,0.9863013698630136,0.8225923244026068,0.8134556574923547,0.9863945578231292,0.7913793103448276,0.9864864864864864,0.8455720543861389,1183,1334
pareto_mean,sub-02_FDSI_triangular-ramp40s_snr30dB,sub-02,triangular-ramp40s,30,16,16,0.987012987012987,0.9928977272727272,0.9917417417417418,0.9803921568627452,0.9940577249575552,1.0,0.9514955282211304,1398,1408
pareto_mean,sub-02_FDSI_triangular-ramp40s_snr25dB,sub-02,triangular-ramp40s,25,0,20,1.0,0.9841867469879518,0.9832669322709164,0.9931506849315068,0.981981981981982,0.9726027397260274,0.9459514617919922,1307,1328
pareto_mean,sub-02_FDSI_triangular-ramp40s_snr25dB,sub-02,triangular-ramp40s,25,1,21,1.0,0.9953881629515756,0.9951179820992676,0.9861111111111112,0.9954001839926404,0.9859154929577464,0.974260151386261,1295,1301
pareto_mean,sub-02_FDSI_triangular-ramp40s_snr25dB,sub-02,triangular-ramp40s,25,2,24,1.0,0.9878345498783456,0.9871023215821152,1.0,0.9853801169590644,1.0,0.9606512784957886,1218,1233
pareto_mean,sub-02_FDSI_triangular-ramp40s_snr25dB,sub-02,triangular-ramp40s,25,3,26,0.9242424242424242,0.2327113062568606,0.2067198177676537,0.9402985074626866,0.1867431485022307,0.0973451327433628,0.8274153470993042,1083,1163
pareto_mean,sub-02_FDSI_triangular-ramp40s_snr25dB,sub-02,triangular-ramp40s,25,4,25,0.9846153846153848,0.9601018675721562,0.958670260557053,0.9772727272727272,0.9572301425661914,0.96875,0.9406545162200928,1131,1178
pareto_mean,sub-02_FDSI_triangular-ramp40s_snr25dB,sub-02,triangular-ramp40s,25,5,27,1.0,0.9856115107913668,0.9847764034253093,0.992063492063492,0.9837662337662336,1.0,0.9537033438682556,1096,1112
pareto_mean,sub-02_FDSI_triangular-ramp40s_snr25dB,sub-02,triangular-ramp40s,25,6,30,1.0,0.992992992992993,0.9925847457627118,1.0,0.9915966386554622,1.0,0.9753069877624512,992,999
pareto_mean,sub-02_FDSI_triangular-ramp40s_snr25dB,sub-02,triangular-ramp40s,25,7,32,0.94,0.9769736842105264,0.9791183294663574,0.93,0.9842312746386334,0.9607843137254902,0.953967034816742,891,912
pareto_mean,sub-02_FDSI_triangular-ramp40s_snr25dB,sub-02,triangular-ramp40s,25,8,19,0.9315068493150684,0.149561629706034,0.1189710610932476,0.9659863945578232,0.0872683801554094,0.0521739130434782,0.801726222038269,895,1334
pareto_mean,sub-02_FDSI_triangular-ramp40s_snr25dB,sub-02,triangular-ramp40s,25,9,28,0.9508196721311476,0.231858407079646,0.2050183598531211,0.9516129032258064,0.1872427983539094,0.0454545454545454,0.8542082905769348,1005,1083
pareto_mean,sub-02_FDSI_triangular-ramp40s_snr25dB,sub-02,triangular-ramp40s,25,10,22,0.9154929577464788,0.2864130434782608,0.2611644997173544,0.908450704225352,0.2507936507936508,0.05,0.8301733732223511,1097,1270
pareto_mean,sub-02_FDSI_triangular-ramp40s_snr25dB,sub-02,triangular-ramp40s,25,11,33,1.0,0.9705535924617196,0.9688279301745636,0.968421052631579,0.9702970297029704,0.9787234042553192,0.9306930899620056,824,849
pareto_mean,sub-02_FDSI_triangular-ramp40s_snr20dB,sub-02,triangular-ramp40s,20,0,21,1.0,0.9907763259031516,0.9902359641985354,0.9861111111111112,0.9898804047838088,0.9859154929577464,0.9647111892700196,1289,1301
pareto_mean,sub-02_FDSI_triangular-ramp40s_snr20dB,sub-02,triangular-ramp40s,20,1,24,0.9857142857142858,0.983779399837794,0.9836629406706792,0.9928057553956836,0.9814814814814816,1.0,0.9514490962028505,1213,1233
pareto_mean,sub-02_FDSI_triangular-ramp40s_snr20dB,sub-02,triangular-ramp40s,20,2,30,1.0,0.98998998998999,0.989406779661017,1.0,0.9879951980792316,1.0,0.9665496945381165,989,999
pareto_mean,sub-02_FDSI_triangular-ramp40s_snr20dB,sub-02,triangular-ramp40s,20,3,27,0.9508196721311476,0.908355795148248,0.905893536121673,0.9603174603174603,0.8962162162162162,0.9838709677419356,0.915096879005432,1012,1112
pareto_mean,sub-02_FDSI_triangular-ramp40s_snr20dB,sub-02,triangular-ramp40s,20,4,33,0.9361702127659576,0.8090277777777778,0.8017135862913096,0.9263157894736842,0.7811634349030471,1.0,0.8611299395561218,714,849
pareto_mean,sub-02_FDSI_triangular-ramp40s_snr15dB,sub-02,triangular-ramp40s,15,0,24,0.9571428571428572,0.3317683881064163,0.3080671358960477,0.9712230215827338,0.299575500303214,0.0542635658914728,0.9126521944999696,1320,1233
pareto_mean,sub-02_FDSI_triangular-ramp40s_snr15dB,sub-02,triangular-ramp40s,15,1,30,1.0,0.974974974974975,0.9735169491525424,0.990990990990991,0.971188475390156,1.0,0.9441596269607544,974,999
pareto_mean,sub-02_FDSI_triangular-ramp20s_snr30dB,sub-02,triangular-ramp20s,30,0,24,1.0,0.9950738916256158,0.9947916666666666,0.9925373134328358,0.994088669950739,0.9857142857142858,0.979438543319702,1212,1218
pareto_mean,sub-02_FDSI_triangular-ramp20s_snr30dB,sub-02,triangular-ramp20s,30,1,33,1.0,0.980140186915888,0.9789864029666254,1.0,0.9775596072931276,0.9787234042553192,0.9554235935211182,839,856
pareto_mean,sub-02_FDSI_triangular-ramp20s_snr30dB,sub-02,triangular-ramp20s,30,2,19,1.0,0.1385151968111609,0.1027503892060197,1.0,0.069700460829493,0.0517241379310344,0.8490642309188843,931,1354
pareto_mean,sub-02_FDSI_triangular-ramp20s_snr30dB,sub-02,triangular-ramp20s,30,3,25,1.0,0.990725126475548,0.9901785714285716,1.0,0.9888776541961576,1.0,0.9568997621536256,1175,1186
pareto_mean,sub-02_FDSI_triangular-ramp20s_snr30dB,sub-02,triangular-ramp20s,30,4,30,1.0,0.9063414634146342,0.9010309278350516,0.991150442477876,0.8881118881118881,0.9818181818181818,0.8513940572738647,950,1004
pareto_mean,sub-02_FDSI_triangular-ramp20s_snr30dB,sub-02,triangular-ramp20s,30,5,22,1.0,0.1064237775647171,0.0744786494538232,0.9647887323943662,0.0461285008237232,0.0689655172413793,0.9176433682441713,1042,1266
pareto_mean,sub-02_FDSI_triangular-ramp20s_snr30dB,sub-02,triangular-ramp20s,30,6,23,0.9571428571428572,0.9279423538831064,0.926208651399491,0.9424460431654677,0.9242569511025888,0.9552238805970148,0.9208996295928956,1162,1246
pareto_mean,sub-02_FDSI_triangular-ramp20s_snr30dB,sub-02,triangular-ramp20s,30,7,21,1.0,0.9961449498843484,0.9959183673469388,0.9931506849315068,0.9962894248608536,1.0,0.9616685509681702,1292,1297
pareto_mean,sub-02_FDSI_triangular-ramp20s_snr30dB,sub-02,triangular-ramp20s,30,8,29,1.0,0.665380906460945,0.6462793068297655,0.9912280701754386,0.6043829296424452,0.9464285714285714,0.893913984298706,698,1029
pareto_mean,sub-02_FDSI_triangular-ramp20s_snr30dB,sub-02,triangular-ramp20s,30,9,27,1.0,0.9203222918531782,0.9157994323557236,0.9754098360655736,0.9123931623931624,0.9322033898305084,0.9195274710655212,1029,1116
pareto_mean,sub-02_FDSI_triangular-ramp20s_snr30dB,sub-02,triangular-ramp20s,30,10,16,1.0,0.9800853485064012,0.9789315274642588,0.9937106918238994,0.9794520547945206,0.9620253164556962,0.941804826259613,1379,1405
pareto_mean,sub-02_FDSI_triangular-ramp20s_snr30dB,sub-02,triangular-ramp20s,30,11,26,0.9846153846153848,0.3342053629823414,0.305327868852459,0.9765625,0.3036978756884343,1.0,0.8506540656089783,886,1154
pareto_mean,sub-02_FDSI_triangular-ramp20s_snr30dB,sub-02,triangular-ramp20s,30,12,14,0.9642857142857144,0.9328813559322032,0.9309849029475198,0.9695121951219512,0.926076360682372,0.9625,0.9243938326835632,1407,1444
pareto_mean,sub-02_FDSI_triangular-ramp20s_snr30dB,sub-02,triangular-ramp20s,30,13,20,1.0,0.9864763335837716,0.9856801909307876,0.9933333333333332,0.983754512635379,0.9864864864864864,0.941004753112793,1313,1331
pareto_mean,sub-02_FDSI_triangular-ramp20s_snr30dB,sub-02,triangular-ramp20s,30,14,31,0.9636363636363636,0.8876518218623481,0.8811563169164882,0.9626168224299064,0.871825876662636,0.9814814814814816,0.9128956198692322,904,961
pareto_mean,sub-02_FDSI_triangular-ramp20s_snr30dB,sub-02,triangular-ramp20s,30,15,28,1.0,0.953660797034291,0.9509803921568628,0.9916666666666668,0.9476614699331848,0.9672131147540984,0.9290142059326172,1029,1079
pareto_mean,sub-02_FDSI_triangular-ramp20s_snr30dB,sub-02,triangular-ramp20s,30,16,32,1.0,0.7644670050761422,0.7521367521367521,0.98,0.7254196642685852,0.9803921568627452,0.8001660108566284,829,909
pareto_mean,sub-02_FDSI_triangular-ramp20s_snr25dB,sub-02,triangular-ramp20s,25,0,24,1.0,0.9942528735632185,0.9939236111111112,0.9925373134328358,0.993103448275862,0.9857142857142858,0.9689652919769288,1211,1218
pareto_mean,sub-02_FDSI_triangular-ramp20s_snr25dB,sub-02,triangular-ramp20s,25,1,19,0.9,0.1083621969322117,0.0757341576506955,0.915032679738562,0.0416666666666666,0.0517241379310344,0.854432225227356,886,1354
pareto_mean,sub-02_FDSI_triangular-ramp20s_snr25dB,sub-02,triangular-ramp20s,25,2,30,1.0,0.9920318725099602,0.9915700737618546,0.991150442477876,0.9916267942583732,1.0,0.958120048046112,996,1004
pareto_mean,sub-02_FDSI_triangular-ramp20s_snr25dB,sub-02,triangular-ramp20s,25,3,33,1.0,0.9778296382730456,0.9765432098765432,1.0,0.9733893557422968,1.0,0.9130569696426392,839,856
pareto_mean,sub-02_FDSI_triangular-ramp20s_snr25dB,sub-02,triangular-ramp20s,25,4,25,1.0,0.9553872053872052,0.9527629233511586,1.0,0.9465186680121088,1.0,0.9158531427383424,1137,1186
pareto_mean,sub-02_FDSI_triangular-ramp20s_snr25dB,sub-02,triangular-ramp20s,25,5,20,1.0,0.9617117117117115,0.9594594594594594,0.9866666666666668,0.9567177637511272,0.9594594594594594,0.9326056241989136,1282,1331
pareto_mean,sub-02_FDSI_triangular-ramp20s_snr25dB,sub-02,triangular-ramp20s,25,6,21,1.0,0.9961449498843484,0.9959183673469388,0.9931506849315068,0.9962894248608536,1.0,0.9563085436820984,1292,1297
pareto_mean,sub-02_FDSI_triangular-ramp20s_snr25dB,sub-02,triangular-ramp20s,25,7,32,0.9387755102040816,0.9834983498349836,0.986046511627907,0.95,0.9868073878627968,1.0,0.9437053799629213,894,909
pareto_mean,sub-02_FDSI_triangular-ramp20s_snr25dB,sub-02,triangular-ramp20s,25,8,27,1.0,0.9551971326164874,0.9526515151515152,1.0,0.946524064171123,1.0,0.9376444816589355,1066,1116
pareto_mean,sub-02_FDSI_triangular-ramp20s_snr25dB,sub-02,triangular-ramp20s,25,9,16,0.9743589743589745,0.9446415897799858,0.94290007513148,0.9625,0.9444444444444444,0.9113924050632912,0.9217886924743652,1335,1405
pareto_mean,sub-02_FDSI_triangular-ramp20s_snr20dB,sub-02,triangular-ramp20s,20,0,24,1.0,0.9852579852579852,0.9844155844155844,0.9925373134328358,0.9823182711198428,0.9857142857142858,0.9485208988189696,1206,1218
pareto_mean,sub-02_FDSI_triangular-ramp20s_snr20dB,sub-02,triangular-ramp20s,20,1,30,1.0,0.9860557768924304,0.9852476290832456,0.9734513274336284,0.986842105263158,1.0,0.9508742690086364,990,1004
pareto_mean,sub-02_FDSI_triangular-ramp20s_snr20dB,sub-02,triangular-ramp20s,20,2,21,1.0,0.9907478797224364,0.990204081632653,1.0,0.9888682745825604,1.0,0.949912965297699,1285,1297
pareto_mean,sub-02_FDSI_triangular-ramp20s_snr20dB,sub-02,triangular-ramp20s,20,3,25,0.9090909090909092,0.8828451882845189,0.8813108945969885,0.9153846153846154,0.876629889669007,0.9117647058823528,0.9012115597724916,1064,1186
pareto_mean,sub-02_FDSI_triangular-ramp20s_snr15dB,sub-02,triangular-ramp20s,15,0,24,1.0,0.3010803193987788,0.2787203102278235,0.9629629629629628,0.271259418729817,0.0514705882352941,0.9026952385902404,1552,1218
pareto_mean,sub-02_FDSI_triangular-ramp20s_snr15dB,sub-02,triangular-ramp20s,15,1,30,1.0,0.9651394422310756,0.9631190727081138,0.9823008849557522,0.9605263157894736,1.0,0.9366499185562134,969,1004
pareto_mean,sub-02_FDSI_triangular-ramp20s_snr15dB,sub-02,triangular-ramp20s,15,2,21,0.9583333333333334,0.9578220858895704,0.9577922077922078,0.9726027397260274,0.9630655586334256,0.8533333333333334,0.937451720237732,1256,1297
pareto_mean,sub-02_FDSI_triangular-ramp10s_snr30dB,sub-02,triangular-ramp10s,30,0,27,1.0,0.9620141342756184,0.9597378277153558,1.0,0.9544973544973544,1.0,0.9385673403739928,1089,1132
pareto_mean,sub-02_FDSI_triangular-ramp10s_snr30dB,sub-02,triangular-ramp10s,30,1,24,1.0,0.9827586206896552,0.9817391304347826,0.9927007299270072,0.9812623274161736,0.9850746268656716,0.9439619183540344,1197,1218
pareto_mean,sub-02_FDSI_triangular-ramp10s_snr30dB,sub-02,triangular-ramp10s,30,2,30,1.0,0.9970267591674926,0.9968520461699896,0.9910714285714286,0.9976218787158144,1.0,0.9464370012283324,1006,1009
pareto_mean,sub-02_FDSI_triangular-ramp10s_snr30dB,sub-02,triangular-ramp10s,30,3,20,1.0,0.9741641337386018,0.9726468222043444,1.0,0.9697802197802198,0.986842105263158,0.9225791692733764,1282,1316
pareto_mean,sub-02_FDSI_triangular-ramp10s_snr30dB,sub-02,triangular-ramp10s,30,4,33,1.0,0.9872093023255814,0.986469864698647,1.0,0.984743411927878,1.0,0.926254153251648,849,860
pareto_mean,sub-02_FDSI_triangular-ramp10s_snr30dB,sub-02,triangular-ramp10s,30,5,26,1.0,0.2846625766871166,0.2549520766773163,0.9846153846153848,0.2405523255813953,0.075,0.8491340279579163,943,1151
pareto_mean,sub-02_FDSI_triangular-ramp10s_snr30dB,sub-02,triangular-ramp10s,30,6,28,1.0,0.0974842767295597,0.0676773145641581,0.975609756097561,0.0390156062424969,0.0526315789473684,0.8983529210090637,1005,1089
pareto_mean,sub-02_FDSI_triangular-ramp10s_snr30dB,sub-02,triangular-ramp10s,30,7,21,1.0,0.9969064191802012,0.996734693877551,0.9856115107913668,0.9953789279112756,0.9864864864864864,0.945415496826172,1289,1293
pareto_mean,sub-02_FDSI_triangular-ramp10s_snr30dB,sub-02,triangular-ramp10s,30,8,32,1.0,0.9746974697469748,0.9732246798603028,0.9801980198019802,0.974934036939314,0.96,0.943208634853363,886,909
pareto_mean,sub-02_FDSI_triangular-ramp10s_snr30dB,sub-02,triangular-ramp10s,30,9,22,1.0,0.1113243761996161,0.0795228628230616,0.979591836734694,0.0474613686534216,0.0495867768595041,0.9001817107200623,1049,1267
pareto_mean,sub-02_FDSI_triangular-ramp10s_snr30dB,sub-02,triangular-ramp10s,30,10,25,1.0,0.9753820033955858,0.9739910313901344,1.0,0.9715736040609138,0.9848484848484848,0.931773841381073,1149,1178
pareto_mean,sub-02_FDSI_triangular-ramp10s_snr30dB,sub-02,triangular-ramp10s,30,11,16,1.0,0.9732770745428974,0.9717472118959108,0.9807692307692308,0.9705882352941176,0.974025974025974,0.9395673274993896,1385,1421
pareto_mean,sub-02_FDSI_triangular-ramp10s_snr30dB,sub-02,triangular-ramp10s,30,12,14,0.9878048780487804,0.1275060144346431,0.0982587064676616,0.9691358024691358,0.073103448275862,0.0671140939597315,0.8999515175819397,1362,1450
pareto_mean,sub-02_FDSI_triangular-ramp10s_snr30dB,sub-02,triangular-ramp10s,30,13,31,0.9803921568627452,0.7306616961789375,0.7181996086105675,0.8648648648648649,0.7039473684210527,0.92,0.8443054556846619,897,960
pareto_mean,sub-02_FDSI_triangular-ramp10s_snr30dB,sub-02,triangular-ramp10s,30,14,8,0.9036144578313252,0.077140549273021,0.0484747179272879,0.6804733727810651,0.0379453956501619,0.0606060606060606,0.8213435411453247,1150,1517
pareto_mean,sub-02_FDSI_triangular-ramp10s_snr30dB,sub-02,triangular-ramp10s,30,15,29,0.9821428571428572,0.6294326241134752,0.6110074626865671,0.9482758620689656,0.5699263932702419,0.9508196721311476,0.8007776737213135,800,1038
pareto_mean,sub-02_FDSI_triangular-ramp10s_snr30dB,sub-02,triangular-ramp10s,30,16,23,0.9552238805970148,0.8430599369085173,0.8368026644462948,0.9416058394160584,0.8239171374764596,0.9420289855072465,0.8855059146881104,1088,1249
pareto_mean,sub-02_FDSI_triangular-ramp10s_snr30dB,sub-02,triangular-ramp10s,30,17,19,0.972972972972973,0.1014139444173573,0.0687910976226606,0.8954248366013072,0.038742279618192,0.043859649122807,0.9140300750732422,914,1345
pareto_mean,sub-02_FDSI_triangular-ramp10s_snr25dB,sub-02,triangular-ramp10s,25,0,27,1.0,0.948943661971831,0.9458955223880596,0.9682539682539684,0.9430979978925184,1.0,0.9068374633789062,1082,1132
pareto_mean,sub-02_FDSI_triangular-ramp10s_snr25dB,sub-02,triangular-ramp10s,25,1,30,1.0,0.9930624380574826,0.9926547743966422,0.9910714285714286,0.9928656361474436,1.0,0.9371630549430848,1002,1009
pareto_mean,sub-02_FDSI_triangular-ramp10s_snr25dB,sub-02,triangular-ramp10s,25,2,24,1.0,0.9729064039408868,0.971304347826087,0.9854014598540146,0.970414201183432,0.9850746268656716,0.9381754994392396,1185,1218
pareto_mean,sub-02_FDSI_triangular-ramp10s_snr25dB,sub-02,triangular-ramp10s,25,3,20,1.0,0.9582066869300911,0.9557522123893806,0.9864864864864864,0.9523809523809524,0.986842105263158,0.9113662242889404,1261,1316
pareto_mean,sub-02_FDSI_triangular-ramp10s_snr25dB,sub-02,triangular-ramp10s,25,4,21,1.0,0.9953596287703016,0.9951020408163266,0.9856115107913668,0.9935304990757856,0.9864864864864864,0.9372825026512146,1287,1293
pareto_mean,sub-02_FDSI_triangular-ramp10s_snr25dB,sub-02,triangular-ramp10s,25,5,32,0.9,0.8289054197662061,0.8249158249158249,0.9029126213592232,0.8083756345177665,1.0,0.8589398860931396,812,909
pareto_mean,sub-02_FDSI_triangular-ramp10s_snr25dB,sub-02,triangular-ramp10s,25,6,33,1.0,0.6626016260162602,0.6456776947705443,0.967741935483871,0.6106508875739645,1.0,0.7603126764297485,776,860
pareto_mean,sub-02_FDSI_triangular-ramp10s_snr25dB,sub-02,triangular-ramp10s,25,7,25,1.0,0.7841483979763912,0.7720391807658059,0.984251968503937,0.7452165156092648,0.9848484848484848,0.8958659768104553,938,1178
pareto_mean,sub-02_FDSI_triangular-ramp10s_snr25dB,sub-02,triangular-ramp10s,25,8,28,0.918032786885246,0.0906266183324702,0.0636363636363636,0.8650793650793651,0.0385299347954949,0.0530973451327433,0.8503701686859131,1017,1089
pareto_mean,sub-02_FDSI_triangular-ramp10s_snr25dB,sub-02,triangular-ramp10s,25,9,19,0.9864864864864864,0.0790766208251473,0.0448521916411824,0.7100591715976331,0.0299194476409666,0.0442477876106194,0.8550443649291992,852,1345
pareto_mean,sub-02_FDSI_triangular-ramp10s_snr25dB,sub-02,triangular-ramp10s,25,10,16,0.9090909090909092,0.926829268292683,0.9278350515463918,0.910828025477707,0.9251247920133112,0.961038961038961,0.9112659692764282,1344,1421
pareto_mean,sub-02_FDSI_triangular-ramp10s_snr20dB,sub-02,triangular-ramp10s,20,0,30,1.0,0.9890981169474728,0.9884575026232948,1.0,0.9881093935790726,0.9821428571428572,0.9187090396881104,998,1009
pareto_mean,sub-02_FDSI_triangular-ramp10s_snr20dB,sub-02,triangular-ramp10s,20,1,27,1.0,0.8377192982456141,0.8280669144981413,0.9603174603174603,0.8142707240293809,0.9508196721311476,0.8813864588737488,963,1132
pareto_mean,sub-02_FDSI_triangular-ramp10s_snr20dB,sub-02,triangular-ramp10s,20,2,20,0.9452054794520548,0.8717948717948718,0.8675179569034318,0.918918918918919,0.8611615245009074,0.9342105263157896,0.8708513975143433,1166,1316
pareto_mean,sub-02_FDSI_triangular-ramp10s_snr20dB,sub-02,triangular-ramp10s,20,3,24,1.0,0.8889728096676737,0.8829617834394905,0.9855072463768116,0.870420017873101,1.0,0.90190589427948,1283,1218
pareto_mean,sub-02_FDSI_triangular-ramp10s_snr20dB,sub-02,triangular-ramp10s,20,4,21,1.0,0.9752513534416086,0.9738775510204082,0.9712230215827338,0.973172987974098,0.9864864864864864,0.9275543689727784,1261,1293
pareto_mean,sub-02_FDSI_triangular-ramp10s_snr20dB,sub-02,triangular-ramp10s,20,5,32,0.9019607843137256,0.910480349344978,0.9109826589595376,0.8942307692307693,0.9172141918528252,0.8431372549019608,0.8880229592323303,841,909
pareto_mean,sub-02_FDSI_triangular-ramp10s_snr15dB,sub-02,triangular-ramp10s,15,0,21,0.9852941176470588,0.9770817417876242,0.9766317485898468,0.9784172661870504,0.9753649635036497,0.9473684210526316,0.9259955883026124,1295,1293
pareto_mean,sub-02_FDSI_triangular-ramp10s_snr15dB,sub-02,triangular-ramp10s,15,1,24,1.0,0.6191575302942873,0.6036036036036037,0.8874172185430463,0.5755775577557756,1.0,0.8653868436813354,1588,1218
pareto_mean,sub-02_FDSI_triangular-ramp10s_snr15dB,sub-02,triangular-ramp10s,15,2,30,0.9821428571428572,0.859344894026975,0.8523421588594705,0.9285714285714286,0.8459770114942529,0.9285714285714286,0.8228628635406494,921,1009
pareto_mean,sub-02_FDSI_triangular-ramp5s_snr30dB,sub-02,triangular-ramp5s,30,0,24,0.9850746268656716,0.9854014598540146,0.983718937446444,0.95,0.9902534113060428,0.9850746268656716,0.9660386443138124,1221,1227
pareto_mean,sub-02_FDSI_triangular-ramp5s_snr30dB,sub-02,triangular-ramp5s,30,1,22,1.0,0.0769593956562795,0.044477028347996,0.559322033898305,0.0415282392026578,0.0782608695652174,0.9457573890686036,1014,1267
pareto_mean,sub-02_FDSI_triangular-ramp5s_snr30dB,sub-02,triangular-ramp5s,30,2,33,0.979591836734694,0.8946135831381733,0.8894409937888199,0.9387755102040816,0.9437412095639944,0.0222222222222222,0.9069786667823792,767,851
pareto_mean,sub-02_FDSI_triangular-ramp5s_snr30dB,sub-02,triangular-ramp5s,30,3,21,1.0,0.9953703703703703,0.9950940310711366,1.0,0.9953703703703703,0.9859154929577464,0.9209980368614196,1290,1296
pareto_mean,sub-02_FDSI_triangular-ramp5s_snr30dB,sub-02,triangular-ramp5s,30,4,32,1.0,0.980110497237569,0.9789473684210528,0.98,0.9867724867724867,0.8775510204081632,0.9212138652801514,887,905
pareto_mean,sub-02_FDSI_triangular-ramp5s_snr30dB,sub-02,triangular-ramp5s,30,5,30,1.0,0.992992992992993,0.9925847457627118,0.9910714285714286,0.9927884615384616,1.0,0.9069640040397644,992,999
pareto_mean,sub-02_FDSI_triangular-ramp5s_snr30dB,sub-02,triangular-ramp5s,30,6,28,1.0,0.8630377524143986,0.8556891766882516,0.8059701492537313,0.8625792811839323,1.0,0.873129665851593,1036,1086
pareto_mean,sub-02_FDSI_triangular-ramp5s_snr30dB,sub-02,triangular-ramp5s,30,7,27,1.0,0.9447415329768272,0.9416745061147695,0.8666666666666667,0.951063829787234,1.0,0.874768853187561,1064,1118
pareto_mean,sub-02_FDSI_triangular-ramp5s_snr30dB,sub-02,triangular-ramp5s,30,8,26,1.0,0.2014885699096225,0.1729074889867841,0.6814814814814815,0.172644376899696,0.0505050505050505,0.8175833821296692,1105,1155
pareto_mean,sub-02_FDSI_triangular-ramp5s_snr30dB,sub-02,triangular-ramp5s,30,9,19,0.9444444444444444,0.065228826933193,0.0306178239475123,0.5644171779141104,0.0319348778960551,0.0517241379310344,0.8412217497825623,688,1337
pareto_mean,sub-02_FDSI_triangular-ramp5s_snr30dB,sub-02,triangular-ramp5s,30,10,29,1.0,0.5380914194065758,0.5155592935239697,0.6122448979591837,0.5086872586872587,0.84375,0.7311840057373047,873,1045
pareto_mean,sub-02_FDSI_triangular-ramp5s_snr30dB,sub-02,triangular-ramp5s,30,11,15,0.9487179487179488,0.6897233201581028,0.6756944444444445,0.6942675159235668,0.6838407494145199,0.775,0.7843619585037231,1143,1422
pareto_mean,sub-02_FDSI_triangular-ramp5s_snr30dB,sub-02,triangular-ramp5s,30,12,25,1.0,0.793469387755102,0.7817083692838654,0.8260869565217391,0.7757100881488737,1.0,0.8377037644386292,1011,1186
pareto_mean,sub-02_FDSI_triangular-ramp5s_snr30dB,sub-02,triangular-ramp5s,30,13,20,1.0,0.9303892215568862,0.9261904761904762,0.94,0.926126126126126,0.9736842105263158,0.9080936312675476,1246,1333
pareto_mean,sub-02_FDSI_triangular-ramp5s_snr30dB,sub-02,triangular-ramp5s,30,14,16,1.0,0.9671663097787296,0.9651778955336866,0.981012658227848,0.961472602739726,0.974025974025974,0.9209716320037842,1356,1400
pareto_mean,sub-02_FDSI_triangular-ramp5s_snr30dB,sub-02,triangular-ramp5s,30,15,23,0.9,0.7346007604562738,0.7253012048192771,0.7866666666666666,0.7362637362637363,0.6027397260273972,0.8459752202033997,1033,1248
pareto_mean,sub-02_FDSI_triangular-ramp5s_snr30dB,sub-02,triangular-ramp5s,30,16,31,0.9818181818181818,0.305858310626703,0.2795470629865534,0.5983606557377049,0.2517374517374517,0.9803921568627452,0.8540739417076111,972,945
pareto_mean,sub-02_FDSI_triangular-ramp5s_snr30dB,sub-02,triangular-ramp5s,30,17,9,0.9156626506024096,0.0742157612853863,0.0466218885815883,0.5480769230769231,0.0429146177916852,0.0699300699300699,0.9190694093704224,1297,1511
pareto_mean,sub-02_FDSI_triangular-ramp5s_snr30dB,sub-02,triangular-ramp5s,30,18,14,0.9487179487179488,0.1471074380165289,0.1204099060631938,0.7098765432098766,0.1146527117031398,0.0612244897959183,0.8707883954048157,1326,1450
pareto_mean,sub-02_FDSI_triangular-ramp5s_snr25dB,sub-02,triangular-ramp5s,25,0,25,1.0,0.8571428571428571,0.8489583333333334,0.8194444444444444,0.8561507936507936,0.9545454545454546,0.8505856990814209,1076,1186
pareto_mean,sub-02_FDSI_triangular-ramp5s_snr25dB,sub-02,triangular-ramp5s,25,1,24,0.9850746268656716,0.9314857582755968,0.927007299270073,0.9097222222222222,0.9310661764705882,0.9850746268656716,0.9314334392547609,1282,1227
pareto_mean,sub-02_FDSI_triangular-ramp5s_snr25dB,sub-02,triangular-ramp5s,25,2,21,1.0,0.9891975308641976,0.9885527391659852,0.993103448275862,0.9888888888888888,0.9859154929577464,0.907370924949646,1282,1296
pareto_mean,sub-02_FDSI_triangular-ramp5s_snr25dB,sub-02,triangular-ramp5s,25,3,33,0.979591836734694,0.5556701030927835,0.5331161780673181,0.6633663366336634,0.566747572815534,0.1111111111111111,0.7110199332237244,658,851
pareto_mean,sub-02_FDSI_triangular-ramp5s_snr25dB,sub-02,triangular-ramp5s,25,4,32,0.98,0.952486187845304,0.950877192982456,0.93,0.9523809523809524,1.0,0.9051036238670348,862,905
pareto_mean,sub-02_FDSI_triangular-ramp5s_snr25dB,sub-02,triangular-ramp5s,25,5,28,0.9310344827586208,0.0906449738524114,0.0613349368610944,0.5735294117647058,0.0508021390374331,0.034090909090909,0.8544655442237854,791,1086
pareto_mean,sub-02_FDSI_triangular-ramp5s_snr25dB,sub-02,triangular-ramp5s,25,6,30,1.0,0.983983983983984,0.9830508474576272,0.9464285714285714,0.9879807692307692,1.0,0.9042268395423888,983,999
pareto_mean,sub-02_FDSI_triangular-ramp5s_snr25dB,sub-02,triangular-ramp5s,25,7,27,1.0,0.8937664618086041,0.887962962962963,0.7923076923076923,0.9017951425554382,0.9838709677419356,0.840567946434021,1039,1118
pareto_mean,sub-02_FDSI_triangular-ramp5s_snr25dB,sub-02,triangular-ramp5s,25,8,29,0.9310344827586208,0.1495702005730659,0.1227030231179608,0.6060606060606061,0.1199469847581179,0.04,0.7416735887527466,961,1045
pareto_mean,sub-02_FDSI_triangular-ramp5s_snr25dB,sub-02,triangular-ramp5s,25,9,20,1.0,0.9341810022438296,0.930214115781126,0.9006622516556292,0.936036036036036,0.9736842105263158,0.8602956533432007,1253,1333
pareto_mean,sub-02_FDSI_triangular-ramp5s_snr25dB,sub-02,triangular-ramp5s,25,10,26,0.9384615384615383,0.3364761343547436,0.3125,0.5423728813559322,0.2858126721763085,0.8823529411764706,0.7943669557571411,1113,1155
pareto_mean,sub-02_FDSI_triangular-ramp5s_snr20dB,sub-02,triangular-ramp5s,20,0,24,0.9850746268656716,0.7854741089441829,0.7748064743138635,0.7682926829268293,0.7770700636942676,0.9850746268656716,0.8903972506523132,1428,1227
pareto_mean,sub-02_FDSI_triangular-ramp5s_snr20dB,sub-02,triangular-ramp5s,20,1,21,1.0,0.97847809377402,0.977198697068404,0.9655172413793104,0.9824561403508772,0.9452054794520548,0.8912703990936279,1278,1296
pareto_mean,sub-02_FDSI_triangular-ramp5s_snr20dB,sub-02,triangular-ramp5s,20,2,30,1.0,0.977,0.9756613756613756,0.9553571428571428,0.978391356542617,1.0,0.8935376405715942,978,999
pareto_mean,sub-02_FDSI_triangular-ramp5s_snr20dB,sub-02,triangular-ramp5s,20,3,27,0.9830508474576272,0.786784140969163,0.7760223048327137,0.7786885245901639,0.7770767613038907,0.9516129032258064,0.8408631086349487,910,1118
pareto_mean,sub-02_FDSI_triangular-ramp5s_snr20dB,sub-02,triangular-ramp5s,20,4,20,0.9473684210526316,0.8301470588235295,0.823208722741433,0.7371794871794872,0.8342198581560284,0.9605263157894736,0.8353859782218933,1156,1333
pareto_mean,sub-02_FDSI_triangular-ramp5s_snr15dB,sub-02,triangular-ramp5s,15,0,24,0.9848484848484848,0.1817387505460899,0.1578947368421052,0.6896551724137931,0.1453077699293642,0.0601503759398496,0.878424346446991,1478,1227
pareto_mean,sub-02_FDSI_triangular-ramp5s_snr15dB,sub-02,triangular-ramp5s,15,1,21,0.972972972972973,0.9241172051089408,0.9212410501193318,0.958904109589041,0.9172661870503596,0.958904109589041,0.8685174584388733,1265,1296
pareto_mean,sub-02_FDSI_triangular-ramp5s_snr15dB,sub-02,triangular-ramp5s,15,2,30,0.9818181818181818,0.8794820717131474,0.8735511064278187,0.8495575221238938,0.8767942583732058,0.9818181818181818,0.8613532185554504,888,999
pareto_mean,sub-03_FDSI_staircase_snr30dB,sub-03,staircase,30,0,48,1.0,0.9878695981804396,0.9873717442778216,,,,0.9579932689666748,1303,1319
pareto_mean,sub-03_FDSI_staircase_snr30dB,sub-03,staircase,30,1,49,1.0,0.9960906958561376,0.9959316517493898,,,,0.9751917123794556,1274,1279
pareto_mean,sub-03_FDSI_staircase_snr30dB,sub-03,staircase,30,2,51,1.0,0.9949281487743026,0.9947183098591548,,,,0.9800102114677428,1177,1183
pareto_mean,sub-03_FDSI_staircase_snr30dB,sub-03,staircase,30,3,46,1.0,0.9949676491732566,0.994760479041916,,,,0.9702696204185486,1384,1391
pareto_mean,sub-03_FDSI_staircase_snr30dB,sub-03,staircase,30,4,40,1.0,0.9950586781964176,0.9948453608247424,,,,0.9888299107551576,1611,1619
pareto_mean,sub-03_FDSI_staircase_snr30dB,sub-03,staircase,30,5,52,1.0,0.9929577464788732,0.992653810835629,,,,0.9768607020378112,1128,1136
pareto_mean,sub-03_FDSI_staircase_snr30dB,sub-03,staircase,30,6,44,1.0,0.9952380952380953,0.9950389794472004,,,,0.9768627882003784,1463,1470
pareto_mean,sub-03_FDSI_staircase_snr30dB,sub-03,staircase,30,7,50,1.0,0.9722448979591836,0.9711129991503824,,,,0.9409208297729492,1191,1225
pareto_mean,sub-03_FDSI_staircase_snr30dB,sub-03,staircase,30,8,45,0.9636363636363636,0.1308739569609134,0.1102610261026102,,,,0.883033275604248,1130,1445
pareto_mean,sub-03_FDSI_staircase_snr30dB,sub-03,staircase,30,9,47,1.0,0.9098966026587888,0.9062259800153728,,,,0.8984007239341736,1238,1348
pareto_mean,sub-03_FDSI_staircase_snr30dB,sub-03,staircase,30,10,35,0.9295774647887324,0.9779661016949152,0.9799882283696292,,,,0.9518601894378662,1731,1770
pareto_mean,sub-03_FDSI_staircase_snr25dB,sub-03,staircase,25,0,51,1.0,0.99323753169907,0.9929577464788732,,,,0.9669216871261596,1175,1183
pareto_mean,sub-03_FDSI_staircase_snr25dB,sub-03,staircase,25,1,46,1.0,0.99352983465133,0.9932634730538922,,,,0.9507138133049012,1382,1391
pareto_mean,sub-03_FDSI_staircase_snr25dB,sub-03,staircase,25,2,52,1.0,0.9911971830985916,0.9908172635445364,,,,0.9674416184425354,1126,1136
pareto_mean,sub-03_FDSI_staircase_snr25dB,sub-03,staircase,25,3,40,1.0,0.9969116738727608,0.996778350515464,,,,0.9860108494758606,1614,1619
pareto_mean,sub-03_FDSI_staircase_snr25dB,sub-03,staircase,25,4,44,1.0,0.9938775510204082,0.9936215450035436,,,,0.9670535922050476,1461,1470
pareto_mean,sub-03_FDSI_staircase_snr25dB,sub-03,staircase,25,5,48,1.0,0.9757391963608796,0.9747434885556432,,,,0.9479040503501892,1287,1319
pareto_mean,sub-03_FDSI_staircase_snr25dB,sub-03,staircase,25,6,45,0.9090909090909092,0.121866897147796,0.1027003098716246,,,,0.8075270056724548,1151,1445
pareto_mean,sub-03_FDSI_staircase_snr25dB,sub-03,staircase,25,7,49,1.0,0.9945269741985928,0.9943043124491456,,,,0.9639105200767516,1272,1279
pareto_mean,sub-03_FDSI_staircase_snr20dB,sub-03,staircase,20,0,44,1.0,0.9727891156462584,0.9716513111268604,,,,0.9422661662101746,1430,1470
pareto_mean,sub-03_FDSI_staircase_snr20dB,sub-03,staircase,20,1,46,1.0,0.975574712643678,0.974569932685116,,,,0.9266314506530762,1359,1391
pareto_mean,sub-03_FDSI_staircase_snr20dB,sub-03,staircase,20,2,40,1.0,0.9956763434218654,0.9954896907216496,,,,0.9812763333320618,1612,1619
pareto_mean,sub-03_FDSI_staircase_snr20dB,sub-03,staircase,20,3,49,0.96,0.908672294704528,0.9066241021548284,,,,0.871137261390686,1208,1279
pareto_mean,sub-03_FDSI_staircase_snr20dB,sub-03,staircase,20,4,51,1.0,0.9864750633981404,0.9859154929577464,,,,0.9540354013442992,1167,1183
pareto_mean,sub-03_FDSI_staircase_snr20dB,sub-03,staircase,20,5,52,1.0,0.9824098504837292,0.981651376146789,,,,0.9322412610054016,1118,1136
pareto_mean,sub-03_FDSI_staircase_snr20dB,sub-03,staircase,20,6,48,0.9230769230769232,0.968181818181818,0.9700315457413248,,,,0.928455650806427,1279,1319
pareto_mean,sub-03_FDSI_staircase_snr15dB,sub-03,staircase,15,0,40,1.0,0.9950586781964176,0.9948453608247424,,,,0.9752328991889954,1611,1619
pareto_mean,sub-03_FDSI_staircase_snr15dB,sub-03,staircase,15,1,44,0.9322033898305084,0.9163834126444595,0.9157223796033994,,,,0.9112424850463868,1349,1470
pareto_mean,sub-03_FDSI_staircase_snr15dB,sub-03,staircase,15,2,52,0.9787234042553192,0.9700704225352113,0.9696969696969696,,,,0.915351152420044,1102,1136
pareto_mean,sub-03_FDSI_triangular-ramp40s_snr30dB,sub-03,triangular-ramp40s,30,0,48,1.0,0.9883843717001056,0.9877232142857144,1.0,0.9860583016476552,1.0,0.9620746374130248,936,947
pareto_mean,sub-03_FDSI_triangular-ramp40s_snr30dB,sub-03,triangular-ramp40s,30,1,46,1.0,0.976,0.9746568109820486,0.9907407407407408,0.972488038277512,1.0,0.9412031173706056,976,1000
pareto_mean,sub-03_FDSI_triangular-ramp40s_snr30dB,sub-03,triangular-ramp40s,30,2,40,1.0,0.9956483899042646,0.9953874538745388,0.9923664122137404,0.992685475444096,0.984126984126984,0.9867262840270996,1144,1149
pareto_mean,sub-03_FDSI_triangular-ramp40s_snr30dB,sub-03,triangular-ramp40s,30,3,52,1.0,0.9987730061349692,0.9986996098829648,1.0,0.9985272459499264,1.0,0.9798128604888916,814,815
pareto_mean,sub-03_FDSI_triangular-ramp40s_snr30dB,sub-03,triangular-ramp40s,30,4,49,1.0,0.995656894679696,0.9954075774971296,1.0,0.9947916666666666,1.0,0.9748056530952454,917,921
pareto_mean,sub-03_FDSI_triangular-ramp40s_snr30dB,sub-03,triangular-ramp40s,30,5,50,1.0,0.9335585585585584,0.929678188319428,0.9895833333333334,0.921832884097035,1.0,0.9235112071037292,830,887
pareto_mean,sub-03_FDSI_triangular-ramp40s_snr30dB,sub-03,triangular-ramp40s,30,6,51,1.0,0.9988317757009346,0.9987623762376238,1.0,1.0,0.9782608695652174,0.9789180159568788,855,856
pareto_mean,sub-03_FDSI_triangular-ramp40s_snr30dB,sub-03,triangular-ramp40s,30,7,35,0.9859154929577464,0.9726688102893892,0.9718670076726342,0.9714285714285714,0.9710144927536232,1.0,0.9400139451026917,1210,1244
pareto_mean,sub-03_FDSI_triangular-ramp40s_snr30dB,sub-03,triangular-ramp40s,30,8,45,0.9649122807017544,0.1479902557856272,0.1186119873817034,0.9734513274336284,0.0933333333333333,0.0505050505050505,0.8465993404388428,847,1038
pareto_mean,sub-03_FDSI_triangular-ramp40s_snr30dB,sub-03,triangular-ramp40s,30,9,44,1.0,0.9914933837429112,0.990990990990991,1.0,0.9897843359818388,1.0,0.9717941880226136,1049,1058
pareto_mean,sub-03_FDSI_triangular-ramp40s_snr30dB,sub-03,triangular-ramp40s,30,10,47,0.9245283018867924,0.9383350462487152,0.9391304347826088,0.9363636363636364,0.9369592088998764,0.9629629629629628,0.9348632097244264,914,972
pareto_mean,sub-03_FDSI_triangular-ramp40s_snr30dB,sub-03,triangular-ramp40s,30,11,43,0.9344262295081968,0.1730187537810042,0.1438442211055276,0.9344262295081968,0.1207865168539325,0.07,0.840112566947937,853,1086
pareto_mean,sub-03_FDSI_triangular-ramp40s_snr25dB,sub-03,triangular-ramp40s,25,0,48,1.0,0.9736286919831224,0.9721293199554067,1.0,0.9683544303797468,1.0,0.944896638393402,924,947
pareto_mean,sub-03_FDSI_triangular-ramp40s_snr25dB,sub-03,triangular-ramp40s,25,1,40,1.0,0.9956483899042646,0.9953874538745388,0.9923664122137404,0.992685475444096,0.984126984126984,0.9845269322395324,1144,1149
pareto_mean,sub-03_FDSI_triangular-ramp40s_snr25dB,sub-03,triangular-ramp40s,25,2,52,1.0,0.9987730061349692,0.9986996098829648,1.0,0.9985272459499264,1.0,0.9706326723098756,814,815
pareto_mean,sub-03_FDSI_triangular-ramp40s_snr25dB,sub-03,triangular-ramp40s,25,3,44,0.9833333333333332,0.9886685552407932,0.988988988988989,0.9833333333333332,0.9897843359818388,0.9827586206896552,0.9599363207817078,1048,1058
pareto_mean,sub-03_FDSI_triangular-ramp40s_snr25dB,sub-03,triangular-ramp40s,25,4,46,1.0,0.99,0.989440337909187,1.0,0.9892344497607656,0.9821428571428572,0.951953649520874,990,1000
pareto_mean,sub-03_FDSI_triangular-ramp40s_snr25dB,sub-03,triangular-ramp40s,25,5,49,1.0,0.969598262757872,0.967853042479908,1.0,0.9661458333333334,0.9622641509433962,0.917472004890442,893,921
pareto_mean,sub-03_FDSI_triangular-ramp40s_snr25dB,sub-03,triangular-ramp40s,25,6,51,1.0,0.9824766355140186,0.9814356435643564,1.0,0.9790209790209792,1.0,0.9625425338745116,841,856
pareto_mean,sub-03_FDSI_triangular-ramp40s_snr20dB,sub-03,triangular-ramp40s,20,0,48,1.0,0.3169062286105407,0.2921985815602836,1.0,0.2846832397754611,0.0377358490566037,0.8815504312515259,977,947
pareto_mean,sub-03_FDSI_triangular-ramp40s_snr20dB,sub-03,triangular-ramp40s,20,1,40,1.0,0.9947780678851176,0.9944649446494463,0.9847328244274808,0.992685475444096,0.984126984126984,0.977705717086792,1143,1149
pareto_mean,sub-03_FDSI_triangular-ramp40s_snr20dB,sub-03,triangular-ramp40s,20,2,46,1.0,0.976023976023976,0.9746835443037974,0.9907407407407408,0.973715651135006,0.9821428571428572,0.9288763999938964,978,1000
pareto_mean,sub-03_FDSI_triangular-ramp40s_snr20dB,sub-03,triangular-ramp40s,20,3,49,0.98,0.9372972972972972,0.9348571428571428,0.97,0.9300518134715026,0.981132075471698,0.9105430245399476,871,921
pareto_mean,sub-03_FDSI_triangular-ramp40s_snr20dB,sub-03,triangular-ramp40s,20,4,51,0.9791666666666666,0.983644859813084,0.9839108910891088,0.9894736842105264,0.9846153846153848,0.9565217391304348,0.9578798413276672,842,856
pareto_mean,sub-03_FDSI_triangular-ramp40s_snr20dB,sub-03,triangular-ramp40s,20,5,52,1.0,0.9865030674846624,0.9856957087126138,0.9775280898876404,0.9882179675994108,0.9787234042553192,0.9615685343742372,804,815
pareto_mean,sub-03_FDSI_triangular-ramp40s_snr20dB,sub-03,triangular-ramp40s,20,6,44,1.0,0.9801512287334594,0.978978978978979,0.9915966386554622,0.978433598183882,0.9827586206896552,0.9424247145652772,1037,1058
pareto_mean,sub-03_FDSI_triangular-ramp40s_snr15dB,sub-03,triangular-ramp40s,15,0,40,1.0,0.9956483899042646,0.9953874538745388,0.9923664122137404,0.992685475444096,0.984126984126984,0.9725006222724916,1144,1149
pareto_mean,sub-03_FDSI_triangular-ramp40s_snr15dB,sub-03,triangular-ramp40s,15,1,44,0.9830508474576272,0.927289896128423,0.924,0.9495798319327732,0.9217687074829932,0.9655172413793104,0.9125468134880066,983,1058
pareto_mean,sub-03_FDSI_triangular-ramp40s_snr15dB,sub-03,triangular-ramp40s,15,2,52,0.9565217391304348,0.9257907542579076,0.9239690721649484,0.9662921348314608,0.9169096209912536,0.9787234042553192,0.884824812412262,768,815
pareto_mean,sub-03_FDSI_triangular-ramp40s_snr15dB,sub-03,triangular-ramp40s,15,3,49,0.94,0.9287257019438444,0.928082191780822,0.96,0.9197930142302716,1.0,0.9012661576271056,865,921
pareto_mean,sub-03_FDSI_triangular-ramp40s_snr15dB,sub-03,triangular-ramp40s,15,4,46,0.9433962264150944,0.307742782152231,0.2848402447314752,0.9351851851851852,0.2803379416282642,0.073394495412844,0.8731634020805359,993,1000
pareto_mean,sub-03_FDSI_triangular-ramp20s_snr30dB,sub-03,triangular-ramp20s,30,0,52,1.0,0.9938195302843016,0.9934640522875816,1.0,0.9925925925925926,1.0,0.9766424894332886,804,809
pareto_mean,sub-03_FDSI_triangular-ramp20s_snr30dB,sub-03,triangular-ramp20s,30,1,51,1.0,0.981264637002342,0.9801242236024844,0.96875,0.9873060648801129,0.9183673469387756,0.9497510194778442,838,854
pareto_mean,sub-03_FDSI_triangular-ramp20s_snr30dB,sub-03,triangular-ramp20s,30,2,40,1.0,0.9982683982683984,0.9981684981684982,0.992063492063492,0.9979274611398964,0.9846153846153848,0.9815038442611694,1153,1155
pareto_mean,sub-03_FDSI_triangular-ramp20s_snr30dB,sub-03,triangular-ramp20s,30,3,44,1.0,0.9971936389148736,0.9970267591674926,1.0,0.9977477477477478,0.9836065573770492,0.950813353061676,1066,1069
pareto_mean,sub-03_FDSI_triangular-ramp20s_snr30dB,sub-03,triangular-ramp20s,30,4,46,0.9818181818181818,0.995049504950495,0.9937238493723848,1.0,0.9940476190476192,1.0,0.9581974148750304,1005,1010
pareto_mean,sub-03_FDSI_triangular-ramp20s_snr30dB,sub-03,triangular-ramp20s,30,5,48,1.0,0.9916054564533052,0.9911111111111112,0.9905660377358492,0.9924337957124842,0.9814814814814816,0.9569262266159058,945,953
pareto_mean,sub-03_FDSI_triangular-ramp20s_snr30dB,sub-03,triangular-ramp20s,30,6,49,1.0,0.9771490750816104,0.9758064516129032,1.0,0.9725848563968668,1.0,0.9355734586715698,898,919
pareto_mean,sub-03_FDSI_triangular-ramp20s_snr30dB,sub-03,triangular-ramp20s,30,7,35,0.9852941176470588,0.9672785315243416,0.9662447257383966,0.9485294117647058,0.968481375358166,0.9857142857142858,0.9299176335334778,1212,1253
pareto_mean,sub-03_FDSI_triangular-ramp20s_snr30dB,sub-03,triangular-ramp20s,30,8,45,0.912280701754386,0.09465737514518,0.0666666666666666,0.9026548672566372,0.0371106693174287,0.0606060606060606,0.918619692325592,842,1043
pareto_mean,sub-03_FDSI_triangular-ramp20s_snr30dB,sub-03,triangular-ramp20s,30,9,47,1.0,0.7341888175985335,0.720616570327553,0.9905660377358492,0.7612612612612613,0.2061855670103092,0.864618718624115,918,974
pareto_mean,sub-03_FDSI_triangular-ramp20s_snr30dB,sub-03,triangular-ramp20s,30,10,50,0.9615384615384616,0.937219730941704,0.9334126040428062,0.9191919191919192,0.935483870967742,1.0,0.9194948673248292,840,888
pareto_mean,sub-03_FDSI_triangular-ramp20s_snr25dB,sub-03,triangular-ramp20s,25,0,52,1.0,0.9913473423980222,0.9908496732026144,1.0,0.9896296296296296,1.0,0.9627649784088136,802,809
pareto_mean,sub-03_FDSI_triangular-ramp20s_snr25dB,sub-03,triangular-ramp20s,25,1,49,1.0,0.8119122257053292,0.8013245033112583,1.0,0.7761194029850746,1.0,0.8680105209350586,815,919
pareto_mean,sub-03_FDSI_triangular-ramp20s_snr25dB,sub-03,triangular-ramp20s,25,2,40,1.0,0.9982683982683984,0.9981684981684982,0.992063492063492,0.9979274611398964,0.9846153846153848,0.979008972644806,1153,1155
pareto_mean,sub-03_FDSI_triangular-ramp20s_snr25dB,sub-03,triangular-ramp20s,25,3,46,0.9818181818181818,0.986138613861386,0.9843096234309624,1.0,0.9845238095238096,0.9827586206896552,0.9383068680763244,996,1010
pareto_mean,sub-03_FDSI_triangular-ramp20s_snr25dB,sub-03,triangular-ramp20s,25,4,44,1.0,0.9869036482694108,0.9861248761149654,1.0,0.9876126126126126,0.9508196721311476,0.949609100818634,1055,1069
pareto_mean,sub-03_FDSI_triangular-ramp20s_snr25dB,sub-03,triangular-ramp20s,25,5,51,1.0,0.9941451990632318,0.9937888198757764,1.0,0.994358251057828,0.979591836734694,0.966800570487976,849,854
pareto_mean,sub-03_FDSI_triangular-ramp20s_snr25dB,sub-03,triangular-ramp20s,25,6,48,1.0,0.8586065573770492,0.8504875406283857,0.9905660377358492,0.8345588235294118,0.9629629629629628,0.8960631489753723,861,953
pareto_mean,sub-03_FDSI_triangular-ramp20s_snr25dB,sub-03,triangular-ramp20s,25,7,35,0.9264705882352942,0.8779904306220095,0.8752107925801011,0.9117647058823528,0.8683206106870229,0.9571428571428572,0.9042103886604308,1102,1253
pareto_mean,sub-03_FDSI_triangular-ramp20s_snr20dB,sub-03,triangular-ramp20s,20,0,44,1.0,0.9756782039289056,0.9742319127849356,1.0,0.972972972972973,0.9672131147540984,0.9229627847671508,1043,1069
pareto_mean,sub-03_FDSI_triangular-ramp20s_snr20dB,sub-03,triangular-ramp20s,20,1,40,1.0,0.993939393939394,0.9935897435897436,1.0,0.9927461139896372,0.9692307692307692,0.9734011888504028,1148,1155
pareto_mean,sub-03_FDSI_triangular-ramp20s_snr20dB,sub-03,triangular-ramp20s,20,2,52,1.0,0.9876390605686032,0.9869281045751634,0.9886363636363636,0.988148148148148,0.9782608695652174,0.9523087739944458,799,809
pareto_mean,sub-03_FDSI_triangular-ramp20s_snr20dB,sub-03,triangular-ramp20s,20,3,51,0.979591836734694,0.9824355971896956,0.982608695652174,0.9895833333333334,0.9802538787023978,1.0,0.9506344795227052,839,854
pareto_mean,sub-03_FDSI_triangular-ramp20s_snr20dB,sub-03,triangular-ramp20s,20,4,49,0.9803921568627452,0.7626262626262627,0.7507987220447284,0.9901960784313726,0.7228195937873357,0.9607843137254902,0.8493086099624634,826,919
pareto_mean,sub-03_FDSI_triangular-ramp20s_snr20dB,sub-03,triangular-ramp20s,20,5,48,0.981132075471698,0.3622350674373796,0.3404255319148936,0.981132075471698,0.341044776119403,0.0555555555555555,0.8480313420295715,1168,953
pareto_mean,sub-03_FDSI_triangular-ramp20s_snr20dB,sub-03,triangular-ramp20s,20,6,46,0.9818181818181818,0.9525691699604744,0.9488517745302714,0.9821428571428572,0.9453681710213776,1.0,0.9101368188858032,966,1010
pareto_mean,sub-03_FDSI_triangular-ramp20s_snr15dB,sub-03,triangular-ramp20s,15,0,40,1.0,0.9913419913419912,0.9908424908424908,1.0,0.9896373056994818,0.9692307692307692,0.9662243723869324,1145,1155
pareto_mean,sub-03_FDSI_triangular-ramp20s_snr15dB,sub-03,triangular-ramp20s,15,1,49,0.9607843137254902,0.7669491525423728,0.7558790593505039,0.9705882352941176,0.7281921618204804,0.9607843137254902,0.8774296641349792,749,919
pareto_mean,sub-03_FDSI_triangular-ramp20s_snr15dB,sub-03,triangular-ramp20s,15,2,44,0.95,0.904096834264432,0.90138067061144,0.925,0.896976483762598,0.9672131147540984,0.9038640260696412,976,1069
pareto_mean,sub-03_FDSI_triangular-ramp20s_snr15dB,sub-03,triangular-ramp20s,15,3,52,0.9318181818181818,0.7031602708803611,0.6912114014251781,0.9318181818181818,0.660904255319149,0.9565217391304348,0.8275896310806274,700,809
pareto_mean,sub-03_FDSI_triangular-ramp10s_snr30dB,sub-03,triangular-ramp10s,30,0,44,1.0,0.9877704609595483,0.9870517928286852,1.0,0.986425339366516,0.9833333333333332,0.9052777290344238,1050,1063
pareto_mean,sub-03_FDSI_triangular-ramp10s_snr30dB,sub-03,triangular-ramp10s,30,1,35,1.0,0.9413629160063391,0.9379715004191116,0.9424460431654677,0.9382716049382716,0.9857142857142858,0.8987241983413696,1188,1262
pareto_mean,sub-03_FDSI_triangular-ramp10s_snr30dB,sub-03,triangular-ramp10s,30,2,52,1.0,0.9841849148418492,0.9832904884318766,0.9777777777777776,0.985443959243086,0.9777777777777776,0.9377114772796632,809,822
pareto_mean,sub-03_FDSI_triangular-ramp10s_snr30dB,sub-03,triangular-ramp10s,30,3,50,1.0,0.8969422423556059,0.8907563025210085,0.8979591836734694,0.8915989159891599,0.9787234042553192,0.8791971802711487,795,880
pareto_mean,sub-03_FDSI_triangular-ramp10s_snr30dB,sub-03,triangular-ramp10s,30,4,46,1.0,0.9800598205383848,0.9788806758183738,0.991150442477876,0.9772182254196644,1.0,0.9341070652008056,983,1003
pareto_mean,sub-03_FDSI_triangular-ramp10s_snr30dB,sub-03,triangular-ramp10s,30,5,47,0.9814814814814816,0.5035906642728905,0.4792452830188679,0.9351851851851852,0.5066225165562914,0.0412371134020618,0.8408243656158447,698,977
pareto_mean,sub-03_FDSI_triangular-ramp10s_snr30dB,sub-03,triangular-ramp10s,30,6,48,1.0,0.3699421965317919,0.3453453453453453,0.9813084112149532,0.3367609254498714,0.1272727272727272,0.8814348578453064,937,959
pareto_mean,sub-03_FDSI_triangular-ramp10s_snr30dB,sub-03,triangular-ramp10s,30,7,49,1.0,0.991237677984666,0.9907407407407408,1.0,0.9908136482939632,0.9803921568627452,0.9469951391220092,905,913
pareto_mean,sub-03_FDSI_triangular-ramp10s_snr30dB,sub-03,triangular-ramp10s,30,8,43,0.9166666666666666,0.0941798941798941,0.0672131147540983,0.5734265734265734,0.0547112462006079,0.0588235294117647,0.7476181387901306,976,1092
pareto_mean,sub-03_FDSI_triangular-ramp10s_snr30dB,sub-03,triangular-ramp10s,30,9,51,1.0,0.9907300115874856,0.9902080783353732,0.9893617021276596,0.9875346260387812,1.0,0.9697086811065674,855,863
pareto_mean,sub-03_FDSI_triangular-ramp10s_snr30dB,sub-03,triangular-ramp10s,30,10,40,1.0,0.985178727114211,0.9843317972350232,0.9921875,0.9832635983263598,1.0,0.940473198890686,1130,1147
pareto_mean,sub-03_FDSI_triangular-ramp10s_snr25dB,sub-03,triangular-ramp10s,25,0,51,1.0,0.9872685185185184,0.9865525672371638,0.9787234042553192,0.9875518672199172,0.9583333333333334,0.9540440440177916,854,863
pareto_mean,sub-03_FDSI_triangular-ramp10s_snr25dB,sub-03,triangular-ramp10s,25,1,44,1.0,0.9746001881467544,0.9731075697211156,1.0,0.9694570135746606,1.0,0.8885397911071777,1036,1063
pareto_mean,sub-03_FDSI_triangular-ramp10s_snr25dB,sub-03,triangular-ramp10s,25,2,50,0.9,0.7119205298013245,0.7009345794392523,0.8163265306122449,0.6885676741130092,0.8723404255319149,0.8341958522796631,671,880
pareto_mean,sub-03_FDSI_triangular-ramp10s_snr25dB,sub-03,triangular-ramp10s,25,3,46,1.0,0.9302788844621512,0.9261603375527426,0.9823008849557522,0.918562874251497,1.0,0.9160675406455994,935,1003
pareto_mean,sub-03_FDSI_triangular-ramp10s_snr25dB,sub-03,triangular-ramp10s,25,4,48,1.0,0.1676201372997711,0.1420990566037736,0.9905660377358492,0.1207571801566579,0.0970873786407767,0.8672209978103638,1082,959
pareto_mean,sub-03_FDSI_triangular-ramp10s_snr25dB,sub-03,triangular-ramp10s,25,5,49,1.0,0.949671772428884,0.9468208092485548,1.0,0.9410222804718218,0.9803921568627452,0.9283503293991088,869,913
pareto_mean,sub-03_FDSI_triangular-ramp10s_snr25dB,sub-03,triangular-ramp10s,25,6,52,1.0,0.9951338199513382,0.9948586118251928,1.0,0.9941775836972344,1.0,0.957327127456665,818,822
pareto_mean,sub-03_FDSI_triangular-ramp10s_snr25dB,sub-03,triangular-ramp10s,25,7,40,1.0,0.969485614646905,0.967741935483871,0.9765625,0.9665271966527196,1.0,0.923249363899231,1112,1147
pareto_mean,sub-03_FDSI_triangular-ramp10s_snr20dB,sub-03,triangular-ramp10s,20,0,40,0.984126984126984,0.995640802092415,0.9944700460829492,1.0,0.99581589958159,0.984126984126984,0.9670330286026,1142,1147
pareto_mean,sub-03_FDSI_triangular-ramp10s_snr20dB,sub-03,triangular-ramp10s,20,1,46,1.0,0.140295358649789,0.1141304347826086,0.9734513274336284,0.0929814037192561,0.0636363636363636,0.908663809299469,1159,1003
pareto_mean,sub-03_FDSI_triangular-ramp10s_snr20dB,sub-03,triangular-ramp10s,20,2,49,1.0,0.6162005785920925,0.597165991902834,0.97,0.5575620767494357,0.9411764705882352,0.7674336433410645,763,913
pareto_mean,sub-03_FDSI_triangular-ramp10s_snr20dB,sub-03,triangular-ramp10s,20,3,44,0.9830508474576272,0.9418931583880038,0.939484126984127,0.9831932773109244,0.9368658399098084,0.9344262295081968,0.8823838233947754,1009,1063
pareto_mean,sub-03_FDSI_triangular-ramp10s_snr20dB,sub-03,triangular-ramp10s,20,4,52,0.9772727272727272,0.8727705112960761,0.8670012547051443,0.9444444444444444,0.8528995756718529,1.0,0.8516401052474976,753,822
pareto_mean,sub-03_FDSI_triangular-ramp10s_snr20dB,sub-03,triangular-ramp10s,20,5,51,0.9130434782608696,0.9699074074074074,0.9731051344743276,0.946808510638298,0.975103734439834,0.8958333333333334,0.9410560131072998,839,863
pareto_mean,sub-03_FDSI_triangular-ramp10s_snr20dB,sub-03,triangular-ramp10s,20,6,48,0.9423076923076924,0.0947603121516165,0.0694603903559127,0.8785046728971962,0.046290424857324,0.0970873786407767,0.8648365139961243,1005,959
pareto_mean,sub-03_FDSI_triangular-ramp10s_snr15dB,sub-03,triangular-ramp10s,15,0,40,0.984126984126984,0.995640802092415,0.9944700460829492,1.0,0.99581589958159,0.984126984126984,0.956837832927704,1142,1147
pareto_mean,sub-03_FDSI_triangular-ramp10s_snr15dB,sub-03,triangular-ramp10s,15,1,52,0.9772727272727272,0.7670250896057348,0.755359394703657,0.9444444444444444,0.7303851640513552,0.9361702127659576,0.8733303546905518,657,822
pareto_mean,sub-03_FDSI_triangular-ramp10s_snr15dB,sub-03,triangular-ramp10s,15,2,49,0.9591836734693876,0.6507772020725389,0.6342794759825328,0.89,0.5995085995085995,1.0,0.8599529266357422,680,913
pareto_mean,sub-03_FDSI_triangular-ramp5s_snr30dB,sub-03,triangular-ramp5s,30,0,40,1.0,0.9956784788245462,0.9954212454212454,0.992248062015504,0.995846313603323,1.0,0.9727391600608826,1152,1157
pareto_mean,sub-03_FDSI_triangular-ramp5s_snr30dB,sub-03,triangular-ramp5s,30,1,51,1.0,0.9941520467836256,0.9938271604938272,0.9891304347826086,0.9958100558659218,0.9787234042553192,0.946156084537506,850,855
pareto_mean,sub-03_FDSI_triangular-ramp5s_snr30dB,sub-03,triangular-ramp5s,30,2,46,1.0,0.983983983983984,0.9830687830687832,0.981651376146789,0.9832535885167464,1.0,0.8897307515144348,983,999
pareto_mean,sub-03_FDSI_triangular-ramp5s_snr30dB,sub-03,triangular-ramp5s,30,3,44,1.0,0.9859681945743686,0.9851337958374627,0.9830508474576272,0.9832026875699889,1.0,0.8513590097427368,1054,1069
pareto_mean,sub-03_FDSI_triangular-ramp5s_snr30dB,sub-03,triangular-ramp5s,30,4,52,1.0,0.9963369963369964,0.9961190168175936,1.0,0.9956076134699854,1.0,0.947634756565094,816,819
pareto_mean,sub-03_FDSI_triangular-ramp5s_snr30dB,sub-03,triangular-ramp5s,30,5,48,1.0,0.6463815789473685,0.6305841924398625,0.7711864406779662,0.614354066985646,1.0,0.8421993851661682,1058,944
pareto_mean,sub-03_FDSI_triangular-ramp5s_snr30dB,sub-03,triangular-ramp5s,30,6,47,0.9636363636363636,0.0942942942942943,0.0645962732919254,0.5367647058823529,0.056061667834618,0.0392156862745098,0.8462986350059509,846,976
pareto_mean,sub-03_FDSI_triangular-ramp5s_snr30dB,sub-03,triangular-ramp5s,30,7,49,1.0,0.7441860465116279,0.7305644302449414,0.8,0.7222222222222222,0.9803921568627452,0.822141170501709,813,912
pareto_mean,sub-03_FDSI_triangular-ramp5s_snr30dB,sub-03,triangular-ramp5s,30,8,50,0.9803921568627452,0.74501573976915,0.7317073170731707,0.6916666666666667,0.7452229299363057,0.875,0.8233486413955688,774,889
pareto_mean,sub-03_FDSI_triangular-ramp5s_snr30dB,sub-03,triangular-ramp5s,30,9,35,0.9855072463768116,0.8509119746233148,0.8431208053691275,0.7338129496402878,0.8568720379146919,1.0,0.8569496870040894,1080,1254
pareto_mean,sub-03_FDSI_triangular-ramp5s_snr25dB,sub-03,triangular-ramp5s,25,0,48,1.0,0.3274932614555256,0.303072625698324,0.6722689075630253,0.2727272727272727,0.875,0.8152925968170166,1026,944
pareto_mean,sub-03_FDSI_triangular-ramp5s_snr25dB,sub-03,triangular-ramp5s,25,1,40,1.0,0.9956784788245462,0.9954212454212454,0.992248062015504,0.995846313603323,1.0,0.9682399034500122,1152,1157
pareto_mean,sub-03_FDSI_triangular-ramp5s_snr25dB,sub-03,triangular-ramp5s,25,2,46,1.0,0.9592850049652432,0.95697796432319,0.9724770642201837,0.9549763033175356,1.0,0.8596329689025879,974,999
pareto_mean,sub-03_FDSI_triangular-ramp5s_snr25dB,sub-03,triangular-ramp5s,25,3,44,1.0,0.9496268656716418,0.9466403162055336,0.940677966101695,0.9464285714285714,0.9830508474576272,0.8507455587387085,1021,1069
pareto_mean,sub-03_FDSI_triangular-ramp5s_snr25dB,sub-03,triangular-ramp5s,25,4,51,1.0,0.95906432748538,0.9567901234567902,0.9891304347826086,0.952513966480447,1.0,0.9334244132041932,820,855
pareto_mean,sub-03_FDSI_triangular-ramp5s_snr25dB,sub-03,triangular-ramp5s,25,5,52,1.0,0.978021978021978,0.9767141009055628,0.9565217391304348,0.9795021961932652,1.0,0.923057496547699,801,819
pareto_mean,sub-03_FDSI_triangular-ramp5s_snr25dB,sub-03,triangular-ramp5s,25,6,49,1.0,0.60727969348659,0.5875251509054326,0.6048387096774194,0.5594563986409966,1.0,0.8058610558509827,766,912
pareto_mean,sub-03_FDSI_triangular-ramp5s_snr20dB,sub-03,triangular-ramp5s,20,0,52,1.0,0.9659367396593674,0.963917525773196,0.935483870967742,0.9650145772594751,1.0,0.9123024344444276,797,819
pareto_mean,sub-03_FDSI_triangular-ramp5s_snr20dB,sub-03,triangular-ramp5s,20,1,49,1.0,0.8651211801896733,0.8576195773081201,0.8679245283018868,0.8560606060606061,1.0,0.8473519682884216,858,912
pareto_mean,sub-03_FDSI_triangular-ramp5s_snr20dB,sub-03,triangular-ramp5s,20,2,40,1.0,0.996542783059637,0.9963369963369964,0.9844961240310076,0.9979231568016614,1.0,0.950956642627716,1153,1157
pareto_mean,sub-03_FDSI_triangular-ramp5s_snr20dB,sub-03,triangular-ramp5s,20,3,44,1.0,0.9142590866728798,0.9091806515301086,0.95,0.9016759776536312,1.0,0.8375633358955383,985,1069
pareto_mean,sub-03_FDSI_triangular-ramp5s_snr20dB,sub-03,triangular-ramp5s,20,4,46,1.0,0.8917874396135266,0.8858307849133538,0.9363636363636364,0.8805970149253731,0.9814814814814816,0.827820360660553,959,999
pareto_mean,sub-03_FDSI_triangular-ramp5s_snr20dB,sub-03,triangular-ramp5s,20,5,51,1.0,0.9695906432748538,0.9679012345679012,0.9891304347826086,0.9706703910614524,0.9148936170212766,0.9337831735610962,829,855
pareto_mean,sub-03_FDSI_triangular-ramp5s_snr20dB,sub-03,triangular-ramp5s,20,6,48,0.9433962264150944,0.6798076923076923,0.6656534954407295,0.6851851851851852,0.6810933940774487,0.6481481481481481,0.8078573346138,803,944
pareto_mean,sub-03_FDSI_triangular-ramp5s_snr15dB,sub-03,triangular-ramp5s,15,0,52,0.9782608695652174,0.8628640776699029,0.8560411311053985,0.8260869565217391,0.8646288209606987,0.9111111111111112,0.8797594308853149,716,819
pareto_mean,sub-03_FDSI_triangular-ramp5s_snr15dB,sub-03,triangular-ramp5s,15,1,40,1.0,0.989628349178911,0.989010989010989,0.992248062015504,0.9896157840083074,0.9846153846153848,0.9431570768356324,1145,1157
pareto_mean,sub-03_FDSI_triangular-ramp5s_snr15dB,sub-03,triangular-ramp5s,15,2,51,0.9111111111111112,0.8917345750873108,0.8906633906633906,0.8043478260869565,0.9068150208623088,0.8333333333333334,0.8929081559181213,770,855
pareto_mean,sub-03_FDSI_triangular-ramp5s_snr15dB,sub-03,triangular-ramp5s,15,3,46,0.9074074074074074,0.3284671532846715,0.3069511355815554,0.8256880733944955,0.3145979703356752,0.043859649122807,0.8352065086364746,1003,999
pareto_mean,sub-04_FDSI_staircase_snr30dB,sub-04,staircase,30,0,50,1.0,0.9454545454545454,0.9433534743202416,,,,0.9381834268569946,1352,1323
pareto_mean,sub-04_FDSI_staircase_snr30dB,sub-04,staircase,30,1,44,1.0,0.9895765472312704,0.9891525423728812,,,,0.94827401638031,1519,1535
pareto_mean,sub-04_FDSI_staircase_snr30dB,sub-04,staircase,30,2,54,1.0,0.9630266552020637,0.9614695340501792,,,,0.9409568309783936,1120,1163
pareto_mean,sub-04_FDSI_staircase_snr30dB,sub-04,staircase,30,3,41,1.0,0.9951338199513382,0.9949335022165928,,,,0.9854432344436646,1636,1644
pareto_mean,sub-04_FDSI_staircase_snr30dB,sub-04,staircase,30,4,53,1.0,0.9402985074626866,0.9378238341968912,,,,0.9161741733551024,1138,1202
pareto_mean,sub-04_FDSI_staircase_snr30dB,sub-04,staircase,30,5,23,0.975,0.9782937910146392,0.978432403997896,,,,0.9414077401161194,1938,1981
pareto_mean,sub-04_FDSI_staircase_snr30dB,sub-04,staircase,30,6,51,1.0,0.9775888717156104,0.9766129032258064,,,,0.951232373714447,1274,1285
pareto_mean,sub-04_FDSI_staircase_snr30dB,sub-04,staircase,30,7,48,1.0,0.9836879432624114,0.9830007390983,,,,0.9330403804779052,1389,1408
pareto_mean,sub-04_FDSI_staircase_snr30dB,sub-04,staircase,30,8,47,0.9107142857142856,0.8211702827087443,0.8177474402730376,,,,0.8575652837753296,1322,1448
pareto_mean,sub-04_FDSI_staircase_snr30dB,sub-04,staircase,30,9,37,0.9420289855072465,0.9296424452133796,0.9291291291291291,,,,0.9119980931282043,1616,1730
pareto_mean,sub-04_FDSI_staircase_snr30dB,sub-04,staircase,30,10,49,1.0,0.9941262848751836,0.9938884644766998,,,,0.9726508855819702,1354,1362
pareto_mean,sub-04_FDSI_staircase_snr30dB,sub-04,staircase,30,11,17,0.9012345679012346,0.9698590179873602,0.972672064777328,,,,0.9450600147247314,1995,2057
pareto_mean,sub-04_FDSI_staircase_snr30dB,sub-04,staircase,30,12,42,1.0,0.9912663755458516,0.990909090909091,,,,0.9612820744514464,1589,1603
pareto_mean,sub-04_FDSI_staircase_snr30dB,sub-04,staircase,30,13,33,0.9014084507042254,0.9375684556407448,0.9390313390313392,,,,0.9288086891174316,1713,1825
pareto_mean,sub-04_FDSI_staircase_snr25dB,sub-04,staircase,25,0,44,0.9666666666666668,0.9680781758957656,0.9681355932203388,,,,0.9284656643867492,1486,1535
pareto_mean,sub-04_FDSI_staircase_snr25dB,sub-04,staircase,25,1,51,0.9814814814814816,0.5060773480662983,0.4914578587699316,,,,0.9175070524215698,1441,1285
pareto_mean,sub-04_FDSI_staircase_snr25dB,sub-04,staircase,25,2,53,0.9387755102040816,0.281505728314239,0.2634529147982062,,,,0.8742259740829468,1147,1202
pareto_mean,sub-04_FDSI_staircase_snr25dB,sub-04,staircase,25,3,41,1.0,0.9939172749391728,0.993666877770741,,,,0.9870880246162416,1634,1644
pareto_mean,sub-04_FDSI_staircase_snr25dB,sub-04,staircase,25,4,48,1.0,0.9936079545454546,0.993338267949667,,,,0.9555830955505372,1399,1408
pareto_mean,sub-04_FDSI_staircase_snr25dB,sub-04,staircase,25,5,54,1.0,0.9638865004299226,0.9623655913978496,,,,0.9475237131118774,1121,1163
pareto_mean,sub-04_FDSI_staircase_snr25dB,sub-04,staircase,25,6,50,0.9803921568627452,0.9530791788856304,0.952018278750952,,,,0.9395918250083924,1341,1323
pareto_mean,sub-04_FDSI_staircase_snr25dB,sub-04,staircase,25,7,47,0.912280701754386,0.618568894145476,0.6083231334149327,,,,0.793674647808075,1289,1448
pareto_mean,sub-04_FDSI_staircase_snr25dB,sub-04,staircase,25,8,49,1.0,0.9816446402349486,0.9809014514896868,,,,0.9549079537391664,1337,1362
pareto_mean,sub-04_FDSI_staircase_snr25dB,sub-04,staircase,25,9,42,1.0,0.9887710542732376,0.9883116883116884,,,,0.957312822341919,1585,1603
pareto_mean,sub-04_FDSI_staircase_snr20dB,sub-04,staircase,20,0,41,1.0,0.9939172749391728,0.993666877770741,,,,0.9836633205413818,1634,1644
pareto_mean,sub-04_FDSI_staircase_snr20dB,sub-04,staircase,20,1,48,0.9824561403508772,0.9609375,0.9600296076980016,,,,0.9431308507919312,1353,1408
pareto_mean,sub-04_FDSI_staircase_snr20dB,sub-04,staircase,20,2,42,0.9682539682539684,0.96756082345602,0.9675324675324676,,,,0.9302242398262024,1551,1603
pareto_mean,sub-04_FDSI_staircase_snr20dB,sub-04,staircase,20,3,49,0.9622641509433962,0.9287812041116006,0.9274255156608098,,,,0.9325637817382812,1265,1362
pareto_mean,sub-04_FDSI_staircase_snr15dB,sub-04,staircase,15,0,41,1.0,0.998175182481752,0.9981000633312224,,,,0.9793142676353456,1641,1644
pareto_mean,sub-04_FDSI_triangular-ramp40s_snr30dB,sub-04,triangular-ramp40s,30,0,42,1.0,0.9930675909878682,0.992653810835629,0.9923076923076924,0.9937434827945776,0.9846153846153848,0.9708605408668518,1146,1154
pareto_mean,sub-04_FDSI_triangular-ramp40s_snr30dB,sub-04,triangular-ramp40s,30,1,41,1.0,0.9965811965811966,0.9963768115942028,0.9924812030075189,0.9948665297741272,1.0,0.9879919290542604,1166,1170
pareto_mean,sub-04_FDSI_triangular-ramp40s_snr30dB,sub-04,triangular-ramp40s,30,2,33,0.9594594594594594,0.9598180439727066,0.9582664526484752,0.9794520547945206,0.955495004541326,0.958904109589041,0.9326408505439758,1267,1318
pareto_mean,sub-04_FDSI_triangular-ramp40s_snr30dB,sub-04,triangular-ramp40s,30,3,50,1.0,0.9765545361875636,0.9752155172413792,1.0,0.9720534629404616,0.9636363636363636,0.9418464303016664,976,963
pareto_mean,sub-04_FDSI_triangular-ramp40s_snr30dB,sub-04,triangular-ramp40s,30,4,51,1.0,0.9807486631016042,0.979591836734694,1.0,0.9768637532133676,1.0,0.949407398700714,918,934
pareto_mean,sub-04_FDSI_triangular-ramp40s_snr30dB,sub-04,triangular-ramp40s,30,5,49,1.0,0.9929292929292928,0.992505353319058,1.0,0.9903030303030304,0.9818181818181818,0.9681165218353271,983,990
pareto_mean,sub-04_FDSI_triangular-ramp40s_snr30dB,sub-04,triangular-ramp40s,30,6,48,1.0,0.9960513326752222,0.9958246346555324,1.0,0.9964497041420118,0.9821428571428572,0.9761283993721008,1009,1013
pareto_mean,sub-04_FDSI_triangular-ramp40s_snr30dB,sub-04,triangular-ramp40s,30,7,44,1.0,0.9945994599459946,0.9942857142857144,0.9918032786885246,0.992456896551724,1.0,0.9505470991134644,1105,1111
pareto_mean,sub-04_FDSI_triangular-ramp40s_snr30dB,sub-04,triangular-ramp40s,30,8,54,1.0,0.942652329749104,0.9393173198482933,0.9891304347826086,0.9341917024320456,0.9782608695652174,0.9107366800308228,790,836
pareto_mean,sub-04_FDSI_triangular-ramp40s_snr30dB,sub-04,triangular-ramp40s,30,9,17,0.927710843373494,0.925752508361204,0.924274593064402,0.8982035928143712,0.92776886035313,0.927710843373494,0.92996484041214,1384,1495
pareto_mean,sub-04_FDSI_triangular-ramp40s_snr30dB,sub-04,triangular-ramp40s,30,10,23,0.935897435897436,0.9706498951781972,0.9726533628972652,0.9559748427672956,0.9706621961441744,1.0,0.944934070110321,1389,1431
pareto_mean,sub-04_FDSI_triangular-ramp40s_snr30dB,sub-04,triangular-ramp40s,30,11,47,0.9107142857142856,0.8691244239631336,0.8668610301263362,0.912280701754386,0.8610503282275711,0.912280701754386,0.8899047374725342,991,1037
pareto_mean,sub-04_FDSI_triangular-ramp40s_snr30dB,sub-04,triangular-ramp40s,30,12,53,0.9565217391304348,0.963953488372093,0.9643734643734644,0.9361702127659576,0.9666203059805284,0.9787234042553192,0.9530804753303528,831,858
pareto_mean,sub-04_FDSI_triangular-ramp40s_snr25dB,sub-04,triangular-ramp40s,25,0,42,1.0,0.9878682842287696,0.9871441689623508,0.9846153846153848,0.9885297184567258,0.9846153846153848,0.9566765427589417,1140,1154
pareto_mean,sub-04_FDSI_triangular-ramp40s_snr25dB,sub-04,triangular-ramp40s,25,1,44,0.9672131147540984,0.9694519317160828,0.9695817490494296,0.9754098360655736,0.9655913978494624,0.9838709677419356,0.933929681777954,1081,1111
pareto_mean,sub-04_FDSI_triangular-ramp40s_snr25dB,sub-04,triangular-ramp40s,25,2,50,1.0,0.7877000842459984,0.7777777777777778,1.0,0.7541302235179786,0.9818181818181818,0.885734498500824,1159,963
pareto_mean,sub-04_FDSI_triangular-ramp40s_snr25dB,sub-04,triangular-ramp40s,25,3,48,1.0,0.9901283316880553,0.9895615866388308,1.0,0.9905325443786982,0.9642857142857144,0.9551299810409546,1003,1013
pareto_mean,sub-04_FDSI_triangular-ramp40s_snr25dB,sub-04,triangular-ramp40s,25,4,49,0.9821428571428572,0.9838383838383838,0.9839400428265525,0.990990990990991,0.9806060606060606,0.9818181818181818,0.9529473781585692,974,990
pareto_mean,sub-04_FDSI_triangular-ramp40s_snr25dB,sub-04,triangular-ramp40s,25,5,41,1.0,0.9948717948717948,0.9945652173913044,0.9924812030075189,0.9938398357289528,0.984375,0.9737272262573242,1164,1170
pareto_mean,sub-04_FDSI_triangular-ramp40s_snr25dB,sub-04,triangular-ramp40s,25,6,51,0.981132075471698,0.5530903328050714,0.5343258891645989,0.9714285714285714,0.5591296121097445,0.0396039603960396,0.905905544757843,1026,934
pareto_mean,sub-04_FDSI_triangular-ramp40s_snr20dB,sub-04,triangular-ramp40s,20,0,42,0.953846153846154,0.936741767764298,0.935720844811754,0.9615384615384616,0.9322210636079248,0.953846153846154,0.927218735218048,1081,1154
pareto_mean,sub-04_FDSI_triangular-ramp40s_snr20dB,sub-04,triangular-ramp40s,20,1,41,1.0,0.9948717948717948,0.9945652173913044,0.9924812030075189,0.9928131416837782,1.0,0.9842826724052428,1164,1170
pareto_mean,sub-04_FDSI_triangular-ramp40s_snr20dB,sub-04,triangular-ramp40s,20,2,44,0.9193548387096774,0.9122340425531916,0.9118198874296436,0.926829268292683,0.9046610169491526,0.967741935483871,0.8987591862678528,1046,1111
pareto_mean,sub-04_FDSI_triangular-ramp40s_snr20dB,sub-04,triangular-ramp40s,20,3,48,0.9818181818181818,0.9743336623889436,0.9739039665970772,0.9732142857142856,0.978698224852071,0.9107142857142856,0.939993143081665,987,1013
pareto_mean,sub-04_FDSI_triangular-ramp40s_snr15dB,sub-04,triangular-ramp40s,15,0,41,1.0,0.994017094017094,0.9936594202898552,0.9924812030075189,0.9917864476386036,1.0,0.9759677052497864,1163,1170
pareto_mean,sub-04_FDSI_triangular-ramp20s_snr30dB,sub-04,triangular-ramp20s,30,0,48,1.0,0.9930624380574826,0.9926393270241852,1.0,0.9916567342073898,1.0,0.9636419415473938,1002,1009
pareto_mean,sub-04_FDSI_triangular-ramp20s_snr30dB,sub-04,triangular-ramp20s,30,1,51,1.0,0.976293103448276,0.9749144811858608,1.0,0.9702457956015524,0.981132075471698,0.9343016743659972,911,923
pareto_mean,sub-04_FDSI_triangular-ramp20s_snr30dB,sub-04,triangular-ramp20s,30,2,54,1.0,0.935096153846154,0.9313850063532402,0.9666666666666668,0.9253945480631276,0.9782608695652174,0.9213979244232178,781,829
pareto_mean,sub-04_FDSI_triangular-ramp20s_snr30dB,sub-04,triangular-ramp20s,30,3,50,1.0,0.9516129032258064,0.9488817891373802,1.0,0.9422382671480144,1.0,0.9256927371025084,970,966
pareto_mean,sub-04_FDSI_triangular-ramp20s_snr30dB,sub-04,triangular-ramp20s,30,4,53,1.0,0.9757785467128028,0.9743589743589745,0.9895833333333334,0.975103734439834,0.9583333333333334,0.9364638328552246,849,864
pareto_mean,sub-04_FDSI_triangular-ramp20s_snr30dB,sub-04,triangular-ramp20s,30,5,42,1.0,0.9939655172413792,0.9936189608021878,1.0,0.9927909371781668,1.0,0.9586648344993592,1153,1160
pareto_mean,sub-04_FDSI_triangular-ramp20s_snr30dB,sub-04,triangular-ramp20s,30,6,49,1.0,0.9857142857142858,0.984930032292788,0.9906542056074766,0.9865689865689866,0.9629629629629628,0.954548478126526,966,980
pareto_mean,sub-04_FDSI_triangular-ramp20s_snr30dB,sub-04,triangular-ramp20s,30,7,37,0.9420289855072465,0.8210023866348448,0.813973063973064,0.9485294117647058,0.7946768060836502,0.9710144927536232,0.882992684841156,1038,1251
pareto_mean,sub-04_FDSI_triangular-ramp20s_snr30dB,sub-04,triangular-ramp20s,30,8,23,0.9625,0.9649122807017544,0.9650557620817845,0.968944099378882,0.9620253164556962,1.0,0.939494252204895,1375,1425
pareto_mean,sub-04_FDSI_triangular-ramp20s_snr30dB,sub-04,triangular-ramp20s,30,9,41,1.0,0.9949238578680204,0.9946284691136974,0.9848484848484848,0.993920972644377,1.0,0.9787802696228028,1176,1182
pareto_mean,sub-04_FDSI_triangular-ramp20s_snr30dB,sub-04,triangular-ramp20s,30,10,33,0.9178082191780822,0.912621359223301,0.9123222748815166,0.9387755102040816,0.9051878354203936,0.9466666666666668,0.914012372493744,1236,1325
pareto_mean,sub-04_FDSI_triangular-ramp20s_snr30dB,sub-04,triangular-ramp20s,30,11,17,0.9375,0.9435483870967742,0.9438920454545454,0.9573170731707316,0.9403225806451612,0.9642857142857144,0.93207848072052,1404,1488
pareto_mean,sub-04_FDSI_triangular-ramp20s_snr30dB,sub-04,triangular-ramp20s,30,12,44,0.9838709677419356,0.9873188405797102,0.9856184084372004,0.9916666666666668,0.9859002169197396,1.0,0.9314596056938172,1090,1104
pareto_mean,sub-04_FDSI_triangular-ramp20s_snr25dB,sub-04,triangular-ramp20s,25,0,51,0.9803921568627452,0.2851351351351351,0.2603219034289713,0.9902912621359224,0.2476489028213166,0.05,0.8925215005874634,979,923
pareto_mean,sub-04_FDSI_triangular-ramp20s_snr25dB,sub-04,triangular-ramp20s,25,1,54,0.9333333333333332,0.84688995215311,0.8419721871049305,0.9662921348314608,0.8259629101283881,0.9347826086956522,0.8753133416175842,715,829
pareto_mean,sub-04_FDSI_triangular-ramp20s_snr25dB,sub-04,triangular-ramp20s,25,2,53,0.9375,0.8831615120274914,0.88,0.9270833333333334,0.8751714677640604,0.9166666666666666,0.9065967202186584,780,864
pareto_mean,sub-04_FDSI_triangular-ramp20s_snr25dB,sub-04,triangular-ramp20s,25,3,42,1.0,0.9870689655172412,0.9863263445761168,0.992063492063492,0.9855818743563336,1.0,0.939540147781372,1145,1160
pareto_mean,sub-04_FDSI_triangular-ramp20s_snr25dB,sub-04,triangular-ramp20s,25,4,48,1.0,0.9,0.893970893970894,0.9823008849557522,0.8823529411764706,1.0,0.90689355134964,929,1009
pareto_mean,sub-04_FDSI_triangular-ramp20s_snr25dB,sub-04,triangular-ramp20s,25,5,50,0.981132075471698,0.9505549949545912,0.9488272921108742,0.9818181818181818,0.9433051869722556,1.0,0.93601655960083,967,966
pareto_mean,sub-04_FDSI_triangular-ramp20s_snr25dB,sub-04,triangular-ramp20s,25,6,49,1.0,0.9571428571428572,0.9547900968783638,0.9813084112149532,0.9572649572649572,0.9074074074074074,0.9415584802627563,938,980
pareto_mean,sub-04_FDSI_triangular-ramp20s_snr25dB,sub-04,triangular-ramp20s,25,7,44,1.0,0.96289592760181,0.960727969348659,0.9916666666666668,0.9566630552546046,1.0,0.9099613428115844,1065,1104
pareto_mean,sub-04_FDSI_triangular-ramp20s_snr25dB,sub-04,triangular-ramp20s,25,8,41,1.0,0.9949238578680204,0.9946284691136974,0.9848484848484848,0.993920972644377,1.0,0.9806776642799376,1176,1182
pareto_mean,sub-04_FDSI_triangular-ramp20s_snr20dB,sub-04,triangular-ramp20s,20,0,48,0.9827586206896552,0.9524752475247524,0.9506302521008404,0.9823008849557522,0.9452380952380952,1.0,0.923841953277588,963,1009
pareto_mean,sub-04_FDSI_triangular-ramp20s_snr20dB,sub-04,triangular-ramp20s,20,1,42,0.984126984126984,0.9173838209982788,0.913557779799818,0.9761904761904762,0.9044193216855088,1.0,0.8968746066093445,1068,1160
pareto_mean,sub-04_FDSI_triangular-ramp20s_snr20dB,sub-04,triangular-ramp20s,20,2,41,1.0,0.994077834179357,0.9937332139659804,0.9848484848484848,0.9929078014184396,1.0,0.9780473113059998,1175,1182
pareto_mean,sub-04_FDSI_triangular-ramp20s_snr15dB,sub-04,triangular-ramp20s,15,0,41,1.0,0.9949238578680204,0.9946284691136974,0.9848484848484848,0.993920972644377,1.0,0.9744420051574708,1176,1182
pareto_mean,sub-04_FDSI_triangular-ramp10s_snr30dB,sub-04,triangular-ramp10s,30,0,49,1.0,0.9939024390243902,0.9935275080906149,1.0,0.9926650366748166,1.0,0.9466571807861328,978,984
pareto_mean,sub-04_FDSI_triangular-ramp10s_snr30dB,sub-04,triangular-ramp10s,30,1,41,0.9846153846153848,0.9991452991452991,0.9981916817359856,1.0,0.9989775051124744,1.0,0.9695491790771484,1169,1170
pareto_mean,sub-04_FDSI_triangular-ramp10s_snr30dB,sub-04,triangular-ramp10s,30,2,42,1.0,0.9601040763226366,0.9577205882352942,0.9767441860465116,0.9553478712357216,1.0,0.881565272808075,1107,1153
pareto_mean,sub-04_FDSI_triangular-ramp10s_snr30dB,sub-04,triangular-ramp10s,30,3,48,1.0,0.9960238568588468,0.9957983193277312,0.9907407407407408,0.9964328180737216,1.0,0.9484112858772278,1002,1006
pareto_mean,sub-04_FDSI_triangular-ramp10s_snr30dB,sub-04,triangular-ramp10s,30,4,47,0.9827586206896552,0.0622710622710622,0.0334592552617377,0.6159420289855072,0.0316879951249238,0.0654205607476635,0.9083981513977052,992,1038
pareto_mean,sub-04_FDSI_triangular-ramp10s_snr30dB,sub-04,triangular-ramp10s,30,5,50,1.0,0.8419642857142857,0.8342696629213483,0.9905660377358492,0.8164754953076121,1.0,0.8830909729003906,1101,962
pareto_mean,sub-04_FDSI_triangular-ramp10s_snr30dB,sub-04,triangular-ramp10s,30,6,44,1.0,0.9451438848920864,0.941904761904762,0.9919354838709676,0.9348534201954396,1.0,0.8942611217498779,1051,1112
pareto_mean,sub-04_FDSI_triangular-ramp10s_snr30dB,sub-04,triangular-ramp10s,30,7,51,1.0,0.9254341164453525,0.9213362068965516,1.0,0.9114077669902912,1.0,0.8860359191894531,959,926
pareto_mean,sub-04_FDSI_triangular-ramp10s_snr30dB,sub-04,triangular-ramp10s,30,8,17,0.9523809523809524,0.9432576769025368,0.9413427561837456,0.9580838323353292,0.9375,1.0,0.9344359636306764,1413,1498
pareto_mean,sub-04_FDSI_triangular-ramp10s_snr30dB,sub-04,triangular-ramp10s,30,9,54,1.0,0.9664268585131894,0.964467005076142,1.0,0.9597122302158272,1.0,0.9155213832855223,808,832
pareto_mean,sub-04_FDSI_triangular-ramp10s_snr30dB,sub-04,triangular-ramp10s,30,10,33,0.9444444444444444,0.1742388758782201,0.1473582161900145,0.9375,0.1259418729817007,0.0461538461538461,0.8465693593025208,1194,1313
pareto_mean,sub-04_FDSI_triangular-ramp10s_snr30dB,sub-04,triangular-ramp10s,30,11,53,0.9583333333333334,0.1258148631029987,0.0989232839838492,0.9587628865979382,0.0720118782479584,0.0568181818181818,0.91622394323349,858,869
pareto_mean,sub-04_FDSI_triangular-ramp10s_snr30dB,sub-04,triangular-ramp10s,30,12,43,0.9076923076923076,0.0821609454136184,0.0508177570093457,0.813953488372093,0.0280130293159609,0.0673076923076923,0.8828361630439758,784,1139
pareto_mean,sub-04_FDSI_triangular-ramp10s_snr30dB,sub-04,triangular-ramp10s,30,13,23,0.9090909090909092,0.936496859734822,0.9380530973451328,0.8974358974358975,0.9398998330550918,0.9620253164556962,0.9065096974372864,1343,1432
pareto_mean,sub-04_FDSI_triangular-ramp10s_snr25dB,sub-04,triangular-ramp10s,25,0,54,0.9130434782608696,0.7735632183908046,0.7657766990291263,0.9247311827956988,0.7599451303155007,0.6875,0.8566527962684631,711,832
pareto_mean,sub-04_FDSI_triangular-ramp10s_snr25dB,sub-04,triangular-ramp10s,25,1,49,0.9824561403508772,0.92007992007992,0.9163135593220338,0.9646017699115044,0.918562874251497,0.8490566037735849,0.9004597663879395,938,984
pareto_mean,sub-04_FDSI_triangular-ramp10s_snr25dB,sub-04,triangular-ramp10s,25,2,48,0.9814814814814816,0.9434523809523808,0.941299790356394,0.9907407407407408,0.9347568208778172,0.9824561403508772,0.8914719820022583,953,1006
pareto_mean,sub-04_FDSI_triangular-ramp10s_snr25dB,sub-04,triangular-ramp10s,25,3,42,1.0,0.97398091934085,0.9724264705882352,0.992248062015504,0.9698857736240912,1.0,0.914548635482788,1123,1153
pareto_mean,sub-04_FDSI_triangular-ramp10s_snr25dB,sub-04,triangular-ramp10s,25,4,50,1.0,0.8293357933579336,0.8207364341085271,0.9813084112149532,0.8015184381778742,1.0,0.8751120567321777,1021,962
pareto_mean,sub-04_FDSI_triangular-ramp10s_snr25dB,sub-04,triangular-ramp10s,25,5,44,0.9838709677419356,0.8987566607460036,0.893796992481203,0.9758064516129032,0.8823529411764706,0.9850746268656716,0.8640339970588684,1026,1112
pareto_mean,sub-04_FDSI_triangular-ramp10s_snr25dB,sub-04,triangular-ramp10s,25,6,41,0.9846153846153848,0.9982905982905984,0.9972875226039783,1.0,0.9979550102249488,1.0,0.964735984802246,1168,1170
pareto_mean,sub-04_FDSI_triangular-ramp10s_snr25dB,sub-04,triangular-ramp10s,25,7,51,0.9803921568627452,0.4496281271129141,0.430672268907563,0.941747572815534,0.443833464257659,0.06,0.8384535908699036,1218,926
pareto_mean,sub-04_FDSI_triangular-ramp10s_snr20dB,sub-04,triangular-ramp10s,20,0,41,0.9846153846153848,0.9948717948717948,0.9936708860759492,0.984375,0.9948927477017364,0.984375,0.9730480909347534,1164,1170
pareto_mean,sub-04_FDSI_triangular-ramp10s_snr20dB,sub-04,triangular-ramp10s,20,1,49,0.9473684210526316,0.814,0.8059384941675504,0.9380530973451328,0.7973621103117506,0.8113207547169812,0.856478750705719,830,984
pareto_mean,sub-04_FDSI_triangular-ramp10s_snr20dB,sub-04,triangular-ramp10s,20,2,42,0.9692307692307692,0.902333621434745,0.8983516483516484,0.9457364341085271,0.8914167528438469,0.9836065573770492,0.8817214965820312,1048,1153
pareto_mean,sub-04_FDSI_triangular-ramp10s_snr20dB,sub-04,triangular-ramp10s,20,3,50,0.9423076923076924,0.7611262488646685,0.7521448999046711,0.8828828828828829,0.73475935828877,0.9636363636363636,0.8503531813621521,977,962
pareto_mean,sub-04_FDSI_triangular-ramp10s_snr20dB,sub-04,triangular-ramp10s,20,4,48,0.925925925925926,0.7471698113207547,0.7375745526838966,0.925925925925926,0.7128491620111732,0.9473684210526316,0.816324770450592,846,1006
pareto_mean,sub-04_FDSI_triangular-ramp10s_snr15dB,sub-04,triangular-ramp10s,15,0,41,0.9846153846153848,0.9948717948717948,0.9936708860759492,0.984375,0.9948927477017364,0.984375,0.9678664207458496,1164,1170
pareto_mean,sub-04_FDSI_triangular-ramp5s_snr30dB,sub-04,triangular-ramp5s,30,0,48,1.0,0.988118811881188,0.98744769874477,1.0,0.985748218527316,1.0,0.928510844707489,998,1010
pareto_mean,sub-04_FDSI_triangular-ramp5s_snr30dB,sub-04,triangular-ramp5s,30,1,44,1.0,0.8828264758497316,0.8759469696969697,0.9421487603305784,0.8665955176093917,0.9836065573770492,0.8651653528213501,998,1107
pareto_mean,sub-04_FDSI_triangular-ramp5s_snr30dB,sub-04,triangular-ramp5s,30,2,49,1.0,0.9311023622047244,0.9272349272349272,0.8166666666666667,0.9430604982206404,1.0,0.8927381634712219,977,985
pareto_mean,sub-04_FDSI_triangular-ramp5s_snr30dB,sub-04,triangular-ramp5s,30,3,41,0.9848484848484848,0.9915397631133672,0.990152193375112,0.9696969696969696,0.9939024390243902,1.0,0.9558809399604796,1172,1182
pareto_mean,sub-04_FDSI_triangular-ramp5s_snr30dB,sub-04,triangular-ramp5s,30,4,54,1.0,0.9180522565320663,0.9133165829145728,0.913978494623656,0.9131054131054132,1.0,0.8882584571838379,783,832
pareto_mean,sub-04_FDSI_triangular-ramp5s_snr30dB,sub-04,triangular-ramp5s,30,5,42,1.0,0.975609756097561,0.974145891043398,0.953125,0.9770114942528736,1.0,0.888302743434906,1121,1147
pareto_mean,sub-04_FDSI_triangular-ramp5s_snr30dB,sub-04,triangular-ramp5s,30,6,53,0.9791666666666666,0.8875278396436526,0.8823529411764706,0.8256880733944955,0.8906882591093117,0.9791666666666666,0.8955364227294922,829,866
pareto_mean,sub-04_FDSI_triangular-ramp5s_snr30dB,sub-04,triangular-ramp5s,30,7,50,1.0,0.7973913043478261,0.7877959927140255,0.8559322033898306,0.7793667007150153,1.0,0.8138032555580139,1109,958
pareto_mean,sub-04_FDSI_triangular-ramp5s_snr30dB,sub-04,triangular-ramp5s,30,8,47,0.9482758620689656,0.0613207547169811,0.0335135135135135,0.4630872483221476,0.0328867235079171,0.0776699029126213,0.906567394733429,986,1039
pareto_mean,sub-04_FDSI_triangular-ramp5s_snr30dB,sub-04,triangular-ramp5s,30,9,23,1.0,0.9476944253269098,0.9447272727272727,0.9493670886075948,0.9465899753492194,0.9615384615384616,0.9199100136756896,1377,1453
pareto_mean,sub-04_FDSI_triangular-ramp5s_snr30dB,sub-04,triangular-ramp5s,30,10,51,1.0,0.797558494404883,0.7867095391211146,0.8282828282828283,0.7862318840579711,0.9107142857142856,0.8083636164665222,854,913
pareto_mean,sub-04_FDSI_triangular-ramp5s_snr25dB,sub-04,triangular-ramp5s,25,0,42,1.0,0.9398954703832751,0.9362880886426592,0.9140625,0.9404388714733544,0.984126984126984,0.8854883909225464,1080,1147
pareto_mean,sub-04_FDSI_triangular-ramp5s_snr25dB,sub-04,triangular-ramp5s,25,1,48,1.0,0.9584569732937686,0.9561128526645768,0.9734513274336284,0.9561091340450772,0.9636363636363636,0.9068189263343812,970,1010
pareto_mean,sub-04_FDSI_triangular-ramp5s_snr25dB,sub-04,triangular-ramp5s,25,2,44,1.0,0.8265746333045729,0.8167730173199635,0.8442622950819673,0.8137154554759468,0.9672131147540984,0.8272764682769775,1010,1107
pareto_mean,sub-04_FDSI_triangular-ramp5s_snr25dB,sub-04,triangular-ramp5s,25,3,54,0.9565217391304348,0.5539112050739958,0.5333333333333333,0.6538461538461539,0.5220125786163522,0.8723404255319149,0.7434701323509216,638,832
pareto_mean,sub-04_FDSI_triangular-ramp5s_snr25dB,sub-04,triangular-ramp5s,25,4,41,0.9848484848484848,0.9923857868020304,0.991047448522829,1.0,0.991869918699187,0.9848484848484848,0.9557939767837524,1173,1182
pareto_mean,sub-04_FDSI_triangular-ramp5s_snr25dB,sub-04,triangular-ramp5s,25,5,50,1.0,0.8142222222222222,0.8052190121155638,0.8793103448275862,0.7960251046025104,1.0,0.8343480825424194,1083,958
pareto_mean,sub-04_FDSI_triangular-ramp5s_snr25dB,sub-04,triangular-ramp5s,25,6,53,0.9791666666666666,0.847682119205298,0.8403263403263403,0.8348623853211009,0.8514056224899599,0.82,0.8649359345436096,808,866
pareto_mean,sub-04_FDSI_triangular-ramp5s_snr25dB,sub-04,triangular-ramp5s,25,7,49,1.0,0.886317907444668,0.8797872340425532,0.8771929824561403,0.8814993954050786,0.981132075471698,0.8837181329727173,890,985
pareto_mean,sub-04_FDSI_triangular-ramp5s_snr25dB,sub-04,triangular-ramp5s,25,8,51,0.98,0.4154048716260697,0.3961878829135466,0.7663551401869159,0.4164759725400457,0.04,0.8085619807243347,1237,913
pareto_mean,sub-04_FDSI_triangular-ramp5s_snr20dB,sub-04,triangular-ramp5s,20,0,41,0.9848484848484848,0.994077834179357,0.9928379588182632,1.0,0.9928861788617886,1.0,0.9644521474838256,1175,1182
pareto_mean,sub-04_FDSI_triangular-ramp5s_snr20dB,sub-04,triangular-ramp5s,20,1,48,0.9444444444444444,0.9297029702970298,0.9288702928870292,0.911504424778761,0.9346793349168646,0.8909090909090909,0.8828484416007996,939,1010
pareto_mean,sub-04_FDSI_triangular-ramp5s_snr20dB,sub-04,triangular-ramp5s,20,2,42,0.9384615384615383,0.8667820069204152,0.8625114573785518,0.8615384615384616,0.8598130841121495,0.984126984126984,0.8446890115737915,1011,1147
pareto_mean,sub-04_FDSI_triangular-ramp5s_snr15dB,sub-04,triangular-ramp5s,15,0,41,0.9848484848484848,0.9957698815566836,0.9946284691136974,1.0,0.9959349593495936,0.9848484848484848,0.9557903409004213,1177,1182
pareto_mean,sub-05_FDSI_staircase_snr30dB,sub-05,staircase,30,0,35,1.0,0.9866156787762906,0.9860557768924304,,,,0.9601584076881408,1548,1569
pareto_mean,sub-05_FDSI_staircase_snr30dB,sub-05,staircase,30,1,31,1.0,0.9935217903415784,0.9932639314145744,,,,0.9620079398155212,1687,1698
pareto_mean,sub-05_FDSI_staircase_snr30dB,sub-05,staircase,30,2,44,1.0,0.9991204925241864,0.999083409715857,,,,0.9792127013206482,1136,1137
pareto_mean,sub-05_FDSI_staircase_snr30dB,sub-05,staircase,30,3,42,1.0,0.92442322991249,0.9213576158940396,,,,0.9002844095230103,1169,1250
pareto_mean,sub-05_FDSI_staircase_snr30dB,sub-05,staircase,30,4,43,1.0,0.9949958298582152,0.994787141615986,,,,0.9855801463127136,1193,1199
pareto_mean,sub-05_FDSI_staircase_snr30dB,sub-05,staircase,30,5,30,1.0,0.9865967365967366,0.9860521528198908,,,,0.9450799822807312,1693,1716
pareto_mean,sub-05_FDSI_staircase_snr30dB,sub-05,staircase,30,6,40,1.0,0.9889705882352942,0.9885233358837032,,,,0.9571887254714966,1345,1360
pareto_mean,sub-05_FDSI_staircase_snr30dB,sub-05,staircase,30,7,34,1.0,0.9762202753441802,0.9752281616688396,,,,0.9504269361495972,1560,1598
pareto_mean,sub-05_FDSI_staircase_snr30dB,sub-05,staircase,30,8,41,1.0,0.7686002522068096,0.7610677083333334,,,,0.9146990776062012,1511,1294
pareto_mean,sub-05_FDSI_staircase_snr30dB,sub-05,staircase,30,9,37,0.9322033898305084,0.9470864032150034,0.9476987447698744,,,,0.920810878276825,1421,1486
pareto_mean,sub-05_FDSI_staircase_snr30dB,sub-05,staircase,30,10,39,0.9824561403508772,0.982155603140614,0.9821428571428572,,,,0.9533681869506836,1376,1401
pareto_mean,sub-05_FDSI_staircase_snr30dB,sub-05,staircase,30,11,36,0.9672131147540984,0.9719321148825064,0.9721278042148198,,,,0.9184805750846864,1491,1530
pareto_mean,sub-05_FDSI_staircase_snr30dB,sub-05,staircase,30,12,33,0.9076923076923076,0.2832599118942731,0.2648526077097505,,,,0.7589824199676514,1276,1637
pareto_mean,sub-05_FDSI_staircase_snr30dB,sub-05,staircase,30,13,16,0.9615384615384616,0.9818893783651492,0.9826972010178116,,,,0.9564269185066224,2006,2043
pareto_mean,sub-05_FDSI_staircase_snr25dB,sub-05,staircase,25,0,35,1.0,0.9547482472912684,0.952855245683931,,,,0.9423418641090392,1498,1569
pareto_mean,sub-05_FDSI_staircase_snr25dB,sub-05,staircase,25,1,31,1.0,0.9811542991755006,0.9804041641151257,,,,0.9478576183319092,1666,1698
pareto_mean,sub-05_FDSI_staircase_snr25dB,sub-05,staircase,25,2,44,1.0,0.9956024626209324,0.995417048579285,,,,0.9697076678276062,1132,1137
pareto_mean,sub-05_FDSI_staircase_snr25dB,sub-05,staircase,25,3,42,0.9591836734693876,0.8372274143302181,0.8323886639676114,,,,0.8563485145568848,1109,1250
pareto_mean,sub-05_FDSI_staircase_snr25dB,sub-05,staircase,25,4,43,1.0,0.9949958298582152,0.994787141615986,,,,0.97678542137146,1193,1199
pareto_mean,sub-05_FDSI_staircase_snr25dB,sub-05,staircase,25,5,40,0.981132075471698,0.9691176470588236,0.9686304514154552,,,,0.943083643913269,1318,1360
pareto_mean,sub-05_FDSI_staircase_snr25dB,sub-05,staircase,25,6,36,0.9016393442622952,0.3278379651436646,0.3108632395732298,,,,0.8338799476623535,1289,1530
pareto_mean,sub-05_FDSI_staircase_snr25dB,sub-05,staircase,25,7,16,0.9871794871794872,0.97503671071953,0.9745547073791349,,,,0.9424659013748168,1992,2043
pareto_mean,sub-05_FDSI_staircase_snr25dB,sub-05,staircase,25,8,30,0.9701492537313432,0.9394292370413512,0.9381818181818182,,,,0.927042543888092,1614,1716
pareto_mean,sub-05_FDSI_staircase_snr20dB,sub-05,staircase,20,0,31,1.0,0.9576719576719576,0.9559902200488998,,,,0.9257981181144714,1632,1698
pareto_mean,sub-05_FDSI_staircase_snr20dB,sub-05,staircase,20,1,43,1.0,0.9924937447873228,0.9921807124239792,,,,0.9616358280181884,1190,1199
pareto_mean,sub-05_FDSI_staircase_snr20dB,sub-05,staircase,20,2,44,1.0,0.94750656167979,0.9453053783044668,,,,0.8693714737892151,1089,1137
pareto_mean,sub-05_FDSI_staircase_snr15dB,sub-05,staircase,15,0,31,0.9402985074626866,0.8646922183507549,0.861631419939577,,,,0.8911880254745483,1513,1698
pareto_mean,sub-05_FDSI_staircase_snr15dB,sub-05,staircase,15,1,43,0.9791666666666666,0.9591666666666666,0.9583333333333334,,,,0.9372957348823548,1152,1199
pareto_mean,sub-05_FDSI_staircase_snr15dB,sub-05,staircase,15,2,44,0.9782608695652174,0.8746736292428199,0.8703535811423391,,,,0.8602511882781982,1017,1137
pareto_mean,sub-05_FDSI_triangular-ramp40s_snr30dB,sub-05,triangular-ramp40s,30,0,44,1.0,0.8224076281287247,0.8125786163522013,1.0,0.7880512091038406,1.0,0.8108674883842468,714,815
pareto_mean,sub-05_FDSI_triangular-ramp40s_snr30dB,sub-05,triangular-ramp40s,30,1,41,1.0,0.8457300275482094,0.8383060635226179,0.9805825242718448,0.8324265505984766,0.7941176470588235,0.9230716228485109,1073,937
pareto_mean,sub-05_FDSI_triangular-ramp40s_snr30dB,sub-05,triangular-ramp40s,30,2,43,1.0,0.9523809523809524,0.9495073891625616,0.9897959183673468,0.9441340782122905,1.0,0.8758004307746887,821,860
pareto_mean,sub-05_FDSI_triangular-ramp40s_snr30dB,sub-05,triangular-ramp40s,30,3,35,1.0,0.9937998228520816,0.9934518241347052,0.976,0.9925611052072264,0.9846153846153848,0.9568160772323608,1122,1129
pareto_mean,sub-05_FDSI_triangular-ramp40s_snr30dB,sub-05,triangular-ramp40s,30,4,31,1.0,0.9909983633387888,0.9904761904761904,0.9927007299270072,0.9901864573110892,1.0,0.9534635543823242,1211,1222
pareto_mean,sub-05_FDSI_triangular-ramp40s_snr30dB,sub-05,triangular-ramp40s,30,5,16,1.0,0.9830047586675732,0.9820143884892086,0.9938650306748468,0.9788101059494704,0.9759036144578314,0.9562009572982788,1446,1471
pareto_mean,sub-05_FDSI_triangular-ramp40s_snr30dB,sub-05,triangular-ramp40s,30,6,40,1.0,0.9928131416837782,0.9923830250272034,1.0,0.9913686806411838,1.0,0.964240312576294,967,974
pareto_mean,sub-05_FDSI_triangular-ramp40s_snr30dB,sub-05,triangular-ramp40s,30,7,39,1.0,0.9839518555667,0.9830148619957536,1.0,0.9807692307692308,0.9642857142857144,0.9550416469573976,981,997
pareto_mean,sub-05_FDSI_triangular-ramp40s_snr30dB,sub-05,triangular-ramp40s,30,8,33,0.9206349206349206,0.9214527027027029,0.92149866190901,0.9457364341085271,0.916076845298281,0.9545454545454546,0.9148330688476562,1098,1177
pareto_mean,sub-05_FDSI_triangular-ramp40s_snr30dB,sub-05,triangular-ramp40s,30,9,42,1.0,0.9140022050716649,0.908984830805134,0.97,0.9005305039787799,1.0,0.8931611180305481,830,906
pareto_mean,sub-05_FDSI_triangular-ramp40s_snr30dB,sub-05,triangular-ramp40s,30,10,30,1.0,0.9888888888888888,0.9882648784576696,0.9928057553956836,0.988593155893536,0.9855072463768116,0.964834451675415,1246,1260
pareto_mean,sub-05_FDSI_triangular-ramp40s_snr30dB,sub-05,triangular-ramp40s,30,11,36,0.9672131147540984,0.927470534904805,0.9251439539347408,0.9672131147540984,0.9184782608695652,0.9836065573770492,0.9026795029640198,1026,1100
pareto_mean,sub-05_FDSI_triangular-ramp40s_snr30dB,sub-05,triangular-ramp40s,30,12,34,0.9,0.911149825783972,0.9117647058823528,0.9444444444444444,0.9020833333333332,0.9838709677419356,0.8928131461143494,1047,1147
pareto_mean,sub-05_FDSI_triangular-ramp40s_snr25dB,sub-05,triangular-ramp40s,25,0,44,1.0,0.2363636363636363,0.2111194590533433,1.0,0.1700507614213198,0.3300970873786408,0.708143949508667,885,815
pareto_mean,sub-05_FDSI_triangular-ramp40s_snr25dB,sub-05,triangular-ramp40s,25,1,35,1.0,0.9681133746678476,0.9663236669784846,0.9838709677419356,0.9628055260361318,0.9846153846153848,0.9330874681472778,1093,1129
pareto_mean,sub-05_FDSI_triangular-ramp40s_snr25dB,sub-05,triangular-ramp40s,25,2,30,1.0,0.964314036478985,0.9623115577889448,0.9928057553956836,0.96011396011396,0.9710144927536232,0.9333444237709044,1217,1260
pareto_mean,sub-05_FDSI_triangular-ramp40s_snr25dB,sub-05,triangular-ramp40s,25,3,31,1.0,0.9885433715220948,0.987878787878788,0.9927007299270072,0.9882237487733072,0.9848484848484848,0.9454153776168824,1208,1222
pareto_mean,sub-05_FDSI_triangular-ramp40s_snr25dB,sub-05,triangular-ramp40s,25,4,40,0.9818181818181818,0.9651282051282052,0.9641304347826088,0.963302752293578,0.9630541871921182,1.0,0.9408404231071472,942,974
pareto_mean,sub-05_FDSI_triangular-ramp40s_snr25dB,sub-05,triangular-ramp40s,25,5,41,0.9411764705882352,0.5665058580289456,0.5528571428571428,0.9326923076923076,0.5364291433146517,0.5454545454545454,0.9054593443870544,1336,937
pareto_mean,sub-05_FDSI_triangular-ramp40s_snr25dB,sub-05,triangular-ramp40s,25,6,43,1.0,0.9953488372093025,0.995067817509248,1.0,0.9944055944055944,1.0,0.96789813041687,856,860
pareto_mean,sub-05_FDSI_triangular-ramp40s_snr25dB,sub-05,triangular-ramp40s,25,7,36,0.9344262295081968,0.3775811209439528,0.3513513513513513,0.9344262295081968,0.3519503546099291,0.0490196078431372,0.7613313794136047,768,1100
pareto_mean,sub-05_FDSI_triangular-ramp40s_snr25dB,sub-05,triangular-ramp40s,25,8,39,0.9272727272727272,0.9323383084577116,0.9326315789473684,0.9090909090909092,0.936904761904762,0.875,0.9298783540725708,945,997
pareto_mean,sub-05_FDSI_triangular-ramp40s_snr25dB,sub-05,triangular-ramp40s,25,9,16,0.9753086419753086,0.9537729435757988,0.9525179856115108,0.9631901840490796,0.9486552567237164,0.963855421686747,0.9389137029647828,1403,1471
pareto_mean,sub-05_FDSI_triangular-ramp40s_snr20dB,sub-05,triangular-ramp40s,20,0,31,0.9705882352941176,0.9550286181520852,0.954112554112554,0.9565217391304348,0.9519136408243376,1.0,0.9190809726715088,1169,1222
pareto_mean,sub-05_FDSI_triangular-ramp40s_snr20dB,sub-05,triangular-ramp40s,20,1,43,1.0,0.9883720930232558,0.9876695437731196,1.0,0.9874125874125874,0.9787234042553192,0.955632209777832,850,860
pareto_mean,sub-05_FDSI_triangular-ramp40s_snr20dB,sub-05,triangular-ramp40s,20,2,44,1.0,0.7310012062726177,0.7159235668789808,0.9888888888888888,0.6796536796536796,1.0,0.878613293170929,620,815
pareto_mean,sub-05_FDSI_triangular-ramp40s_snr15dB,sub-05,triangular-ramp40s,15,0,43,0.979591836734694,0.963953488372093,0.9630086313193588,0.979591836734694,0.9608391608391608,0.9787234042553192,0.9367973804473876,829,860
pareto_mean,sub-05_FDSI_triangular-ramp40s_snr15dB,sub-05,triangular-ramp40s,15,1,44,1.0,0.8841099163679809,0.8776796973518285,1.0,0.8644793152639088,0.9565217391304348,0.8483597636222839,762,815
pareto_mean,sub-05_FDSI_triangular-ramp20s_snr30dB,sub-05,triangular-ramp20s,30,0,39,0.9636363636363636,0.946078431372549,0.945077720207254,0.981981981981982,0.9389671361502347,0.9482758620689656,0.9199767112731934,984,1001
pareto_mean,sub-05_FDSI_triangular-ramp20s_snr30dB,sub-05,triangular-ramp20s,30,1,35,1.0,0.9822380106571936,0.9811853245531514,1.0,0.9786552828175028,1.0,0.9342687726020812,1106,1126
pareto_mean,sub-05_FDSI_triangular-ramp20s_snr30dB,sub-05,triangular-ramp20s,30,2,30,1.0,0.9848121502797762,0.9838846480067854,0.9928571428571428,0.982725527831094,1.0,0.9307736158370972,1232,1251
pareto_mean,sub-05_FDSI_triangular-ramp20s_snr30dB,sub-05,triangular-ramp20s,30,3,29,0.9315068493150684,0.1044238683127572,0.0721539283805451,0.9047619047619048,0.0410714285714285,0.0535714285714285,0.8725711703300476,873,1274
pareto_mean,sub-05_FDSI_triangular-ramp20s_snr30dB,sub-05,triangular-ramp20s,30,4,16,0.9761904761904762,0.9830623306233064,0.9834770114942528,0.9754601226993864,0.9813311688311688,1.0,0.9525801539421082,1451,1476
pareto_mean,sub-05_FDSI_triangular-ramp20s_snr30dB,sub-05,triangular-ramp20s,30,5,36,1.0,0.7360655737704918,0.722174288179465,1.0,0.75678391959799,0.2156862745098039,0.809120774269104,1027,1091
pareto_mean,sub-05_FDSI_triangular-ramp20s_snr30dB,sub-05,triangular-ramp20s,30,6,40,1.0,0.9783950617283952,0.9771490750816104,1.0,0.974074074074074,1.0,0.9540607333183287,951,972
pareto_mean,sub-05_FDSI_triangular-ramp20s_snr30dB,sub-05,triangular-ramp20s,30,7,31,1.0,0.9868852459016394,0.9861231569817868,0.9852941176470588,0.987229862475442,0.9848484848484848,0.9365829825401306,1204,1220
pareto_mean,sub-05_FDSI_triangular-ramp20s_snr30dB,sub-05,triangular-ramp20s,30,8,43,1.0,0.9731308411214952,0.9715698393077874,1.0,0.967832167832168,1.0,0.93547785282135,833,856
pareto_mean,sub-05_FDSI_triangular-ramp20s_snr30dB,sub-05,triangular-ramp20s,30,9,41,1.0,0.57095046854083,0.5557865557865558,0.9523809523809524,0.5438461538461539,0.5168539325842697,0.911363959312439,1406,941
pareto_mean,sub-05_FDSI_triangular-ramp20s_snr30dB,sub-05,triangular-ramp20s,30,10,42,1.0,0.5612244897959183,0.5436734693877551,0.9896907216494846,0.5340699815837937,0.4285714285714285,0.8991538286209106,1093,896
pareto_mean,sub-05_FDSI_triangular-ramp20s_snr30dB,sub-05,triangular-ramp20s,30,11,37,0.9830508474576272,0.7633187772925765,0.7513812154696132,0.9572649572649572,0.7275541795665634,0.9661016949152542,0.8403388857841492,951,1068
pareto_mean,sub-05_FDSI_triangular-ramp20s_snr30dB,sub-05,triangular-ramp20s,30,12,33,0.9375,0.1375894331315355,0.1083856246434683,0.9291338582677166,0.0815423514538558,0.0571428571428571,0.8528921008110046,889,1178
pareto_mean,sub-05_FDSI_triangular-ramp20s_snr30dB,sub-05,triangular-ramp20s,30,13,44,1.0,0.9963369963369964,0.996124031007752,1.0,0.9956140350877192,1.0,0.972567856311798,816,819
pareto_mean,sub-05_FDSI_triangular-ramp20s_snr30dB,sub-05,triangular-ramp20s,30,14,34,0.9672131147540984,0.7931323283082077,0.7837599293909974,0.9838709677419356,0.7586891757696127,0.9682539682539684,0.843977153301239,987,1154
pareto_mean,sub-05_FDSI_triangular-ramp20s_snr25dB,sub-05,triangular-ramp20s,25,0,41,1.0,0.1114718614718614,0.0862548692264885,0.9428571428571428,0.0645359557467732,0.0350877192982456,0.8890480399131775,1113,941
pareto_mean,sub-05_FDSI_triangular-ramp20s_snr25dB,sub-05,triangular-ramp20s,25,1,30,1.0,0.934609250398724,0.9306260575296108,0.9785714285714284,0.924401913875598,1.0,0.9107850790023804,1175,1251
pareto_mean,sub-05_FDSI_triangular-ramp20s_snr25dB,sub-05,triangular-ramp20s,25,2,44,1.0,0.984126984126984,0.9832041343669252,1.0,0.9809941520467836,1.0,0.9565656185150146,806,819
pareto_mean,sub-05_FDSI_triangular-ramp20s_snr25dB,sub-05,triangular-ramp20s,25,3,39,0.9090909090909092,0.1632947976878612,0.1429985155863433,0.945945945945946,0.1243862520458265,0.078125,0.8848357200622559,1414,1001
pareto_mean,sub-05_FDSI_triangular-ramp20s_snr25dB,sub-05,triangular-ramp20s,25,4,31,0.9850746268656716,0.9663934426229508,0.9653078924544666,0.9926470588235294,0.962671905697446,0.9696969696969696,0.9117991924285888,1179,1220
pareto_mean,sub-05_FDSI_triangular-ramp20s_snr25dB,sub-05,triangular-ramp20s,25,5,34,0.9344262295081968,0.8353344768439108,0.8298642533936652,0.9516129032258064,0.8120531154239019,0.9682539682539684,0.8688306212425232,986,1154
pareto_mean,sub-05_FDSI_triangular-ramp20s_snr25dB,sub-05,triangular-ramp20s,25,6,43,1.0,0.97196261682243,0.9703337453646476,1.0,0.9692307692307692,0.9574468085106383,0.9120997786521912,832,856
pareto_mean,sub-05_FDSI_triangular-ramp20s_snr25dB,sub-05,triangular-ramp20s,25,7,40,0.9622641509433962,0.1698232323232323,0.1423905943827563,0.981132075471698,0.1175616835994194,0.0618556701030927,0.888002336025238,881,972
pareto_mean,sub-05_FDSI_triangular-ramp20s_snr25dB,sub-05,triangular-ramp20s,25,8,35,0.984126984126984,0.9565217391304348,0.9548872180451128,0.984,0.9520255863539444,0.96875,0.9185230135917664,1079,1126
pareto_mean,sub-05_FDSI_triangular-ramp20s_snr25dB,sub-05,triangular-ramp20s,25,9,16,0.9523809523809524,0.932972241029113,0.9318018664752332,0.9386503067484664,0.927007299270073,0.9878048780487804,0.9253068566322328,1379,1476
pareto_mean,sub-05_FDSI_triangular-ramp20s_snr20dB,sub-05,triangular-ramp20s,20,0,43,1.0,0.985981308411215,0.9851668726823238,1.0,0.9832167832167832,1.0,0.9535274505615234,844,856
pareto_mean,sub-05_FDSI_triangular-ramp20s_snr20dB,sub-05,triangular-ramp20s,20,1,44,1.0,0.8498817966903073,0.8414481897627965,1.0,0.8227848101265823,0.9787234042553192,0.8277533650398254,746,819
pareto_mean,sub-05_FDSI_triangular-ramp20s_snr20dB,sub-05,triangular-ramp20s,20,2,31,0.9850746268656716,0.9076042518397384,0.903114186851211,0.9852941176470588,0.8942213516160626,0.9545454545454546,0.8881557583808899,1113,1220
pareto_mean,sub-05_FDSI_triangular-ramp20s_snr15dB,sub-05,triangular-ramp20s,15,0,44,1.0,0.7224824355971897,0.7070457354758962,1.0,0.6717663421418637,0.9787234042553192,0.8330780863761902,652,819
pareto_mean,sub-05_FDSI_triangular-ramp20s_snr15dB,sub-05,triangular-ramp20s,15,1,43,0.9787234042553192,0.9264018691588785,0.92336217552534,0.9787234042553192,0.9188811188811188,0.9361702127659576,0.918267548084259,793,856
pareto_mean,sub-05_FDSI_triangular-ramp10s_snr30dB,sub-05,triangular-ramp10s,30,0,43,1.0,0.9721577726218096,0.9705159705159704,0.9893617021276596,0.9680998613037448,1.0,0.8705635666847229,839,861
pareto_mean,sub-05_FDSI_triangular-ramp10s_snr30dB,sub-05,triangular-ramp10s,30,1,44,1.0,0.98661800486618,0.9858247422680412,0.9787234042553192,0.9868035190615836,1.0,0.9629738926887512,811,822
pareto_mean,sub-05_FDSI_triangular-ramp10s_snr30dB,sub-05,triangular-ramp10s,30,2,42,1.0,0.0759573132454488,0.0466321243523316,0.9797979797979798,0.0311820159535895,0.0549450549450549,0.9237654209136964,811,903
pareto_mean,sub-05_FDSI_triangular-ramp10s_snr30dB,sub-05,triangular-ramp10s,30,3,30,1.0,0.9808153477218226,0.9797125950972104,1.0,0.9769452449567724,1.0,0.9103924632072448,1227,1251
pareto_mean,sub-05_FDSI_triangular-ramp10s_snr30dB,sub-05,triangular-ramp10s,30,4,40,1.0,0.9487704918032788,0.9458288190682556,1.0,0.940959409594096,0.9636363636363636,0.9223096966743468,930,972
pareto_mean,sub-05_FDSI_triangular-ramp10s_snr30dB,sub-05,triangular-ramp10s,30,5,31,0.9852941176470588,0.9722901385493072,0.9698275862068966,1.0,0.9668292682926828,1.0,0.8762776851654053,1194,1226
pareto_mean,sub-05_FDSI_triangular-ramp10s_snr30dB,sub-05,triangular-ramp10s,30,6,41,1.0,0.3687083080654942,0.3481527864746399,0.9903846153846154,0.3317307692307692,0.247191011235955,0.877358615398407,1325,932
pareto_mean,sub-05_FDSI_triangular-ramp10s_snr30dB,sub-05,triangular-ramp10s,30,7,36,0.9508196721311476,0.1772228989037758,0.1473750790638836,0.9173553719008264,0.126950354609929,0.0467289719626168,0.8286659121513367,835,1098
pareto_mean,sub-05_FDSI_triangular-ramp10s_snr30dB,sub-05,triangular-ramp10s,30,8,34,0.984126984126984,0.8861859252823632,0.8805147058823529,0.953125,0.8757828810020877,0.9076923076923076,0.9070702195167542,1023,1148
pareto_mean,sub-05_FDSI_triangular-ramp10s_snr30dB,sub-05,triangular-ramp10s,30,9,35,1.0,0.9544642857142858,0.95179584120983,0.9833333333333332,0.9498399146211312,0.9682539682539684,0.8895155787467957,1070,1119
pareto_mean,sub-05_FDSI_triangular-ramp10s_snr30dB,sub-05,triangular-ramp10s,30,10,39,1.0,0.1430671239588437,0.1193353474320241,0.972972972972973,0.1014412416851441,0.0495867768595041,0.871685802936554,1326,1007
pareto_mean,sub-05_FDSI_triangular-ramp10s_snr30dB,sub-05,triangular-ramp10s,30,11,33,0.9846153846153848,0.0792393026941362,0.0470459518599562,0.6729559748427673,0.032238065716057,0.0275229357798165,0.9080727100372314,855,1188
pareto_mean,sub-05_FDSI_triangular-ramp10s_snr30dB,sub-05,triangular-ramp10s,30,12,16,1.0,0.98368456832087,0.9827833572453372,0.981012658227848,0.9829406986190088,1.0,0.9495787024497986,1447,1471
pareto_mean,sub-05_FDSI_triangular-ramp10s_snr25dB,sub-05,triangular-ramp10s,25,0,43,1.0,0.9930313588850174,0.992619926199262,1.0,0.9916666666666668,1.0,0.9526562094688416,855,861
pareto_mean,sub-05_FDSI_triangular-ramp10s_snr25dB,sub-05,triangular-ramp10s,25,1,35,0.9838709677419356,0.896,0.8908748824082785,0.9083333333333332,0.8895966029723992,0.9682539682539684,0.8762940764427185,1014,1119
pareto_mean,sub-05_FDSI_triangular-ramp10s_snr25dB,sub-05,triangular-ramp10s,25,2,30,1.0,0.9353551476456504,0.9316455696202532,0.9785714285714284,0.9271332694151486,0.9714285714285714,0.8886489868164062,1174,1251
pareto_mean,sub-05_FDSI_triangular-ramp10s_snr25dB,sub-05,triangular-ramp10s,25,3,44,1.0,0.98661800486618,0.9858247422680412,1.0,0.9838709677419356,1.0,0.9579933285713196,811,822
pareto_mean,sub-05_FDSI_triangular-ramp10s_snr25dB,sub-05,triangular-ramp10s,25,4,40,1.0,0.8738461538461538,0.8665943600867679,0.9629629629629628,0.8633004926108374,0.8545454545454545,0.8871545791625977,855,972
pareto_mean,sub-05_FDSI_triangular-ramp10s_snr25dB,sub-05,triangular-ramp10s,25,5,39,0.9272727272727272,0.7199354317998385,0.7103040540540541,0.9469026548672568,0.6938202247191011,0.7586206896551724,0.8361743688583374,1124,1007
pareto_mean,sub-05_FDSI_triangular-ramp10s_snr25dB,sub-05,triangular-ramp10s,25,6,41,0.9615384615384616,0.0808444902162718,0.0566137566137566,0.8532110091743119,0.0367561260210035,0.0526315789473684,0.8518229126930237,1167,932
pareto_mean,sub-05_FDSI_triangular-ramp10s_snr25dB,sub-05,triangular-ramp10s,25,7,31,0.9852941176470588,0.9099025974025974,0.903862660944206,0.9776119402985076,0.8951456310679612,1.0,0.8717724680900574,1127,1226
pareto_mean,sub-05_FDSI_triangular-ramp10s_snr20dB,sub-05,triangular-ramp10s,20,0,43,1.0,0.934959349593496,0.931119311193112,0.946808510638298,0.9291666666666668,1.0,0.9167848229408264,805,861
pareto_mean,sub-05_FDSI_triangular-ramp10s_snr20dB,sub-05,triangular-ramp10s,20,1,44,1.0,0.8888888888888888,0.8825,0.9787234042553192,0.8711048158640227,0.9782608695652174,0.8890514969825745,776,822
pareto_mean,sub-05_FDSI_triangular-ramp10s_snr20dB,sub-05,triangular-ramp10s,20,2,31,0.9264705882352942,0.9095315024232632,0.9069171648163964,0.9626865671641792,0.8985507246376812,0.9710144927536232,0.8596363067626953,1138,1226
pareto_mean,sub-05_FDSI_triangular-ramp10s_snr15dB,sub-05,triangular-ramp10s,15,0,44,0.9565217391304348,0.7968923418423973,0.7883040935672515,0.9787234042553192,0.7647831800262812,0.9565217391304348,0.8016452789306641,797,822
pareto_mean,sub-05_FDSI_triangular-ramp10s_snr15dB,sub-05,triangular-ramp10s,15,1,43,0.9375,0.929316338354577,0.9288343558282208,0.9574468085106383,0.922437673130194,0.9787234042553192,0.8977842330932617,804,861
pareto_mean,sub-05_FDSI_triangular-ramp10s_snr15dB,sub-05,triangular-ramp10s,15,2,31,0.9411764705882352,0.772269558481797,0.761437908496732,0.9328358208955224,0.7412523020257827,0.943661971830986,0.8111585378646851,1062,1226
pareto_mean,sub-05_FDSI_triangular-ramp5s_snr30dB,sub-05,triangular-ramp5s,30,0,44,1.0,0.9950980392156864,0.9948119325551232,0.989010989010989,0.9955817378497792,1.0,0.9582334160804749,812,816
pareto_mean,sub-05_FDSI_triangular-ramp5s_snr30dB,sub-05,triangular-ramp5s,30,1,30,1.0,0.9541864139020536,0.9515455304928988,0.9236111111111112,0.9535545023696682,1.0,0.8586136102676392,1217,1257
pareto_mean,sub-05_FDSI_triangular-ramp5s_snr30dB,sub-05,triangular-ramp5s,30,2,43,1.0,0.9976608187134502,0.997533908754624,0.9782608695652174,0.9972027972027973,1.0,0.9466675519943236,853,855
pareto_mean,sub-05_FDSI_triangular-ramp5s_snr30dB,sub-05,triangular-ramp5s,30,3,41,1.0,0.0803253685815963,0.056338028169014,0.6031746031746031,0.0457705677867902,0.0535714285714285,0.8346473574638367,1192,933
pareto_mean,sub-05_FDSI_triangular-ramp5s_snr30dB,sub-05,triangular-ramp5s,30,4,31,1.0,0.9537337662337664,0.9510309278350516,0.9416058394160584,0.95224171539961,1.0,0.8290209174156189,1178,1229
pareto_mean,sub-05_FDSI_triangular-ramp5s_snr30dB,sub-05,triangular-ramp5s,30,5,36,1.0,0.3769705277587388,0.3502501786990707,0.7967479674796748,0.3644480519480519,0.0490196078431372,0.7459114193916321,908,1101
pareto_mean,sub-05_FDSI_triangular-ramp5s_snr30dB,sub-05,triangular-ramp5s,30,6,35,1.0,0.8487467588591184,0.8404740200546946,0.7846153846153846,0.8464730290456431,0.984375,0.8718180060386658,1010,1129
pareto_mean,sub-05_FDSI_triangular-ramp5s_snr30dB,sub-05,triangular-ramp5s,30,7,34,0.9846153846153848,0.7107843137254902,0.6954270923209663,0.6938775510204082,0.6956521739130435,0.9846153846153848,0.7878313660621643,937,1157
pareto_mean,sub-05_FDSI_triangular-ramp5s_snr30dB,sub-05,triangular-ramp5s,30,8,42,1.0,0.0628815628815628,0.0339836375078665,0.6363636363636364,0.0244926522043387,0.043010752688172,0.9117345213890076,844,897
pareto_mean,sub-05_FDSI_triangular-ramp5s_snr30dB,sub-05,triangular-ramp5s,30,9,16,0.9876543209876544,0.9554489376285128,0.95355587808418,0.9454545454545454,0.953125,0.9873417721518988,0.9351552128791808,1394,1459
pareto_mean,sub-05_FDSI_triangular-ramp5s_snr30dB,sub-05,triangular-ramp5s,30,10,40,1.0,0.1053878034339846,0.0758409785932721,0.7706422018348624,0.0629654705484089,0.04,0.8948268890380859,887,980
pareto_mean,sub-05_FDSI_triangular-ramp5s_snr30dB,sub-05,triangular-ramp5s,30,11,33,0.9696969696969696,0.0654793085385018,0.0330982094411285,0.4685714285714286,0.0340557275541795,0.0490196078431372,0.8927698731422424,847,1187
pareto_mean,sub-05_FDSI_triangular-ramp5s_snr30dB,sub-05,triangular-ramp5s,30,12,29,0.9142857142857144,0.0659553831231813,0.0345864661654135,0.4823529411764706,0.0397727272727272,0.045045045045045,0.774878740310669,926,1272
pareto_mean,sub-05_FDSI_triangular-ramp5s_snr25dB,sub-05,triangular-ramp5s,25,0,43,1.0,0.9742690058479532,0.9728729963008632,0.956043956043956,0.9762237762237762,0.979591836734694,0.9305159449577332,833,855
pareto_mean,sub-05_FDSI_triangular-ramp5s_snr25dB,sub-05,triangular-ramp5s,25,1,44,1.0,0.6337033299697276,0.6162790697674418,0.7373737373737373,0.6028368794326241,0.9782608695652174,0.7543572783470154,803,816
pareto_mean,sub-05_FDSI_triangular-ramp5s_snr25dB,sub-05,triangular-ramp5s,25,2,41,0.98,0.1058631921824104,0.0814732142857142,0.6764705882352942,0.0756923076923077,0.0535714285714285,0.822265625,1104,933
pareto_mean,sub-05_FDSI_triangular-ramp5s_snr25dB,sub-05,triangular-ramp5s,25,3,40,0.9814814814814816,0.7146763901549681,0.700862895493768,0.7058823529411765,0.6998916576381365,0.9818181818181818,0.8133361339569092,901,980
pareto_mean,sub-05_FDSI_triangular-ramp5s_snr25dB,sub-05,triangular-ramp5s,25,4,42,0.9387755102040816,0.0744748567791215,0.0466491458607095,0.5327868852459017,0.0384615384615384,0.043010752688172,0.8771505951881409,791,897
pareto_mean,sub-05_FDSI_triangular-ramp5s_snr25dB,sub-05,triangular-ramp5s,25,5,16,0.9506172839506172,0.9314599040438656,0.93033381712627,0.9333333333333332,0.931687242798354,0.9240506329113924,0.9114128947257996,1359,1459
pareto_mean,sub-05_FDSI_triangular-ramp5s_snr25dB,sub-05,triangular-ramp5s,25,6,31,0.9558823529411764,0.8569157392686805,0.8512605042016806,0.8378378378378378,0.8543876567020251,0.9315068493150684,0.8093293309211731,1107,1229
pareto_mean,sub-05_FDSI_triangular-ramp5s_snr25dB,sub-05,triangular-ramp5s,25,7,36,0.9333333333333332,0.3490746649649011,0.3258128732581287,0.5144927536231884,0.3569811320754717,0.0490196078431372,0.6134945154190063,1013,1101
pareto_mean,sub-05_FDSI_triangular-ramp5s_snr25dB,sub-05,triangular-ramp5s,25,8,35,1.0,0.8034632034632034,0.7926940639269406,0.8,0.7900723888314375,0.984375,0.8142141103744507,954,1129
pareto_mean,sub-05_FDSI_triangular-ramp5s_snr25dB,sub-05,triangular-ramp5s,25,9,30,0.9710144927536232,0.8965244865718799,0.8922305764411027,0.920863309352518,0.8885741265344664,0.9705882352941176,0.8392472863197327,1144,1257
pareto_mean,sub-05_FDSI_triangular-ramp5s_snr20dB,sub-05,triangular-ramp5s,20,0,31,0.9705882352941176,0.8568056648308419,0.8503740648379052,0.9130434782608696,0.8438381937911571,0.9428571428571428,0.8201926946640015,1131,1229
pareto_mean,sub-05_FDSI_triangular-ramp5s_snr20dB,sub-05,triangular-ramp5s,20,1,43,1.0,0.5652173913043478,0.5439377085650723,0.6483516483516484,0.5305105853051059,0.979591836734694,0.7340322732925415,621,855
pareto_mean,sub-05_FDSI_triangular-ramp5s_snr20dB,sub-05,triangular-ramp5s,20,2,44,1.0,0.6170616113744076,0.6,0.7102803738317757,0.5875831485587583,0.9782608695652174,0.6920509338378906,890,816
pareto_mean,sub-05_FDSI_triangular-ramp5s_snr20dB,sub-05,triangular-ramp5s,20,3,41,0.9215686274509804,0.2251109701965757,0.2018348623853211,0.5735294117647058,0.1801055011303692,0.3333333333333333,0.8018292188644409,999,933
pareto_mean,sub-05_FDSI_triangular-ramp5s_snr15dB,sub-05,triangular-ramp5s,15,0,43,0.9090909090909092,0.6792668957617412,0.6670687575392038,0.5714285714285714,0.6766712141882674,0.9183673469387756,0.8240580558776855,611,855
pareto_mean,sub-05_FDSI_triangular-ramp5s_snr15dB,sub-05,triangular-ramp5s,15,1,44,1.0,0.4316939890710382,0.4074074074074074,0.6699029126213593,0.379746835443038,0.9574468085106383,0.74403315782547,756,816
pareto_sum,sub-01_FDSI_staircase_snr30dB,sub-01,staircase,30,0,28,0.9850746268656716,0.9957575757575756,0.9949494949494948,,,,0.990262508392334,1643,1650
pareto_sum,sub-01_FDSI_staircase_snr30dB,sub-01,staircase,30,1,38,1.0,0.9929639401934915,0.9926739926739928,,,,0.9871146082878112,1129,1137
pareto_sum,sub-01_FDSI_staircase_snr30dB,sub-01,staircase,30,2,7,0.9647058823529412,0.9699389384687648,0.970156555772994,,,,0.934965968132019,2065,2129
pareto_sum,sub-01_FDSI_staircase_snr30dB,sub-01,staircase,30,3,37,1.0,0.9842845326716294,0.983634797588286,,,,0.933779001235962,1190,1209
pareto_sum,sub-01_FDSI_staircase_snr30dB,sub-01,staircase,30,4,31,1.0,0.9666884389288048,0.965282505105514,,,,0.9117446541786194,1486,1525
pareto_sum,sub-01_FDSI_staircase_snr30dB,sub-01,staircase,30,5,35,1.0,0.9654913728432108,0.964034401876466,,,,0.919980525970459,1291,1329
pareto_sum,sub-01_FDSI_staircase_snr30dB,sub-01,staircase,30,6,34,1.0,0.994198694706309,0.9939531368102796,,,,0.96153461933136,1371,1379
pareto_sum,sub-01_FDSI_staircase_snr30dB,sub-01,staircase,30,7,36,1.0,0.9968304278922344,0.9966969446738232,,,,0.976546585559845,1258,1262
pareto_sum,sub-01_FDSI_staircase_snr30dB,sub-01,staircase,30,8,24,1.0,0.9717138103161398,0.9705372616984402,,,,0.9365916848182678,1752,1803
pareto_sum,sub-01_FDSI_staircase_snr30dB,sub-01,staircase,30,9,30,1.0,0.9840966921119592,0.9834656084656084,,,,0.9272161722183228,1547,1572
pareto_sum,sub-01_FDSI_staircase_snr30dB,sub-01,staircase,30,10,33,1.0,0.9951048951048952,0.99490538573508,,,,0.9698115587234496,1423,1430
pareto_sum,sub-01_FDSI_staircase_snr30dB,sub-01,staircase,30,11,32,1.0,0.9925925925925926,0.9922698524244554,,,,0.9732413291931152,1474,1485
pareto_sum,sub-01_FDSI_staircase_snr30dB,sub-01,staircase,30,12,22,0.9324324324324323,0.9632034632034632,0.9644870349492672,,,,0.9289215207099916,1781,1847
pareto_sum,sub-01_FDSI_staircase_snr30dB,sub-01,staircase,30,13,29,0.984126984126984,0.9684990735021618,0.967866323907455,,,,0.9171310663223268,1570,1617
pareto_sum,sub-01_FDSI_staircase_snr25dB,sub-01,staircase,25,0,28,0.9850746268656716,0.9933333333333332,0.9924242424242424,,,,0.9706727862358092,1639,1650
pareto_sum,sub-01_FDSI_staircase_snr25dB,sub-01,staircase,25,1,38,1.0,0.9929639401934915,0.9926739926739928,,,,0.980535089969635,1129,1137
pareto_sum,sub-01_FDSI_staircase_snr25dB,sub-01,staircase,25,2,37,1.0,0.9727272727272728,0.9716006884681584,,,,0.9079817533493042,1178,1209
pareto_sum,sub-01_FDSI_staircase_snr25dB,sub-01,staircase,25,3,31,0.967741935483871,0.2516674077367719,0.2313671696387745,,,,0.9130823612213136,1290,1525
pareto_sum,sub-01_FDSI_staircase_snr25dB,sub-01,staircase,25,4,24,0.9722222222222222,0.9683860232945092,0.9682264586943964,,,,0.9338263869285583,1746,1803
pareto_sum,sub-01_FDSI_staircase_snr25dB,sub-01,staircase,25,5,34,1.0,0.9862218999274835,0.9856386999244142,,,,0.9410048127174376,1360,1379
pareto_sum,sub-01_FDSI_staircase_snr25dB,sub-01,staircase,25,6,30,1.0,0.9694656488549618,0.9682539682539684,,,,0.9300863742828368,1524,1572
pareto_sum,sub-01_FDSI_staircase_snr25dB,sub-01,staircase,25,7,36,1.0,0.991283676703645,0.990916597853014,,,,0.9714638590812684,1251,1262
pareto_sum,sub-01_FDSI_staircase_snr25dB,sub-01,staircase,25,8,33,1.0,0.975643702157272,0.9746560463432296,,,,0.9459162950515748,1409,1430
pareto_sum,sub-01_FDSI_staircase_snr25dB,sub-01,staircase,25,9,32,1.0,0.9952861952861952,0.9950808151791988,,,,0.9675288200378418,1478,1485
pareto_sum,sub-01_FDSI_staircase_snr25dB,sub-01,staircase,25,10,35,0.9629629629629628,0.979683972911964,0.9803921568627452,,,,0.9488932490348816,1302,1329
pareto_sum,sub-01_FDSI_staircase_snr25dB,sub-01,staircase,25,11,29,0.9206349206349206,0.2520084566596194,0.2337098175499565,,,,0.8533610701560974,1344,1617
pareto_sum,sub-01_FDSI_staircase_snr20dB,sub-01,staircase,20,0,28,0.9850746268656716,0.9957575757575756,0.9949494949494948,,,,0.9871330857276917,1643,1650
pareto_sum,sub-01_FDSI_staircase_snr20dB,sub-01,staircase,20,1,38,1.0,0.992084432717678,0.9917582417582418,,,,0.9658883810043336,1128,1137
pareto_sum,sub-01_FDSI_staircase_snr20dB,sub-01,staircase,20,2,36,1.0,0.991283676703645,0.990916597853014,,,,0.9624673128128052,1251,1262
pareto_sum,sub-01_FDSI_staircase_snr20dB,sub-01,staircase,20,3,37,0.9791666666666666,0.9488448844884488,0.947594501718213,,,,0.8994989991188049,1153,1209
pareto_sum,sub-01_FDSI_staircase_snr20dB,sub-01,staircase,20,4,34,0.9821428571428572,0.9666908037653874,0.9660377358490566,,,,0.9121509194374084,1337,1379
pareto_sum,sub-01_FDSI_staircase_snr20dB,sub-01,staircase,20,5,32,1.0,0.9885521885521884,0.98805340829234,,,,0.9582266807556152,1468,1485
pareto_sum,sub-01_FDSI_staircase_snr15dB,sub-01,staircase,15,0,28,0.9850746268656716,0.9957575757575756,0.9949494949494948,,,,0.983799695968628,1643,1650
pareto_sum,sub-01_FDSI_staircase_snr15dB,sub-01,staircase,15,1,38,1.0,0.9868073878627968,0.9862637362637364,,,,0.935278058052063,1122,1137
pareto_sum,sub-01_FDSI_staircase_snr15dB,sub-01,staircase,15,2,36,0.9803921568627452,0.9595879556259904,0.9587118084227912,,,,0.9329856634140016,1211,1262
pareto_sum,sub-01_FDSI_staircase_snr15dB,sub-01,staircase,15,3,34,0.9285714285714286,0.8768472906403941,0.8747252747252747,,,,0.8631401658058167,1288,1379
pareto_sum,sub-01_FDSI_staircase_snr15dB,sub-01,staircase,15,4,32,0.9516129032258064,0.9456010745466756,0.9453398738612474,,,,0.9288670420646667,1412,1485
pareto_sum,sub-01_FDSI_triangular-ramp40s_snr30dB,sub-01,triangular-ramp40s,30,0,28,1.0,0.9974747474747476,0.997326203208556,1.0,0.997983870967742,0.9846153846153848,0.9897297024726868,1185,1188
pareto_sum,sub-01_FDSI_triangular-ramp40s_snr30dB,sub-01,triangular-ramp40s,30,1,32,1.0,0.9981167608286252,0.99800796812749,1.0,0.9988674971687428,0.9833333333333332,0.9770074486732484,1060,1062
pareto_sum,sub-01_FDSI_triangular-ramp40s_snr30dB,sub-01,triangular-ramp40s,30,2,30,1.0,0.9947229551451188,0.9944186046511628,1.0,0.9936708860759492,1.0,0.9665985703468324,1131,1137
pareto_sum,sub-01_FDSI_triangular-ramp40s_snr30dB,sub-01,triangular-ramp40s,30,3,37,1.0,0.9733178654292344,0.9717791411042944,1.0,0.9680111265646733,1.0,0.8742388486862183,840,861
pareto_sum,sub-01_FDSI_triangular-ramp40s_snr30dB,sub-01,triangular-ramp40s,30,4,34,0.9821428571428572,0.9897645854657112,0.9880694143167028,0.9910714285714286,0.9876695437731196,0.9818181818181818,0.962105393409729,967,977
pareto_sum,sub-01_FDSI_triangular-ramp40s_snr30dB,sub-01,triangular-ramp40s,30,5,35,1.0,0.9831223628691984,0.9821627647714604,1.0,0.9797979797979798,1.0,0.9396729469299316,932,948
pareto_sum,sub-01_FDSI_triangular-ramp40s_snr30dB,sub-01,triangular-ramp40s,30,6,24,0.9855072463768116,0.9750778816199376,0.974485596707819,0.9856115107913668,0.972972972972973,0.9861111111111112,0.9487881064414978,1252,1284
pareto_sum,sub-01_FDSI_triangular-ramp40s_snr30dB,sub-01,triangular-ramp40s,30,7,38,1.0,0.9975429975429976,0.9974025974025974,1.0,0.9970501474926252,1.0,0.98488050699234,812,814
pareto_sum,sub-01_FDSI_triangular-ramp40s_snr30dB,sub-01,triangular-ramp40s,30,8,33,1.0,0.9882583170254404,0.9875776397515528,1.0,0.9858989424206815,1.0,0.9608964920043944,1010,1022
pareto_sum,sub-01_FDSI_triangular-ramp40s_snr30dB,sub-01,triangular-ramp40s,30,9,36,1.0,0.9911797133406836,0.9906759906759908,1.0,0.9894875164257556,1.0,0.9726889729499816,899,907
pareto_sum,sub-01_FDSI_triangular-ramp40s_snr30dB,sub-01,triangular-ramp40s,30,10,29,0.9682539682539684,0.9776824034334765,0.9782214156079856,0.9763779527559056,0.9763374485596708,1.0,0.92634779214859,1141,1163
pareto_sum,sub-01_FDSI_triangular-ramp40s_snr30dB,sub-01,triangular-ramp40s,30,11,31,1.0,0.9881710646041856,0.9875,1.0,0.9847494553376906,0.984126984126984,0.949715793132782,1086,1099
pareto_sum,sub-01_FDSI_triangular-ramp40s_snr30dB,sub-01,triangular-ramp40s,30,12,22,0.9333333333333332,0.95717505634861,0.9585987261146496,0.9455782312925172,0.954177897574124,1.0,0.9269965887069702,1275,1330
pareto_sum,sub-01_FDSI_triangular-ramp40s_snr30dB,sub-01,triangular-ramp40s,30,13,7,0.902439024390244,0.9070072036673216,0.9072664359861592,0.874251497005988,0.9073783359497644,0.9651162790697676,0.9225708842277528,1385,1527
pareto_sum,sub-01_FDSI_triangular-ramp40s_snr25dB,sub-01,triangular-ramp40s,25,0,28,1.0,0.9966329966329966,0.9964349376114082,1.0,0.9969758064516128,0.9846153846153848,0.9899683594703674,1184,1188
pareto_sum,sub-01_FDSI_triangular-ramp40s_snr25dB,sub-01,triangular-ramp40s,25,1,32,1.0,0.9915254237288136,0.9910358565737052,1.0,0.9898074745186864,1.0,0.9690457582473756,1053,1062
pareto_sum,sub-01_FDSI_triangular-ramp40s_snr25dB,sub-01,triangular-ramp40s,25,2,37,1.0,0.9363425925925926,0.9326805385556916,1.0,0.9237170596393898,1.0,0.8610207438468933,812,861
pareto_sum,sub-01_FDSI_triangular-ramp40s_snr25dB,sub-01,triangular-ramp40s,25,3,24,0.927536231884058,0.955607476635514,0.9572016460905348,0.920863309352518,0.9562383612662942,0.9861111111111112,0.9297252297401428,1227,1284
pareto_sum,sub-01_FDSI_triangular-ramp40s_snr25dB,sub-01,triangular-ramp40s,25,4,34,0.9642857142857144,0.984646878198567,0.9837310195227764,0.9821428571428572,0.9815043156596794,1.0,0.9402574300765992,962,977
pareto_sum,sub-01_FDSI_triangular-ramp40s_snr25dB,sub-01,triangular-ramp40s,25,5,38,1.0,0.9975429975429976,0.9974025974025974,1.0,0.9970501474926252,1.0,0.9836339950561525,812,814
pareto_sum,sub-01_FDSI_triangular-ramp40s_snr25dB,sub-01,triangular-ramp40s,25,6,29,0.9523809523809524,0.2615384615384615,0.2347879532882606,0.9448818897637796,0.2190082644628099,0.036036036036036,0.842921793460846,969,1163
pareto_sum,sub-01_FDSI_triangular-ramp40s_snr25dB,sub-01,triangular-ramp40s,25,7,30,1.0,0.988566402814424,0.987906976744186,1.0,0.9862869198312236,1.0,0.958524763584137,1124,1137
pareto_sum,sub-01_FDSI_triangular-ramp40s_snr25dB,sub-01,triangular-ramp40s,25,8,36,1.0,0.9944873208379272,0.9941724941724942,1.0,0.9921156373193168,0.98,0.9713822603225708,902,907
pareto_sum,sub-01_FDSI_triangular-ramp40s_snr25dB,sub-01,triangular-ramp40s,25,9,35,0.9803921568627452,0.963157894736842,0.9621802002224694,0.9805825242718448,0.958490566037736,0.9622641509433962,0.920918583869934,917,948
pareto_sum,sub-01_FDSI_triangular-ramp40s_snr25dB,sub-01,triangular-ramp40s,25,10,31,0.9830508474576272,0.2536005009392611,0.2256176853055916,0.9747899159663864,0.2086068563092633,0.0576923076923076,0.9028267860412598,903,1099
pareto_sum,sub-01_FDSI_triangular-ramp40s_snr25dB,sub-01,triangular-ramp40s,25,11,33,0.9821428571428572,0.1154684095860566,0.0882022471910112,0.9642857142857144,0.0614525139664804,0.0825688073394495,0.8668140172958374,1026,1022
pareto_sum,sub-01_FDSI_triangular-ramp40s_snr20dB,sub-01,triangular-ramp40s,20,0,28,1.0,0.9949494949494948,0.9946524064171124,1.0,0.9939516129032258,1.0,0.9881448149681092,1182,1188
pareto_sum,sub-01_FDSI_triangular-ramp40s_snr20dB,sub-01,triangular-ramp40s,20,1,32,1.0,0.9905838041431262,0.9900398406374502,0.9915966386554622,0.9898074745186864,1.0,0.9549250602722168,1052,1062
pareto_sum,sub-01_FDSI_triangular-ramp40s_snr20dB,sub-01,triangular-ramp40s,20,2,38,1.0,0.995085995085995,0.9948051948051948,1.0,0.9941002949852508,1.0,0.9711077213287354,810,814
pareto_sum,sub-01_FDSI_triangular-ramp40s_snr20dB,sub-01,triangular-ramp40s,20,3,35,0.9019607843137256,0.7831325301204819,0.7767195767195767,0.8761904761904762,0.7694145758661888,0.8148148148148148,0.8423027992248535,828,948
pareto_sum,sub-01_FDSI_triangular-ramp40s_snr20dB,sub-01,triangular-ramp40s,20,4,36,1.0,0.9911797133406836,0.9906759906759908,1.0,0.988173455978975,0.98,0.9628121852874756,899,907
pareto_sum,sub-01_FDSI_triangular-ramp40s_snr20dB,sub-01,triangular-ramp40s,20,5,34,0.9642857142857144,0.949238578680203,0.946236559139785,0.9821428571428572,0.9401709401709402,0.9818181818181818,0.8966954946517944,943,977
pareto_sum,sub-01_FDSI_triangular-ramp40s_snr20dB,sub-01,triangular-ramp40s,20,6,37,0.9148936170212766,0.9455388180764774,0.9473039215686274,0.946808510638298,0.9430555555555556,0.979591836734694,0.8979578018188477,818,861
pareto_sum,sub-01_FDSI_triangular-ramp40s_snr15dB,sub-01,triangular-ramp40s,15,0,28,1.0,0.9949494949494948,0.9946524064171124,1.0,0.9939516129032258,1.0,0.984620213508606,1182,1188
pareto_sum,sub-01_FDSI_triangular-ramp40s_snr15dB,sub-01,triangular-ramp40s,15,1,34,0.9107142857142856,0.8733798604187437,0.869198312236287,0.9553571428571428,0.8554360812425329,0.9454545454545454,0.8383350968360901,902,977
pareto_sum,sub-01_FDSI_triangular-ramp40s_snr15dB,sub-01,triangular-ramp40s,15,2,36,0.9183673469387756,0.9790518191841234,0.9825174825174824,0.9484536082474226,0.9802890932982916,0.98,0.9211570620536804,888,907
pareto_sum,sub-01_FDSI_triangular-ramp40s_snr15dB,sub-01,triangular-ramp40s,15,3,38,1.0,0.9852579852579852,0.9844155844155844,1.0,0.9823008849557522,1.0,0.9147951602935792,802,814
pareto_sum,sub-01_FDSI_triangular-ramp20s_snr30dB,sub-01,triangular-ramp20s,30,0,36,1.0,0.9934138309549944,0.9930232558139536,0.9805825242718448,0.9921052631578948,1.0,0.9786595702171326,905,911
pareto_sum,sub-01_FDSI_triangular-ramp20s_snr30dB,sub-01,triangular-ramp20s,30,1,38,1.0,0.9950556242274412,0.9947780678851176,1.0,0.994074074074074,1.0,0.9807248115539552,805,809
pareto_sum,sub-01_FDSI_triangular-ramp20s_snr30dB,sub-01,triangular-ramp20s,30,2,28,1.0,0.994186046511628,0.993838028169014,1.0,0.993006993006993,1.0,0.9840987920761108,1197,1204
pareto_sum,sub-01_FDSI_triangular-ramp20s_snr30dB,sub-01,triangular-ramp20s,30,3,35,1.0,0.974869109947644,0.9733924611973392,1.0,0.9698492462311558,1.0,0.9309715032577516,932,954
pareto_sum,sub-01_FDSI_triangular-ramp20s_snr30dB,sub-01,triangular-ramp20s,30,4,34,1.0,0.9928934010152284,0.992497320471597,1.0,0.991504854368932,1.0,0.9471726417541504,978,985
pareto_sum,sub-01_FDSI_triangular-ramp20s_snr30dB,sub-01,triangular-ramp20s,30,5,32,1.0,0.995291902071563,0.9950149551345964,1.0,0.9943630214205186,1.0,0.9620755910873412,1057,1062
pareto_sum,sub-01_FDSI_triangular-ramp20s_snr30dB,sub-01,triangular-ramp20s,30,6,37,1.0,0.1483830057070387,0.1210732984293193,1.0,0.0986321094312455,0.0439560439560439,0.7368963360786438,940,871
pareto_sum,sub-01_FDSI_triangular-ramp20s_snr30dB,sub-01,triangular-ramp20s,30,7,24,0.9859154929577464,0.9852598913886734,0.9852216748768472,0.971830985915493,0.9860594795539034,1.0,0.94749253988266,1270,1289
pareto_sum,sub-01_FDSI_triangular-ramp20s_snr30dB,sub-01,triangular-ramp20s,30,8,33,1.0,0.2856196156394963,0.2575757575757575,1.0,0.242846094354215,0.0510204081632653,0.8772886395454407,919,1021
pareto_sum,sub-01_FDSI_triangular-ramp20s_snr30dB,sub-01,triangular-ramp20s,30,9,30,1.0,0.9982190560997328,0.998114985862394,1.0,0.9978563772775992,1.0,0.9689555168151855,1121,1123
pareto_sum,sub-01_FDSI_triangular-ramp20s_snr30dB,sub-01,triangular-ramp20s,30,10,31,1.0,0.1600941730429664,0.1293471629042099,0.9917355371900828,0.1012228260869565,0.0380952380952381,0.9345738291740416,880,1091
pareto_sum,sub-01_FDSI_triangular-ramp20s_snr30dB,sub-01,triangular-ramp20s,30,11,29,0.9846153846153848,0.143010752688172,0.1125348189415041,0.992248062015504,0.0840543881334981,0.0648148148148148,0.8976218700408936,964,1162
pareto_sum,sub-01_FDSI_triangular-ramp20s_snr30dB,sub-01,triangular-ramp20s,30,12,13,0.9,0.8855013550135501,0.8846704871060171,0.9202453987730062,0.878345498783455,0.9012345679012346,0.9006651043891907,1309,1474
pareto_sum,sub-01_FDSI_triangular-ramp20s_snr30dB,sub-01,triangular-ramp20s,30,13,22,1.0,0.955871353777113,0.9532488114104596,0.9666666666666668,0.9522952295229524,0.986842105263158,0.92033451795578,1278,1337
pareto_sum,sub-01_FDSI_triangular-ramp20s_snr25dB,sub-01,triangular-ramp20s,25,0,36,1.0,0.9934138309549944,0.9930232558139536,0.9805825242718448,0.9921052631578948,1.0,0.968777596950531,905,911
pareto_sum,sub-01_FDSI_triangular-ramp20s_snr25dB,sub-01,triangular-ramp20s,25,1,38,1.0,0.9950556242274412,0.9947780678851176,1.0,0.994074074074074,1.0,0.974876880645752,805,809
pareto_sum,sub-01_FDSI_triangular-ramp20s_snr25dB,sub-01,triangular-ramp20s,25,2,28,1.0,0.9950166112956812,0.9947183098591548,1.0,0.994005994005994,1.0,0.9860069155693054,1198,1204
pareto_sum,sub-01_FDSI_triangular-ramp20s_snr25dB,sub-01,triangular-ramp20s,25,3,34,1.0,0.9807497467071936,0.9796791443850268,1.0,0.976997578692494,1.0,0.91960871219635,970,985
pareto_sum,sub-01_FDSI_triangular-ramp20s_snr25dB,sub-01,triangular-ramp20s,25,4,35,1.0,0.9086188992731048,0.9032967032967032,1.0,0.8905472636815921,1.0,0.8952754735946655,884,954
pareto_sum,sub-01_FDSI_triangular-ramp20s_snr25dB,sub-01,triangular-ramp20s,25,5,32,1.0,0.9905838041431262,0.9900299102691924,0.982608695652174,0.990990990990991,0.9666666666666668,0.9636021852493286,1052,1062
pareto_sum,sub-01_FDSI_triangular-ramp20s_snr25dB,sub-01,triangular-ramp20s,25,6,37,1.0,0.1302657161373946,0.1017402945113788,0.9894736842105264,0.0775480059084195,0.0434782608695652,0.7641493678092957,873,871
pareto_sum,sub-01_FDSI_triangular-ramp20s_snr25dB,sub-01,triangular-ramp20s,25,7,31,0.9666666666666668,0.1452546296296296,0.1157074340527578,0.9586776859504132,0.0878828229027962,0.0485436893203883,0.8936414122581482,888,1091
pareto_sum,sub-01_FDSI_triangular-ramp20s_snr25dB,sub-01,triangular-ramp20s,25,8,30,0.9838709677419356,0.9777580071174378,0.9774011299435028,0.992063492063492,0.9753747323340471,0.984375,0.9521056413650512,1100,1123
pareto_sum,sub-01_FDSI_triangular-ramp20s_snr25dB,sub-01,triangular-ramp20s,25,9,33,0.9298245614035088,0.151766004415011,0.1264957264957265,0.9565217391304348,0.1029040404040404,0.0454545454545454,0.9121921062469482,1066,1021
pareto_sum,sub-01_FDSI_triangular-ramp20s_snr25dB,sub-01,triangular-ramp20s,25,10,22,0.9066666666666666,0.8548268238761975,0.8517940717628705,0.88,0.8451327433628318,0.948051948051948,0.8844329714775085,1180,1337
pareto_sum,sub-01_FDSI_triangular-ramp20s_snr20dB,sub-01,triangular-ramp20s,20,0,38,1.0,0.9938195302843016,0.9934725848563968,1.0,0.9925925925925926,1.0,0.9500792026519777,804,809
pareto_sum,sub-01_FDSI_triangular-ramp20s_snr20dB,sub-01,triangular-ramp20s,20,1,32,1.0,0.9811676082862524,0.9800598205383848,0.991304347826087,0.9774774774774776,0.9833333333333332,0.9442179799079896,1042,1062
pareto_sum,sub-01_FDSI_triangular-ramp20s_snr20dB,sub-01,triangular-ramp20s,20,2,28,1.0,0.9958471760797342,0.9955985915492958,0.9925373134328358,0.996003996003996,1.0,0.9860254526138306,1199,1204
pareto_sum,sub-01_FDSI_triangular-ramp20s_snr20dB,sub-01,triangular-ramp20s,20,3,36,1.0,0.991218441273326,0.9906976744186048,0.9902912621359224,0.988157894736842,1.0,0.9284281730651855,903,911
pareto_sum,sub-01_FDSI_triangular-ramp20s_snr20dB,sub-01,triangular-ramp20s,20,4,34,1.0,0.909456740442656,0.9044585987261148,0.9905660377358492,0.8931572629051621,1.0,0.875210702419281,913,985
pareto_sum,sub-01_FDSI_triangular-ramp20s_snr15dB,sub-01,triangular-ramp20s,15,0,28,1.0,0.9950166112956812,0.9947183098591548,1.0,0.995004995004995,0.9855072463768116,0.9836517572402954,1198,1204
pareto_sum,sub-01_FDSI_triangular-ramp20s_snr15dB,sub-01,triangular-ramp20s,15,1,38,1.0,0.94124847001224,0.937984496124031,1.0,0.931185944363104,0.9787234042553192,0.8908926248550415,777,809
pareto_sum,sub-01_FDSI_triangular-ramp20s_snr15dB,sub-01,triangular-ramp20s,15,2,32,0.9830508474576272,0.953095684803002,0.9513406156901688,0.982608695652174,0.9495515695067264,0.9166666666666666,0.9086190462112428,1020,1062
pareto_sum,sub-01_FDSI_triangular-ramp20s_snr15dB,sub-01,triangular-ramp20s,15,3,36,0.9019607843137256,0.9517014270032932,0.9546511627906976,0.9223300970873788,0.9526315789473684,0.9591836734693876,0.8853927254676819,867,911
pareto_sum,sub-01_FDSI_triangular-ramp10s_snr30dB,sub-01,triangular-ramp10s,30,0,32,1.0,0.1051752921535893,0.0753306497987349,0.9915254237288136,0.0432020330368487,0.0686274509803921,0.9293729662895204,920,1066
pareto_sum,sub-01_FDSI_triangular-ramp10s_snr30dB,sub-01,triangular-ramp10s,30,1,30,1.0,0.2689950980392157,0.2410941475826972,0.991869918699187,0.225071225071225,0.06,0.8973188400268555,939,1132
pareto_sum,sub-01_FDSI_triangular-ramp10s_snr30dB,sub-01,triangular-ramp10s,30,2,36,1.0,0.9955654101995566,0.9952996474735604,0.99009900990099,0.9973333333333332,0.9803921568627452,0.91253399848938,898,902
pareto_sum,sub-01_FDSI_triangular-ramp10s_snr30dB,sub-01,triangular-ramp10s,30,3,35,1.0,0.977035490605428,0.9756906077348066,0.981132075471698,0.975,1.0,0.9473307728767396,939,955
pareto_sum,sub-01_FDSI_triangular-ramp10s_snr30dB,sub-01,triangular-ramp10s,30,4,38,1.0,0.0839002267573696,0.0612244897959183,1.0,0.0364217252396166,0.0588235294117647,0.9195939898490906,1093,819
pareto_sum,sub-01_FDSI_triangular-ramp10s_snr30dB,sub-01,triangular-ramp10s,30,5,7,0.9047619047619048,0.9060272197018796,0.906100068540096,0.8816568047337278,0.908385093167702,0.9186046511627908,0.901906430721283,1401,1540
pareto_sum,sub-01_FDSI_triangular-ramp10s_snr30dB,sub-01,triangular-ramp10s,30,6,34,1.0,0.981981981981982,0.9809523809523808,0.981651376146789,0.9808153477218226,1.0,0.9149828553199768,984,996
pareto_sum,sub-01_FDSI_triangular-ramp10s_snr30dB,sub-01,triangular-ramp10s,30,7,28,1.0,0.9966386554621848,0.9964381121994658,1.0,0.997979797979798,0.9692307692307692,0.9713853001594543,1186,1190
pareto_sum,sub-01_FDSI_triangular-ramp10s_snr30dB,sub-01,triangular-ramp10s,30,8,33,1.0,0.1755447941888619,0.1460815047021943,0.9913793103448276,0.1204735376044568,0.0515463917525773,0.880977213382721,903,1039
pareto_sum,sub-01_FDSI_triangular-ramp10s_snr30dB,sub-01,triangular-ramp10s,30,9,37,1.0,0.0803571428571428,0.051939513477975,0.9578947368421052,0.028281363306744,0.0588235294117647,0.872830867767334,825,869
pareto_sum,sub-01_FDSI_triangular-ramp10s_snr30dB,sub-01,triangular-ramp10s,30,10,31,1.0,0.2392815758980301,0.2109375,1.0,0.1916329284750337,0.0603448275862069,0.8979978561401367,1034,1105
pareto_sum,sub-01_FDSI_triangular-ramp10s_snr30dB,sub-01,triangular-ramp10s,30,11,24,1.0,0.9556765163297044,0.9530864197530864,0.9645390070921984,0.9526022304832714,0.9855072463768116,0.9170673489570618,1229,1286
pareto_sum,sub-01_FDSI_triangular-ramp10s_snr30dB,sub-01,triangular-ramp10s,30,12,22,0.9178082191780822,0.3596924766611751,0.3363844393592677,0.9319727891156464,0.3324725629438347,0.0578512396694214,0.8252668380737305,1141,1335
pareto_sum,sub-01_FDSI_triangular-ramp10s_snr30dB,sub-01,triangular-ramp10s,30,13,29,0.9846153846153848,0.0896300156331422,0.058252427184466,0.9057971014492754,0.0319469559975889,0.0642201834862385,0.9333241581916808,929,1162
pareto_sum,sub-01_FDSI_triangular-ramp10s_snr25dB,sub-01,triangular-ramp10s,25,0,30,1.0,0.0929081913139087,0.0619670267197271,0.968,0.0295783511642542,0.06,0.9391671419143676,856,1132
pareto_sum,sub-01_FDSI_triangular-ramp10s_snr25dB,sub-01,triangular-ramp10s,25,1,36,1.0,0.9767184035476718,0.9753231492361928,1.0,0.9733333333333334,0.9803921568627452,0.8918303847312927,881,902
pareto_sum,sub-01_FDSI_triangular-ramp10s_snr25dB,sub-01,triangular-ramp10s,25,2,38,1.0,0.5770712909441233,0.5574596774193549,1.0,0.5936768149882904,0.0444444444444444,0.7746400833129883,818,819
pareto_sum,sub-01_FDSI_triangular-ramp10s_snr25dB,sub-01,triangular-ramp10s,25,3,35,1.0,0.1359953703703703,0.1086567164179104,0.9439252336448598,0.086354647330257,0.07,0.8409983515739441,1008,955
pareto_sum,sub-01_FDSI_triangular-ramp10s_snr25dB,sub-01,triangular-ramp10s,25,4,32,1.0,0.1202090592334494,0.0895432692307692,0.9915254237288136,0.0591755319148936,0.086021505376344,0.9373212456703186,863,1066
pareto_sum,sub-01_FDSI_triangular-ramp10s_snr25dB,sub-01,triangular-ramp10s,25,5,28,1.0,0.9966386554621848,0.9964381121994658,1.0,0.997979797979798,0.9692307692307692,0.9695340394973756,1186,1190
pareto_sum,sub-01_FDSI_triangular-ramp10s_snr25dB,sub-01,triangular-ramp10s,25,6,31,0.9516129032258064,0.4302246426140231,0.4072494669509595,0.968,0.3566978193146417,0.8833333333333333,0.8829616904258728,996,1105
pareto_sum,sub-01_FDSI_triangular-ramp10s_snr25dB,sub-01,triangular-ramp10s,25,7,37,1.0,0.07421875,0.0449966420416386,0.8645833333333334,0.026002971768202,0.0588235294117647,0.8707594275474548,781,869
pareto_sum,sub-01_FDSI_triangular-ramp10s_snr25dB,sub-01,triangular-ramp10s,25,8,34,1.0,0.7978620019436345,0.7866666666666666,0.981651376146789,0.8182870370370371,0.125,0.86913001537323,854,996
pareto_sum,sub-01_FDSI_triangular-ramp10s_snr25dB,sub-01,triangular-ramp10s,25,9,33,0.9824561403508772,0.0675453047775947,0.0379818594104308,0.5815602836879432,0.0340179717586649,0.0377358490566037,0.9157153367996216,905,1039
pareto_sum,sub-01_FDSI_triangular-ramp10s_snr25dB,sub-01,triangular-ramp10s,25,10,24,0.9577464788732394,0.912875867386276,0.9102773246329527,0.9290780141843972,0.906163753449862,0.9855072463768116,0.8903775215148926,1195,1286
pareto_sum,sub-01_FDSI_triangular-ramp10s_snr20dB,sub-01,triangular-ramp10s,20,0,34,1.0,0.1022610483042137,0.0766384778012684,0.981651376146789,0.0505520046484602,0.0341880341880341,0.9184707403182985,1149,996
pareto_sum,sub-01_FDSI_triangular-ramp10s_snr20dB,sub-01,triangular-ramp10s,20,1,30,0.9166666666666666,0.0779867256637168,0.0491990846681922,0.7883211678832117,0.0322997416020671,0.06,0.8461792469024658,817,1132
pareto_sum,sub-01_FDSI_triangular-ramp10s_snr20dB,sub-01,triangular-ramp10s,20,2,36,1.0,0.9503858875413452,0.947429906542056,1.0,0.9429708222811672,1.0,0.852016270160675,867,902
pareto_sum,sub-01_FDSI_triangular-ramp10s_snr20dB,sub-01,triangular-ramp10s,20,3,32,0.9827586206896552,0.9380127620783956,0.935514918190568,0.9830508474576272,0.9283387622149836,1.0,0.9020994901657104,1060,1066
pareto_sum,sub-01_FDSI_triangular-ramp10s_snr20dB,sub-01,triangular-ramp10s,20,4,38,1.0,0.6928176795580111,0.6763678696158324,0.9456521739130436,0.6497395833333334,1.0,0.7620731592178345,713,819
pareto_sum,sub-01_FDSI_triangular-ramp10s_snr20dB,sub-01,triangular-ramp10s,20,5,35,0.981132075471698,0.1798088410991636,0.1536088834053053,0.9090909090909092,0.1251700680272109,0.1808510638297872,0.7998544573783875,1020,955
pareto_sum,sub-01_FDSI_triangular-ramp10s_snr20dB,sub-01,triangular-ramp10s,20,6,37,0.9361702127659576,0.0701978302488832,0.0434210526315789,0.8210526315789474,0.0306122448979591,0.0588235294117647,0.9044904112815856,808,869
pareto_sum,sub-01_FDSI_triangular-ramp10s_snr20dB,sub-01,triangular-ramp10s,20,7,28,1.0,0.9957983193277312,0.9955476402493322,1.0,0.996969696969697,0.9692307692307692,0.9615845084190368,1185,1190
pareto_sum,sub-01_FDSI_triangular-ramp10s_snr15dB,sub-01,triangular-ramp10s,15,0,28,1.0,0.9991596638655462,0.9991095280498664,1.0,0.998989898989899,1.0,0.9796084761619568,1189,1190
pareto_sum,sub-01_FDSI_triangular-ramp10s_snr15dB,sub-01,triangular-ramp10s,15,1,36,0.9803921568627452,0.575187969924812,0.6355140186915887,0.9504950495049505,0.6953316953316954,0.8679245283018868,0.8155032396316528,774,902
pareto_sum,sub-01_FDSI_triangular-ramp10s_snr15dB,sub-01,triangular-ramp10s,15,2,38,1.0,0.6105577689243028,0.5918580375782881,0.8969072164948454,0.5601851851851852,0.9767441860465116,0.7144697308540344,798,819
pareto_sum,sub-01_FDSI_triangular-ramp10s_snr15dB,sub-01,triangular-ramp10s,15,3,34,0.9074074074074074,0.0958762886597938,0.0726405090137857,0.9,0.0496785505552308,0.0341880341880341,0.909311592578888,1130,996
pareto_sum,sub-01_FDSI_triangular-ramp5s_snr30dB,sub-01,triangular-ramp5s,30,0,32,1.0,0.065111231687466,0.0336511497476163,0.5228758169934641,0.0311111111111111,0.0392156862745098,0.8864928483963013,897,1066
pareto_sum,sub-01_FDSI_triangular-ramp5s_snr30dB,sub-01,triangular-ramp5s,30,1,36,1.0,0.9955947136563876,0.9953434225844005,1.0,0.9947229551451188,1.0,0.9725445508956908,904,908
pareto_sum,sub-01_FDSI_triangular-ramp5s_snr30dB,sub-01,triangular-ramp5s,30,2,28,1.0,0.9966386554621848,0.9964381121994658,1.0,0.9949596774193548,0.9850746268656716,0.974099099636078,1186,1190
pareto_sum,sub-01_FDSI_triangular-ramp5s_snr30dB,sub-01,triangular-ramp5s,30,3,38,1.0,0.9876543209876544,0.9868938401048492,0.9893617021276596,0.988095238095238,0.9772727272727272,0.9574044346809388,800,810
pareto_sum,sub-01_FDSI_triangular-ramp5s_snr30dB,sub-01,triangular-ramp5s,30,4,37,1.0,0.0663834306956983,0.0430048992923244,0.780952380952381,0.0289680144840072,0.0545454545454545,0.9576204419136048,1145,863
pareto_sum,sub-01_FDSI_triangular-ramp5s_snr30dB,sub-01,triangular-ramp5s,30,5,33,1.0,0.0674157303370786,0.0404624277456647,0.6142857142857143,0.0324675324675324,0.0747663551401869,0.8812806010246277,1068,1022
pareto_sum,sub-01_FDSI_triangular-ramp5s_snr30dB,sub-01,triangular-ramp5s,30,6,34,1.0,0.9828109201213346,0.9818181818181818,0.9908256880733946,0.9806529625151148,1.0,0.8867815136909485,973,988
pareto_sum,sub-01_FDSI_triangular-ramp5s_snr30dB,sub-01,triangular-ramp5s,30,7,31,1.0,0.4627696590118302,0.438953488372093,0.7338129496402878,0.4082457558609539,0.9508196721311476,0.8819482922554016,992,1110
pareto_sum,sub-01_FDSI_triangular-ramp5s_snr30dB,sub-01,triangular-ramp5s,30,8,24,1.0,0.9239543726235742,0.91941982272361,0.9205298013245032,0.9204025617566332,0.9583333333333334,0.8959594368934631,1233,1297
pareto_sum,sub-01_FDSI_triangular-ramp5s_snr30dB,sub-01,triangular-ramp5s,30,9,30,1.0,0.0737430167597765,0.0405092592592592,0.625,0.0301837270341207,0.05,0.8910223841667175,793,1129
pareto_sum,sub-01_FDSI_triangular-ramp5s_snr30dB,sub-01,triangular-ramp5s,30,10,35,1.0,0.0713884204609331,0.0423188405797101,0.5757575757575758,0.0297157622739018,0.0505050505050505,0.8595740795135498,946,960
pareto_sum,sub-01_FDSI_triangular-ramp5s_snr30dB,sub-01,triangular-ramp5s,30,11,22,0.9733333333333334,0.8328571428571429,0.8249056603773585,0.7391304347826086,0.8374892519346517,0.9605263157894736,0.8586918115615845,1227,1339
pareto_sum,sub-01_FDSI_triangular-ramp5s_snr30dB,sub-01,triangular-ramp5s,30,12,29,0.9682539682539684,0.0723140495867768,0.0421783235451147,0.5769230769230769,0.0318318318318318,0.0467289719626168,0.9405317902565002,922,1154
pareto_sum,sub-01_FDSI_triangular-ramp5s_snr25dB,sub-01,triangular-ramp5s,25,0,36,1.0,0.9911894273127754,0.9906868451688008,1.0,0.9894459102902374,1.0,0.9593427181243896,900,908
pareto_sum,sub-01_FDSI_triangular-ramp5s_snr25dB,sub-01,triangular-ramp5s,25,1,32,1.0,0.9041218637992832,0.8986742424242424,0.8617886178861789,0.9036402569593148,1.0,0.8768052458763123,1059,1066
pareto_sum,sub-01_FDSI_triangular-ramp5s_snr25dB,sub-01,triangular-ramp5s,25,2,28,1.0,0.9974789915966388,0.9973285841495992,1.0,0.995967741935484,0.9850746268656716,0.9682702422142028,1187,1190
pareto_sum,sub-01_FDSI_triangular-ramp5s_snr25dB,sub-01,triangular-ramp5s,25,3,37,1.0,0.0802588996763754,0.0520346897931954,0.5636363636363636,0.0438988095238095,0.0561797752808988,0.7973131537437439,806,863
pareto_sum,sub-01_FDSI_triangular-ramp5s_snr25dB,sub-01,triangular-ramp5s,25,4,34,1.0,0.9089108910891088,0.9037656903765692,0.896551724137931,0.9096313912009512,0.9245283018867924,0.855459451675415,940,988
pareto_sum,sub-01_FDSI_triangular-ramp5s_snr25dB,sub-01,triangular-ramp5s,25,5,30,1.0,0.0732538330494037,0.0394349617422013,0.6381578947368421,0.0301810865191146,0.05,0.8225394487380981,761,1129
pareto_sum,sub-01_FDSI_triangular-ramp5s_snr25dB,sub-01,triangular-ramp5s,25,6,38,1.0,0.7444933920704846,0.7305458768873403,0.7222222222222222,0.7328042328042328,1.0,0.7418269515037537,774,810
pareto_sum,sub-01_FDSI_triangular-ramp5s_snr25dB,sub-01,triangular-ramp5s,25,7,24,0.972972972972973,0.0936819172113289,0.0643854119765871,0.8311688311688312,0.0413552566018933,0.0534351145038167,0.8928893804550171,1213,1297
pareto_sum,sub-01_FDSI_triangular-ramp5s_snr25dB,sub-01,triangular-ramp5s,25,8,33,0.9636363636363636,0.0622748327328872,0.0360169491525423,0.5422535211267606,0.0322195704057279,0.0849056603773584,0.9039015769958496,1042,1022
pareto_sum,sub-01_FDSI_triangular-ramp5s_snr25dB,sub-01,triangular-ramp5s,25,9,31,1.0,0.453027139874739,0.4287790697674418,0.75,0.3959677419354839,0.9508196721311476,0.8690762519836426,978,1110
pareto_sum,sub-01_FDSI_triangular-ramp5s_snr25dB,sub-01,triangular-ramp5s,25,10,35,0.9814814814814816,0.9136178861788616,0.9096774193548388,0.8468468468468469,0.9196102314250914,0.9615384615384616,0.9101426601409912,923,960
pareto_sum,sub-01_FDSI_triangular-ramp5s_snr20dB,sub-01,triangular-ramp5s,20,0,32,1.0,0.8161397670549085,0.8064798598949212,0.8615384615384616,0.7996051332675223,1.0,0.8390071392059326,1117,1066
pareto_sum,sub-01_FDSI_triangular-ramp5s_snr20dB,sub-01,triangular-ramp5s,20,1,28,1.0,0.9974789915966388,0.9973285841495992,1.0,0.995967741935484,0.9850746268656716,0.970143735408783,1187,1190
pareto_sum,sub-01_FDSI_triangular-ramp5s_snr20dB,sub-01,triangular-ramp5s,20,2,36,1.0,0.832258064516129,0.8229284903518729,0.6634615384615384,0.8455598455598455,0.979591836734694,0.8145361542701721,796,908
pareto_sum,sub-01_FDSI_triangular-ramp5s_snr20dB,sub-01,triangular-ramp5s,20,3,37,0.9782608695652174,0.0840390879478827,0.0564137004701141,0.543859649122807,0.0481203007518797,0.0561797752808988,0.8368415832519531,801,863
pareto_sum,sub-01_FDSI_triangular-ramp5s_snr20dB,sub-01,triangular-ramp5s,20,4,34,0.9814814814814816,0.0676616915422885,0.0424335378323108,0.8305084745762712,0.0313211845102505,0.0530973451327433,0.937877118587494,1158,988
pareto_sum,sub-01_FDSI_triangular-ramp5s_snr20dB,sub-01,triangular-ramp5s,20,5,38,1.0,0.9889025893958076,0.988219895287958,1.0,0.986627043090639,1.0,0.9232549071311952,803,810
pareto_sum,sub-01_FDSI_triangular-ramp5s_snr20dB,sub-01,triangular-ramp5s,20,6,30,0.9032258064516128,0.0688325991189427,0.0393386545039908,0.5555555555555556,0.0342820181112548,0.0505050505050505,0.9084773659706116,812,1129
pareto_sum,sub-01_FDSI_triangular-ramp5s_snr15dB,sub-01,triangular-ramp5s,15,0,32,0.9666666666666668,0.830238726790451,0.8225957049486461,0.8373983739837398,0.8264550264550264,0.873015873015873,0.8405792713165283,1004,1066
pareto_sum,sub-01_FDSI_triangular-ramp5s_snr15dB,sub-01,triangular-ramp5s,15,1,28,1.0,0.9974789915966388,0.9973285841495992,1.0,0.995967741935484,0.9850746268656716,0.9678760766983032,1187,1190
pareto_sum,sub-01_FDSI_triangular-ramp5s_snr15dB,sub-01,triangular-ramp5s,15,2,38,1.0,0.7797202797202797,0.7669543773119606,0.7340425531914894,0.7736111111111111,0.9772727272727272,0.7931243181228638,717,810
pareto_sum,sub-01_FDSI_triangular-ramp5s_snr15dB,sub-01,triangular-ramp5s,15,3,36,0.979591836734694,0.7426778242677824,0.7298787210584344,0.7184466019417476,0.7365792759051186,0.8846153846153846,0.8351284265518188,758,908
pareto_sum,sub-02_FDSI_staircase_snr30dB,sub-02,staircase,30,0,30,1.0,0.998551774076756,0.9984917043740572,,,,0.9850186705589294,1379,1381
pareto_sum,sub-02_FDSI_staircase_snr30dB,sub-02,staircase,30,1,33,1.0,0.9273327828241124,0.9245283018867924,,,,0.8791159391403198,1148,1186
pareto_sum,sub-02_FDSI_staircase_snr30dB,sub-02,staircase,30,2,21,1.0,0.9917081260364844,0.9913594470046084,,,,0.9828925728797911,1794,1809
pareto_sum,sub-02_FDSI_staircase_snr30dB,sub-02,staircase,30,3,31,1.0,0.9864661654135338,0.9858934169278996,,,,0.9532536268234252,1313,1329
pareto_sum,sub-02_FDSI_staircase_snr30dB,sub-02,staircase,30,4,26,1.0,0.9429447852760736,0.9407265774378584,,,,0.8838534951210022,1563,1604
pareto_sum,sub-02_FDSI_staircase_snr30dB,sub-02,staircase,30,5,25,1.0,0.9891041162227604,0.9886649874055417,,,,0.9668763279914856,1634,1652
pareto_sum,sub-02_FDSI_staircase_snr30dB,sub-02,staircase,30,6,16,1.0,0.9855670103092784,0.9849624060150376,,,,0.9494946599006652,1912,1940
pareto_sum,sub-02_FDSI_staircase_snr30dB,sub-02,staircase,30,7,27,1.0,0.9884244372990354,0.9879518072289156,,,,0.9654032588005066,1537,1555
pareto_sum,sub-02_FDSI_staircase_snr30dB,sub-02,staircase,30,8,28,1.0,0.9839893262174784,0.9833333333333332,,,,0.94729745388031,1476,1498
pareto_sum,sub-02_FDSI_staircase_snr30dB,sub-02,staircase,30,9,24,1.0,0.9892857142857144,0.988833746898263,,,,0.9699077010154724,1662,1680
pareto_sum,sub-02_FDSI_staircase_snr30dB,sub-02,staircase,30,10,32,0.979591836734694,0.9928571428571428,0.9917491749174916,,,,0.9695166349411012,1251,1260
pareto_sum,sub-02_FDSI_staircase_snr30dB,sub-02,staircase,30,11,29,0.9824561403508772,0.9882271468144044,0.9884643114635904,,,,0.9463293552398682,1427,1444
pareto_sum,sub-02_FDSI_staircase_snr30dB,sub-02,staircase,30,12,14,0.9367088607594936,0.9648946840521564,0.9660574412532638,,,,0.9384417533874512,1925,1993
pareto_sum,sub-02_FDSI_staircase_snr30dB,sub-02,staircase,30,13,22,1.0,0.9836250705815924,0.9829612220916568,,,,0.9509810209274292,1742,1771
pareto_sum,sub-02_FDSI_staircase_snr30dB,sub-02,staircase,30,14,20,1.0,0.9891126837234622,0.9886749716874292,,,,0.954830527305603,1817,1837
pareto_sum,sub-02_FDSI_staircase_snr30dB,sub-02,staircase,30,15,23,0.9428571428571428,0.9683544303797468,0.9694244604316546,,,,0.9358074069023132,1685,1736
pareto_sum,sub-02_FDSI_staircase_snr30dB,sub-02,staircase,30,16,19,1.0,0.9075451647183846,0.9038142620232172,,,,0.908164083957672,1717,1873
pareto_sum,sub-02_FDSI_staircase_snr25dB,sub-02,staircase,25,0,30,1.0,0.998551774076756,0.9984917043740572,,,,0.9801637530326844,1379,1381
pareto_sum,sub-02_FDSI_staircase_snr25dB,sub-02,staircase,25,1,21,1.0,0.9917081260364844,0.9913594470046084,,,,0.9775529503822328,1794,1809
pareto_sum,sub-02_FDSI_staircase_snr25dB,sub-02,staircase,25,2,26,0.9836065573770492,0.833634719710669,0.827909887359199,,,,0.8403121829032898,1438,1604
pareto_sum,sub-02_FDSI_staircase_snr25dB,sub-02,staircase,25,3,27,0.9836065573770492,0.985209003215434,0.9852744310575636,,,,0.9507563710212708,1532,1555
pareto_sum,sub-02_FDSI_staircase_snr25dB,sub-02,staircase,25,4,24,1.0,0.9833333333333332,0.9826302729528535,,,,0.9371607899665833,1652,1680
pareto_sum,sub-02_FDSI_staircase_snr25dB,sub-02,staircase,25,5,33,1.0,0.9831365935919056,0.9824715162138477,,,,0.9472108483314514,1166,1186
pareto_sum,sub-02_FDSI_staircase_snr25dB,sub-02,staircase,25,6,19,0.9315068493150684,0.1565447001131648,0.134600465477114,,,,0.8424257040023804,1193,1873
pareto_sum,sub-02_FDSI_staircase_snr25dB,sub-02,staircase,25,7,28,0.9661016949152542,0.9241424802110818,0.9224433768016472,,,,0.8933743238449097,1419,1498
pareto_sum,sub-02_FDSI_staircase_snr25dB,sub-02,staircase,25,8,20,1.0,0.9907457811649428,0.9903737259343148,,,,0.945140540599823,1820,1837
pareto_sum,sub-02_FDSI_staircase_snr25dB,sub-02,staircase,25,9,25,0.984375,0.9673321234119784,0.9666456891126496,,,,0.9388055801391602,1600,1652
pareto_sum,sub-02_FDSI_staircase_snr25dB,sub-02,staircase,25,10,32,0.92,0.9833729216152018,0.984349258649094,,,,0.9504109025001526,1245,1260
pareto_sum,sub-02_FDSI_staircase_snr20dB,sub-02,staircase,20,0,30,1.0,0.998551774076756,0.9984917043740572,,,,0.9680829048156738,1379,1381
pareto_sum,sub-02_FDSI_staircase_snr20dB,sub-02,staircase,20,1,21,1.0,0.9917081260364844,0.9913594470046084,,,,0.9688647389411926,1794,1809
pareto_sum,sub-02_FDSI_staircase_snr20dB,sub-02,staircase,20,2,25,0.96875,0.941566265060241,0.9404761904761904,,,,0.9275093674659728,1571,1652
pareto_sum,sub-02_FDSI_staircase_snr20dB,sub-02,staircase,20,3,27,0.9672131147540984,0.944694533762058,0.9437751004016064,,,,0.9235321283340454,1469,1555
pareto_sum,sub-02_FDSI_staircase_snr20dB,sub-02,staircase,20,4,24,1.0,0.9904761904761904,0.9900744416873448,,,,0.9452487826347352,1664,1680
pareto_sum,sub-02_FDSI_staircase_snr20dB,sub-02,staircase,20,5,32,0.9019607843137256,0.9628164556962026,0.9637561779242174,,,,0.9371706247329712,1221,1260
pareto_sum,sub-02_FDSI_staircase_snr15dB,sub-02,staircase,15,0,30,1.0,0.99275887038378,0.9924585218702866,,,,0.9528552889823914,1371,1381
pareto_sum,sub-02_FDSI_staircase_snr15dB,sub-02,staircase,15,1,21,1.0,0.9950248756218906,0.994815668202765,,,,0.9573673605918884,1800,1809
pareto_sum,sub-02_FDSI_staircase_snr15dB,sub-02,staircase,15,2,24,1.0,0.944378698224852,0.942046855733662,,,,0.9130032658576964,1606,1680
pareto_sum,sub-02_FDSI_triangular-ramp40s_snr30dB,sub-02,triangular-ramp40s,30,0,20,1.0,0.996234939759036,0.99601593625498,1.0,0.9954954954954957,0.9726027397260274,0.9653146862983704,1323,1328
pareto_sum,sub-02_FDSI_triangular-ramp40s_snr30dB,sub-02,triangular-ramp40s,30,1,30,1.0,0.993993993993994,0.9936440677966102,0.981981981981982,0.9951980792316928,1.0,0.9758952260017396,993,999
pareto_sum,sub-02_FDSI_triangular-ramp40s_snr30dB,sub-02,triangular-ramp40s,30,2,21,1.0,0.9953881629515756,0.9951179820992676,0.9861111111111112,0.9954001839926404,0.9859154929577464,0.9813902378082277,1295,1301
pareto_sum,sub-02_FDSI_triangular-ramp40s_snr30dB,sub-02,triangular-ramp40s,30,3,24,1.0,0.989456609894566,0.9888220120378332,1.0,0.9873294346978556,1.0,0.973493993282318,1220,1233
pareto_sum,sub-02_FDSI_triangular-ramp40s_snr30dB,sub-02,triangular-ramp40s,30,4,33,1.0,0.9929328621908128,0.9925187032418952,0.9789473684210528,0.9943422913719944,1.0,0.961952030658722,843,849
pareto_sum,sub-02_FDSI_triangular-ramp40s_snr30dB,sub-02,triangular-ramp40s,30,5,26,0.9696969696969696,0.9699570815450644,0.9699727024567788,0.9774436090225564,0.9679752066115702,0.984375,0.9188300967216492,1132,1163
pareto_sum,sub-02_FDSI_triangular-ramp40s_snr30dB,sub-02,triangular-ramp40s,30,6,32,1.0,0.9945175438596492,0.994199535962877,1.0,0.9934296977660972,1.0,0.968613624572754,907,912
pareto_sum,sub-02_FDSI_triangular-ramp40s_snr30dB,sub-02,triangular-ramp40s,30,7,25,1.0,0.9889643463497452,0.9883198562443846,0.9848484848484848,0.9887983706720976,1.0,0.9560578465461732,1165,1178
pareto_sum,sub-02_FDSI_triangular-ramp40s_snr30dB,sub-02,triangular-ramp40s,30,8,22,1.0,0.9771653543307086,0.97581317764804,1.0,0.9725638599810784,1.0,0.947363257408142,1241,1270
pareto_sum,sub-02_FDSI_triangular-ramp40s_snr30dB,sub-02,triangular-ramp40s,30,9,27,1.0,0.991906474820144,0.9914367269267363,1.0,0.9902597402597404,1.0,0.9612897634506226,1103,1112
pareto_sum,sub-02_FDSI_triangular-ramp40s_snr30dB,sub-02,triangular-ramp40s,30,10,28,1.0,0.9493554327808472,0.946341463414634,0.9919354838709676,0.9401330376940134,1.0,0.9254906177520752,1034,1083
pareto_sum,sub-02_FDSI_triangular-ramp40s_snr30dB,sub-02,triangular-ramp40s,30,11,29,0.9824561403508772,0.9817483189241114,0.9817073170731708,0.956140350877193,0.9838709677419356,1.0,0.947361707687378,1023,1040
pareto_sum,sub-02_FDSI_triangular-ramp40s_snr30dB,sub-02,triangular-ramp40s,30,12,23,1.0,0.9706115965051628,0.9689336691855585,0.9855072463768116,0.9676498572787822,0.9857142857142858,0.9348430633544922,1222,1259
pareto_sum,sub-02_FDSI_triangular-ramp40s_snr30dB,sub-02,triangular-ramp40s,30,13,31,0.9807692307692308,0.9715789473684212,0.9710467706013364,0.9805825242718448,0.968513853904282,1.0,0.939473569393158,924,949
pareto_sum,sub-02_FDSI_triangular-ramp40s_snr30dB,sub-02,triangular-ramp40s,30,14,14,0.95,0.965782122905028,0.966715976331361,0.9629629629629628,0.9655172413793104,0.9753086419753086,0.9341925978660583,1385,1430
pareto_sum,sub-02_FDSI_triangular-ramp40s_snr30dB,sub-02,triangular-ramp40s,30,15,19,0.9863013698630136,0.8612334801762115,0.8541505042668736,0.9863945578231292,0.8369851007887817,0.9864864864864864,0.8532219529151917,1201,1334
pareto_sum,sub-02_FDSI_triangular-ramp40s_snr30dB,sub-02,triangular-ramp40s,30,16,16,0.987012987012987,0.9950284090909092,0.993993993993994,0.9803921568627452,0.99660441426146,1.0,0.9520919322967528,1401,1408
pareto_sum,sub-02_FDSI_triangular-ramp40s_snr25dB,sub-02,triangular-ramp40s,25,0,20,1.0,0.9864457831325302,0.9856573705179282,1.0,0.9837837837837838,0.9726027397260274,0.9455623030662536,1310,1328
pareto_sum,sub-02_FDSI_triangular-ramp40s_snr25dB,sub-02,triangular-ramp40s,25,1,21,1.0,0.9953881629515756,0.9951179820992676,0.9861111111111112,0.9954001839926404,0.9859154929577464,0.9757353067398072,1295,1301
pareto_sum,sub-02_FDSI_triangular-ramp40s_snr25dB,sub-02,triangular-ramp40s,25,2,24,1.0,0.989456609894566,0.9888220120378332,1.0,0.9873294346978556,1.0,0.9599810242652892,1220,1233
pareto_sum,sub-02_FDSI_triangular-ramp40s_snr25dB,sub-02,triangular-ramp40s,25,3,26,0.9242424242424242,0.2346430547869396,0.2085008615738081,0.9477611940298508,0.1879021879021879,0.0973451327433628,0.86601322889328,1068,1163
pareto_sum,sub-02_FDSI_triangular-ramp40s_snr25dB,sub-02,triangular-ramp40s,25,4,25,0.9846153846153848,0.9796264855687606,0.9793351302785264,0.9772727272727272,0.979633401221996,0.984375,0.9394116401672364,1154,1178
pareto_sum,sub-02_FDSI_triangular-ramp40s_snr25dB,sub-02,triangular-ramp40s,25,5,27,1.0,0.9883093525179856,0.9876308277830638,0.992063492063492,0.987012987012987,1.0,0.953266143798828,1099,1112
pareto_sum,sub-02_FDSI_triangular-ramp40s_snr25dB,sub-02,triangular-ramp40s,25,6,30,1.0,0.992992992992993,0.9925847457627118,1.0,0.9915966386554622,1.0,0.9762349128723145,992,999
pareto_sum,sub-02_FDSI_triangular-ramp40s_snr25dB,sub-02,triangular-ramp40s,25,7,32,0.94,0.981359649122807,0.9837587006960556,0.93,0.9894875164257556,0.9607843137254902,0.9543343782424928,895,912
pareto_sum,sub-02_FDSI_triangular-ramp40s_snr25dB,sub-02,triangular-ramp40s,25,8,19,0.9315068493150684,0.1514836022904737,0.1206709956709956,0.9659863945578232,0.088821752265861,0.0521739130434782,0.8184269666671753,878,1334
pareto_sum,sub-02_FDSI_triangular-ramp40s_snr25dB,sub-02,triangular-ramp40s,25,9,28,0.9508196721311476,0.9090909090909092,0.906641000962464,0.9596774193548387,0.8962882096069869,1.0,0.900850474834442,1017,1083
pareto_sum,sub-02_FDSI_triangular-ramp40s_snr25dB,sub-02,triangular-ramp40s,25,10,22,0.9154929577464788,0.2808625336927223,0.2556053811659193,0.908450704225352,0.2446540880503144,0.05,0.8343855738639832,1106,1270
pareto_sum,sub-02_FDSI_triangular-ramp40s_snr25dB,sub-02,triangular-ramp40s,25,11,33,1.0,0.9729411764705882,0.971357409713574,0.968421052631579,0.9731638418079096,0.9787234042553192,0.9234541058540344,828,849
pareto_sum,sub-02_FDSI_triangular-ramp40s_snr20dB,sub-02,triangular-ramp40s,20,0,21,1.0,0.9930822444273636,0.9926769731489016,0.9861111111111112,0.9926402943882244,0.9859154929577464,0.965891182422638,1292,1301
pareto_sum,sub-02_FDSI_triangular-ramp40s_snr20dB,sub-02,triangular-ramp40s,20,1,24,0.9857142857142858,0.9870235198702352,0.9871023215821152,0.9928057553956836,0.9853801169590644,1.0,0.949618637561798,1217,1233
pareto_sum,sub-02_FDSI_triangular-ramp40s_snr20dB,sub-02,triangular-ramp40s,20,2,30,1.0,0.990990990990991,0.9904661016949152,1.0,0.9891956782713084,1.0,0.967078983783722,990,999
pareto_sum,sub-02_FDSI_triangular-ramp40s_snr20dB,sub-02,triangular-ramp40s,20,3,27,0.9508196721311476,0.9388489208633094,0.9381541389153188,0.9523809523809524,0.933982683982684,0.9838709677419356,0.9148131608963012,1044,1112
pareto_sum,sub-02_FDSI_triangular-ramp40s_snr20dB,sub-02,triangular-ramp40s,20,4,33,0.9361702127659576,0.8466898954703833,0.8415233415233415,0.9263157894736842,0.8261474269819193,1.0,0.8598414659500122,741,849
pareto_sum,sub-02_FDSI_triangular-ramp40s_snr15dB,sub-02,triangular-ramp40s,15,0,24,0.9571428571428572,0.3664365374402549,0.3436293436293436,0.9712230215827338,0.3393188854489164,0.0542635658914728,0.9058684706687928,1340,1233
pareto_sum,sub-02_FDSI_triangular-ramp40s_snr15dB,sub-02,triangular-ramp40s,15,1,30,1.0,0.981981981981982,0.9809322033898306,0.990990990990991,0.979591836734694,1.0,0.9435365200042723,981,999
pareto_sum,sub-02_FDSI_triangular-ramp20s_snr30dB,sub-02,triangular-ramp20s,30,0,24,1.0,0.9950738916256158,0.9947916666666666,0.9925373134328358,0.994088669950739,0.9857142857142858,0.9795817732810974,1212,1218
pareto_sum,sub-02_FDSI_triangular-ramp20s_snr30dB,sub-02,triangular-ramp20s,30,1,33,1.0,0.9883177570093458,0.9876390605686032,1.0,0.9859747545582048,1.0,0.9541141390800476,846,856
pareto_sum,sub-02_FDSI_triangular-ramp20s_snr30dB,sub-02,triangular-ramp20s,30,2,19,1.0,0.139234211834908,0.1035732780942516,1.0,0.0694603903559127,0.0517241379310344,0.8521026372909546,937,1354
pareto_sum,sub-02_FDSI_triangular-ramp20s_snr30dB,sub-02,triangular-ramp20s,30,3,25,1.0,0.9932546374367622,0.9928571428571428,1.0,0.9919110212335692,1.0,0.9570683836936952,1178,1186
pareto_sum,sub-02_FDSI_triangular-ramp20s_snr30dB,sub-02,triangular-ramp20s,30,4,30,1.0,0.9189723320158104,0.9143155694879832,0.991150442477876,0.9029585798816568,0.9818181818181818,0.8758478760719299,938,1004
pareto_sum,sub-02_FDSI_triangular-ramp20s_snr30dB,sub-02,triangular-ramp20s,30,5,22,1.0,0.1146987951807228,0.0828756864702945,0.9857142857142858,0.0546357615894039,0.0689655172413793,0.9098448753356934,1047,1266
pareto_sum,sub-02_FDSI_triangular-ramp20s_snr30dB,sub-02,triangular-ramp20s,30,6,23,0.9571428571428572,0.9527622097678142,0.9525021204410518,0.9640287769784172,0.9511025886864812,0.9552238805970148,0.9211662411689758,1193,1246
pareto_sum,sub-02_FDSI_triangular-ramp20s_snr30dB,sub-02,triangular-ramp20s,30,7,21,1.0,0.9961449498843484,0.9959183673469388,0.9931506849315068,0.9962894248608536,1.0,0.9664206504821776,1292,1297
pareto_sum,sub-02_FDSI_triangular-ramp20s_snr30dB,sub-02,triangular-ramp20s,30,8,29,1.0,0.9394812680115274,0.936040609137056,0.9912280701754386,0.931113662456946,0.9642857142857144,0.8879942297935486,990,1029
pareto_sum,sub-02_FDSI_triangular-ramp20s_snr30dB,sub-02,triangular-ramp20s,30,9,27,1.0,0.9444444444444444,0.9412878787878788,0.9754098360655736,0.9411764705882352,0.9322033898305084,0.9183355569839478,1054,1116
pareto_sum,sub-02_FDSI_triangular-ramp20s_snr30dB,sub-02,triangular-ramp20s,30,10,16,1.0,0.9800853485064012,0.9789315274642588,0.9937106918238994,0.9794520547945206,0.9620253164556962,0.9428930282592772,1379,1405
pareto_sum,sub-02_FDSI_triangular-ramp20s_snr30dB,sub-02,triangular-ramp20s,30,11,26,0.9846153846153848,0.5602888086642599,0.6178343949044586,0.9765625,0.6663542642924086,1.0,0.8701898455619812,1007,1154
pareto_sum,sub-02_FDSI_triangular-ramp20s_snr30dB,sub-02,triangular-ramp20s,30,12,14,0.9642857142857144,0.93978349120433,0.9383070301291248,0.975609756097561,0.9343598055105348,0.95,0.92320716381073,1423,1444
pareto_sum,sub-02_FDSI_triangular-ramp20s_snr30dB,sub-02,triangular-ramp20s,30,13,20,1.0,0.9902329075882796,0.9896579156722356,0.9933333333333332,0.9882671480144404,0.9864864864864864,0.9441325664520264,1318,1331
pareto_sum,sub-02_FDSI_triangular-ramp20s_snr30dB,sub-02,triangular-ramp20s,30,14,31,0.9636363636363636,0.9344933469805528,0.9306608884073672,0.97196261682243,0.9252450980392156,1.0,0.9157286882400512,929,961
pareto_sum,sub-02_FDSI_triangular-ramp20s_snr30dB,sub-02,triangular-ramp20s,30,15,28,1.0,0.959221501390176,0.9568627450980391,0.9916666666666668,0.9521158129175946,1.0,0.9251481890678406,1035,1079
pareto_sum,sub-02_FDSI_triangular-ramp20s_snr30dB,sub-02,triangular-ramp20s,30,16,32,1.0,0.1674418604651162,0.1430281268701376,0.98,0.1259160559626915,0.0434782608695652,0.8508049249649048,1099,909
pareto_sum,sub-02_FDSI_triangular-ramp20s_snr25dB,sub-02,triangular-ramp20s,25,0,24,1.0,0.9950738916256158,0.9947916666666666,0.9925373134328358,0.994088669950739,0.9857142857142858,0.9678952693939208,1212,1218
pareto_sum,sub-02_FDSI_triangular-ramp20s_snr25dB,sub-02,triangular-ramp20s,25,1,19,0.9,0.1060157790927021,0.0734086242299794,0.915032679738562,0.0392268334280841,0.0517241379310344,0.8632464408874512,889,1354
pareto_sum,sub-02_FDSI_triangular-ramp20s_snr25dB,sub-02,triangular-ramp20s,25,2,30,1.0,0.9930278884462151,0.9926238145416229,1.0,0.9916267942583732,1.0,0.960136353969574,997,1004
pareto_sum,sub-02_FDSI_triangular-ramp20s_snr25dB,sub-02,triangular-ramp20s,25,3,33,1.0,0.9894859813084113,0.9888751545117428,1.0,0.9873772791023844,1.0,0.9172040224075316,847,856
pareto_sum,sub-02_FDSI_triangular-ramp20s_snr25dB,sub-02,triangular-ramp20s,25,4,25,1.0,0.9662731871838112,0.9642857142857144,1.0,0.9595551061678464,1.0,0.916028618812561,1146,1186
pareto_sum,sub-02_FDSI_triangular-ramp20s_snr25dB,sub-02,triangular-ramp20s,25,5,20,1.0,0.9729526671675433,0.9713603818615753,0.9866666666666668,0.970216606498195,0.9594594594594594,0.9332266449928284,1295,1331
pareto_sum,sub-02_FDSI_triangular-ramp20s_snr25dB,sub-02,triangular-ramp20s,25,6,21,1.0,0.9961449498843484,0.9959183673469388,0.9931506849315068,0.9962894248608536,1.0,0.9610334634780884,1292,1297
pareto_sum,sub-02_FDSI_triangular-ramp20s_snr25dB,sub-02,triangular-ramp20s,25,7,32,0.9387755102040816,0.987898789878988,0.9906976744186048,0.95,0.992084432717678,1.0,0.9446873068809508,898,909
pareto_sum,sub-02_FDSI_triangular-ramp20s_snr25dB,sub-02,triangular-ramp20s,25,8,27,1.0,0.9722222222222222,0.9706439393939394,1.0,0.9668449197860962,1.0,0.936445653438568,1085,1116
pareto_sum,sub-02_FDSI_triangular-ramp20s_snr25dB,sub-02,triangular-ramp20s,25,9,16,0.9743589743589745,0.9545454545454546,0.9533834586466166,0.96875,0.9520958083832336,0.9620253164556962,0.9231317639350892,1347,1405
pareto_sum,sub-02_FDSI_triangular-ramp20s_snr20dB,sub-02,triangular-ramp20s,20,0,24,1.0,0.9909762100082036,0.9904596704249784,0.9850746268656716,0.9901574803149606,0.9857142857142858,0.9475378394126892,1209,1218
pareto_sum,sub-02_FDSI_triangular-ramp20s_snr20dB,sub-02,triangular-ramp20s,20,1,30,1.0,0.9900398406374502,0.9894625922023182,0.991150442477876,0.9892344497607656,1.0,0.9526183009147644,994,1004
pareto_sum,sub-02_FDSI_triangular-ramp20s_snr20dB,sub-02,triangular-ramp20s,20,2,21,1.0,0.9930609097918272,0.9926530612244898,1.0,0.9916512059369202,1.0,0.9534392952919006,1288,1297
pareto_sum,sub-02_FDSI_triangular-ramp20s_snr20dB,sub-02,triangular-ramp20s,20,3,25,0.9090909090909092,0.8969849246231156,0.8962765957446809,0.9153846153846154,0.8895582329317269,0.9705882352941176,0.8995029330253601,1079,1186
pareto_sum,sub-02_FDSI_triangular-ramp20s_snr15dB,sub-02,triangular-ramp20s,15,0,24,1.0,0.324582338902148,0.3026121241991129,0.9850746268656716,0.2973713033953998,0.0526315789473684,0.9023022055625916,1557,1218
pareto_sum,sub-02_FDSI_triangular-ramp20s_snr15dB,sub-02,triangular-ramp20s,15,1,30,1.0,0.9780876494023903,0.9768177028451,0.9823008849557522,0.9760765550239234,1.0,0.9368005990982056,982,1004
pareto_sum,sub-02_FDSI_triangular-ramp20s_snr15dB,sub-02,triangular-ramp20s,15,2,21,0.9583333333333334,0.9724137931034482,0.97323600973236,0.9726027397260274,0.9769372693726938,0.9066666666666666,0.9368743896484376,1277,1297
pareto_sum,sub-02_FDSI_triangular-ramp10s_snr30dB,sub-02,triangular-ramp10s,30,0,27,1.0,0.9796819787985864,0.9784644194756554,1.0,0.9756613756613756,1.0,0.939446747303009,1109,1132
pareto_sum,sub-02_FDSI_triangular-ramp10s_snr30dB,sub-02,triangular-ramp10s,30,1,24,1.0,0.9885057471264368,0.9878260869565216,0.9927007299270072,0.9881656804733728,0.9850746268656716,0.9475173354148864,1204,1218
pareto_sum,sub-02_FDSI_triangular-ramp10s_snr30dB,sub-02,triangular-ramp10s,30,2,30,1.0,0.9970267591674926,0.9968520461699896,0.9910714285714286,0.9976218787158144,1.0,0.9520962834358216,1006,1009
pareto_sum,sub-02_FDSI_triangular-ramp10s_snr30dB,sub-02,triangular-ramp10s,30,3,20,1.0,0.9886018237082068,0.98793242156074,1.0,0.9871794871794872,0.986842105263158,0.92609041929245,1301,1316
pareto_sum,sub-02_FDSI_triangular-ramp10s_snr30dB,sub-02,triangular-ramp10s,30,4,33,1.0,0.9872093023255814,0.986469864698647,1.0,0.984743411927878,1.0,0.9230268597602844,849,860
pareto_sum,sub-02_FDSI_triangular-ramp10s_snr30dB,sub-02,triangular-ramp10s,30,5,26,1.0,0.1459270364817591,0.1172520661157024,0.992248062015504,0.0920454545454545,0.0555555555555555,0.8400118947029114,1142,1151
pareto_sum,sub-02_FDSI_triangular-ramp10s_snr30dB,sub-02,triangular-ramp10s,30,6,28,1.0,0.1057692307692307,0.0738137082601054,0.975609756097561,0.0409356725146198,0.0679611650485436,0.909091591835022,866,1089
pareto_sum,sub-02_FDSI_triangular-ramp10s_snr30dB,sub-02,triangular-ramp10s,30,7,21,1.0,0.9969064191802012,0.996734693877551,0.9856115107913668,0.9953789279112756,0.9864864864864864,0.9512450695037842,1289,1293
pareto_sum,sub-02_FDSI_triangular-ramp10s_snr30dB,sub-02,triangular-ramp10s,30,8,32,1.0,0.9823982398239824,0.981373690337602,0.9801980198019802,0.982849604221636,0.98,0.9429067373275756,893,909
pareto_sum,sub-02_FDSI_triangular-ramp10s_snr30dB,sub-02,triangular-ramp10s,30,9,22,1.0,0.1150698122291767,0.083291770573566,0.993103448275862,0.0514665190924183,0.0495867768595041,0.9006372094154358,1049,1267
pareto_sum,sub-02_FDSI_triangular-ramp10s_snr30dB,sub-02,triangular-ramp10s,30,10,25,1.0,0.9770797962648556,0.9757847533632288,1.0,0.9725888324873097,1.0,0.93176931142807,1151,1178
pareto_sum,sub-02_FDSI_triangular-ramp10s_snr30dB,sub-02,triangular-ramp10s,30,11,16,1.0,0.9753867791842477,0.9739776951672864,0.9807692307692308,0.9722689075630252,0.987012987012987,0.9405853152275084,1388,1421
pareto_sum,sub-02_FDSI_triangular-ramp10s_snr30dB,sub-02,triangular-ramp10s,30,12,14,0.9878048780487804,0.1729354047424366,0.1446700507614213,0.9691358024691358,0.1241184767277856,0.0671140939597315,0.8879573345184326,1419,1450
pareto_sum,sub-02_FDSI_triangular-ramp10s_snr30dB,sub-02,triangular-ramp10s,30,13,31,0.9803921568627452,0.769811320754717,0.759167492566898,0.8648648648648649,0.7497219132369299,0.92,0.8487815856933594,916,960
pareto_sum,sub-02_FDSI_triangular-ramp10s_snr30dB,sub-02,triangular-ramp10s,30,14,8,0.9036144578313252,0.0795861520095503,0.051440329218107,0.7076023391812866,0.038021071919377,0.0544217687074829,0.8282458186149597,1196,1517
pareto_sum,sub-02_FDSI_triangular-ramp10s_snr30dB,sub-02,triangular-ramp10s,30,15,29,0.9821428571428572,0.1054181389870435,0.0755176613885505,0.9396551724137931,0.0460921843687374,0.036144578313253,0.5533492565155029,839,1038
pareto_sum,sub-02_FDSI_triangular-ramp10s_snr30dB,sub-02,triangular-ramp10s,30,16,23,0.9552238805970148,0.878740157480315,0.8744804655029094,0.9708029197080292,0.8637218045112782,0.927536231884058,0.8874165415763855,1137,1249
pareto_sum,sub-02_FDSI_triangular-ramp10s_snr30dB,sub-02,triangular-ramp10s,30,17,19,0.972972972972973,0.0914872798434442,0.0583756345177665,0.8618421052631579,0.0304225352112676,0.043859649122807,0.9271798133850098,886,1345
pareto_sum,sub-02_FDSI_triangular-ramp10s_snr25dB,sub-02,triangular-ramp10s,25,0,27,1.0,0.9481546572934972,0.9450651769087524,0.9682539682539684,0.9421661409043112,1.0,0.9063276052474976,1085,1132
pareto_sum,sub-02_FDSI_triangular-ramp10s_snr25dB,sub-02,triangular-ramp10s,25,1,30,1.0,0.9950445986124876,0.994753410283316,0.9910714285714286,0.995243757431629,1.0,0.9416870474815368,1004,1009
pareto_sum,sub-02_FDSI_triangular-ramp10s_snr25dB,sub-02,triangular-ramp10s,25,2,24,1.0,0.9811165845648604,0.98,0.9854014598540146,0.980276134122288,0.9850746268656716,0.9395607709884644,1195,1218
pareto_sum,sub-02_FDSI_triangular-ramp10s_snr25dB,sub-02,triangular-ramp10s,25,3,20,1.0,0.9688449848024316,0.9670152855993563,0.9864864864864864,0.9652014652014652,0.986842105263158,0.9149625301361084,1275,1316
pareto_sum,sub-02_FDSI_triangular-ramp10s_snr25dB,sub-02,triangular-ramp10s,25,4,21,1.0,0.9961330239752514,0.9959183673469388,0.9856115107913668,0.9944547134935304,0.9864864864864864,0.942502737045288,1288,1293
pareto_sum,sub-02_FDSI_triangular-ramp10s_snr25dB,sub-02,triangular-ramp10s,25,5,32,0.9,0.8386752136752137,0.835214446952596,0.9306930693069309,0.8165605095541402,1.0,0.8591769933700562,812,909
pareto_sum,sub-02_FDSI_triangular-ramp10s_snr25dB,sub-02,triangular-ramp10s,25,6,33,1.0,0.6381856540084389,0.6193118756936737,0.967741935483871,0.5797280593325093,1.0,0.790523111820221,693,860
pareto_sum,sub-02_FDSI_triangular-ramp10s_snr25dB,sub-02,triangular-ramp10s,25,7,25,1.0,0.9280270956816258,0.9239713774597496,0.984251968503937,0.917004048582996,0.9848484848484848,0.8937062621116638,1099,1178
pareto_sum,sub-02_FDSI_triangular-ramp10s_snr25dB,sub-02,triangular-ramp10s,25,8,28,0.918032786885246,0.0886929460580912,0.0615961435457953,0.8770491803278688,0.0373222748815165,0.0530973451327433,0.8681033253669739,1010,1089
pareto_sum,sub-02_FDSI_triangular-ramp10s_snr25dB,sub-02,triangular-ramp10s,25,9,19,0.9864864864864864,0.0818226359627633,0.0477885104219623,0.7440476190476191,0.0297994269340974,0.0442477876106194,0.8504900336265564,863,1345
pareto_sum,sub-02_FDSI_triangular-ramp10s_snr25dB,sub-02,triangular-ramp10s,25,10,16,0.9090909090909092,0.9421199442119944,0.943994104642594,0.9235668789808916,0.939217318900916,1.0,0.9141947627067566,1364,1421
pareto_sum,sub-02_FDSI_triangular-ramp10s_snr20dB,sub-02,triangular-ramp10s,20,0,30,1.0,0.9900891972249752,0.9895068205666316,1.0,0.9881093935790726,1.0,0.9233646988868712,999,1009
pareto_sum,sub-02_FDSI_triangular-ramp10s_snr20dB,sub-02,triangular-ramp10s,20,1,27,1.0,0.8720420683610868,0.8644382544103992,0.9603174603174603,0.8542976939203354,0.9672131147540984,0.8751227855682373,1004,1132
pareto_sum,sub-02_FDSI_triangular-ramp10s_snr20dB,sub-02,triangular-ramp10s,20,2,20,0.9452054794520548,0.8937452901281085,0.8907496012759171,0.918918918918919,0.886672710788758,0.9473684210526316,0.8731332421302795,1197,1316
pareto_sum,sub-02_FDSI_triangular-ramp10s_snr20dB,sub-02,triangular-ramp10s,20,3,24,1.0,0.90465293668955,0.8994368463395012,0.9855072463768116,0.8887884267631103,1.0,0.904382586479187,1279,1218
pareto_sum,sub-02_FDSI_triangular-ramp10s_snr20dB,sub-02,triangular-ramp10s,20,4,21,1.0,0.9860788863109048,0.9853061224489796,0.9712230215827338,0.9861239592969472,0.9864864864864864,0.9329665899276732,1275,1293
pareto_sum,sub-02_FDSI_triangular-ramp10s_snr20dB,sub-02,triangular-ramp10s,20,5,32,0.9019607843137256,0.9234135667396062,0.9246813441483198,0.903846153846154,0.9314888010540184,0.8431372549019608,0.8930162191390991,849,909
pareto_sum,sub-02_FDSI_triangular-ramp10s_snr15dB,sub-02,triangular-ramp10s,15,0,21,0.9852941176470588,0.9846272098385856,0.9845904298459044,0.9856115107913668,0.9807339449541284,0.9864864864864864,0.9302863478660583,1289,1293
pareto_sum,sub-02_FDSI_triangular-ramp10s_snr15dB,sub-02,triangular-ramp10s,15,1,24,1.0,0.5462624150548876,0.529539295392954,0.8940397350993378,0.4982290436835891,0.9705882352941176,0.8778592944145203,1740,1218
pareto_sum,sub-02_FDSI_triangular-ramp10s_snr15dB,sub-02,triangular-ramp10s,15,2,30,0.9821428571428572,0.9026290165530672,0.898043254376931,0.9553571428571428,0.8928987194412107,0.9464285714285714,0.8298406004905701,945,1009
pareto_sum,sub-02_FDSI_triangular-ramp5s_snr30dB,sub-02,triangular-ramp5s,30,0,24,0.9850746268656716,0.9886363636363636,0.9871355060034306,0.9637681159420288,0.9922103213242454,0.9850746268656716,0.9661232829093932,1223,1227
pareto_sum,sub-02_FDSI_triangular-ramp5s_snr30dB,sub-02,triangular-ramp5s,30,1,22,1.0,0.0769593956562795,0.044477028347996,0.559322033898305,0.0415282392026578,0.0782608695652174,0.9448867440223694,1014,1267
pareto_sum,sub-02_FDSI_triangular-ramp5s_snr30dB,sub-02,triangular-ramp5s,30,2,33,0.979591836734694,0.9636576787807736,0.9626865671641792,0.9479166666666666,0.9747191011235956,0.8222222222222222,0.9102383852005004,824,851
pareto_sum,sub-02_FDSI_triangular-ramp5s_snr30dB,sub-02,triangular-ramp5s,30,3,21,1.0,0.9953703703703703,0.9950940310711366,1.0,0.9953703703703703,0.9859154929577464,0.9194349646568298,1290,1296
pareto_sum,sub-02_FDSI_triangular-ramp5s_snr30dB,sub-02,triangular-ramp5s,30,4,32,1.0,0.980110497237569,0.9789473684210528,0.98,0.9867724867724867,0.8775510204081632,0.922963321208954,887,905
pareto_sum,sub-02_FDSI_triangular-ramp5s_snr30dB,sub-02,triangular-ramp5s,30,5,30,1.0,0.993993993993994,0.9936440677966102,0.9910714285714286,0.9939903846153846,1.0,0.907748818397522,993,999
pareto_sum,sub-02_FDSI_triangular-ramp5s_snr30dB,sub-02,triangular-ramp5s,30,6,28,1.0,0.8694127957931639,0.8624192059095106,0.7894736842105263,0.8724973656480506,1.0,0.8765119910240173,1047,1086
pareto_sum,sub-02_FDSI_triangular-ramp5s_snr30dB,sub-02,triangular-ramp5s,30,7,27,1.0,0.9473214285714284,0.944392082940622,0.8739495798319328,0.9531416400425984,1.0,0.875201940536499,1063,1118
pareto_sum,sub-02_FDSI_triangular-ramp5s_snr30dB,sub-02,triangular-ramp5s,30,8,26,1.0,0.1518119490695396,0.1239251390996459,0.6144578313253012,0.1160158460667798,0.0467289719626168,0.8143998384475708,1197,1155
pareto_sum,sub-02_FDSI_triangular-ramp5s_snr30dB,sub-02,triangular-ramp5s,30,9,19,0.9444444444444444,0.0632452047693105,0.0290791599353796,0.5679012345679012,0.0276073619631901,0.0517241379310344,0.841456949710846,714,1337
pareto_sum,sub-02_FDSI_triangular-ramp5s_snr30dB,sub-02,triangular-ramp5s,30,10,29,1.0,0.5436071126164268,0.5200356188780053,0.6204379562043796,0.5127420998980632,0.8571428571428571,0.7527515888214111,778,1045
pareto_sum,sub-02_FDSI_triangular-ramp5s_snr30dB,sub-02,triangular-ramp5s,30,11,15,0.9487179487179488,0.7317073170731707,0.7195994277539342,0.6878980891719745,0.7255851493139629,0.9125,0.8174015879631042,1134,1422
pareto_sum,sub-02_FDSI_triangular-ramp5s_snr30dB,sub-02,triangular-ramp5s,30,12,25,1.0,0.0878145041933892,0.0571137174910759,0.782312925170068,0.0317100792751981,0.043103448275862,0.8779698610305786,1019,1186
pareto_sum,sub-02_FDSI_triangular-ramp5s_snr30dB,sub-02,triangular-ramp5s,30,13,20,1.0,0.9559043348281016,0.9532488114104596,0.9735099337748344,0.9504950495049505,1.0,0.902693808078766,1284,1333
pareto_sum,sub-02_FDSI_triangular-ramp5s_snr30dB,sub-02,triangular-ramp5s,30,14,16,1.0,0.9678800856531048,0.9659348978046934,0.981012658227848,0.961472602739726,0.987012987012987,0.9220691919326782,1357,1400
pareto_sum,sub-02_FDSI_triangular-ramp5s_snr30dB,sub-02,triangular-ramp5s,30,15,23,0.9,0.7811291569992266,0.7743254292722813,0.8066666666666666,0.7912395153774464,0.5714285714285714,0.8463603258132935,1055,1248
pareto_sum,sub-02_FDSI_triangular-ramp5s_snr30dB,sub-02,triangular-ramp5s,30,16,31,0.9818181818181818,0.34139599170698,0.3160919540229885,0.5572519083969466,0.2940711462450593,0.9607843137254902,0.8542465567588806,996,945
pareto_sum,sub-02_FDSI_triangular-ramp5s_snr30dB,sub-02,triangular-ramp5s,30,17,9,0.9156626506024096,0.0886935677187375,0.0603305785123967,0.5459183673469388,0.0514365152919369,0.0699300699300699,0.8836233019828796,1214,1511
pareto_sum,sub-02_FDSI_triangular-ramp5s_snr30dB,sub-02,triangular-ramp5s,30,18,14,0.9487179487179488,0.1505999172527927,0.1239846088071825,0.71875,0.1185149928605426,0.0612244897959183,0.8758248090744019,1331,1450
pareto_sum,sub-02_FDSI_triangular-ramp5s_snr25dB,sub-02,triangular-ramp5s,25,0,25,1.0,0.8206168831168831,0.8104631217838765,0.8380281690140845,0.8095703125,0.9545454545454546,0.8434522151947021,1057,1186
pareto_sum,sub-02_FDSI_triangular-ramp5s_snr25dB,sub-02,triangular-ramp5s,25,1,24,0.9850746268656716,0.9417249417249416,0.9377559377559378,0.9295774647887324,0.9406307977736548,0.9850746268656716,0.9330484867095948,1272,1227
pareto_sum,sub-02_FDSI_triangular-ramp5s_snr25dB,sub-02,triangular-ramp5s,25,2,21,1.0,0.988425925925926,0.9877350776778414,0.993103448275862,0.9879629629629628,0.9859154929577464,0.908161997795105,1281,1296
pareto_sum,sub-02_FDSI_triangular-ramp5s_snr25dB,sub-02,triangular-ramp5s,25,3,33,0.979591836734694,0.5446247464503042,0.5218783351120597,0.6504854368932039,0.5596658711217184,0.0222222222222222,0.7044084072113037,672,851
pareto_sum,sub-02_FDSI_triangular-ramp5s_snr25dB,sub-02,triangular-ramp5s,25,4,32,0.98,0.9558011049723756,0.9543859649122808,0.93,0.9563492063492064,1.0,0.907484233379364,865,905
pareto_sum,sub-02_FDSI_triangular-ramp5s_snr25dB,sub-02,triangular-ramp5s,25,5,28,0.9310344827586208,0.0944380069524913,0.0653477218225419,0.6357142857142857,0.0463883366467859,0.0519480519480519,0.860000729560852,803,1086
pareto_sum,sub-02_FDSI_triangular-ramp5s_snr25dB,sub-02,triangular-ramp5s,25,6,30,1.0,0.985985985985986,0.9851694915254238,0.9375,0.9915865384615384,1.0,0.9047834873199464,985,999
pareto_sum,sub-02_FDSI_triangular-ramp5s_snr25dB,sub-02,triangular-ramp5s,25,7,27,1.0,0.912156166814552,0.9073033707865168,0.8211382113821138,0.9193205944798302,0.9838709677419356,0.8530475497245789,1037,1118
pareto_sum,sub-02_FDSI_triangular-ramp5s_snr25dB,sub-02,triangular-ramp5s,25,8,29,0.9310344827586208,0.1604519774011299,0.1343457943925233,0.6106870229007634,0.1325536062378167,0.0416666666666666,0.7175430655479431,1009,1045
pareto_sum,sub-02_FDSI_triangular-ramp5s_snr25dB,sub-02,triangular-ramp5s,25,9,20,1.0,0.940868263473054,0.9373015873015872,0.9133333333333332,0.9423423423423424,0.9736842105263158,0.8658803105354309,1260,1333
pareto_sum,sub-02_FDSI_triangular-ramp5s_snr25dB,sub-02,triangular-ramp5s,25,10,26,0.9384615384615383,0.3404381290704559,0.3165024630541871,0.5421686746987951,0.2958133150308853,0.8181818181818182,0.8000586628913879,1109,1155
pareto_sum,sub-02_FDSI_triangular-ramp5s_snr20dB,sub-02,triangular-ramp5s,20,0,24,0.9850746268656716,0.7919463087248322,0.7816011235955056,0.774390243902439,0.7839555202541699,0.9850746268656716,0.8897738456726074,1443,1227
pareto_sum,sub-02_FDSI_triangular-ramp5s_snr20dB,sub-02,triangular-ramp5s,20,1,21,1.0,0.9830508474576272,0.9820408163265306,0.9793103448275862,0.9842883548983364,0.971830985915493,0.8918349742889404,1278,1296
pareto_sum,sub-02_FDSI_triangular-ramp5s_snr20dB,sub-02,triangular-ramp5s,20,2,30,1.0,0.982,0.9809523809523808,0.9642857142857144,0.9831932773109244,1.0,0.8929219245910645,983,999
pareto_sum,sub-02_FDSI_triangular-ramp5s_snr20dB,sub-02,triangular-ramp5s,20,3,27,0.9830508474576272,0.8262411347517731,0.8175865294667914,0.775,0.8245243128964059,0.9516129032258064,0.8529290556907654,942,1118
pareto_sum,sub-02_FDSI_triangular-ramp5s_snr20dB,sub-02,triangular-ramp5s,20,4,20,0.9473684210526316,0.8314773570898293,0.8245476003147129,0.7857142857142857,0.8281110116383169,0.9736842105263158,0.8544692993164062,1134,1333
pareto_sum,sub-02_FDSI_triangular-ramp5s_snr15dB,sub-02,triangular-ramp5s,15,0,24,0.9848484848484848,0.1779513888888889,0.1541554959785522,0.7017543859649122,0.1436436436436436,0.0952380952380952,0.8772753477096558,1487,1227
pareto_sum,sub-02_FDSI_triangular-ramp5s_snr15dB,sub-02,triangular-ramp5s,15,1,21,0.972972972972973,0.9377372817008351,0.9356395816572808,0.958904109589041,0.9326660600545952,0.9722222222222222,0.8719960451126099,1256,1296
pareto_sum,sub-02_FDSI_triangular-ramp5s_snr15dB,sub-02,triangular-ramp5s,15,2,30,0.9818181818181818,0.9123505976095616,0.9083245521601686,0.8584070796460177,0.9138755980861244,1.0,0.8633841872215271,921,999
pareto_sum,sub-03_FDSI_staircase_snr30dB,sub-03,staircase,30,0,48,1.0,0.9909021986353298,0.9905288082083662,,,,0.9563907384872437,1307,1319
pareto_sum,sub-03_FDSI_staircase_snr30dB,sub-03,staircase,30,1,49,1.0,0.9960906958561376,0.9959316517493898,,,,0.9754355549812316,1274,1279
pareto_sum,sub-03_FDSI_staircase_snr30dB,sub-03,staircase,30,2,51,1.0,0.9949281487743026,0.9947183098591548,,,,0.9794958233833312,1177,1183
pareto_sum,sub-03_FDSI_staircase_snr30dB,sub-03,staircase,30,3,46,1.0,0.9942487419122932,0.994011976047904,,,,0.9698952436447144,1383,1391
pareto_sum,sub-03_FDSI_staircase_snr30dB,sub-03,staircase,30,4,40,1.0,0.9950586781964176,0.9948453608247424,,,,0.9892181754112244,1611,1619
pareto_sum,sub-03_FDSI_staircase_snr30dB,sub-03,staircase,30,5,52,1.0,0.993838028169014,0.9935720844811754,,,,0.9771382212638856,1129,1136
pareto_sum,sub-03_FDSI_staircase_snr30dB,sub-03,staircase,30,6,44,1.0,0.9952380952380953,0.9950389794472004,,,,0.9774128794670104,1463,1470
pareto_sum,sub-03_FDSI_staircase_snr30dB,sub-03,staircase,30,7,50,1.0,0.9787755102040816,0.9779099405267628,,,,0.9395151734352112,1199,1225
pareto_sum,sub-03_FDSI_staircase_snr30dB,sub-03,staircase,30,8,45,0.9636363636363636,0.1596306068601583,0.1397025687246507,,,,0.8745892643928528,1192,1445
pareto_sum,sub-03_FDSI_staircase_snr30dB,sub-03,staircase,30,9,47,1.0,0.929098966026588,0.9262106072252114,,,,0.896407425403595,1264,1348
pareto_sum,sub-03_FDSI_staircase_snr30dB,sub-03,staircase,30,10,35,0.9295774647887324,0.980225988700565,0.9823425544437904,,,,0.9517062902450562,1735,1770
pareto_sum,sub-03_FDSI_staircase_snr25dB,sub-03,staircase,25,0,51,1.0,0.99323753169907,0.9929577464788732,,,,0.9666271209716796,1175,1183
pareto_sum,sub-03_FDSI_staircase_snr25dB,sub-03,staircase,25,1,46,1.0,0.9942487419122932,0.994011976047904,,,,0.9498351812362672,1383,1391
pareto_sum,sub-03_FDSI_staircase_snr25dB,sub-03,staircase,25,2,52,1.0,0.9929577464788732,0.992653810835629,,,,0.9672474265098572,1128,1136
pareto_sum,sub-03_FDSI_staircase_snr25dB,sub-03,staircase,25,3,40,1.0,0.9969116738727608,0.996778350515464,,,,0.9860569834709167,1614,1619
pareto_sum,sub-03_FDSI_staircase_snr25dB,sub-03,staircase,25,4,44,1.0,0.9945578231292516,0.994330262225372,,,,0.9675034880638124,1462,1470
pareto_sum,sub-03_FDSI_staircase_snr25dB,sub-03,staircase,25,5,48,1.0,0.9810462471569372,0.9802683504340964,,,,0.946757674217224,1294,1319
pareto_sum,sub-03_FDSI_staircase_snr25dB,sub-03,staircase,25,6,45,0.9090909090909092,0.1266869830213321,0.107493309545049,,,,0.81681227684021,1143,1445
pareto_sum,sub-03_FDSI_staircase_snr25dB,sub-03,staircase,25,7,49,1.0,0.9960906958561376,0.9959316517493898,,,,0.9636399745941162,1274,1279
pareto_sum,sub-03_FDSI_staircase_snr20dB,sub-03,staircase,20,0,44,1.0,0.9836734693877552,0.9829907866761164,,,,0.9412884712219238,1446,1470
pareto_sum,sub-03_FDSI_staircase_snr20dB,sub-03,staircase,20,1,46,1.0,0.976293103448276,0.975317875841436,,,,0.92546808719635,1360,1391
pareto_sum,sub-03_FDSI_staircase_snr20dB,sub-03,staircase,20,2,40,1.0,0.9962940086473132,0.9961340206185568,,,,0.9810996651649476,1613,1619
pareto_sum,sub-03_FDSI_staircase_snr20dB,sub-03,staircase,20,3,49,0.96,0.9090208172706246,0.9069767441860463,,,,0.8764811158180237,1197,1279
pareto_sum,sub-03_FDSI_staircase_snr20dB,sub-03,staircase,20,4,51,1.0,0.9898648648648648,0.9894459102902374,,,,0.952916979789734,1173,1183
pareto_sum,sub-03_FDSI_staircase_snr20dB,sub-03,staircase,20,5,52,1.0,0.9859278803869832,0.9853211009174312,,,,0.9322741031646729,1122,1136
pareto_sum,sub-03_FDSI_staircase_snr20dB,sub-03,staircase,20,6,48,0.9230769230769232,0.968939393939394,0.970820189274448,,,,0.928592562675476,1280,1319
pareto_sum,sub-03_FDSI_staircase_snr15dB,sub-03,staircase,15,0,40,1.0,0.9956763434218654,0.9954896907216496,,,,0.9748972654342652,1612,1619
pareto_sum,sub-03_FDSI_staircase_snr15dB,sub-03,staircase,15,1,44,0.9322033898305084,0.9354180829367778,0.9355524079320112,,,,0.9106836318969728,1377,1470
pareto_sum,sub-03_FDSI_staircase_snr15dB,sub-03,staircase,15,2,52,0.9787234042553192,0.970950704225352,0.970615243342516,,,,0.9138312339782716,1103,1136
pareto_sum,sub-03_FDSI_triangular-ramp40s_snr30dB,sub-03,triangular-ramp40s,30,0,48,1.0,0.990506329113924,0.9899665551839464,1.0,0.9886075949367088,1.0,0.9609583616256714,940,947
pareto_sum,sub-03_FDSI_triangular-ramp40s_snr30dB,sub-03,triangular-ramp40s,30,1,46,1.0,0.985,0.9841605068637804,0.9907407407407408,0.9832535885167464,1.0,0.9405626058578492,985,1000
pareto_sum,sub-03_FDSI_triangular-ramp40s_snr30dB,sub-03,triangular-ramp40s,30,2,40,1.0,0.9956483899042646,0.9953874538745388,0.9923664122137404,0.992685475444096,0.984126984126984,0.9874131083488464,1144,1149
pareto_sum,sub-03_FDSI_triangular-ramp40s_snr30dB,sub-03,triangular-ramp40s,30,3,52,1.0,0.9987730061349692,0.9986996098829648,1.0,0.9985272459499264,1.0,0.9805191159248352,814,815
pareto_sum,sub-03_FDSI_triangular-ramp40s_snr30dB,sub-03,triangular-ramp40s,30,4,49,1.0,0.996742671009772,0.9965556831228471,1.0,0.99609375,1.0,0.9751431941986084,918,921
pareto_sum,sub-03_FDSI_triangular-ramp40s_snr30dB,sub-03,triangular-ramp40s,30,5,50,1.0,0.9583333333333334,0.9558998808104888,1.0,0.9501347708894878,1.0,0.9225262999534608,852,887
pareto_sum,sub-03_FDSI_triangular-ramp40s_snr30dB,sub-03,triangular-ramp40s,30,6,51,1.0,0.9988317757009346,0.9987623762376238,1.0,1.0,0.9782608695652174,0.9784578680992126,855,856
pareto_sum,sub-03_FDSI_triangular-ramp40s_snr30dB,sub-03,triangular-ramp40s,30,7,35,0.9859154929577464,0.9758842443729904,0.9752770673486786,0.9857142857142858,0.9729468599033816,1.0,0.9398305416107178,1214,1244
pareto_sum,sub-03_FDSI_triangular-ramp40s_snr30dB,sub-03,triangular-ramp40s,30,8,45,0.9649122807017544,0.1573170731707317,0.1282375236891977,0.9823008849557522,0.1033028812368236,0.0505050505050505,0.8411818742752075,860,1038
pareto_sum,sub-03_FDSI_triangular-ramp40s_snr30dB,sub-03,triangular-ramp40s,30,9,44,1.0,0.994328922495274,0.993993993993994,1.0,0.9931895573212258,1.0,0.9720187187194824,1052,1058
pareto_sum,sub-03_FDSI_triangular-ramp40s_snr30dB,sub-03,triangular-ramp40s,30,10,47,0.9245283018867924,0.9670781893004116,0.969532100108814,0.9454545454545454,0.969059405940594,0.9814814814814816,0.9353287816047668,940,972
pareto_sum,sub-03_FDSI_triangular-ramp40s_snr30dB,sub-03,triangular-ramp40s,30,11,43,0.9344262295081968,0.1815980629539951,0.1527341294783155,0.950413223140496,0.1299157303370786,0.07,0.8375795483589172,866,1086
pareto_sum,sub-03_FDSI_triangular-ramp40s_snr25dB,sub-03,triangular-ramp40s,25,0,48,1.0,0.9841772151898734,0.9832775919732442,1.0,0.981012658227848,1.0,0.942876636981964,934,947
pareto_sum,sub-03_FDSI_triangular-ramp40s_snr25dB,sub-03,triangular-ramp40s,25,1,40,1.0,0.9956483899042646,0.9953874538745388,0.9923664122137404,0.992685475444096,0.984126984126984,0.9847711324691772,1144,1149
pareto_sum,sub-03_FDSI_triangular-ramp40s_snr25dB,sub-03,triangular-ramp40s,25,2,52,1.0,0.9987730061349692,0.9986996098829648,1.0,0.9985272459499264,1.0,0.9706300497055054,814,815
pareto_sum,sub-03_FDSI_triangular-ramp40s_snr25dB,sub-03,triangular-ramp40s,25,3,44,0.9833333333333332,0.9896128423040604,0.98998998998999,0.9833333333333332,0.9909194097616344,0.9827586206896552,0.9608381986618042,1049,1058
pareto_sum,sub-03_FDSI_triangular-ramp40s_snr25dB,sub-03,triangular-ramp40s,25,4,46,1.0,0.991,0.9904963041182682,1.0,0.9904306220095692,0.9821428571428572,0.9512984156608582,991,1000
pareto_sum,sub-03_FDSI_triangular-ramp40s_snr25dB,sub-03,triangular-ramp40s,25,5,49,1.0,0.98371335504886,0.9827784156142364,1.0,0.9830729166666666,0.9622641509433962,0.9112082719802856,906,921
pareto_sum,sub-03_FDSI_triangular-ramp40s_snr25dB,sub-03,triangular-ramp40s,25,6,51,1.0,0.985981308411215,0.9851485148514852,1.0,0.9832167832167832,1.0,0.9619465470314026,844,856
pareto_sum,sub-03_FDSI_triangular-ramp40s_snr20dB,sub-03,triangular-ramp40s,20,0,48,1.0,0.8782696177062375,0.8716861081654295,1.0,0.8564593301435407,0.9807692307692308,0.8829516768455505,920,947
pareto_sum,sub-03_FDSI_triangular-ramp40s_snr20dB,sub-03,triangular-ramp40s,20,1,40,1.0,0.9947780678851176,0.9944649446494463,0.9847328244274808,0.992685475444096,0.984126984126984,0.9776718020439148,1143,1149
pareto_sum,sub-03_FDSI_triangular-ramp40s_snr20dB,sub-03,triangular-ramp40s,20,2,46,1.0,0.98001998001998,0.978902953586498,0.9907407407407408,0.978494623655914,0.9821428571428572,0.9269729256629944,982,1000
pareto_sum,sub-03_FDSI_triangular-ramp40s_snr20dB,sub-03,triangular-ramp40s,20,3,49,0.98,0.9501084598698482,0.948394495412844,0.99,0.9427828348504552,0.981132075471698,0.9077467322349548,877,921
pareto_sum,sub-03_FDSI_triangular-ramp40s_snr20dB,sub-03,triangular-ramp40s,20,4,51,0.9791666666666666,0.9906542056074766,0.9913366336633664,0.9894736842105264,0.9916083916083916,0.9782608695652174,0.9561147689819336,848,856
pareto_sum,sub-03_FDSI_triangular-ramp40s_snr20dB,sub-03,triangular-ramp40s,20,5,52,1.0,0.9914110429447852,0.9908972691807544,0.9887640449438202,0.9926362297496318,0.9787234042553192,0.9618632197380066,808,815
pareto_sum,sub-03_FDSI_triangular-ramp40s_snr20dB,sub-03,triangular-ramp40s,20,6,44,1.0,0.9858223062381852,0.984984984984985,0.9915966386554622,0.985244040862656,0.9827586206896552,0.9420731663703918,1043,1058
pareto_sum,sub-03_FDSI_triangular-ramp40s_snr15dB,sub-03,triangular-ramp40s,15,0,40,1.0,0.9956483899042646,0.9953874538745388,0.9923664122137404,0.992685475444096,0.984126984126984,0.9723575115203856,1144,1149
pareto_sum,sub-03_FDSI_triangular-ramp40s_snr15dB,sub-03,triangular-ramp40s,15,1,44,0.9830508474576272,0.9253308128544424,0.921921921921922,0.9663865546218487,0.9148694665153236,1.0,0.914759874343872,979,1058
pareto_sum,sub-03_FDSI_triangular-ramp40s_snr15dB,sub-03,triangular-ramp40s,15,2,52,0.9565217391304348,0.9352869352869352,0.9340232858990944,0.9662921348314608,0.9282576866764276,0.9787234042553192,0.8887112140655518,770,815
pareto_sum,sub-03_FDSI_triangular-ramp40s_snr15dB,sub-03,triangular-ramp40s,15,3,49,0.94,0.9233261339092872,0.9223744292237442,0.96,0.9133247089262612,1.0,0.9006061553955078,860,921
pareto_sum,sub-03_FDSI_triangular-ramp40s_snr15dB,sub-03,triangular-ramp40s,15,4,46,0.9433962264150944,0.9011857707509882,0.8988529718456726,0.9537037037037036,0.8891509433962265,0.9821428571428572,0.9049821496009828,924,1000
pareto_sum,sub-03_FDSI_triangular-ramp20s_snr30dB,sub-03,triangular-ramp20s,30,0,52,1.0,0.9938195302843016,0.9934640522875816,1.0,0.9925925925925926,1.0,0.976760983467102,804,809
pareto_sum,sub-03_FDSI_triangular-ramp20s_snr30dB,sub-03,triangular-ramp20s,30,1,51,1.0,0.98711943793911,0.986335403726708,0.96875,0.9901269393511988,0.979591836734694,0.9484583139419556,843,854
pareto_sum,sub-03_FDSI_triangular-ramp20s_snr30dB,sub-03,triangular-ramp20s,30,2,40,1.0,0.9982683982683984,0.9981684981684982,0.992063492063492,0.9979274611398964,0.9846153846153848,0.9835761785507202,1153,1155
pareto_sum,sub-03_FDSI_triangular-ramp20s_snr30dB,sub-03,triangular-ramp20s,30,3,44,1.0,0.9971936389148736,0.9970267591674926,1.0,0.9977477477477478,0.9836065573770492,0.9568870663642884,1066,1069
pareto_sum,sub-03_FDSI_triangular-ramp20s_snr30dB,sub-03,triangular-ramp20s,30,4,46,0.9818181818181818,0.998019801980198,0.9968619246861924,1.0,0.9976190476190476,1.0,0.9590152502059937,1008,1010
pareto_sum,sub-03_FDSI_triangular-ramp20s_snr30dB,sub-03,triangular-ramp20s,30,5,48,1.0,0.994753410283316,0.9944444444444444,0.9905660377358492,0.996216897856242,0.9814814814814816,0.9574952721595764,948,953
pareto_sum,sub-03_FDSI_triangular-ramp20s_snr30dB,sub-03,triangular-ramp20s,30,6,49,1.0,0.9771490750816104,0.9758064516129032,1.0,0.9725848563968668,1.0,0.9364484548568726,898,919
pareto_sum,sub-03_FDSI_triangular-ramp20s_snr30dB,sub-03,triangular-ramp20s,30,7,35,0.9852941176470588,0.971268954509178,0.9704641350210972,0.9485294117647058,0.9732569245463228,0.9857142857142858,0.9322645664215088,1217,1253
pareto_sum,sub-03_FDSI_triangular-ramp20s_snr30dB,sub-03,triangular-ramp20s,30,8,45,0.912280701754386,0.0974477958236658,0.0695860827834433,0.9203539823008848,0.0390469887491727,0.0606060606060606,0.9166693687438964,849,1043
pareto_sum,sub-03_FDSI_triangular-ramp20s_snr30dB,sub-03,triangular-ramp20s,30,9,47,1.0,0.8668639053254438,0.8595213319458896,0.9905660377358492,0.8484136310223267,0.912280701754386,0.8693342804908752,919,974
pareto_sum,sub-03_FDSI_triangular-ramp20s_snr30dB,sub-03,triangular-ramp20s,30,10,50,0.9615384615384616,0.9448818897637796,0.941527446300716,0.9393939393939394,0.941970310391363,1.0,0.9206794500350952,841,888
pareto_sum,sub-03_FDSI_triangular-ramp20s_snr25dB,sub-03,triangular-ramp20s,25,0,52,1.0,0.992583436341162,0.992156862745098,1.0,0.9911111111111112,1.0,0.9620758891105652,803,809
pareto_sum,sub-03_FDSI_triangular-ramp20s_snr25dB,sub-03,triangular-ramp20s,25,1,49,1.0,0.5800865800865801,0.6362773029439696,1.0,0.6877777777777778,1.0,0.8900044560432434,906,919
pareto_sum,sub-03_FDSI_triangular-ramp20s_snr25dB,sub-03,triangular-ramp20s,25,2,40,1.0,0.9982683982683984,0.9981684981684982,0.992063492063492,0.9979274611398964,0.9846153846153848,0.980455756187439,1153,1155
pareto_sum,sub-03_FDSI_triangular-ramp20s_snr25dB,sub-03,triangular-ramp20s,25,3,46,0.9818181818181818,0.9930693069306932,0.99163179916318,1.0,0.9928571428571428,0.9827586206896552,0.9384366869926452,1003,1010
pareto_sum,sub-03_FDSI_triangular-ramp20s_snr25dB,sub-03,triangular-ramp20s,25,4,44,1.0,0.9887745556594948,0.9881070366699702,1.0,0.9887387387387389,0.9672131147540984,0.952466368675232,1057,1069
pareto_sum,sub-03_FDSI_triangular-ramp20s_snr25dB,sub-03,triangular-ramp20s,25,5,51,1.0,0.9941451990632318,0.9937888198757764,1.0,0.994358251057828,0.979591836734694,0.9667587280273438,849,854
pareto_sum,sub-03_FDSI_triangular-ramp20s_snr25dB,sub-03,triangular-ramp20s,25,6,48,1.0,0.8985801217038539,0.8928188638799571,0.9905660377358492,0.8825665859564165,0.9629629629629628,0.8839792609214783,919,953
pareto_sum,sub-03_FDSI_triangular-ramp20s_snr25dB,sub-03,triangular-ramp20s,25,7,35,0.9264705882352942,0.9002394253790902,0.8987341772151899,0.9338235294117648,0.8911174785100286,0.9714285714285714,0.9075758457183838,1128,1253
pareto_sum,sub-03_FDSI_triangular-ramp20s_snr20dB,sub-03,triangular-ramp20s,20,0,44,1.0,0.981290926099158,0.9801783944499504,1.0,0.9797297297297296,0.9672131147540984,0.9272447824478148,1049,1069
pareto_sum,sub-03_FDSI_triangular-ramp20s_snr20dB,sub-03,triangular-ramp20s,20,1,40,1.0,0.993939393939394,0.9935897435897436,1.0,0.9927461139896372,0.9692307692307692,0.9739794731140136,1148,1155
pareto_sum,sub-03_FDSI_triangular-ramp20s_snr20dB,sub-03,triangular-ramp20s,20,2,52,1.0,0.9901112484548824,0.9895424836601308,0.9886363636363636,0.9911111111111112,0.9782608695652174,0.9508754014968872,801,809
pareto_sum,sub-03_FDSI_triangular-ramp20s_snr20dB,sub-03,triangular-ramp20s,20,3,51,0.979591836734694,0.9847775175644028,0.9850931677018634,0.9895833333333334,0.9830747531734838,1.0,0.9500089287757874,841,854
pareto_sum,sub-03_FDSI_triangular-ramp20s_snr20dB,sub-03,triangular-ramp20s,20,4,49,0.9803921568627452,0.7721774193548387,0.7608926673751328,0.9901960784313726,0.733015494636472,0.9803921568627452,0.8452361226081848,839,919
pareto_sum,sub-03_FDSI_triangular-ramp20s_snr20dB,sub-03,triangular-ramp20s,20,5,48,0.981132075471698,0.5719503287070855,0.5554711246200608,0.9905660377358492,0.5859375,0.0555555555555555,0.8397326469421387,1199,953
pareto_sum,sub-03_FDSI_triangular-ramp20s_snr20dB,sub-03,triangular-ramp20s,20,6,46,0.9818181818181818,0.9594861660079052,0.9561586638830898,0.9821428571428572,0.9536817102137768,1.0,0.9100664258003236,973,1010
pareto_sum,sub-03_FDSI_triangular-ramp20s_snr15dB,sub-03,triangular-ramp20s,15,0,40,1.0,0.9930735930735932,0.9926739926739928,1.0,0.9917098445595854,0.9692307692307692,0.9662908315658568,1147,1155
pareto_sum,sub-03_FDSI_triangular-ramp20s_snr15dB,sub-03,triangular-ramp20s,15,1,49,0.9607843137254902,0.7530864197530864,0.741585233441911,0.9705882352941176,0.7118437118437119,0.9803921568627452,0.8588770031929016,785,919
pareto_sum,sub-03_FDSI_triangular-ramp20s_snr15dB,sub-03,triangular-ramp20s,15,2,44,0.95,0.9078212290502792,0.9053254437869822,0.9333333333333332,0.8992161254199328,0.9836065573770492,0.9077627062797546,980,1069
pareto_sum,sub-03_FDSI_triangular-ramp20s_snr15dB,sub-03,triangular-ramp20s,15,3,52,0.9318181818181818,0.7429537767756482,0.7330960854092526,0.9318181818181818,0.7091633466135459,0.9347826086956522,0.839596152305603,737,809
pareto_sum,sub-03_FDSI_triangular-ramp10s_snr30dB,sub-03,triangular-ramp10s,30,0,44,1.0,0.9943555973659456,0.99402390438247,1.0,0.994343891402715,0.9833333333333332,0.9139484167099,1057,1063
pareto_sum,sub-03_FDSI_triangular-ramp10s_snr30dB,sub-03,triangular-ramp10s,30,1,35,1.0,0.950079239302694,0.947191953059514,0.9568345323741008,0.9468186134852802,0.9857142857142858,0.9033135175704956,1199,1262
pareto_sum,sub-03_FDSI_triangular-ramp10s_snr30dB,sub-03,triangular-ramp10s,30,2,52,1.0,0.9890510948905108,0.988431876606684,0.9777777777777776,0.9912663755458516,0.9777777777777776,0.9352583885192872,813,822
pareto_sum,sub-03_FDSI_triangular-ramp10s_snr30dB,sub-03,triangular-ramp10s,30,3,50,1.0,0.942242355605889,0.9387755102040816,0.979591836734694,0.934959349593496,0.9787234042553192,0.8762971758842468,835,880
pareto_sum,sub-03_FDSI_triangular-ramp10s_snr30dB,sub-03,triangular-ramp10s,30,4,46,1.0,0.9910269192422732,0.9904963041182682,0.991150442477876,0.9904076738609112,1.0,0.937727689743042,994,1003
pareto_sum,sub-03_FDSI_triangular-ramp10s_snr30dB,sub-03,triangular-ramp10s,30,5,47,0.9814814814814816,0.5649819494584838,0.5436432637571158,0.9074074074074074,0.5855555555555556,0.0412371134020618,0.8431657552719116,757,977
pareto_sum,sub-03_FDSI_triangular-ramp10s_snr30dB,sub-03,triangular-ramp10s,30,6,48,1.0,0.2323420074349442,0.2067861715749039,0.9906542056074766,0.1846814602720114,0.1,0.8703884482383728,1030,959
pareto_sum,sub-03_FDSI_triangular-ramp10s_snr30dB,sub-03,triangular-ramp10s,30,7,49,1.0,0.991237677984666,0.9907407407407408,1.0,0.9908136482939632,0.9803921568627452,0.9454938173294068,905,913
pareto_sum,sub-03_FDSI_triangular-ramp10s_snr30dB,sub-03,triangular-ramp10s,30,8,43,0.9166666666666666,0.0753012048192771,0.0491718426501035,0.6231884057971014,0.0322952710495963,0.0666666666666666,0.7666805982589722,1050,1092
pareto_sum,sub-03_FDSI_triangular-ramp10s_snr30dB,sub-03,triangular-ramp10s,30,9,51,1.0,0.9907300115874856,0.9902080783353732,0.9893617021276596,0.9875346260387812,1.0,0.9701619744300842,855,863
pareto_sum,sub-03_FDSI_triangular-ramp10s_snr30dB,sub-03,triangular-ramp10s,30,10,40,1.0,0.988666085440279,0.9880184331797236,0.9921875,0.98744769874477,1.0,0.9454809427261353,1134,1147
pareto_sum,sub-03_FDSI_triangular-ramp10s_snr25dB,sub-03,triangular-ramp10s,25,0,51,1.0,0.993047508690614,0.99265605875153,0.9787234042553192,0.994459833795014,0.9583333333333334,0.9547458291053772,857,863
pareto_sum,sub-03_FDSI_triangular-ramp10s_snr25dB,sub-03,triangular-ramp10s,25,1,44,1.0,0.982126058325494,0.9810756972111554,1.0,0.9785067873303168,1.0,0.900056004524231,1044,1063
pareto_sum,sub-03_FDSI_triangular-ramp10s_snr25dB,sub-03,triangular-ramp10s,25,2,50,0.9,0.7719688542825361,0.7644287396937574,0.8061224489795918,0.7559681697612732,0.9574468085106383,0.8378456830978394,713,880
pareto_sum,sub-03_FDSI_triangular-ramp10s_snr25dB,sub-03,triangular-ramp10s,25,3,46,1.0,0.967196819085487,0.9652631578947368,0.9823008849557522,0.9629629629629628,1.0,0.9109835624694824,976,1003
pareto_sum,sub-03_FDSI_triangular-ramp10s_snr25dB,sub-03,triangular-ramp10s,25,4,48,1.0,0.2335766423357664,0.2085427135678391,1.0,0.1925770308123249,0.0970873786407767,0.8762022852897644,1069,959
pareto_sum,sub-03_FDSI_triangular-ramp10s_snr25dB,sub-03,triangular-ramp10s,25,5,49,1.0,0.9629629629629628,0.9608745684695053,1.0,0.9569752281616688,0.9803921568627452,0.9185746312141418,889,913
pareto_sum,sub-03_FDSI_triangular-ramp10s_snr25dB,sub-03,triangular-ramp10s,25,6,52,1.0,0.9963503649635036,0.9961439588688946,1.0,0.9956331877729258,1.0,0.9557341933250428,819,822
pareto_sum,sub-03_FDSI_triangular-ramp10s_snr25dB,sub-03,triangular-ramp10s,25,7,40,1.0,0.9712292938099388,0.9695852534562212,0.9765625,0.9686192468619248,1.0,0.9278364181518556,1114,1147
pareto_sum,sub-03_FDSI_triangular-ramp10s_snr20dB,sub-03,triangular-ramp10s,20,0,40,0.984126984126984,0.995640802092415,0.9944700460829492,1.0,0.99581589958159,0.984126984126984,0.9695127606391908,1142,1147
pareto_sum,sub-03_FDSI_triangular-ramp10s_snr20dB,sub-03,triangular-ramp10s,20,1,46,1.0,0.926829268292683,0.9226006191950464,0.9734513274336284,0.9170560747663552,0.9821428571428572,0.8790689706802368,972,1003
pareto_sum,sub-03_FDSI_triangular-ramp10s_snr20dB,sub-03,triangular-ramp10s,20,2,49,1.0,0.6829511465603191,0.6666666666666666,0.98,0.6326291079812206,0.9411764705882352,0.827345609664917,775,913
pareto_sum,sub-03_FDSI_triangular-ramp10s_snr20dB,sub-03,triangular-ramp10s,20,3,44,0.9830508474576272,0.9511278195488722,0.9492537313432836,0.9831932773109244,0.9468926553672316,0.95,0.8918590545654297,1013,1063
pareto_sum,sub-03_FDSI_triangular-ramp10s_snr20dB,sub-03,triangular-ramp10s,20,4,52,0.9772727272727272,0.882491186839013,0.8773234200743495,0.9555555555555556,0.8633193863319386,1.0,0.8450726866722107,780,822
pareto_sum,sub-03_FDSI_triangular-ramp10s_snr20dB,sub-03,triangular-ramp10s,20,5,51,0.9130434782608696,0.977983777520278,0.981640146878825,0.9361702127659576,0.981994459833795,0.9583333333333334,0.9415552020072936,844,863
pareto_sum,sub-03_FDSI_triangular-ramp10s_snr20dB,sub-03,triangular-ramp10s,20,6,48,0.9423076923076924,0.0955555555555555,0.0703661327231121,0.8878504672897196,0.0467466835123183,0.0970873786407767,0.8748636245727539,1013,959
pareto_sum,sub-03_FDSI_triangular-ramp10s_snr15dB,sub-03,triangular-ramp10s,15,0,40,0.984126984126984,0.995640802092415,0.9944700460829492,1.0,0.99581589958159,0.984126984126984,0.958865225315094,1142,1147
pareto_sum,sub-03_FDSI_triangular-ramp10s_snr15dB,sub-03,triangular-ramp10s,15,1,52,0.9772727272727272,0.8760529482551144,0.8703939008894537,0.9555555555555556,0.8589928057553957,0.9361702127659576,0.8643465042114258,737,822
pareto_sum,sub-03_FDSI_triangular-ramp10s_snr15dB,sub-03,triangular-ramp10s,15,2,49,0.9591836734693876,0.6348155156102177,0.6190476190476191,0.9,0.5849889624724062,1.0,0.7842143774032593,815,913
pareto_sum,sub-03_FDSI_triangular-ramp5s_snr30dB,sub-03,triangular-ramp5s,30,0,40,1.0,0.9956784788245462,0.9954212454212454,0.992248062015504,0.995846313603323,1.0,0.9731738567352296,1152,1157
pareto_sum,sub-03_FDSI_triangular-ramp5s_snr30dB,sub-03,triangular-ramp5s,30,1,51,1.0,0.9953216374269006,0.9950617283950616,0.9891304347826086,0.9958100558659218,1.0,0.9477338194847108,851,855
pareto_sum,sub-03_FDSI_triangular-ramp5s_snr30dB,sub-03,triangular-ramp5s,30,2,46,1.0,0.98998998998999,0.9894179894179894,0.981651376146789,0.9904306220095692,1.0,0.8915594816207886,989,999
pareto_sum,sub-03_FDSI_triangular-ramp5s_snr30dB,sub-03,triangular-ramp5s,30,3,44,1.0,0.9887745556594948,0.9881070366699702,0.9830508474576272,0.986562150055991,1.0,0.8551003932952881,1057,1069
pareto_sum,sub-03_FDSI_triangular-ramp5s_snr30dB,sub-03,triangular-ramp5s,30,4,52,1.0,0.9963369963369964,0.9961190168175936,1.0,0.9956076134699854,1.0,0.9461836218833924,816,819
pareto_sum,sub-03_FDSI_triangular-ramp5s_snr30dB,sub-03,triangular-ramp5s,30,5,48,1.0,0.6716541978387365,0.6568201563857515,0.788135593220339,0.6414728682170543,1.0,0.845246434211731,1067,944
pareto_sum,sub-03_FDSI_triangular-ramp5s_snr30dB,sub-03,triangular-ramp5s,30,6,47,0.9636363636363636,0.4254422914911541,0.3992932862190813,0.5401459854014599,0.3829145728643216,0.9090909090909092,0.8012140393257141,716,976
pareto_sum,sub-03_FDSI_triangular-ramp5s_snr30dB,sub-03,triangular-ramp5s,30,7,49,1.0,0.7562688064192578,0.7434002111932418,0.8073394495412844,0.7359617682198327,0.9803921568627452,0.8221885561943054,839,912
pareto_sum,sub-03_FDSI_triangular-ramp5s_snr30dB,sub-03,triangular-ramp5s,30,8,50,0.9803921568627452,0.7408184679958028,0.7272727272727273,0.7241379310344828,0.7351077313054499,0.875,0.8144177198410034,770,889
pareto_sum,sub-03_FDSI_triangular-ramp5s_snr30dB,sub-03,triangular-ramp5s,30,9,35,0.9855072463768116,0.8721207307386815,0.865546218487395,0.7338129496402878,0.8822412155745489,1.0,0.8621425628662109,1103,1254
pareto_sum,sub-03_FDSI_triangular-ramp5s_snr25dB,sub-03,triangular-ramp5s,25,0,48,1.0,0.3288590604026846,0.3045897079276773,0.7079646017699115,0.272108843537415,0.925925925925926,0.8246473670005798,1036,944
pareto_sum,sub-03_FDSI_triangular-ramp5s_snr25dB,sub-03,triangular-ramp5s,25,1,40,1.0,0.9956784788245462,0.9954212454212454,0.992248062015504,0.995846313603323,1.0,0.9700266122817992,1152,1157
pareto_sum,sub-03_FDSI_triangular-ramp5s_snr25dB,sub-03,triangular-ramp5s,25,2,46,1.0,0.971086739780658,0.9694415173867228,0.9908256880733946,0.9666666666666668,1.0,0.8655855059623718,978,999
pareto_sum,sub-03_FDSI_triangular-ramp5s_snr25dB,sub-03,triangular-ramp5s,25,3,44,1.0,0.960710944808232,0.958374628344896,0.9491525423728814,0.9585666293393056,0.9830508474576272,0.8554340600967407,1027,1069
pareto_sum,sub-03_FDSI_triangular-ramp5s_snr25dB,sub-03,triangular-ramp5s,25,4,51,1.0,0.9906432748538012,0.9901234567901236,0.9891304347826086,0.9902234636871508,1.0,0.9330390691757202,847,855
pareto_sum,sub-03_FDSI_triangular-ramp5s_snr25dB,sub-03,triangular-ramp5s,25,5,52,1.0,0.9951159951159952,0.9948253557567918,1.0,0.9941434846266471,1.0,0.9261056184768676,815,819
pareto_sum,sub-03_FDSI_triangular-ramp5s_snr25dB,sub-03,triangular-ramp5s,25,6,49,1.0,0.7172413793103448,0.7956284153005464,0.6048387096774194,0.8115577889447236,1.0,0.8434609174728394,831,912
pareto_sum,sub-03_FDSI_triangular-ramp5s_snr20dB,sub-03,triangular-ramp5s,20,0,52,1.0,0.969549330085262,0.967741935483871,0.935483870967742,0.9693430656934306,1.0,0.9097895622253418,798,819
pareto_sum,sub-03_FDSI_triangular-ramp5s_snr20dB,sub-03,triangular-ramp5s,20,1,49,1.0,0.856388595564942,0.8483835005574136,0.8761904761904762,0.8457648546144121,0.9803921568627452,0.8464797735214233,846,912
pareto_sum,sub-03_FDSI_triangular-ramp5s_snr20dB,sub-03,triangular-ramp5s,20,2,40,1.0,0.996542783059637,0.9963369963369964,0.9844961240310076,0.9979231568016614,1.0,0.953332543373108,1153,1157
pareto_sum,sub-03_FDSI_triangular-ramp5s_snr20dB,sub-03,triangular-ramp5s,20,3,44,1.0,0.9249304911955516,0.9205103042198234,0.9663865546218487,0.9124168514412416,1.0,0.8385179042816162,1008,1069
pareto_sum,sub-03_FDSI_triangular-ramp5s_snr20dB,sub-03,triangular-ramp5s,20,4,46,1.0,0.9076923076923076,0.9026369168356998,0.9285714285714286,0.9004576659038902,0.9814814814814816,0.8243184685707092,985,999
pareto_sum,sub-03_FDSI_triangular-ramp5s_snr20dB,sub-03,triangular-ramp5s,20,5,51,1.0,0.975438596491228,0.974074074074074,0.9891304347826086,0.9762569832402236,0.9361702127659576,0.9338061213493348,834,855
pareto_sum,sub-03_FDSI_triangular-ramp5s_snr20dB,sub-03,triangular-ramp5s,20,6,48,0.9433962264150944,0.7065009560229446,0.6938569989929506,0.6944444444444444,0.7029478458049887,0.7857142857142857,0.808363139629364,841,944
pareto_sum,sub-03_FDSI_triangular-ramp5s_snr15dB,sub-03,triangular-ramp5s,15,0,52,0.9782608695652174,0.8774271844660194,0.87146529562982,0.8260869565217391,0.8806404657933042,0.9333333333333332,0.8796483278274536,728,819
pareto_sum,sub-03_FDSI_triangular-ramp5s_snr15dB,sub-03,triangular-ramp5s,15,1,40,1.0,0.9913569576490924,0.9908424908424908,0.992248062015504,0.9906542056074766,1.0,0.9438401460647584,1147,1157
pareto_sum,sub-03_FDSI_triangular-ramp5s_snr15dB,sub-03,triangular-ramp5s,15,2,51,0.9111111111111112,0.9090909090909092,0.908979089790898,0.7934782608695652,0.9220055710306406,0.9375,0.8929586410522461,783,855
pareto_sum,sub-03_FDSI_triangular-ramp5s_snr15dB,sub-03,triangular-ramp5s,15,3,46,0.9074074074074074,0.3541114058355438,0.3335625859697386,0.8482142857142857,0.3416731821735731,0.043859649122807,0.8244147300720215,1043,999
pareto_sum,sub-04_FDSI_staircase_snr30dB,sub-04,staircase,30,0,50,1.0,0.9645756457564576,0.9631901840490796,,,,0.9423938393592834,1339,1323
pareto_sum,sub-04_FDSI_staircase_snr30dB,sub-04,staircase,30,1,44,1.0,0.9921824104234528,0.991864406779661,,,,0.9481817483901978,1523,1535
pareto_sum,sub-04_FDSI_staircase_snr30dB,sub-04,staircase,30,2,54,1.0,0.9724849527085124,0.971326164874552,,,,0.939717411994934,1131,1163
pareto_sum,sub-04_FDSI_staircase_snr30dB,sub-04,staircase,30,3,41,1.0,0.9951338199513382,0.9949335022165928,,,,0.9855908155441284,1636,1644
pareto_sum,sub-04_FDSI_staircase_snr30dB,sub-04,staircase,30,4,53,1.0,0.9585406301824212,0.9568221070811744,,,,0.9137666821479796,1160,1202
pareto_sum,sub-04_FDSI_staircase_snr30dB,sub-04,staircase,30,5,23,0.975,0.9762746087834429,0.9763282482903736,,,,0.9415550231933594,1934,1981
pareto_sum,sub-04_FDSI_staircase_snr30dB,sub-04,staircase,30,6,51,1.0,0.9821981424148608,0.981421647819063,,,,0.9513264894485474,1276,1285
pareto_sum,sub-04_FDSI_staircase_snr30dB,sub-04,staircase,30,7,48,1.0,0.9850852272727272,0.9844559585492229,,,,0.9355602860450744,1387,1408
pareto_sum,sub-04_FDSI_staircase_snr30dB,sub-04,staircase,30,8,47,0.9107142857142856,0.8694792353328938,0.8678986995208761,,,,0.8530384302139282,1388,1448
pareto_sum,sub-04_FDSI_staircase_snr30dB,sub-04,staircase,30,9,37,0.9420289855072465,0.9423298731257208,0.9423423423423424,,,,0.9114674925804138,1638,1730
pareto_sum,sub-04_FDSI_staircase_snr30dB,sub-04,staircase,30,10,49,1.0,0.9948604992657856,0.9946524064171124,,,,0.9723888039588928,1355,1362
pareto_sum,sub-04_FDSI_staircase_snr30dB,sub-04,staircase,30,11,17,0.9012345679012346,0.9718035974720468,0.9746963562753036,,,,0.9448546171188354,1999,2057
pareto_sum,sub-04_FDSI_staircase_snr30dB,sub-04,staircase,30,12,42,1.0,0.9937616968184654,0.9935064935064936,,,,0.9620441794395448,1593,1603
pareto_sum,sub-04_FDSI_staircase_snr30dB,sub-04,staircase,30,13,33,0.9014084507042254,0.9517808219178082,0.9538198403648804,,,,0.92937570810318,1737,1825
pareto_sum,sub-04_FDSI_staircase_snr25dB,sub-04,staircase,25,0,44,0.9666666666666668,0.9739583333333334,0.9742547425474256,,,,0.9270387887954712,1497,1535
pareto_sum,sub-04_FDSI_staircase_snr25dB,sub-04,staircase,25,1,51,0.9814814814814816,0.5098360655737705,0.4954954954954955,,,,0.9145883321762084,1478,1285
pareto_sum,sub-04_FDSI_staircase_snr25dB,sub-04,staircase,25,2,53,0.9387755102040816,0.2824175824175824,0.264257481648786,,,,0.877644419670105,1132,1202
pareto_sum,sub-04_FDSI_staircase_snr25dB,sub-04,staircase,25,3,41,1.0,0.9939172749391728,0.993666877770741,,,,0.9871691465377808,1634,1644
pareto_sum,sub-04_FDSI_staircase_snr25dB,sub-04,staircase,25,4,48,1.0,0.9928977272727272,0.99259807549963,,,,0.9569621682167052,1398,1408
pareto_sum,sub-04_FDSI_staircase_snr25dB,sub-04,staircase,25,5,54,1.0,0.9681857265692176,0.9668458781362008,,,,0.9471020698547364,1126,1163
pareto_sum,sub-04_FDSI_staircase_snr25dB,sub-04,staircase,25,6,50,0.9803921568627452,0.972470238095238,0.9721577726218096,,,,0.9430182576179504,1328,1323
pareto_sum,sub-04_FDSI_staircase_snr25dB,sub-04,staircase,25,7,47,0.912280701754386,0.722678458622868,0.7155963302752294,,,,0.8264346122741699,1279,1448
pareto_sum,sub-04_FDSI_staircase_snr25dB,sub-04,staircase,25,8,49,1.0,0.9838472834067548,0.9831932773109244,,,,0.9543413519859314,1340,1362
pareto_sum,sub-04_FDSI_staircase_snr25dB,sub-04,staircase,25,9,42,1.0,0.990642545227698,0.9902597402597404,,,,0.957461953163147,1588,1603
pareto_sum,sub-04_FDSI_staircase_snr20dB,sub-04,staircase,20,0,41,1.0,0.9939172749391728,0.993666877770741,,,,0.983409345149994,1634,1644
pareto_sum,sub-04_FDSI_staircase_snr20dB,sub-04,staircase,20,1,48,0.9824561403508772,0.9680397727272728,0.9674315321983716,,,,0.9427809715270996,1363,1408
pareto_sum,sub-04_FDSI_staircase_snr20dB,sub-04,staircase,20,2,42,0.9682539682539684,0.9750467872738616,0.9753246753246754,,,,0.9291218519210817,1563,1603
pareto_sum,sub-04_FDSI_staircase_snr20dB,sub-04,staircase,20,3,49,0.9622641509433962,0.945668135095448,0.944996180290298,,,,0.9306490421295166,1288,1362
pareto_sum,sub-04_FDSI_staircase_snr15dB,sub-04,staircase,15,0,41,1.0,0.998175182481752,0.9981000633312224,,,,0.9789127707481384,1641,1644
pareto_sum,sub-04_FDSI_triangular-ramp40s_snr30dB,sub-04,triangular-ramp40s,30,0,42,1.0,0.9939341421143848,0.9935720844811754,0.9923076923076924,0.994786235662148,0.9846153846153848,0.9715586304664612,1147,1154
pareto_sum,sub-04_FDSI_triangular-ramp40s_snr30dB,sub-04,triangular-ramp40s,30,1,41,1.0,0.9965811965811966,0.9963768115942028,0.9924812030075189,0.9948665297741272,1.0,0.9887558817863464,1166,1170
pareto_sum,sub-04_FDSI_triangular-ramp40s_snr30dB,sub-04,triangular-ramp40s,30,2,33,0.9594594594594594,0.9696739954510992,0.9686998394863564,0.9794520547945206,0.9673024523160764,0.958904109589041,0.9322618246078492,1280,1318
pareto_sum,sub-04_FDSI_triangular-ramp40s_snr30dB,sub-04,triangular-ramp40s,30,3,50,1.0,0.9745417515274948,0.9730893433799784,1.0,0.9696601941747572,0.9636363636363636,0.9411861300468444,976,963
pareto_sum,sub-04_FDSI_triangular-ramp40s_snr30dB,sub-04,triangular-ramp40s,30,4,51,1.0,0.9882352941176472,0.9875283446712018,1.0,0.9858611825192802,1.0,0.9493075013160706,925,934
pareto_sum,sub-04_FDSI_triangular-ramp40s_snr30dB,sub-04,triangular-ramp40s,30,5,49,1.0,0.993939393939394,0.9935760171306208,1.0,0.9915151515151516,0.9818181818181818,0.9680737853050232,984,990
pareto_sum,sub-04_FDSI_triangular-ramp40s_snr30dB,sub-04,triangular-ramp40s,30,6,48,1.0,0.9960513326752222,0.9958246346555324,1.0,0.9964497041420118,0.9821428571428572,0.976140320301056,1009,1013
pareto_sum,sub-04_FDSI_triangular-ramp40s_snr30dB,sub-04,triangular-ramp40s,30,7,44,1.0,0.9945994599459946,0.9942857142857144,0.9918032786885246,0.992456896551724,1.0,0.951614797115326,1105,1111
pareto_sum,sub-04_FDSI_triangular-ramp40s_snr30dB,sub-04,triangular-ramp40s,30,8,54,1.0,0.958133971291866,0.9556962025316456,0.9891304347826086,0.9527220630372492,0.9782608695652174,0.9101422429084778,801,836
pareto_sum,sub-04_FDSI_triangular-ramp40s_snr30dB,sub-04,triangular-ramp40s,30,9,17,0.927710843373494,0.9351170568561872,0.9341825902335456,0.9041916167664672,0.9373996789727128,0.9397590361445785,0.9294487833976746,1398,1495
pareto_sum,sub-04_FDSI_triangular-ramp40s_snr30dB,sub-04,triangular-ramp40s,30,10,23,0.935897435897436,0.9741439552760308,0.9763488543976347,0.9622641509433962,0.9740150880134116,1.0,0.944915771484375,1394,1431
pareto_sum,sub-04_FDSI_triangular-ramp40s_snr30dB,sub-04,triangular-ramp40s,30,11,47,0.9107142857142856,0.8896164639850327,0.8884501480750246,0.912280701754386,0.8853006681514477,0.912280701754386,0.893667995929718,983,1037
pareto_sum,sub-04_FDSI_triangular-ramp40s_snr30dB,sub-04,triangular-ramp40s,30,12,53,0.9565217391304348,0.9720605355064028,0.972939729397294,0.946808510638298,0.9749303621169916,0.9787234042553192,0.9520247578620912,836,858
pareto_sum,sub-04_FDSI_triangular-ramp40s_snr25dB,sub-04,triangular-ramp40s,25,0,42,1.0,0.9904679376083187,0.98989898989899,0.9923076923076924,0.9906152241918664,0.9846153846153848,0.9562793374061584,1143,1154
pareto_sum,sub-04_FDSI_triangular-ramp40s_snr25dB,sub-04,triangular-ramp40s,25,1,44,0.9672131147540984,0.9793351302785264,0.9800380228136882,0.9754098360655736,0.9774193548387096,0.9838709677419356,0.9333544969558716,1092,1111
pareto_sum,sub-04_FDSI_triangular-ramp40s_snr25dB,sub-04,triangular-ramp40s,25,2,50,1.0,0.7809364548494984,0.7707786526684165,1.0,0.7466281310211946,0.9818181818181818,0.8842465877532959,1167,963
pareto_sum,sub-04_FDSI_triangular-ramp40s_snr25dB,sub-04,triangular-ramp40s,25,3,48,1.0,0.9940769990128332,0.9937369519832986,1.0,0.9952662721893492,0.9642857142857144,0.9569000005722046,1007,1013
pareto_sum,sub-04_FDSI_triangular-ramp40s_snr25dB,sub-04,triangular-ramp40s,25,4,49,0.9821428571428572,0.987878787878788,0.9882226980728052,0.990990990990991,0.9854545454545456,0.9818181818181818,0.9526204466819764,978,990
pareto_sum,sub-04_FDSI_triangular-ramp40s_snr25dB,sub-04,triangular-ramp40s,25,5,41,1.0,0.9948717948717948,0.9945652173913044,0.9924812030075189,0.9938398357289528,0.984375,0.9742417335510254,1164,1170
pareto_sum,sub-04_FDSI_triangular-ramp40s_snr25dB,sub-04,triangular-ramp40s,25,6,51,0.981132075471698,0.5615141955835962,0.5432098765432098,0.9714285714285714,0.5691439322671684,0.0396039603960396,0.906261384487152,1046,934
pareto_sum,sub-04_FDSI_triangular-ramp40s_snr20dB,sub-04,triangular-ramp40s,20,0,42,0.953846153846154,0.9636048526863084,0.9641873278236914,0.9615384615384616,0.9645464025026068,0.953846153846154,0.924869418144226,1112,1154
pareto_sum,sub-04_FDSI_triangular-ramp40s_snr20dB,sub-04,triangular-ramp40s,20,1,41,1.0,0.9948717948717948,0.9945652173913044,0.9924812030075189,0.9928131416837782,1.0,0.9842681288719176,1164,1170
pareto_sum,sub-04_FDSI_triangular-ramp40s_snr20dB,sub-04,triangular-ramp40s,20,2,44,0.9193548387096774,0.9429081177520072,0.9442870632672332,0.91869918699187,0.9413020277481324,0.9838709677419356,0.8979354500770569,1067,1111
pareto_sum,sub-04_FDSI_triangular-ramp40s_snr20dB,sub-04,triangular-ramp40s,20,3,48,0.9818181818181818,0.981243830207305,0.9812108559498957,0.9732142857142856,0.9857988165680474,0.9285714285714286,0.941324770450592,994,1013
pareto_sum,sub-04_FDSI_triangular-ramp40s_snr15dB,sub-04,triangular-ramp40s,15,0,41,1.0,0.9948717948717948,0.9945652173913044,0.9924812030075189,0.9928131416837782,1.0,0.9756870865821838,1164,1170
pareto_sum,sub-04_FDSI_triangular-ramp20s_snr30dB,sub-04,triangular-ramp20s,30,0,48,1.0,0.99603567888999,0.9957939011566772,1.0,0.99523241954708,1.0,0.9641635417938232,1005,1009
pareto_sum,sub-04_FDSI_triangular-ramp20s_snr30dB,sub-04,triangular-ramp20s,30,1,51,1.0,0.9848484848484848,0.983963344788087,1.0,0.9817945383615084,0.9622641509433962,0.936534345149994,911,923
pareto_sum,sub-04_FDSI_triangular-ramp20s_snr30dB,sub-04,triangular-ramp20s,30,2,54,1.0,0.9614457831325302,0.9592356687898088,0.9666666666666668,0.9553956834532374,1.0,0.9202831983566284,799,829
pareto_sum,sub-04_FDSI_triangular-ramp20s_snr30dB,sub-04,triangular-ramp20s,30,3,50,1.0,0.9575757575757576,0.9551760939167556,1.0,0.9493365500603136,1.0,0.9288243651390076,972,966
pareto_sum,sub-04_FDSI_triangular-ramp20s_snr30dB,sub-04,triangular-ramp20s,30,4,53,1.0,0.9780600461893764,0.9767726161369192,0.9895833333333334,0.9778393351800554,0.9583333333333334,0.9373847246170044,849,864
pareto_sum,sub-04_FDSI_triangular-ramp20s_snr30dB,sub-04,triangular-ramp20s,30,5,42,1.0,0.9948275862068966,0.9945305378304466,1.0,0.9938208032955717,1.0,0.9604714512825012,1154,1160
pareto_sum,sub-04_FDSI_triangular-ramp20s_snr30dB,sub-04,triangular-ramp20s,30,6,49,1.0,0.9897959183673468,0.9892357373519914,0.9906542056074766,0.9914529914529916,0.9629629629629628,0.9542217254638672,970,980
pareto_sum,sub-04_FDSI_triangular-ramp20s_snr30dB,sub-04,triangular-ramp20s,30,7,37,0.9420289855072465,0.8863275039745628,0.8830950378469302,0.9558823529411764,0.8717948717948718,0.9710144927536232,0.8764606714248657,1122,1251
pareto_sum,sub-04_FDSI_triangular-ramp20s_snr30dB,sub-04,triangular-ramp20s,30,8,23,0.9625,0.9670175438596492,0.96728624535316,0.968944099378882,0.9645569620253164,1.0,0.9401622414588928,1378,1425
pareto_sum,sub-04_FDSI_triangular-ramp20s_snr30dB,sub-04,triangular-ramp20s,30,9,41,1.0,0.9949238578680204,0.9946284691136974,0.9848484848484848,0.993920972644377,1.0,0.9820473790168762,1176,1182
pareto_sum,sub-04_FDSI_triangular-ramp20s_snr30dB,sub-04,triangular-ramp20s,30,10,33,0.9178082191780822,0.9326347305389222,0.9334916864608076,0.9523809523809524,0.927354260089686,0.9466666666666668,0.9135336875915528,1257,1325
pareto_sum,sub-04_FDSI_triangular-ramp20s_snr30dB,sub-04,triangular-ramp20s,30,11,17,0.9375,0.9536290322580644,0.9545454545454546,0.951219512195122,0.9516129032258064,0.988095238095238,0.9304569959640504,1419,1488
pareto_sum,sub-04_FDSI_triangular-ramp20s_snr30dB,sub-04,triangular-ramp20s,30,12,44,0.9838709677419356,0.9882246376811594,0.9865771812080536,0.9916666666666668,0.9869848156182212,1.0,0.9358770251274108,1091,1104
pareto_sum,sub-04_FDSI_triangular-ramp20s_snr25dB,sub-04,triangular-ramp20s,25,0,51,0.9803921568627452,0.2987524622455679,0.2751358695652174,0.9902912621359224,0.2645943896891584,0.05,0.8929360508918762,1055,923
pareto_sum,sub-04_FDSI_triangular-ramp20s_snr25dB,sub-04,triangular-ramp20s,25,1,54,0.9333333333333332,0.9004796163069544,0.8986058301647655,0.9662921348314608,0.8898426323319027,0.9347826086956522,0.8745332956314087,756,829
pareto_sum,sub-04_FDSI_triangular-ramp20s_snr25dB,sub-04,triangular-ramp20s,25,2,53,0.9375,0.936145952109464,0.9360675512665864,0.9375,0.937244201909959,0.9166666666666666,0.9075567126274108,834,864
pareto_sum,sub-04_FDSI_triangular-ramp20s_snr25dB,sub-04,triangular-ramp20s,25,3,42,1.0,0.9922413793103448,0.99179580674567,0.992063492063492,0.991761071060762,1.0,0.9406821131706238,1151,1160
pareto_sum,sub-04_FDSI_triangular-ramp20s_snr25dB,sub-04,triangular-ramp20s,25,4,48,1.0,0.8856304985337243,0.8787564766839379,0.991150442477876,0.8651817116060961,0.9824561403508772,0.9050419330596924,920,1009
pareto_sum,sub-04_FDSI_triangular-ramp20s_snr25dB,sub-04,triangular-ramp20s,25,5,50,0.981132075471698,0.9653061224489796,0.964401294498382,0.9908256880733946,0.9597069597069596,1.0,0.9405179023742676,960,966
pareto_sum,sub-04_FDSI_triangular-ramp20s_snr25dB,sub-04,triangular-ramp20s,25,6,49,1.0,0.9724489795918368,0.9709364908503768,0.9813084112149532,0.9694749694749696,1.0,0.9409486055374146,953,980
pareto_sum,sub-04_FDSI_triangular-ramp20s_snr25dB,sub-04,triangular-ramp20s,25,7,44,1.0,0.9655797101449276,0.9635666347075744,0.9916666666666668,0.9598698481561824,1.0,0.9118008613586426,1066,1104
pareto_sum,sub-04_FDSI_triangular-ramp20s_snr25dB,sub-04,triangular-ramp20s,25,8,41,1.0,0.9949238578680204,0.9946284691136974,0.9848484848484848,0.993920972644377,1.0,0.9829102158546448,1176,1182
pareto_sum,sub-04_FDSI_triangular-ramp20s_snr20dB,sub-04,triangular-ramp20s,20,0,48,0.9827586206896552,0.9633663366336632,0.96218487394958,0.9734513274336284,0.9595238095238096,1.0,0.9214338064193726,974,1009
pareto_sum,sub-04_FDSI_triangular-ramp20s_snr20dB,sub-04,triangular-ramp20s,20,1,42,0.984126984126984,0.9397071490094746,0.9371584699453552,0.9523809523809524,0.934156378600823,1.0,0.8972873091697693,1092,1160
pareto_sum,sub-04_FDSI_triangular-ramp20s_snr20dB,sub-04,triangular-ramp20s,20,2,41,1.0,0.994077834179357,0.9937332139659804,0.9848484848484848,0.9929078014184396,1.0,0.9795902371406556,1175,1182
pareto_sum,sub-04_FDSI_triangular-ramp20s_snr15dB,sub-04,triangular-ramp20s,15,0,41,1.0,0.9949238578680204,0.9946284691136974,0.9848484848484848,0.993920972644377,1.0,0.975443720817566,1176,1182
pareto_sum,sub-04_FDSI_triangular-ramp10s_snr30dB,sub-04,triangular-ramp10s,30,0,49,1.0,0.9949186991869918,0.9946062567421792,1.0,0.9938875305623472,1.0,0.947584867477417,979,984
pareto_sum,sub-04_FDSI_triangular-ramp10s_snr30dB,sub-04,triangular-ramp10s,30,1,41,0.9846153846153848,0.9991452991452991,0.9981916817359856,1.0,0.9989775051124744,1.0,0.9733143448829652,1169,1170
pareto_sum,sub-04_FDSI_triangular-ramp10s_snr30dB,sub-04,triangular-ramp10s,30,2,42,1.0,0.9670424978317432,0.9650735294117648,0.9767441860465116,0.9636552440290758,1.0,0.8887690305709839,1115,1153
pareto_sum,sub-04_FDSI_triangular-ramp10s_snr30dB,sub-04,triangular-ramp10s,30,3,48,1.0,0.9960238568588468,0.9957983193277312,0.9907407407407408,0.9964328180737216,1.0,0.9519940614700316,1002,1006
pareto_sum,sub-04_FDSI_triangular-ramp10s_snr30dB,sub-04,triangular-ramp10s,30,4,47,0.9827586206896552,0.0563454449710373,0.0271591526344378,0.5748031496062992,0.0317073170731707,0.0654205607476635,0.9224329590797424,968,1038
pareto_sum,sub-04_FDSI_triangular-ramp10s_snr30dB,sub-04,triangular-ramp10s,30,5,50,1.0,0.8635122838944495,0.8567335243553008,0.9905660377358492,0.8411513859275054,1.0,0.8912535905838013,1086,962
pareto_sum,sub-04_FDSI_triangular-ramp10s_snr30dB,sub-04,triangular-ramp10s,30,6,44,1.0,0.9712230215827338,0.9695238095238096,0.9919354838709676,0.966340933767644,1.0,0.8980243802070618,1080,1112
pareto_sum,sub-04_FDSI_triangular-ramp10s_snr30dB,sub-04,triangular-ramp10s,30,7,51,1.0,0.9444444444444444,0.9413067552602437,1.0,0.9336670838548186,1.0,0.8945761322975159,929,926
pareto_sum,sub-04_FDSI_triangular-ramp10s_snr30dB,sub-04,triangular-ramp10s,30,8,17,0.9523809523809524,0.9606141522029372,0.9597173144876324,0.9820359281437124,0.9551282051282052,1.0,0.9327337741851808,1439,1498
pareto_sum,sub-04_FDSI_triangular-ramp10s_snr30dB,sub-04,triangular-ramp10s,30,9,54,1.0,0.9724550898203592,0.97084917617237,1.0,0.9669540229885056,1.0,0.914707362651825,815,832
pareto_sum,sub-04_FDSI_triangular-ramp10s_snr30dB,sub-04,triangular-ramp10s,30,10,33,0.9444444444444444,0.1808809746954076,0.1542192046556741,0.9375,0.1335487345180398,0.0461538461538461,0.8329278230667114,1207,1313
pareto_sum,sub-04_FDSI_triangular-ramp10s_snr30dB,sub-04,triangular-ramp10s,30,11,53,0.9583333333333334,0.1266968325791855,0.1000667111407605,0.96875,0.0727406318883174,0.0561797752808988,0.9133116602897644,874,869
pareto_sum,sub-04_FDSI_triangular-ramp10s_snr30dB,sub-04,triangular-ramp10s,30,12,43,0.9076923076923076,0.0983879933296275,0.0680507497116493,0.8307692307692308,0.0422805893657911,0.0673076923076923,0.8634895086288452,837,1139
pareto_sum,sub-04_FDSI_triangular-ramp10s_snr30dB,sub-04,triangular-ramp10s,30,13,23,0.9090909090909092,0.9462665736217724,0.948377581120944,0.9230769230769232,0.9482470784641068,0.9620253164556962,0.9087769389152528,1357,1432
pareto_sum,sub-04_FDSI_triangular-ramp10s_snr25dB,sub-04,triangular-ramp10s,25,0,54,0.9130434782608696,0.8072009291521487,0.8012269938650307,0.9347826086956522,0.7905686546463245,0.8125,0.8558191657066345,724,832
pareto_sum,sub-04_FDSI_triangular-ramp10s_snr25dB,sub-04,triangular-ramp10s,25,1,49,0.9824561403508772,0.9687814702920444,0.967948717948718,0.9823008849557522,0.966142684401451,0.981132075471698,0.9045640230178832,971,984
pareto_sum,sub-04_FDSI_triangular-ramp10s_snr25dB,sub-04,triangular-ramp10s,25,2,48,0.9814814814814816,0.9613478691774032,0.9602094240837696,0.9907407407407408,0.9561611374407584,0.9824561403508772,0.8878765106201172,973,1006
pareto_sum,sub-04_FDSI_triangular-ramp10s_snr25dB,sub-04,triangular-ramp10s,25,3,42,1.0,0.9783174327840416,0.9770220588235294,0.992248062015504,0.9750778816199376,1.0,0.9185982346534728,1128,1153
pareto_sum,sub-04_FDSI_triangular-ramp10s_snr25dB,sub-04,triangular-ramp10s,25,4,50,1.0,0.8484848484848485,0.840887174541948,1.0,0.822198275862069,1.0,0.8788057565689087,1051,962
pareto_sum,sub-04_FDSI_triangular-ramp10s_snr25dB,sub-04,triangular-ramp10s,25,5,44,0.9838709677419356,0.9252669039145908,0.9218455743879472,0.9838709677419356,0.9121114683815648,1.0,0.8709945678710938,1052,1112
pareto_sum,sub-04_FDSI_triangular-ramp10s_snr25dB,sub-04,triangular-ramp10s,25,6,41,0.9846153846153848,0.9982905982905984,0.9972875226039783,1.0,0.9979550102249488,1.0,0.9679655432701112,1168,1170
pareto_sum,sub-04_FDSI_triangular-ramp10s_snr25dB,sub-04,triangular-ramp10s,25,7,51,0.9803921568627452,0.4770965468639887,0.4583333333333333,0.9223300970873788,0.4777227722772277,0.0594059405940594,0.8487132787704468,1170,926
pareto_sum,sub-04_FDSI_triangular-ramp10s_snr20dB,sub-04,triangular-ramp10s,20,0,41,0.9846153846153848,0.9948717948717948,0.9936708860759492,0.984375,0.9948927477017364,0.984375,0.9762905836105348,1164,1170
pareto_sum,sub-04_FDSI_triangular-ramp10s_snr20dB,sub-04,triangular-ramp10s,20,1,49,0.9473684210526316,0.8630412890231621,0.8579059829059829,0.9292035398230089,0.8512696493349455,0.9056603773584906,0.8686696887016296,866,984
pareto_sum,sub-04_FDSI_triangular-ramp10s_snr20dB,sub-04,triangular-ramp10s,20,2,42,0.9692307692307692,0.9118409680207432,0.9084249084249084,0.9534883720930232,0.9017580144777664,0.9836065573770492,0.882969081401825,1059,1153
pareto_sum,sub-04_FDSI_triangular-ramp10s_snr20dB,sub-04,triangular-ramp10s,20,3,50,0.9423076923076924,0.7806215722120659,0.772552783109405,0.926605504587156,0.7516129032258064,0.9818181818181818,0.8592159152030945,986,962
pareto_sum,sub-04_FDSI_triangular-ramp10s_snr20dB,sub-04,triangular-ramp10s,20,4,48,0.925925925925926,0.8299120234604106,0.8245614035087719,0.9351851851851852,0.8088578088578089,0.9473684210526316,0.8559368848800659,866,1006
pareto_sum,sub-04_FDSI_triangular-ramp10s_snr15dB,sub-04,triangular-ramp10s,15,0,41,0.9846153846153848,0.9948717948717948,0.9936708860759492,0.984375,0.9948927477017364,0.984375,0.9697224497795104,1164,1170
pareto_sum,sub-04_FDSI_triangular-ramp5s_snr30dB,sub-04,triangular-ramp5s,30,0,48,1.0,0.99009900990099,0.9895397489539748,1.0,0.98812351543943,1.0,0.9294549226760864,1000,1010
pareto_sum,sub-04_FDSI_triangular-ramp5s_snr30dB,sub-04,triangular-ramp5s,30,1,44,1.0,0.8914798206278027,0.8850902184235517,0.9416666666666668,0.8770053475935828,0.9836065573770492,0.8694406747817993,1002,1107
pareto_sum,sub-04_FDSI_triangular-ramp5s_snr30dB,sub-04,triangular-ramp5s,30,2,49,1.0,0.9485148514851484,0.9456066945606696,0.8547008547008547,0.9583333333333334,1.0,0.8941789269447327,983,985
pareto_sum,sub-04_FDSI_triangular-ramp5s_snr30dB,sub-04,triangular-ramp5s,30,3,41,0.9848484848484848,0.9949238578680204,0.9937332139659804,0.9924242424242424,0.9949186991869918,1.0,0.9581287503242492,1176,1182
pareto_sum,sub-04_FDSI_triangular-ramp5s_snr30dB,sub-04,triangular-ramp5s,30,4,54,1.0,0.9395017793594306,0.9360100376411544,0.8817204301075269,0.9431009957325748,1.0,0.8808615803718567,803,832
pareto_sum,sub-04_FDSI_triangular-ramp5s_snr30dB,sub-04,triangular-ramp5s,30,5,42,1.0,0.9773716275021758,0.9760147601476016,0.9375,0.9812108559498957,1.0,0.894092321395874,1125,1147
pareto_sum,sub-04_FDSI_triangular-ramp5s_snr30dB,sub-04,triangular-ramp5s,30,6,53,0.9791666666666666,0.9010011123470524,0.8965922444183314,0.8181818181818182,0.9082321187584346,0.9791666666666666,0.8898959159851074,843,866
pareto_sum,sub-04_FDSI_triangular-ramp5s_snr30dB,sub-04,triangular-ramp5s,30,7,50,1.0,0.8283917340521114,0.8199811498586239,0.9017857142857144,0.810126582278481,1.0,0.8265854716300964,1077,958
pareto_sum,sub-04_FDSI_triangular-ramp5s_snr30dB,sub-04,triangular-ramp5s,30,8,47,0.9482758620689656,0.0615465544450289,0.0336408030385241,0.4662162162162162,0.0330073349633251,0.0776699029126213,0.9089341759681702,979,1039
pareto_sum,sub-04_FDSI_triangular-ramp5s_snr30dB,sub-04,triangular-ramp5s,30,9,23,1.0,0.950447350309704,0.9476363636363636,0.9430379746835444,0.9506984387838948,0.9615384615384616,0.9202083349227904,1381,1453
pareto_sum,sub-04_FDSI_triangular-ramp5s_snr30dB,sub-04,triangular-ramp5s,30,10,51,1.0,0.81610337972167,0.8064853556485355,0.8316831683168316,0.8127962085308057,0.8360655737704918,0.837494432926178,914,913
pareto_sum,sub-04_FDSI_triangular-ramp5s_snr25dB,sub-04,triangular-ramp5s,25,0,42,1.0,0.951219512195122,0.948291782086796,0.9296875,0.9519331243469176,0.984126984126984,0.8872455954551697,1093,1147
pareto_sum,sub-04_FDSI_triangular-ramp5s_snr25dB,sub-04,triangular-ramp5s,25,1,48,1.0,0.9732673267326732,0.9717573221757322,0.9823008849557522,0.9714964370546318,0.9818181818181818,0.9063892364501952,983,1010
pareto_sum,sub-04_FDSI_triangular-ramp5s_snr25dB,sub-04,triangular-ramp5s,25,2,44,1.0,0.8445414847161572,0.8356417359187442,0.8278688524590164,0.8369678089304258,0.9672131147540984,0.8415411710739136,1005,1107
pareto_sum,sub-04_FDSI_triangular-ramp5s_snr25dB,sub-04,triangular-ramp5s,25,3,54,0.9565217391304348,0.5682819383259912,0.5475638051044084,0.7010309278350515,0.5287958115183246,0.9361702127659576,0.7899070978164673,592,832
pareto_sum,sub-04_FDSI_triangular-ramp5s_snr25dB,sub-04,triangular-ramp5s,25,4,41,0.9848484848484848,0.9932318104906938,0.9919427036705462,1.0,0.9928861788617886,0.9848484848484848,0.956977605819702,1174,1182
pareto_sum,sub-04_FDSI_triangular-ramp5s_snr25dB,sub-04,triangular-ramp5s,25,5,50,1.0,0.8342440801457195,0.8260038240917782,0.8956521739130435,0.8172043010752689,1.0,0.8465781211853027,1056,958
pareto_sum,sub-04_FDSI_triangular-ramp5s_snr25dB,sub-04,triangular-ramp5s,25,6,53,0.9791666666666666,0.8779134295227525,0.8722157092614302,0.8425925925925926,0.8832214765100671,0.875,0.8620989918708801,826,866
pareto_sum,sub-04_FDSI_triangular-ramp5s_snr25dB,sub-04,triangular-ramp5s,25,7,49,1.0,0.8993963782696177,0.8936170212765957,0.8761061946902655,0.8973429951690821,0.981132075471698,0.8852714896202087,903,985
pareto_sum,sub-04_FDSI_triangular-ramp5s_snr25dB,sub-04,triangular-ramp5s,25,8,51,0.98,0.4033003300330033,0.383617747440273,0.8,0.3996948893974065,0.0408163265306122,0.814606249332428,1213,913
pareto_sum,sub-04_FDSI_triangular-ramp5s_snr20dB,sub-04,triangular-ramp5s,20,0,41,0.9848484848484848,0.994077834179357,0.9928379588182632,1.0,0.9928861788617886,1.0,0.9662707448005676,1175,1182
pareto_sum,sub-04_FDSI_triangular-ramp5s_snr20dB,sub-04,triangular-ramp5s,20,1,48,0.9444444444444444,0.9425742574257424,0.942468619246862,0.911504424778761,0.9465558194774348,0.9454545454545454,0.8848587274551392,952,1010
pareto_sum,sub-04_FDSI_triangular-ramp5s_snr20dB,sub-04,triangular-ramp5s,20,2,42,0.9384615384615383,0.8689236111111112,0.8647654093836247,0.8682170542635659,0.8614583333333333,0.984126984126984,0.8543878793716431,1006,1147
pareto_sum,sub-04_FDSI_triangular-ramp5s_snr15dB,sub-04,triangular-ramp5s,15,0,41,0.9848484848484848,0.9957698815566836,0.9946284691136974,1.0,0.9959349593495936,0.9848484848484848,0.9582558870315552,1177,1182
pareto_sum,sub-05_FDSI_staircase_snr30dB,sub-05,staircase,30,0,35,1.0,0.9878903760356916,0.9873837981407704,,,,0.9601240754127502,1550,1569
pareto_sum,sub-05_FDSI_staircase_snr30dB,sub-05,staircase,30,1,31,1.0,0.9952885747938752,0.9951010410287814,,,,0.9627701640129088,1690,1698
pareto_sum,sub-05_FDSI_staircase_snr30dB,sub-05,staircase,30,2,44,1.0,0.9991204925241864,0.999083409715857,,,,0.9789818525314332,1136,1137
pareto_sum,sub-05_FDSI_staircase_snr30dB,sub-05,staircase,30,3,42,1.0,0.9552358113509192,0.9534109816971714,,,,0.901477575302124,1196,1250
pareto_sum,sub-05_FDSI_staircase_snr30dB,sub-05,staircase,30,4,43,1.0,0.9949958298582152,0.994787141615986,,,,0.9861594438552856,1193,1199
pareto_sum,sub-05_FDSI_staircase_snr30dB,sub-05,staircase,30,5,30,1.0,0.99009324009324,0.9896907216494846,,,,0.9455305933952332,1699,1716
pareto_sum,sub-05_FDSI_staircase_snr30dB,sub-05,staircase,30,6,40,1.0,0.9897058823529412,0.9892884468247896,,,,0.9573328495025636,1346,1360
pareto_sum,sub-05_FDSI_staircase_snr30dB,sub-05,staircase,30,7,34,1.0,0.9787234042553192,0.9778357235984356,,,,0.9505189657211304,1564,1598
pareto_sum,sub-05_FDSI_staircase_snr30dB,sub-05,staircase,30,8,41,1.0,0.789937106918239,0.7831168831168831,,,,0.9158210158348083,1552,1294
pareto_sum,sub-05_FDSI_staircase_snr30dB,sub-05,staircase,30,9,37,0.9322033898305084,0.9570469798657718,0.958071278825996,,,,0.9225855469703674,1430,1486
pareto_sum,sub-05_FDSI_staircase_snr30dB,sub-05,staircase,30,10,39,0.9824561403508772,0.9864382583868664,0.9866071428571428,,,,0.953902542591095,1382,1401
pareto_sum,sub-05_FDSI_staircase_snr30dB,sub-05,staircase,30,11,36,0.9672131147540984,0.9738562091503268,0.974132062627638,,,,0.9237337112426758,1490,1530
pareto_sum,sub-05_FDSI_staircase_snr30dB,sub-05,staircase,30,12,33,0.9076923076923076,0.30301685891748,0.2850616719963453,,,,0.7562547326087952,1300,1637
pareto_sum,sub-05_FDSI_staircase_snr30dB,sub-05,staircase,30,13,16,0.9615384615384616,0.9843367596671562,0.9852417302798984,,,,0.9557760953903198,2011,2043
pareto_sum,sub-05_FDSI_staircase_snr25dB,sub-05,staircase,25,0,35,1.0,0.9662205226258764,0.9648074369189908,,,,0.940579354763031,1516,1569
pareto_sum,sub-05_FDSI_staircase_snr25dB,sub-05,staircase,25,1,31,1.0,0.9846878680800942,0.9840783833435396,,,,0.9479658603668212,1672,1698
pareto_sum,sub-05_FDSI_staircase_snr25dB,sub-05,staircase,25,2,44,1.0,0.9956024626209324,0.995417048579285,,,,0.9692078232765198,1132,1137
pareto_sum,sub-05_FDSI_staircase_snr25dB,sub-05,staircase,25,3,42,0.9591836734693876,0.8865979381443299,0.8836633663366337,,,,0.8641706109046936,1129,1250
pareto_sum,sub-05_FDSI_staircase_snr25dB,sub-05,staircase,25,4,43,1.0,0.9949958298582152,0.994787141615986,,,,0.9764920473098756,1193,1199
pareto_sum,sub-05_FDSI_staircase_snr25dB,sub-05,staircase,25,5,40,0.981132075471698,0.9794117647058824,0.9793420045906656,,,,0.9416586756706238,1332,1360
pareto_sum,sub-05_FDSI_staircase_snr25dB,sub-05,staircase,25,6,36,0.9016393442622952,0.3373205741626794,0.3203548546081813,,,,0.8408649563789368,1265,1530
pareto_sum,sub-05_FDSI_staircase_snr25dB,sub-05,staircase,25,7,16,0.9871794871794872,0.9760156632403328,0.9755725190839696,,,,0.9414006471633912,1994,2043
pareto_sum,sub-05_FDSI_staircase_snr25dB,sub-05,staircase,25,8,30,0.9701492537313432,0.9504662004662005,0.949666464523954,,,,0.9269498586654664,1631,1716
pareto_sum,sub-05_FDSI_staircase_snr20dB,sub-05,staircase,20,0,31,1.0,0.9688051795173632,0.967564259485924,,,,0.9257212281227112,1647,1698
pareto_sum,sub-05_FDSI_staircase_snr20dB,sub-05,staircase,20,1,43,1.0,0.9924937447873228,0.9921807124239792,,,,0.9611443877220154,1190,1199
pareto_sum,sub-05_FDSI_staircase_snr20dB,sub-05,staircase,20,2,44,1.0,0.9676573426573428,0.9663023679417122,,,,0.8710688352584839,1114,1137
pareto_sum,sub-05_FDSI_staircase_snr15dB,sub-05,staircase,15,0,31,0.9402985074626866,0.8832074375363161,0.880894800483676,,,,0.892067551612854,1543,1698
pareto_sum,sub-05_FDSI_staircase_snr15dB,sub-05,staircase,15,1,43,0.9791666666666666,0.9725,0.9722222222222222,,,,0.9359014630317688,1168,1199
pareto_sum,sub-05_FDSI_staircase_snr15dB,sub-05,staircase,15,2,44,0.9782608695652174,0.9021645021645022,0.8990081154192967,,,,0.8431494235992432,1060,1137
pareto_sum,sub-05_FDSI_triangular-ramp40s_snr30dB,sub-05,triangular-ramp40s,30,0,44,1.0,0.9239130434782608,0.9196428571428572,1.0,0.9089595375722545,1.0,0.808266282081604,778,815
pareto_sum,sub-05_FDSI_triangular-ramp40s_snr30dB,sub-05,triangular-ramp40s,30,1,41,1.0,0.9556701030927836,0.9532608695652174,0.9902912621359224,0.945945945945946,1.0,0.9332737326622008,960,937
pareto_sum,sub-05_FDSI_triangular-ramp40s_snr30dB,sub-05,triangular-ramp40s,30,2,43,1.0,0.9547038327526132,0.9519704433497536,0.9897959183673468,0.946927374301676,1.0,0.8764117360115051,823,860
pareto_sum,sub-05_FDSI_triangular-ramp40s_snr30dB,sub-05,triangular-ramp40s,30,3,35,1.0,0.9937998228520816,0.9934518241347052,0.976,0.9925611052072264,0.9846153846153848,0.9574965834617616,1122,1129
pareto_sum,sub-05_FDSI_triangular-ramp40s_snr30dB,sub-05,triangular-ramp40s,30,4,31,1.0,0.992635024549918,0.9922077922077922,0.9927007299270072,0.9921491658488716,1.0,0.9553947448730468,1213,1222
pareto_sum,sub-05_FDSI_triangular-ramp40s_snr30dB,sub-05,triangular-ramp40s,30,5,16,1.0,0.9891230455472468,0.9884892086330936,0.9938650306748468,0.9853300733496332,0.9879518072289156,0.9552003145217896,1455,1471
pareto_sum,sub-05_FDSI_triangular-ramp40s_snr30dB,sub-05,triangular-ramp40s,30,6,40,1.0,0.9969199178644764,0.9967355821545156,1.0,0.996300863131936,1.0,0.9634239077568054,971,974
pareto_sum,sub-05_FDSI_triangular-ramp40s_snr30dB,sub-05,triangular-ramp40s,30,7,39,1.0,0.9909729187562688,0.9904458598726116,1.0,0.9891826923076924,0.9642857142857144,0.9547039270401,988,997
pareto_sum,sub-05_FDSI_triangular-ramp40s_snr30dB,sub-05,triangular-ramp40s,30,8,33,0.9206349206349206,0.9349662162162162,0.935771632471008,0.9534883720930232,0.9312436804853388,0.9545454545454546,0.9134235382080078,1114,1177
pareto_sum,sub-05_FDSI_triangular-ramp40s_snr30dB,sub-05,triangular-ramp40s,30,9,42,1.0,0.9668874172185432,0.9649532710280374,0.98,0.9628154050464808,1.0,0.8932677507400513,876,906
pareto_sum,sub-05_FDSI_triangular-ramp40s_snr30dB,sub-05,triangular-ramp40s,30,10,30,1.0,0.9904761904761904,0.9899413243922884,0.9928057553956836,0.9904942965779469,0.9855072463768116,0.9651377201080322,1248,1260
pareto_sum,sub-05_FDSI_triangular-ramp40s_snr30dB,sub-05,triangular-ramp40s,30,11,36,0.9672131147540984,0.9330922242314648,0.9311004784688997,0.9672131147540984,0.9252437703141928,0.9836065573770492,0.9088834524154664,1038,1100
pareto_sum,sub-05_FDSI_triangular-ramp40s_snr30dB,sub-05,triangular-ramp40s,30,12,34,0.9,0.9033942558746736,0.9035812672176308,0.9444444444444444,0.8928199791883454,0.9838709677419356,0.8957690596580505,1040,1147
pareto_sum,sub-05_FDSI_triangular-ramp40s_snr25dB,sub-05,triangular-ramp40s,25,0,44,1.0,0.225563909774436,0.2015503875968992,1.0,0.1878453038674033,0.0485436893203883,0.7441895604133606,978,815
pareto_sum,sub-05_FDSI_triangular-ramp40s_snr25dB,sub-05,triangular-ramp40s,25,1,35,1.0,0.978742249778565,0.9775491113189896,0.9838709677419356,0.975557917109458,0.9846153846153848,0.932443380355835,1105,1129
pareto_sum,sub-05_FDSI_triangular-ramp40s_snr25dB,sub-05,triangular-ramp40s,25,2,30,1.0,0.9770023790642348,0.97571189279732,0.9928057553956836,0.9743589743589745,0.9855072463768116,0.9334182739257812,1233,1260
pareto_sum,sub-05_FDSI_triangular-ramp40s_snr25dB,sub-05,triangular-ramp40s,25,3,31,1.0,0.9893617021276596,0.9887445887445888,0.9927007299270072,0.9892051030421982,0.9848484848484848,0.9468865394592284,1209,1222
pareto_sum,sub-05_FDSI_triangular-ramp40s_snr25dB,sub-05,triangular-ramp40s,25,4,40,0.9818181818181818,0.9774358974358974,0.9771739130434782,0.9908256880733946,0.9741379310344828,1.0,0.939108431339264,954,974
pareto_sum,sub-05_FDSI_triangular-ramp40s_snr25dB,sub-05,triangular-ramp40s,25,5,41,0.9411764705882352,0.5824847250509165,0.569620253164557,0.9615384615384616,0.5531077891424075,0.5454545454545454,0.9043866991996764,1394,937
pareto_sum,sub-05_FDSI_triangular-ramp40s_snr25dB,sub-05,triangular-ramp40s,25,6,43,1.0,0.9953488372093025,0.995067817509248,1.0,0.9944055944055944,1.0,0.9683693051338196,856,860
pareto_sum,sub-05_FDSI_triangular-ramp40s_snr25dB,sub-05,triangular-ramp40s,25,7,36,0.9344262295081968,0.2735483870967742,0.2464741437206178,0.9344262295081968,0.234670704012112,0.0490196078431372,0.7605130672454834,874,1100
pareto_sum,sub-05_FDSI_triangular-ramp40s_snr25dB,sub-05,triangular-ramp40s,25,8,39,0.9272727272727272,0.9531405782652044,0.9546413502109704,0.9272727272727272,0.9570405727923628,0.9107142857142856,0.9315996170043944,962,997
pareto_sum,sub-05_FDSI_triangular-ramp40s_snr25dB,sub-05,triangular-ramp40s,25,9,16,0.9753086419753086,0.9632902787219578,0.962589928057554,0.9631901840490796,0.9600651996740016,0.963855421686747,0.9379435777664183,1417,1471
pareto_sum,sub-05_FDSI_triangular-ramp40s_snr20dB,sub-05,triangular-ramp40s,20,0,31,0.9705882352941176,0.9623875715453802,0.961904761904762,0.9565217391304348,0.9607458292443573,1.0,0.9202720522880554,1178,1222
pareto_sum,sub-05_FDSI_triangular-ramp40s_snr20dB,sub-05,triangular-ramp40s,20,1,43,1.0,0.9930232558139536,0.9926017262638718,1.0,0.993006993006993,0.9787234042553192,0.9546492695808412,854,860
pareto_sum,sub-05_FDSI_triangular-ramp40s_snr20dB,sub-05,triangular-ramp40s,20,2,44,1.0,0.8904761904761904,0.8844221105527639,1.0,0.8693181818181818,1.0,0.8172100186347961,773,815
pareto_sum,sub-05_FDSI_triangular-ramp40s_snr15dB,sub-05,triangular-ramp40s,15,0,43,0.979591836734694,0.9697674418604652,0.969173859432799,0.979591836734694,0.9706293706293706,0.9361702127659576,0.9362565279006958,834,860
pareto_sum,sub-05_FDSI_triangular-ramp40s_snr15dB,sub-05,triangular-ramp40s,15,1,44,1.0,0.8871733966745843,0.8809523809523809,1.0,0.8668555240793201,0.9782608695652174,0.8394182920455933,774,815
pareto_sum,sub-05_FDSI_triangular-ramp20s_snr30dB,sub-05,triangular-ramp20s,30,0,39,0.9636363636363636,0.9683794466403162,0.9686520376175548,0.981981981981982,0.9656398104265402,0.9482758620689656,0.9251686930656432,991,1001
pareto_sum,sub-05_FDSI_triangular-ramp20s_snr30dB,sub-05,triangular-ramp20s,30,1,35,1.0,0.988454706927176,0.9877704609595483,1.0,0.9861259338313768,1.0,0.9379474520683287,1113,1126
pareto_sum,sub-05_FDSI_triangular-ramp20s_snr30dB,sub-05,triangular-ramp20s,30,2,30,1.0,0.9888089528377298,0.9881255301102628,0.9928571428571428,0.9875239923224568,1.0,0.9342796802520752,1237,1251
pareto_sum,sub-05_FDSI_triangular-ramp20s_snr30dB,sub-05,triangular-ramp20s,30,3,29,0.9315068493150684,0.1079691516709511,0.0758547008547008,0.9166666666666666,0.0457244655581947,0.0535714285714285,0.8657437562942505,881,1274
pareto_sum,sub-05_FDSI_triangular-ramp20s_snr30dB,sub-05,triangular-ramp20s,30,4,16,0.9761904761904762,0.9850948509485096,0.985632183908046,0.9754601226993864,0.9837662337662336,1.0,0.9523348808288574,1454,1476
pareto_sum,sub-05_FDSI_triangular-ramp20s_snr30dB,sub-05,triangular-ramp20s,30,5,36,1.0,0.7248803827751196,0.71081307627829,1.0,0.7288629737609329,0.3529411764705882,0.8050491213798523,1072,1091
pareto_sum,sub-05_FDSI_triangular-ramp20s_snr30dB,sub-05,triangular-ramp20s,30,6,40,1.0,0.9897119341563786,0.9891186071817192,1.0,0.9876543209876544,1.0,0.9533290266990662,962,972
pareto_sum,sub-05_FDSI_triangular-ramp20s_snr30dB,sub-05,triangular-ramp20s,30,7,31,1.0,0.9885245901639343,0.9878577623590632,0.9926470588235294,0.988212180746562,0.9848484848484848,0.9428369402885436,1206,1220
pareto_sum,sub-05_FDSI_triangular-ramp20s_snr30dB,sub-05,triangular-ramp20s,30,8,43,1.0,0.9848130841121496,0.9839307787391842,1.0,0.9818181818181818,1.0,0.9409592747688292,843,856
pareto_sum,sub-05_FDSI_triangular-ramp20s_snr30dB,sub-05,triangular-ramp20s,30,9,41,1.0,0.5867381111855325,0.5721220527045769,0.961904761904762,0.5612009237875288,0.5168539325842697,0.9096943140029908,1428,941
pareto_sum,sub-05_FDSI_triangular-ramp20s_snr30dB,sub-05,triangular-ramp20s,30,10,42,1.0,0.8167293233082706,0.8078817733990148,1.0,0.8293515358361775,0.4886363636363636,0.9080920219421388,1037,896
pareto_sum,sub-05_FDSI_triangular-ramp20s_snr30dB,sub-05,triangular-ramp20s,30,11,37,0.9830508474576272,0.7584124245038827,0.7463636363636363,0.9658119658119658,0.7222787385554426,0.9491525423728814,0.8278937935829163,970,1068
pareto_sum,sub-05_FDSI_triangular-ramp20s_snr30dB,sub-05,triangular-ramp20s,30,12,33,0.9375,0.155200880572372,0.1266400456360525,0.953125,0.0993042378241619,0.0571428571428571,0.8337771892547607,921,1178
pareto_sum,sub-05_FDSI_triangular-ramp20s_snr30dB,sub-05,triangular-ramp20s,30,13,44,1.0,0.9963369963369964,0.996124031007752,1.0,0.9956140350877192,1.0,0.9727927446365356,816,819
pareto_sum,sub-05_FDSI_triangular-ramp20s_snr30dB,sub-05,triangular-ramp20s,30,14,34,0.9672131147540984,0.8816466552315609,0.8769230769230769,0.9838709677419356,0.8651685393258427,0.9365079365079364,0.8584772348403931,1040,1154
pareto_sum,sub-05_FDSI_triangular-ramp20s_snr25dB,sub-05,triangular-ramp20s,25,0,41,1.0,0.5393258426966292,0.5232558139534884,0.961904761904762,0.5011303692539563,0.6172839506172839,0.8731665015220642,1388,941
pareto_sum,sub-05_FDSI_triangular-ramp20s_snr25dB,sub-05,triangular-ramp20s,25,1,30,1.0,0.9544728434504792,0.9516949152542372,0.9857142857142858,0.947267497603068,1.0,0.9148572683334352,1196,1251
pareto_sum,sub-05_FDSI_triangular-ramp20s_snr25dB,sub-05,triangular-ramp20s,25,2,44,1.0,0.9926739926739928,0.992248062015504,1.0,0.9912280701754386,1.0,0.955596923828125,813,819
pareto_sum,sub-05_FDSI_triangular-ramp20s_snr25dB,sub-05,triangular-ramp20s,25,3,39,0.9090909090909092,0.1605975723622782,0.140872065165309,0.945945945945946,0.1228902953586497,0.0763358778625954,0.8825267553329468,1485,1001
pareto_sum,sub-05_FDSI_triangular-ramp20s_snr25dB,sub-05,triangular-ramp20s,25,4,31,0.9850746268656716,0.9770491803278688,0.9765828274067648,0.9926470588235294,0.975442043222004,0.9696969696969696,0.917420208454132,1192,1220
pareto_sum,sub-05_FDSI_triangular-ramp20s_snr25dB,sub-05,triangular-ramp20s,25,5,34,0.9344262295081968,0.8407534246575342,0.8355916892502259,0.9516129032258064,0.81855249745158,0.9682539682539684,0.8641727566719055,996,1154
pareto_sum,sub-05_FDSI_triangular-ramp20s_snr25dB,sub-05,triangular-ramp20s,25,6,43,1.0,0.9813084112149532,0.9802224969097652,1.0,0.9776223776223776,1.0,0.9098199009895324,840,856
pareto_sum,sub-05_FDSI_triangular-ramp20s_snr25dB,sub-05,triangular-ramp20s,25,7,40,0.9622641509433962,0.170145477545857,0.1426701570680628,0.981132075471698,0.1178181818181818,0.0618556701030927,0.8902149796485901,878,972
pareto_sum,sub-05_FDSI_triangular-ramp20s_snr25dB,sub-05,triangular-ramp20s,25,8,35,0.984126984126984,0.9698314108251996,0.9689849624060152,0.992,0.9658848614072496,0.984375,0.9222440123558044,1094,1126
pareto_sum,sub-05_FDSI_triangular-ramp20s_snr25dB,sub-05,triangular-ramp20s,25,9,16,0.9523809523809524,0.936357481381178,0.9353912419239052,0.9386503067484664,0.9318734793187348,0.975609756097561,0.924543797969818,1384,1476
pareto_sum,sub-05_FDSI_triangular-ramp20s_snr20dB,sub-05,triangular-ramp20s,20,0,43,1.0,0.991822429906542,0.9913473423980222,1.0,0.9902097902097902,1.0,0.9527432322502136,849,856
pareto_sum,sub-05_FDSI_triangular-ramp20s_snr20dB,sub-05,triangular-ramp20s,20,1,44,1.0,0.8690614136732329,0.8618581907090465,1.0,0.8461538461538461,0.9787234042553192,0.8070207834243774,794,819
pareto_sum,sub-05_FDSI_triangular-ramp20s_snr20dB,sub-05,triangular-ramp20s,20,2,31,0.9850746268656716,0.9312039312039312,0.9280762564991336,0.9852941176470588,0.9224730127576056,0.9545454545454546,0.8921246528625488,1138,1220
pareto_sum,sub-05_FDSI_triangular-ramp20s_snr15dB,sub-05,triangular-ramp20s,15,0,44,1.0,0.7943181818181818,0.7832335329341318,1.0,0.7583892617449665,0.9787234042553192,0.8099578619003296,760,819
pareto_sum,sub-05_FDSI_triangular-ramp20s_snr15dB,sub-05,triangular-ramp20s,15,1,43,0.9787234042553192,0.9614485981308412,0.9604449938195304,0.9893617021276596,0.958041958041958,0.9574468085106383,0.919553816318512,823,856
pareto_sum,sub-05_FDSI_triangular-ramp10s_snr30dB,sub-05,triangular-ramp10s,30,0,43,1.0,0.9617612977983776,0.9595092024539876,0.9893617021276596,0.9556786703601108,1.0,0.8729872703552246,832,861
pareto_sum,sub-05_FDSI_triangular-ramp10s_snr30dB,sub-05,triangular-ramp10s,30,1,44,1.0,0.9890510948905108,0.98840206185567,0.9787234042553192,0.9897360703812316,1.0,0.961937427520752,813,822
pareto_sum,sub-05_FDSI_triangular-ramp10s_snr30dB,sub-05,triangular-ramp10s,30,2,42,1.0,0.6470028544243578,0.6297405189620758,0.9696969696969696,0.5937846836847946,0.9607843137254902,0.7920711040496826,828,903
pareto_sum,sub-05_FDSI_triangular-ramp10s_snr30dB,sub-05,triangular-ramp10s,30,3,30,1.0,0.988009592326139,0.9873203719357564,1.0,0.9855907780979828,1.0,0.9144645929336548,1236,1251
pareto_sum,sub-05_FDSI_triangular-ramp10s_snr30dB,sub-05,triangular-ramp10s,30,4,40,1.0,0.9682051282051282,0.9663774403470716,1.0,0.9630541871921182,0.9818181818181818,0.9194681644439696,947,972
pareto_sum,sub-05_FDSI_triangular-ramp10s_snr30dB,sub-05,triangular-ramp10s,30,5,31,0.9852941176470588,0.9722901385493072,0.9698275862068966,1.0,0.9668292682926828,1.0,0.8873985409736633,1194,1226
pareto_sum,sub-05_FDSI_triangular-ramp10s_snr30dB,sub-05,triangular-ramp10s,30,6,41,1.0,0.402049427365883,0.3827006845052894,1.0,0.3605209047292666,0.3917525773195876,0.8744212985038757,1394,932
pareto_sum,sub-05_FDSI_triangular-ramp10s_snr30dB,sub-05,triangular-ramp10s,30,7,36,0.9508196721311476,0.2784265519360787,0.2522349936143039,0.9338842975206612,0.2417739628040057,0.0576923076923076,0.735374391078949,982,1098
pareto_sum,sub-05_FDSI_triangular-ramp10s_snr30dB,sub-05,triangular-ramp10s,30,8,34,0.984126984126984,0.917319408181027,0.9134438305709024,0.9609375,0.9080459770114944,0.96875,0.9076405167579652,1055,1148
pareto_sum,sub-05_FDSI_triangular-ramp10s_snr30dB,sub-05,triangular-ramp10s,30,9,35,1.0,0.9607142857142856,0.9584120982986768,0.9833333333333332,0.9573105656350054,0.9682539682539684,0.896328330039978,1077,1119
pareto_sum,sub-05_FDSI_triangular-ramp10s_snr30dB,sub-05,triangular-ramp10s,30,10,39,1.0,0.7048528241845664,0.6913477537437605,0.990990990990991,0.6593204775022957,0.9827586206896552,0.8516378998756409,1136,1007
pareto_sum,sub-05_FDSI_triangular-ramp10s_snr30dB,sub-05,triangular-ramp10s,30,11,33,0.9846153846153848,0.077490774907749,0.0453056768558952,0.6380368098159509,0.032238065716057,0.0275229357798165,0.9084879755973816,856,1188
pareto_sum,sub-05_FDSI_triangular-ramp10s_snr30dB,sub-05,triangular-ramp10s,30,12,16,1.0,0.9864038069340584,0.9856527977044476,0.981012658227848,0.9861900893582454,1.0,0.950711727142334,1451,1471
pareto_sum,sub-05_FDSI_triangular-ramp10s_snr25dB,sub-05,triangular-ramp10s,25,0,43,1.0,0.9930313588850174,0.992619926199262,1.0,0.9916666666666668,1.0,0.9509020447731018,855,861
pareto_sum,sub-05_FDSI_triangular-ramp10s_snr25dB,sub-05,triangular-ramp10s,25,1,35,0.9838709677419356,0.9234875444839856,0.9199623352165726,0.9333333333333332,0.9192348565356004,0.9682539682539684,0.8780556321144104,1043,1119
pareto_sum,sub-05_FDSI_triangular-ramp10s_snr25dB,sub-05,triangular-ramp10s,25,2,30,1.0,0.9480415667466028,0.945054945054945,0.9857142857142858,0.9414024975984632,0.9714285714285714,0.8952027559280396,1186,1251
pareto_sum,sub-05_FDSI_triangular-ramp10s_snr25dB,sub-05,triangular-ramp10s,25,3,44,1.0,0.9890510948905108,0.98840206185567,1.0,0.9868035190615836,1.0,0.956380307674408,813,822
pareto_sum,sub-05_FDSI_triangular-ramp10s_snr25dB,sub-05,triangular-ramp10s,25,4,40,1.0,0.9097435897435896,0.9045553145336226,0.9814814814814816,0.9002463054187192,0.9090909090909092,0.881688117980957,890,972
pareto_sum,sub-05_FDSI_triangular-ramp10s_snr25dB,sub-05,triangular-ramp10s,25,5,39,0.9272727272727272,0.7444168734491315,0.7357019064124783,0.9217391304347826,0.71648987463838,0.8620689655172413,0.8389187455177307,1102,1007
pareto_sum,sub-05_FDSI_triangular-ramp10s_snr25dB,sub-05,triangular-ramp10s,25,6,41,0.9615384615384616,0.0815910249872514,0.0576217915138816,0.8558558558558559,0.0369728480647024,0.0526315789473684,0.8618301749229431,1189,932
pareto_sum,sub-05_FDSI_triangular-ramp10s_snr25dB,sub-05,triangular-ramp10s,25,7,31,0.9852941176470588,0.9293257514216084,0.9243986254295532,0.9925373134328358,0.9164237123420796,1.0,0.8782857656478882,1149,1226
pareto_sum,sub-05_FDSI_triangular-ramp10s_snr20dB,sub-05,triangular-ramp10s,20,0,43,1.0,0.9628339140534262,0.960639606396064,0.946808510638298,0.9625,1.0,0.9136396646499634,829,861
pareto_sum,sub-05_FDSI_triangular-ramp10s_snr20dB,sub-05,triangular-ramp10s,20,1,44,1.0,0.947431302270012,0.9443742098609356,0.9787234042553192,0.93974175035868,1.0,0.8927401304244995,808,822
pareto_sum,sub-05_FDSI_triangular-ramp10s_snr20dB,sub-05,triangular-ramp10s,20,2,31,0.9264705882352942,0.9278768233387358,0.92630676949443,0.9626865671641792,0.9194956353055286,0.9855072463768116,0.8665165305137634,1153,1226
pareto_sum,sub-05_FDSI_triangular-ramp10s_snr15dB,sub-05,triangular-ramp10s,15,0,44,0.9565217391304348,0.814317673378076,0.8066037735849056,0.9787234042553192,0.7851458885941645,0.9565217391304348,0.8074548244476318,800,822
pareto_sum,sub-05_FDSI_triangular-ramp10s_snr15dB,sub-05,triangular-ramp10s,15,1,43,0.9375,0.9524361948955916,0.9533169533169532,0.9680851063829788,0.9486823855755896,0.9787234042553192,0.8957305550575256,822,861
pareto_sum,sub-05_FDSI_triangular-ramp10s_snr15dB,sub-05,triangular-ramp10s,15,2,31,0.9411764705882352,0.8075117370892019,0.7985136251032204,0.9477611940298508,0.7807835820895522,0.9444444444444444,0.8217353224754333,1084,1226
pareto_sum,sub-05_FDSI_triangular-ramp5s_snr30dB,sub-05,triangular-ramp5s,30,0,44,1.0,0.9950980392156864,0.9948119325551232,0.989010989010989,0.9955817378497792,1.0,0.9586036205291748,812,816
pareto_sum,sub-05_FDSI_triangular-ramp5s_snr30dB,sub-05,triangular-ramp5s,30,1,30,1.0,0.9659000793021412,0.9639261744966444,0.9642857142857144,0.9620493358633776,1.0,0.8658477067947388,1222,1257
pareto_sum,sub-05_FDSI_triangular-ramp5s_snr30dB,sub-05,triangular-ramp5s,30,2,43,1.0,0.9976608187134502,0.997533908754624,0.9782608695652174,0.9972027972027973,1.0,0.947302222251892,853,855
pareto_sum,sub-05_FDSI_triangular-ramp5s_snr30dB,sub-05,triangular-ramp5s,30,3,41,1.0,0.0792280345352971,0.0552371026576341,0.6201550387596899,0.0423188405797101,0.0535714285714285,0.8420489430427551,1192,933
pareto_sum,sub-05_FDSI_triangular-ramp5s_snr30dB,sub-05,triangular-ramp5s,30,4,31,1.0,0.9601626016260164,0.9578313253012049,0.9562043795620438,0.9580078125,1.0,0.8338279128074646,1182,1229
pareto_sum,sub-05_FDSI_triangular-ramp5s_snr30dB,sub-05,triangular-ramp5s,30,5,36,1.0,0.3252850435949027,0.296995108315863,0.6617647058823529,0.3133493205435651,0.0490196078431372,0.7693623900413513,875,1101
pareto_sum,sub-05_FDSI_triangular-ramp5s_snr30dB,sub-05,triangular-ramp5s,30,6,35,1.0,0.8669565217391304,0.8596330275229358,0.7890625,0.867570385818561,0.984375,0.8784812092781067,1018,1129
pareto_sum,sub-05_FDSI_triangular-ramp5s_snr30dB,sub-05,triangular-ramp5s,30,7,34,0.9846153846153848,0.6491365777080063,0.6311000827129859,0.7092198581560284,0.6207865168539326,0.9846153846153848,0.7813156247138977,944,1157
pareto_sum,sub-05_FDSI_triangular-ramp5s_snr30dB,sub-05,triangular-ramp5s,30,8,42,1.0,0.0635696821515892,0.0346565847511027,0.6574074074074074,0.0244926522043387,0.043010752688172,0.91336590051651,843,897
pareto_sum,sub-05_FDSI_triangular-ramp5s_snr30dB,sub-05,triangular-ramp5s,30,9,16,0.9876543209876544,0.96435915010281,0.9629898403483308,0.9393939393939394,0.9646381578947368,0.9873417721518988,0.9346072673797609,1407,1459
pareto_sum,sub-05_FDSI_triangular-ramp5s_snr30dB,sub-05,triangular-ramp5s,30,10,40,1.0,0.0847557386698057,0.0547112462006079,0.7706422018348624,0.0396772024209818,0.04,0.9161141514778136,863,980
pareto_sum,sub-05_FDSI_triangular-ramp5s_snr30dB,sub-05,triangular-ramp5s,30,11,33,0.9696969696969696,0.0649214659685863,0.0325379609544468,0.4739884393063583,0.0340136054421768,0.0490196078431372,0.8865363597869873,847,1187
pareto_sum,sub-05_FDSI_triangular-ramp5s_snr30dB,sub-05,triangular-ramp5s,30,12,29,0.9142857142857144,0.0669950738916256,0.036734693877551,0.4510869565217391,0.0366279069767441,0.045045045045045,0.7898221611976624,894,1272
pareto_sum,sub-05_FDSI_triangular-ramp5s_snr25dB,sub-05,triangular-ramp5s,25,0,43,1.0,0.9859649122807016,0.9852034525277436,0.956043956043956,0.9902097902097902,0.979591836734694,0.9290310740470886,843,855
pareto_sum,sub-05_FDSI_triangular-ramp5s_snr25dB,sub-05,triangular-ramp5s,25,1,44,1.0,0.6615698267074414,0.6452991452991453,0.7448979591836735,0.6344086021505376,0.9782608695652174,0.7605683207511902,814,816
pareto_sum,sub-05_FDSI_triangular-ramp5s_snr25dB,sub-05,triangular-ramp5s,25,2,41,0.98,0.086342229199372,0.0623320795271359,0.6699029126213593,0.0549320732427643,0.0535714285714285,0.8266249299049377,1143,933
pareto_sum,sub-05_FDSI_triangular-ramp5s_snr25dB,sub-05,triangular-ramp5s,25,3,40,0.9814814814814816,0.7321100917431193,0.7191119691119691,0.7304347826086957,0.716304347826087,1.0,0.8230743408203125,908,980
pareto_sum,sub-05_FDSI_triangular-ramp5s_snr25dB,sub-05,triangular-ramp5s,25,4,42,0.9387755102040816,0.0762331838565022,0.0482804232804232,0.5765765765765766,0.040650406504065,0.043010752688172,0.8895567059516907,783,897
pareto_sum,sub-05_FDSI_triangular-ramp5s_snr25dB,sub-05,triangular-ramp5s,25,5,16,0.9506172839506172,0.9396847155586018,0.9390420899854862,0.9454545454545454,0.939917695473251,0.9240506329113924,0.9118251204490662,1371,1459
pareto_sum,sub-05_FDSI_triangular-ramp5s_snr25dB,sub-05,triangular-ramp5s,25,6,31,0.9558823529411764,0.8607796340493238,0.8553406223717409,0.8275862068965517,0.8604427333974976,0.9315068493150684,0.8200230002403259,1110,1229
pareto_sum,sub-05_FDSI_triangular-ramp5s_snr25dB,sub-05,triangular-ramp5s,25,7,36,0.9333333333333332,0.3643013899049012,0.3381790359602142,0.4964539007092198,0.3787878787878788,0.0490196078431372,0.7326620221138,764,1101
pareto_sum,sub-05_FDSI_triangular-ramp5s_snr25dB,sub-05,triangular-ramp5s,25,8,35,1.0,0.7969018932874354,0.7858439201451906,0.8,0.7823408624229979,0.984375,0.8257731199264526,959,1129
pareto_sum,sub-05_FDSI_triangular-ramp5s_snr25dB,sub-05,triangular-ramp5s,25,9,30,0.9710144927536232,0.9036334913112164,0.899749373433584,0.9130434782608696,0.8971698113207547,0.9852941176470588,0.8455536961555481,1153,1257
pareto_sum,sub-05_FDSI_triangular-ramp5s_snr20dB,sub-05,triangular-ramp5s,20,0,31,0.9705882352941176,0.8715524034672971,0.8659450457951707,0.9420289855072465,0.8576814326107446,0.9428571428571428,0.8263029456138611,1146,1229
pareto_sum,sub-05_FDSI_triangular-ramp5s_snr20dB,sub-05,triangular-ramp5s,20,1,43,1.0,0.5940803382663847,0.5742793791574279,0.6483516483516484,0.5645161290322581,0.979591836734694,0.7389950156211853,653,855
pareto_sum,sub-05_FDSI_triangular-ramp5s_snr20dB,sub-05,triangular-ramp5s,20,2,44,1.0,0.5851162790697675,0.566990291262136,0.7211538461538461,0.5513513513513514,0.9565217391304348,0.7204679250717163,888,816
pareto_sum,sub-05_FDSI_triangular-ramp5s_snr20dB,sub-05,triangular-ramp5s,20,3,41,0.9215686274509804,0.2125576036866359,0.1910979228486647,0.5909090909090909,0.1759259259259259,0.3333333333333333,0.8108102083206177,1172,933
pareto_sum,sub-05_FDSI_triangular-ramp5s_snr15dB,sub-05,triangular-ramp5s,15,0,43,0.9090909090909092,0.716743119266055,0.7065217391304348,0.5714285714285714,0.7226775956284153,0.8979591836734694,0.8277150988578796,642,855
pareto_sum,sub-05_FDSI_triangular-ramp5s_snr15dB,sub-05,triangular-ramp5s,15,1,44,1.0,0.4281961471103327,0.4047402005469462,0.5726495726495726,0.3850868232890704,0.9782608695652174,0.7322850823402405,815,816
roa,sub-01_FDSI_staircase_snr30dB,sub-01,staircase,30,0,28,0.9850746268656716,0.9957575757575756,0.9949494949494948,,,,0.9910079836845398,1643,1650
roa,sub-01_FDSI_staircase_snr30dB,sub-01,staircase,30,1,38,1.0,0.9929639401934915,0.9926739926739928,,,,0.987633228302002,1129,1137
roa,sub-01_FDSI_staircase_snr30dB,sub-01,staircase,30,2,7,0.9647058823529412,0.9751056834194456,0.9755381604696672,,,,0.936313271522522,2076,2129
roa,sub-01_FDSI_staircase_snr30dB,sub-01,staircase,30,3,37,1.0,0.9859387923904052,0.9853574504737296,,,,0.9325127005577089,1192,1209
roa,sub-01_FDSI_staircase_snr30dB,sub-01,staircase,30,4,31,1.0,0.9849574885546108,0.9843217450579412,,,,0.9106397032737732,1510,1525
roa,sub-01_FDSI_staircase_snr30dB,sub-01,staircase,30,5,35,1.0,0.967741935483871,0.9663799843627834,,,,0.9196370840072632,1294,1329
roa,sub-01_FDSI_staircase_snr30dB,sub-01,staircase,30,6,34,1.0,0.994198694706309,0.9939531368102796,,,,0.9618585109710692,1371,1379
roa,sub-01_FDSI_staircase_snr30dB,sub-01,staircase,30,7,36,1.0,0.997622820919176,0.9975227085053676,,,,0.9767595529556274,1259,1262
roa,sub-01_FDSI_staircase_snr30dB,sub-01,staircase,30,8,24,1.0,0.9828064337215752,0.9820912767186596,,,,0.9361366033554076,1772,1803
roa,sub-01_FDSI_staircase_snr30dB,sub-01,staircase,30,9,30,1.0,0.9834605597964376,0.9828042328042328,,,,0.9274184107780457,1546,1572
roa,sub-01_FDSI_staircase_snr30dB,sub-01,staircase,30,10,33,1.0,0.9951048951048952,0.99490538573508,,,,0.9700644016265868,1423,1430
roa,sub-01_FDSI_staircase_snr30dB,sub-01,staircase,30,11,32,1.0,0.9925925925925926,0.9922698524244554,,,,0.9735506772994996,1474,1485
roa,sub-01_FDSI_staircase_snr30dB,sub-01,staircase,30,12,22,0.9324324324324323,0.9724025974025974,0.9740698985343856,,,,0.9295125603675842,1798,1847
roa,sub-01_FDSI_staircase_snr30dB,sub-01,staircase,30,13,29,0.984126984126984,0.9673444239063462,0.9666666666666668,,,,0.9151378273963928,1576,1617
roa,sub-01_FDSI_staircase_snr25dB,sub-01,staircase,25,0,28,0.9850746268656716,0.9945454545454544,0.9936868686868688,,,,0.9712526202201844,1641,1650
roa,sub-01_FDSI_staircase_snr25dB,sub-01,staircase,25,1,38,1.0,0.9929639401934915,0.9926739926739928,,,,0.9808897376060486,1129,1137
roa,sub-01_FDSI_staircase_snr25dB,sub-01,staircase,25,2,37,1.0,0.9834574028122416,0.982773471145564,,,,0.9061346054077148,1189,1209
roa,sub-01_FDSI_staircase_snr25dB,sub-01,staircase,25,3,31,0.967741935483871,0.2533333333333333,0.23308957952468,,,,0.9137581586837769,1295,1525
roa,sub-01_FDSI_staircase_snr25dB,sub-01,staircase,25,4,24,0.9722222222222222,0.9728230726566832,0.972848064702484,,,,0.9352033734321594,1754,1803
roa,sub-01_FDSI_staircase_snr25dB,sub-01,staircase,25,5,34,1.0,0.9883973894126178,0.9879062736205594,,,,0.9408459067344666,1363,1379
roa,sub-01_FDSI_staircase_snr25dB,sub-01,staircase,25,6,30,1.0,0.9790076335877864,0.9781746031746033,,,,0.9280021786689758,1539,1572
roa,sub-01_FDSI_staircase_snr25dB,sub-01,staircase,25,7,36,1.0,0.9920760697305864,0.9917423616845582,,,,0.9715971946716307,1252,1262
roa,sub-01_FDSI_staircase_snr25dB,sub-01,staircase,25,8,33,1.0,0.9805555555555556,0.9797687861271676,,,,0.9457497000694276,1422,1430
roa,sub-01_FDSI_staircase_snr25dB,sub-01,staircase,25,9,32,1.0,0.995959595959596,0.9957835558678848,,,,0.9677370190620422,1479,1485
roa,sub-01_FDSI_staircase_snr25dB,sub-01,staircase,25,10,35,0.9629629629629628,0.984198645598194,0.9850980392156864,,,,0.9489731192588806,1308,1329
roa,sub-01_FDSI_staircase_snr25dB,sub-01,staircase,25,11,29,0.9206349206349206,0.250632911392405,0.2323363675769397,,,,0.8566552400588989,1347,1617
roa,sub-01_FDSI_staircase_snr20dB,sub-01,staircase,20,0,28,0.9850746268656716,0.9957575757575756,0.9949494949494948,,,,0.987681806087494,1643,1650
roa,sub-01_FDSI_staircase_snr20dB,sub-01,staircase,20,1,38,1.0,0.992084432717678,0.9917582417582418,,,,0.9662237763404846,1128,1137
roa,sub-01_FDSI_staircase_snr20dB,sub-01,staircase,20,2,36,1.0,0.9944532488114104,0.9942196531791908,,,,0.9621779918670654,1255,1262
roa,sub-01_FDSI_staircase_snr20dB,sub-01,staircase,20,3,37,0.9791666666666666,0.9586776859504132,0.9578313253012049,,,,0.8977845907211304,1161,1209
roa,sub-01_FDSI_staircase_snr20dB,sub-01,staircase,20,4,34,0.9821428571428572,0.9718004338394792,0.971363978899774,,,,0.9116637110710144,1348,1379
roa,sub-01_FDSI_staircase_snr20dB,sub-01,staircase,20,5,32,1.0,0.991919191919192,0.9915671117357696,,,,0.958440601825714,1473,1485
roa,sub-01_FDSI_staircase_snr15dB,sub-01,staircase,15,0,28,0.9850746268656716,0.9957575757575756,0.9949494949494948,,,,0.9842886924743652,1643,1650
roa,sub-01_FDSI_staircase_snr15dB,sub-01,staircase,15,1,38,1.0,0.988566402814424,0.988095238095238,,,,0.9363253116607666,1124,1137
roa,sub-01_FDSI_staircase_snr15dB,sub-01,staircase,15,2,36,0.9803921568627452,0.980190174326466,0.9801816680429396,,,,0.9304378032684326,1237,1262
roa,sub-01_FDSI_staircase_snr15dB,sub-01,staircase,15,3,34,0.9285714285714286,0.9013389711064128,0.9002201027146002,,,,0.8617905974388123,1319,1379
roa,sub-01_FDSI_staircase_snr15dB,sub-01,staircase,15,4,32,0.9516129032258064,0.960995292535306,0.9614035087719298,,,,0.9283536076545716,1431,1485
roa,sub-01_FDSI_triangular-ramp40s_snr30dB,sub-01,triangular-ramp40s,30,0,28,1.0,0.9974747474747476,0.997326203208556,1.0,0.997983870967742,0.9846153846153848,0.9904947876930236,1185,1188
roa,sub-01_FDSI_triangular-ramp40s_snr30dB,sub-01,triangular-ramp40s,30,1,32,1.0,0.9981167608286252,0.99800796812749,1.0,0.9988674971687428,0.9833333333333332,0.9775574803352356,1060,1062
roa,sub-01_FDSI_triangular-ramp40s_snr30dB,sub-01,triangular-ramp40s,30,2,30,1.0,0.9956024626209324,0.9953488372093025,1.0,0.9947257383966244,1.0,0.9666362404823304,1132,1137
roa,sub-01_FDSI_triangular-ramp40s_snr30dB,sub-01,triangular-ramp40s,30,3,37,1.0,0.9698025551684089,0.968058968058968,1.0,0.9637883008356546,1.0,0.871059775352478,835,861
roa,sub-01_FDSI_triangular-ramp40s_snr30dB,sub-01,triangular-ramp40s,30,4,34,0.9821428571428572,0.9897645854657112,0.9880694143167028,0.9910714285714286,0.9876695437731196,0.9818181818181818,0.9621262550354004,967,977
roa,sub-01_FDSI_triangular-ramp40s_snr30dB,sub-01,triangular-ramp40s,30,5,35,1.0,0.9841772151898734,0.9832775919732442,1.0,0.981060606060606,1.0,0.9401257038116456,933,948
roa,sub-01_FDSI_triangular-ramp40s_snr30dB,sub-01,triangular-ramp40s,30,6,24,0.9855072463768116,0.9789719626168224,0.9786008230452676,0.9856115107913668,0.9767008387698044,1.0,0.9491141438484192,1257,1284
roa,sub-01_FDSI_triangular-ramp40s_snr30dB,sub-01,triangular-ramp40s,30,7,38,1.0,0.9975429975429976,0.9974025974025974,1.0,0.9970501474926252,1.0,0.9858731031417848,812,814
roa,sub-01_FDSI_triangular-ramp40s_snr30dB,sub-01,triangular-ramp40s,30,8,33,1.0,0.9911937377690804,0.9906832298136646,1.0,0.9894242068155112,1.0,0.9601794481277466,1013,1022
roa,sub-01_FDSI_triangular-ramp40s_snr30dB,sub-01,triangular-ramp40s,30,9,36,1.0,0.9911797133406836,0.9906759906759908,1.0,0.9894875164257556,1.0,0.9730618596076964,899,907
roa,sub-01_FDSI_triangular-ramp40s_snr30dB,sub-01,triangular-ramp40s,30,10,29,0.9682539682539684,0.9819742489270388,0.9827586206896552,0.984251968503937,0.9804526748971192,1.0,0.9256012439727784,1146,1163
roa,sub-01_FDSI_triangular-ramp40s_snr30dB,sub-01,triangular-ramp40s,30,11,31,1.0,0.986351228389445,0.9855769230769232,1.0,0.982570806100218,0.984126984126984,0.9512584805488586,1084,1099
roa,sub-01_FDSI_triangular-ramp40s_snr30dB,sub-01,triangular-ramp40s,30,12,22,0.9333333333333332,0.960931630353118,0.9625796178343948,0.9387755102040816,0.9595687331536388,1.0,0.9286802411079408,1280,1330
roa,sub-01_FDSI_triangular-ramp40s_snr30dB,sub-01,triangular-ramp40s,30,13,7,0.902439024390244,0.928618205631958,0.9301038062283736,0.8862275449101796,0.9301412872841444,0.9883720930232558,0.9220537543296814,1418,1527
roa,sub-01_FDSI_triangular-ramp40s_snr25dB,sub-01,triangular-ramp40s,25,0,28,1.0,0.9966329966329966,0.9964349376114082,1.0,0.9969758064516128,0.9846153846153848,0.9904385805130004,1184,1188
roa,sub-01_FDSI_triangular-ramp40s_snr25dB,sub-01,triangular-ramp40s,25,1,32,1.0,0.992467043314501,0.9920318725099602,1.0,0.9909399773499432,1.0,0.9696407914161682,1054,1062
roa,sub-01_FDSI_triangular-ramp40s_snr25dB,sub-01,triangular-ramp40s,25,2,37,1.0,0.9351100811123986,0.931372549019608,1.0,0.9222222222222224,1.0,0.8578973412513733,809,861
roa,sub-01_FDSI_triangular-ramp40s_snr25dB,sub-01,triangular-ramp40s,25,3,24,0.927536231884058,0.9587227414330218,0.9604938271604938,0.9136690647482014,0.9608938547486032,0.9861111111111112,0.93113774061203,1231,1284
roa,sub-01_FDSI_triangular-ramp40s_snr25dB,sub-01,triangular-ramp40s,25,4,34,0.9642857142857144,0.9907881269191402,0.990238611713666,0.9821428571428572,0.9889025893958076,1.0,0.9389618039131165,968,977
roa,sub-01_FDSI_triangular-ramp40s_snr25dB,sub-01,triangular-ramp40s,25,5,38,1.0,0.9975429975429976,0.9974025974025974,1.0,0.9970501474926252,1.0,0.9839149117469788,812,814
roa,sub-01_FDSI_triangular-ramp40s_snr25dB,sub-01,triangular-ramp40s,25,6,29,0.9523809523809524,0.2585193889541715,0.2318486882245271,0.952755905511811,0.2151639344262295,0.036036036036036,0.8438494205474854,979,1163
roa,sub-01_FDSI_triangular-ramp40s_snr25dB,sub-01,triangular-ramp40s,25,7,30,1.0,0.9929639401934915,0.9925581395348836,0.992,0.9926160337552744,1.0,0.957970380783081,1129,1137
roa,sub-01_FDSI_triangular-ramp40s_snr25dB,sub-01,triangular-ramp40s,25,8,36,1.0,0.9944873208379272,0.9941724941724942,1.0,0.9921156373193168,0.98,0.9713922739028932,902,907
roa,sub-01_FDSI_triangular-ramp40s_snr25dB,sub-01,triangular-ramp40s,25,9,35,0.9803921568627452,0.9663157894736842,0.9655172413793104,0.9805825242718448,0.9622641509433962,0.9622641509433962,0.9222301244735718,920,948
roa,sub-01_FDSI_triangular-ramp40s_snr25dB,sub-01,triangular-ramp40s,25,10,31,0.9830508474576272,0.2548528490920476,0.2269180754226268,0.9831932773109244,0.2093362509117432,0.0576923076923076,0.9031168222427368,905,1099
roa,sub-01_FDSI_triangular-ramp40s_snr25dB,sub-01,triangular-ramp40s,25,11,33,0.9821428571428572,0.1238457360130363,0.0969187675070028,0.9642857142857144,0.0718266253869969,0.0825688073394495,0.8674846291542053,1047,1022
roa,sub-01_FDSI_triangular-ramp40s_snr20dB,sub-01,triangular-ramp40s,20,0,28,1.0,0.9949494949494948,0.9946524064171124,1.0,0.9939516129032258,1.0,0.9885837435722352,1182,1188
roa,sub-01_FDSI_triangular-ramp40s_snr20dB,sub-01,triangular-ramp40s,20,1,32,1.0,0.9915254237288136,0.9910358565737052,1.0,0.9898074745186864,1.0,0.9554392099380492,1053,1062
roa,sub-01_FDSI_triangular-ramp40s_snr20dB,sub-01,triangular-ramp40s,20,2,38,1.0,0.9963144963144964,0.9961038961038962,1.0,0.995575221238938,1.0,0.9711474776268004,811,814
roa,sub-01_FDSI_triangular-ramp40s_snr20dB,sub-01,triangular-ramp40s,20,3,35,0.9019607843137256,0.3228404099560761,0.3003802281368821,0.8543689320388349,0.3026655202063628,0.0520833333333333,0.8058299422264099,859,948
roa,sub-01_FDSI_triangular-ramp40s_snr20dB,sub-01,triangular-ramp40s,20,4,36,1.0,0.9933847850055126,0.993006993006993,1.0,0.990801576872536,0.98,0.9621934294700624,901,907
roa,sub-01_FDSI_triangular-ramp40s_snr20dB,sub-01,triangular-ramp40s,20,5,34,0.9642857142857144,0.9613034623217924,0.9590075512405608,0.9821428571428572,0.954656862745098,0.9818181818181818,0.8969852328300476,949,977
roa,sub-01_FDSI_triangular-ramp40s_snr20dB,sub-01,triangular-ramp40s,20,6,37,0.9148936170212766,0.9605568445475638,0.9631901840490796,0.9574468085106383,0.9582753824756608,1.0,0.8968155384063721,829,861
roa,sub-01_FDSI_triangular-ramp40s_snr15dB,sub-01,triangular-ramp40s,15,0,28,1.0,0.9949494949494948,0.9946524064171124,1.0,0.9939516129032258,1.0,0.9850799441337584,1182,1188
roa,sub-01_FDSI_triangular-ramp40s_snr15dB,sub-01,triangular-ramp40s,15,1,34,0.9107142857142856,0.9090909090909092,0.9069767441860463,0.9553571428571428,0.8970059880239521,0.9636363636363636,0.8409457206726074,934,977
roa,sub-01_FDSI_triangular-ramp40s_snr15dB,sub-01,triangular-ramp40s,15,2,36,0.9183673469387756,0.9812568908489526,0.9848484848484848,0.9278350515463918,0.985545335085414,0.98,0.9194560647010804,890,907
roa,sub-01_FDSI_triangular-ramp40s_snr15dB,sub-01,triangular-ramp40s,15,3,38,1.0,0.9877149877149876,0.987012987012987,1.0,0.9852507374631267,1.0,0.9132500886917114,804,814
roa,sub-01_FDSI_triangular-ramp20s_snr30dB,sub-01,triangular-ramp20s,30,0,36,1.0,0.9934138309549944,0.9930232558139536,0.9805825242718448,0.9921052631578948,1.0,0.9793775677680968,905,911
roa,sub-01_FDSI_triangular-ramp20s_snr30dB,sub-01,triangular-ramp20s,30,1,38,1.0,0.9950556242274412,0.9947780678851176,1.0,0.994074074074074,1.0,0.981738030910492,805,809
roa,sub-01_FDSI_triangular-ramp20s_snr30dB,sub-01,triangular-ramp20s,30,2,28,1.0,0.994186046511628,0.993838028169014,1.0,0.993006993006993,1.0,0.985921025276184,1197,1204
roa,sub-01_FDSI_triangular-ramp20s_snr30dB,sub-01,triangular-ramp20s,30,3,35,1.0,0.9821989528795813,0.9811529933481152,1.0,0.978643216080402,1.0,0.9302746653556824,939,954
roa,sub-01_FDSI_triangular-ramp20s_snr30dB,sub-01,triangular-ramp20s,30,4,34,1.0,0.9928934010152284,0.992497320471597,1.0,0.991504854368932,1.0,0.9461981654167176,978,985
roa,sub-01_FDSI_triangular-ramp20s_snr30dB,sub-01,triangular-ramp20s,30,5,32,1.0,0.995291902071563,0.9950149551345964,1.0,0.9943630214205186,1.0,0.9629412889480592,1057,1062
roa,sub-01_FDSI_triangular-ramp20s_snr30dB,sub-01,triangular-ramp20s,30,6,37,1.0,0.1398828887443071,0.1115591397849462,1.0,0.0874722016308376,0.0439560439560439,0.762113630771637,881,871
roa,sub-01_FDSI_triangular-ramp20s_snr30dB,sub-01,triangular-ramp20s,30,7,24,0.9859154929577464,0.9868114817688132,0.986863711001642,0.9788732394366196,0.9869888475836432,1.0,0.947801947593689,1272,1289
roa,sub-01_FDSI_triangular-ramp20s_snr30dB,sub-01,triangular-ramp20s,30,8,33,1.0,0.2874172185430463,0.2594631796283551,1.0,0.2449768160741885,0.0510204081632653,0.8763821125030518,923,1021
roa,sub-01_FDSI_triangular-ramp20s_snr30dB,sub-01,triangular-ramp20s,30,9,30,1.0,0.9982190560997328,0.998114985862394,1.0,0.9978563772775992,1.0,0.9683852195739746,1121,1123
roa,sub-01_FDSI_triangular-ramp20s_snr30dB,sub-01,triangular-ramp20s,30,10,31,1.0,0.1569867740080506,0.1268612269207862,0.9917355371900828,0.0992063492063492,0.0380952380952381,0.9298176169395448,921,1091
roa,sub-01_FDSI_triangular-ramp20s_snr30dB,sub-01,triangular-ramp20s,30,11,29,0.9846153846153848,0.1420118343195266,0.1114827201783723,0.992248062015504,0.08286951144094,0.0648148148148148,0.8987392783164978,961,1162
roa,sub-01_FDSI_triangular-ramp20s_snr30dB,sub-01,triangular-ramp20s,30,12,13,0.9,0.9172320217096336,0.9182209469153516,0.9263803680981596,0.9114541023558084,0.9629629629629628,0.9004499912261963,1352,1474
roa,sub-01_FDSI_triangular-ramp20s_snr30dB,sub-01,triangular-ramp20s,30,13,22,1.0,0.9648729446935724,0.9627870150435472,0.98,0.962230215827338,0.9736842105263158,0.9201773405075072,1292,1337
roa,sub-01_FDSI_triangular-ramp20s_snr25dB,sub-01,triangular-ramp20s,25,0,36,1.0,0.9934138309549944,0.9930232558139536,0.9805825242718448,0.9921052631578948,1.0,0.969230055809021,905,911
roa,sub-01_FDSI_triangular-ramp20s_snr25dB,sub-01,triangular-ramp20s,25,1,38,1.0,0.9950556242274412,0.9947780678851176,1.0,0.994074074074074,1.0,0.9745837450027466,805,809
roa,sub-01_FDSI_triangular-ramp20s_snr25dB,sub-01,triangular-ramp20s,25,2,28,1.0,0.9950166112956812,0.9947183098591548,1.0,0.994005994005994,1.0,0.9873279929161072,1198,1204
roa,sub-01_FDSI_triangular-ramp20s_snr25dB,sub-01,triangular-ramp20s,25,3,34,1.0,0.9868287740628168,0.986096256684492,1.0,0.9842615012106536,1.0,0.9142007827758788,976,985
roa,sub-01_FDSI_triangular-ramp20s_snr25dB,sub-01,triangular-ramp20s,25,4,35,1.0,0.9428274428274428,0.9394939493949396,1.0,0.9315068493150684,1.0,0.8925813436508179,915,954
roa,sub-01_FDSI_triangular-ramp20s_snr25dB,sub-01,triangular-ramp20s,25,5,32,1.0,0.9915254237288136,0.9910269192422732,0.982608695652174,0.9921171171171173,0.9666666666666668,0.9640993475914,1053,1062
roa,sub-01_FDSI_triangular-ramp20s_snr25dB,sub-01,triangular-ramp20s,25,6,37,1.0,0.1261203585147247,0.0978189028420356,1.0,0.0728332119446467,0.0434782608695652,0.7667284607887268,888,871
roa,sub-01_FDSI_triangular-ramp20s_snr25dB,sub-01,triangular-ramp20s,25,7,31,0.9666666666666668,0.1460023174971031,0.1164465786314525,0.9669421487603306,0.088,0.0485436893203883,0.8920559287071228,887,1091
roa,sub-01_FDSI_triangular-ramp20s_snr25dB,sub-01,triangular-ramp20s,25,8,30,0.9838709677419356,0.9848754448398576,0.9849340866290018,0.992063492063492,0.9839400428265525,0.984375,0.9505287408828736,1108,1123
roa,sub-01_FDSI_triangular-ramp20s_snr25dB,sub-01,triangular-ramp20s,25,9,33,0.9298245614035088,0.1555555555555555,0.1302352266207687,0.9652173913043478,0.1062340966921119,0.0454545454545454,0.9145429134368896,1059,1021
roa,sub-01_FDSI_triangular-ramp20s_snr25dB,sub-01,triangular-ramp20s,25,10,22,0.9066666666666666,0.8719646799116998,0.8699376947040498,0.8733333333333333,0.8666077738515902,0.948051948051948,0.8837973475456238,1207,1337
roa,sub-01_FDSI_triangular-ramp20s_snr20dB,sub-01,triangular-ramp20s,20,0,38,1.0,0.9938195302843016,0.9934725848563968,1.0,0.9925925925925926,1.0,0.9489862322807312,804,809
roa,sub-01_FDSI_triangular-ramp20s_snr20dB,sub-01,triangular-ramp20s,20,1,32,1.0,0.9868173258003766,0.9860418743768694,0.991304347826087,0.9842342342342344,0.9833333333333332,0.9446542859077454,1048,1062
roa,sub-01_FDSI_triangular-ramp20s_snr20dB,sub-01,triangular-ramp20s,20,2,28,1.0,0.9958471760797342,0.9955985915492958,0.9925373134328358,0.996003996003996,1.0,0.9871278405189514,1199,1204
roa,sub-01_FDSI_triangular-ramp20s_snr20dB,sub-01,triangular-ramp20s,20,3,36,1.0,0.9890230515916576,0.9883720930232558,0.9902912621359224,0.9855263157894736,1.0,0.9222975969314576,901,911
roa,sub-01_FDSI_triangular-ramp20s_snr20dB,sub-01,triangular-ramp20s,20,4,34,1.0,0.937625754527163,0.9341825902335456,0.9905660377358492,0.9267707082833132,1.0,0.8733685612678528,941,985
roa,sub-01_FDSI_triangular-ramp20s_snr15dB,sub-01,triangular-ramp20s,15,0,28,1.0,0.9950166112956812,0.9947183098591548,1.0,0.995004995004995,0.9855072463768116,0.9843468070030212,1198,1204
roa,sub-01_FDSI_triangular-ramp20s_snr15dB,sub-01,triangular-ramp20s,15,1,38,1.0,0.9543773119605424,0.9518229166666666,1.0,0.946824224519941,0.9787234042553192,0.8928819298744202,776,809
roa,sub-01_FDSI_triangular-ramp20s_snr15dB,sub-01,triangular-ramp20s,15,2,32,0.9830508474576272,0.9440298507462688,0.941757156959526,0.982608695652174,0.9386845039018952,0.918032786885246,0.9078577160835266,1022,1062
roa,sub-01_FDSI_triangular-ramp20s_snr15dB,sub-01,triangular-ramp20s,15,3,36,0.9019607843137256,0.9473684210526316,0.9500580720092916,0.9029126213592232,0.947437582128778,1.0,0.8718122243881226,865,911
roa,sub-01_FDSI_triangular-ramp10s_snr30dB,sub-01,triangular-ramp10s,30,0,32,1.0,0.1029493600445186,0.0730304772857964,0.9915254237288136,0.0406607369758576,0.0686274509803921,0.9327934384346008,916,1066
roa,sub-01_FDSI_triangular-ramp10s_snr30dB,sub-01,triangular-ramp10s,30,1,30,1.0,0.2651699029126214,0.2374055415617128,0.991869918699187,0.2211267605633803,0.06,0.8898802995681763,953,1132
roa,sub-01_FDSI_triangular-ramp10s_snr30dB,sub-01,triangular-ramp10s,30,2,36,1.0,0.9689578713968958,0.9670975323149236,0.99009900990099,0.9653333333333334,0.9803921568627452,0.916000247001648,874,902
roa,sub-01_FDSI_triangular-ramp10s_snr30dB,sub-01,triangular-ramp10s,30,3,35,1.0,0.9801670146137788,0.9790055248618784,0.981132075471698,0.97875,1.0,0.944974958896637,942,955
roa,sub-01_FDSI_triangular-ramp10s_snr30dB,sub-01,triangular-ramp10s,30,4,38,1.0,0.7339003645200486,0.7181467181467182,0.9230769230769232,0.6923076923076923,1.0,0.8884140849113464,608,819
roa,sub-01_FDSI_triangular-ramp10s_snr30dB,sub-01,triangular-ramp10s,30,5,7,0.9047619047619048,0.9106217616580312,0.910958904109589,0.8588235294117647,0.9138867339022498,0.9418604651162792,0.9024741053581238,1410,1540
roa,sub-01_FDSI_triangular-ramp10s_snr30dB,sub-01,triangular-ramp10s,30,6,34,1.0,0.9809619238476954,0.9798728813559322,0.9908256880733946,0.978391356542617,1.0,0.9175105690956116,981,996
roa,sub-01_FDSI_triangular-ramp10s_snr30dB,sub-01,triangular-ramp10s,30,7,28,1.0,0.9966386554621848,0.9964381121994658,1.0,0.997979797979798,0.9692307692307692,0.97395658493042,1186,1190
roa,sub-01_FDSI_triangular-ramp10s_snr30dB,sub-01,triangular-ramp10s,30,8,33,1.0,0.1793313069908814,0.1498740554156171,0.9913793103448276,0.1245626312106368,0.0515463917525773,0.8858010768890381,901,1039
roa,sub-01_FDSI_triangular-ramp10s_snr30dB,sub-01,triangular-ramp10s,30,9,37,1.0,0.5,0.4721233689205219,0.9473684210526316,0.4117647058823529,1.0,0.8977928757667542,466,869
roa,sub-01_FDSI_triangular-ramp10s_snr30dB,sub-01,triangular-ramp10s,30,10,31,1.0,0.4288590604026845,0.4040616246498599,1.0,0.3478927203065134,1.0,0.9042605757713318,1024,1105
roa,sub-01_FDSI_triangular-ramp10s_snr30dB,sub-01,triangular-ramp10s,30,11,24,1.0,0.963452566096423,0.9613168724279836,0.9858156028368794,0.95817843866171,1.0,0.9174376130104064,1239,1286
roa,sub-01_FDSI_triangular-ramp10s_snr30dB,sub-01,triangular-ramp10s,30,12,22,0.9178082191780822,0.5037989479836353,0.4853479853479853,0.9251700680272108,0.5027816411682893,0.0573770491803278,0.8140671849250793,1238,1335
roa,sub-01_FDSI_triangular-ramp10s_snr30dB,sub-01,triangular-ramp10s,30,13,29,0.9846153846153848,0.0903394255874673,0.0589189189189189,0.917910447761194,0.0318892900120336,0.0642201834862385,0.9318780303001404,926,1162
roa,sub-01_FDSI_triangular-ramp10s_snr25dB,sub-01,triangular-ramp10s,25,0,30,1.0,0.093010456796918,0.0620375640295959,0.983739837398374,0.0295783511642542,0.06,0.9403812289237976,854,1132
roa,sub-01_FDSI_triangular-ramp10s_snr25dB,sub-01,triangular-ramp10s,25,1,36,1.0,0.9534368070953436,0.9506462984723856,0.99009900990099,0.9453333333333334,1.0,0.8866620063781738,860,902
roa,sub-01_FDSI_triangular-ramp10s_snr25dB,sub-01,triangular-ramp10s,25,2,38,1.0,0.6838323353293413,0.6653992395437263,0.8021978021978022,0.6490727532097005,1.0,0.8429469466209412,587,819
roa,sub-01_FDSI_triangular-ramp10s_snr25dB,sub-01,triangular-ramp10s,25,3,35,1.0,0.1656210790464241,0.1369240752757949,0.8490566037735849,0.1239130434782608,0.0673076923076923,0.8511270880699158,903,955
roa,sub-01_FDSI_triangular-ramp10s_snr25dB,sub-01,triangular-ramp10s,25,4,32,1.0,0.9506976744186046,0.9478859390363816,0.9915254237288136,0.9421579532814238,1.0,0.9105051755905152,1031,1066
roa,sub-01_FDSI_triangular-ramp10s_snr25dB,sub-01,triangular-ramp10s,25,5,28,1.0,0.9966386554621848,0.9964381121994658,1.0,0.997979797979798,0.9692307692307692,0.97143292427063,1186,1190
roa,sub-01_FDSI_triangular-ramp10s_snr25dB,sub-01,triangular-ramp10s,25,6,31,0.9516129032258064,0.4279749478079332,0.4043636363636363,0.976,0.3490415335463259,0.9333333333333332,0.8974243998527527,947,1105
roa,sub-01_FDSI_triangular-ramp10s_snr25dB,sub-01,triangular-ramp10s,25,7,37,1.0,0.0766101694915254,0.0462184873949579,0.8947368421052632,0.0248833592534992,0.0588235294117647,0.8940800428390503,719,869
roa,sub-01_FDSI_triangular-ramp10s_snr25dB,sub-01,triangular-ramp10s,25,8,34,1.0,0.968,0.9661733615221988,0.9908256880733946,0.962874251497006,1.0,0.8951261639595032,972,996
roa,sub-01_FDSI_triangular-ramp10s_snr25dB,sub-01,triangular-ramp10s,25,9,33,0.9824561403508772,0.0612244897959183,0.0313211845102505,0.5072463768115942,0.0301475304682488,0.0377358490566037,0.918120801448822,885,1039
roa,sub-01_FDSI_triangular-ramp10s_snr25dB,sub-01,triangular-ramp10s,25,10,24,0.9577464788732394,0.9107142857142856,0.9079704190632704,0.9290780141843972,0.9035250463821892,0.9855072463768116,0.8965545892715454,1175,1286
roa,sub-01_FDSI_triangular-ramp10s_snr20dB,sub-01,triangular-ramp10s,20,0,34,1.0,0.096640826873385,0.0707070707070707,0.981651376146789,0.043859649122807,0.0341880341880341,0.9340662360191344,1126,996
roa,sub-01_FDSI_triangular-ramp10s_snr20dB,sub-01,triangular-ramp10s,20,1,30,0.9166666666666666,0.0623196768609347,0.031679617453676,0.6370967741935484,0.0281879194630872,0.06,0.8954571485519409,709,1132
roa,sub-01_FDSI_triangular-ramp10s_snr20dB,sub-01,triangular-ramp10s,20,2,36,1.0,0.8795580110497238,0.8723653395784543,0.9702970297029704,0.8592297476759628,1.0,0.8663840293884277,799,902
roa,sub-01_FDSI_triangular-ramp10s_snr20dB,sub-01,triangular-ramp10s,20,3,32,0.9827586206896552,0.921480144404332,0.918095238095238,0.9830508474576272,0.9087982832618026,1.0,0.9000163078308105,1063,1066
roa,sub-01_FDSI_triangular-ramp10s_snr20dB,sub-01,triangular-ramp10s,20,4,38,1.0,0.5132530120481927,0.4846938775510204,0.8351648351648352,0.4410919540229885,1.0,0.8875250220298767,437,819
roa,sub-01_FDSI_triangular-ramp10s_snr20dB,sub-01,triangular-ramp10s,20,5,35,0.981132075471698,0.1244763614602034,0.0964153275648949,0.8598130841121495,0.0747790618626784,0.064516129032258,0.834602952003479,924,955
roa,sub-01_FDSI_triangular-ramp10s_snr20dB,sub-01,triangular-ramp10s,20,6,37,0.9361702127659576,0.0688524590163934,0.0412719891745602,0.8210526315789474,0.0301431801055011,0.0588235294117647,0.9227712750434875,761,869
roa,sub-01_FDSI_triangular-ramp10s_snr20dB,sub-01,triangular-ramp10s,20,7,28,1.0,0.9957983193277312,0.9955476402493322,1.0,0.996969696969697,0.9692307692307692,0.9633177518844604,1185,1190
roa,sub-01_FDSI_triangular-ramp10s_snr15dB,sub-01,triangular-ramp10s,15,0,28,1.0,0.9991596638655462,0.9991095280498664,1.0,0.998989898989899,1.0,0.981130599975586,1189,1190
roa,sub-01_FDSI_triangular-ramp10s_snr15dB,sub-01,triangular-ramp10s,15,1,36,0.9803921568627452,0.5354416575790621,0.5092378752886836,0.8118811881188119,0.4679738562091503,1.0,0.8763170838356018,506,902
roa,sub-01_FDSI_triangular-ramp10s_snr15dB,sub-01,triangular-ramp10s,15,2,38,1.0,0.5625,0.5378973105134475,0.8131868131868132,0.5068493150684932,0.9767441860465116,0.845793604850769,531,819
roa,sub-01_FDSI_triangular-ramp10s_snr15dB,sub-01,triangular-ramp10s,15,3,34,0.9074074074074074,0.0939597315436241,0.0694960212201591,0.8545454545454545,0.0484813084112149,0.0344827586206896,0.9262210130691528,1123,996
roa,sub-01_FDSI_triangular-ramp5s_snr30dB,sub-01,triangular-ramp5s,30,0,32,1.0,0.0634285714285714,0.0301775147928994,0.5070422535211268,0.0307692307692307,0.0392156862745098,0.914692759513855,795,1066
roa,sub-01_FDSI_triangular-ramp5s_snr30dB,sub-01,triangular-ramp5s,30,1,36,1.0,0.9955947136563876,0.9953434225844005,1.0,0.9947229551451188,1.0,0.9718062877655028,904,908
roa,sub-01_FDSI_triangular-ramp5s_snr30dB,sub-01,triangular-ramp5s,30,2,28,1.0,0.9974789915966388,0.9973285841495992,1.0,0.995967741935484,0.9850746268656716,0.9733011722564696,1187,1190
roa,sub-01_FDSI_triangular-ramp5s_snr30dB,sub-01,triangular-ramp5s,30,3,38,1.0,0.9814814814814816,0.980340760157274,0.9893617021276596,0.980654761904762,0.9772727272727272,0.9586185216903688,795,810
roa,sub-01_FDSI_triangular-ramp5s_snr30dB,sub-01,triangular-ramp5s,30,4,37,1.0,0.7881944444444444,0.7762836185819071,0.7340425531914894,0.7819444444444444,0.98,0.9051705598831176,682,863
roa,sub-01_FDSI_triangular-ramp5s_snr30dB,sub-01,triangular-ramp5s,30,5,33,1.0,0.0621650589496248,0.033683048039757,0.625,0.0299511002444987,0.0747663551401869,0.9013124704360962,960,1022
roa,sub-01_FDSI_triangular-ramp5s_snr30dB,sub-01,triangular-ramp5s,30,6,34,1.0,0.9222222222222224,0.9177350427350428,0.963302752293578,0.9118357487922706,1.0,0.8896207809448242,915,988
roa,sub-01_FDSI_triangular-ramp5s_snr30dB,sub-01,triangular-ramp5s,30,7,31,1.0,0.4493580599144079,0.424310216256525,0.6911764705882353,0.395850622406639,0.9672131147540984,0.897640585899353,922,1110
roa,sub-01_FDSI_triangular-ramp5s_snr30dB,sub-01,triangular-ramp5s,30,8,24,1.0,0.8943716268311488,0.8879803761242846,0.7724137931034483,0.9056429232192414,0.9444444444444444,0.9140033721923828,1160,1297
roa,sub-01_FDSI_triangular-ramp5s_snr30dB,sub-01,triangular-ramp5s,30,9,30,1.0,0.0667447306791569,0.031591737545565,0.5684931506849316,0.0290456431535269,0.05,0.921294331550598,693,1129
roa,sub-01_FDSI_triangular-ramp5s_snr30dB,sub-01,triangular-ramp5s,30,10,35,1.0,0.0751924215512137,0.0446483180428134,0.6101694915254238,0.0339443312966734,0.0510204081632653,0.8733717203140259,856,960
roa,sub-01_FDSI_triangular-ramp5s_snr30dB,sub-01,triangular-ramp5s,30,11,22,0.9733333333333334,0.8008882309400445,0.7907523510971787,0.6912751677852349,0.8046181172291297,0.9605263157894736,0.8882927298545837,1094,1339
roa,sub-01_FDSI_triangular-ramp5s_snr30dB,sub-01,triangular-ramp5s,30,12,29,0.9682539682539684,0.0708376421923474,0.0406199893105291,0.5576923076923077,0.0318701142513529,0.0467289719626168,0.940160036087036,917,1154
roa,sub-01_FDSI_triangular-ramp5s_snr25dB,sub-01,triangular-ramp5s,25,0,36,1.0,0.9922907488986784,0.9918509895227008,1.0,0.992084432717678,0.979591836734694,0.9574732780456544,901,908
roa,sub-01_FDSI_triangular-ramp5s_snr25dB,sub-01,triangular-ramp5s,25,1,32,1.0,0.8856088560885609,0.87890625,0.8571428571428571,0.8818984547461368,1.0,0.8947060108184814,978,1066
roa,sub-01_FDSI_triangular-ramp5s_snr25dB,sub-01,triangular-ramp5s,25,2,28,1.0,0.9974789915966388,0.9973285841495992,1.0,0.995967741935484,0.9850746268656716,0.9698153138160706,1187,1190
roa,sub-01_FDSI_triangular-ramp5s_snr25dB,sub-01,triangular-ramp5s,25,3,37,1.0,0.3099133782483156,0.2779456193353474,0.6526315789473685,0.2407614781634938,0.8823529411764706,0.8662474155426025,498,863
roa,sub-01_FDSI_triangular-ramp5s_snr25dB,sub-01,triangular-ramp5s,25,4,34,1.0,0.7724068479355488,0.759318423855165,0.8558558558558559,0.7478890229191797,0.981132075471698,0.8803037405014038,772,988
roa,sub-01_FDSI_triangular-ramp5s_snr25dB,sub-01,triangular-ramp5s,25,5,30,1.0,0.0698924731182795,0.0341191066997518,0.5918367346938775,0.0276008492569002,0.05,0.8967970013618469,662,1129
roa,sub-01_FDSI_triangular-ramp5s_snr25dB,sub-01,triangular-ramp5s,25,6,38,1.0,0.6614457831325301,0.6411238825031929,0.6914893617021277,0.6358381502890174,1.0,0.8340998888015747,569,810
roa,sub-01_FDSI_triangular-ramp5s_snr25dB,sub-01,triangular-ramp5s,25,7,24,0.972972972972973,0.0885964912280701,0.0589301903898458,0.7533333333333333,0.0425851703406813,0.0534351145038167,0.911562442779541,1185,1297
roa,sub-01_FDSI_triangular-ramp5s_snr25dB,sub-01,triangular-ramp5s,25,8,33,0.9636363636363636,0.0589784096893101,0.0303194369247428,0.5037593984962406,0.0310030395136778,0.0849056603773584,0.9092632532119752,989,1022
roa,sub-01_FDSI_triangular-ramp5s_snr25dB,sub-01,triangular-ramp5s,25,9,31,1.0,0.426657263751763,0.4008843036109064,0.7122302158273381,0.3686371100164203,0.9344262295081968,0.8889563083648682,913,1110
roa,sub-01_FDSI_triangular-ramp5s_snr25dB,sub-01,triangular-ramp5s,25,10,35,0.9814814814814816,0.8987603305785123,0.8938730853391685,0.7889908256880734,0.9070631970260224,1.0,0.917843222618103,878,960
roa,sub-01_FDSI_triangular-ramp5s_snr20dB,sub-01,triangular-ramp5s,20,0,32,1.0,0.8118811881188119,0.8011417697431018,0.8319327731092437,0.797427652733119,1.0,0.8833211660385132,947,1066
roa,sub-01_FDSI_triangular-ramp5s_snr20dB,sub-01,triangular-ramp5s,20,1,28,1.0,0.9974789915966388,0.9973285841495992,1.0,0.995967741935484,0.9850746268656716,0.9739280939102172,1187,1190
roa,sub-01_FDSI_triangular-ramp5s_snr20dB,sub-01,triangular-ramp5s,20,2,36,1.0,0.4471365638766519,0.4155995343422584,0.6138613861386139,0.3891820580474934,1.0,0.9253188371658324,406,908
roa,sub-01_FDSI_triangular-ramp5s_snr20dB,sub-01,triangular-ramp5s,20,3,37,0.9782608695652174,0.1594594594594594,0.1240601503759398,0.5894736842105263,0.1255186721991701,0.02,0.8122127652168274,424,863
roa,sub-01_FDSI_triangular-ramp5s_snr20dB,sub-01,triangular-ramp5s,20,4,34,0.9814814814814816,0.7266331658291457,0.7120085015940489,0.7614678899082569,0.7046818727490997,1.0,0.8753308653831482,730,988
roa,sub-01_FDSI_triangular-ramp5s_snr20dB,sub-01,triangular-ramp5s,20,5,38,1.0,0.9580764488286068,0.9554973821989527,0.8617021276595744,0.9687964338781576,1.0,0.9266178607940674,778,810
roa,sub-01_FDSI_triangular-ramp5s_snr20dB,sub-01,triangular-ramp5s,20,6,30,0.9032258064516128,0.066815144766147,0.0369088811995386,0.5374149659863946,0.0332247557003257,0.0505050505050505,0.9113372564315796,787,1129
roa,sub-01_FDSI_triangular-ramp5s_snr15dB,sub-01,triangular-ramp5s,15,0,32,0.9666666666666668,0.7928832116788321,0.7828185328185329,0.7627118644067796,0.791894852135816,0.8615384615384616,0.8777219653129578,899,1066
roa,sub-01_FDSI_triangular-ramp5s_snr15dB,sub-01,triangular-ramp5s,15,1,28,1.0,0.9974789915966388,0.9973285841495992,1.0,0.995967741935484,0.9850746268656716,0.971927046775818,1187,1190
roa,sub-01_FDSI_triangular-ramp5s_snr15dB,sub-01,triangular-ramp5s,15,2,38,1.0,0.5694956949569495,0.5430809399477807,0.723404255319149,0.5214814814814814,0.9772727272727272,0.9005304574966431,466,810
roa,sub-01_FDSI_triangular-ramp5s_snr15dB,sub-01,triangular-ramp5s,15,3,36,0.979591836734694,0.6160616061606161,0.5953488372093023,0.6470588235294118,0.5897097625329816,0.9591836734693876,0.8924357891082764,561,908
roa,sub-02_FDSI_staircase_snr30dB,sub-02,staircase,30,0,30,1.0,0.998551774076756,0.9984917043740572,,,,0.985647976398468,1379,1381
roa,sub-02_FDSI_staircase_snr30dB,sub-02,staircase,30,1,33,1.0,0.9015979814970564,0.8977272727272727,,,,0.9199549555778505,1075,1186
roa,sub-02_FDSI_staircase_snr30dB,sub-02,staircase,30,2,21,1.0,0.9917081260364844,0.9913594470046084,,,,0.9836727976799012,1794,1809
roa,sub-02_FDSI_staircase_snr30dB,sub-02,staircase,30,3,31,1.0,0.9932279909706546,0.9929411764705882,,,,0.9526066184043884,1320,1329
roa,sub-02_FDSI_staircase_snr30dB,sub-02,staircase,30,4,26,1.0,0.955076923076923,0.9533248081841432,,,,0.8820025324821472,1573,1604
roa,sub-02_FDSI_staircase_snr30dB,sub-02,staircase,30,5,25,1.0,0.9915254237288136,0.9911838790931988,,,,0.9670973420143129,1638,1652
roa,sub-02_FDSI_staircase_snr30dB,sub-02,staircase,30,6,16,1.0,0.9860824742268042,0.985499462943072,,,,0.9505300521850586,1913,1940
roa,sub-02_FDSI_staircase_snr30dB,sub-02,staircase,30,7,27,1.0,0.9884244372990354,0.9879518072289156,,,,0.9660124182701112,1537,1555
roa,sub-02_FDSI_staircase_snr30dB,sub-02,staircase,30,8,28,1.0,0.9873248832555036,0.9868055555555556,,,,0.945626139640808,1481,1498
roa,sub-02_FDSI_staircase_snr30dB,sub-02,staircase,30,9,24,1.0,0.9898809523809524,0.989454094292804,,,,0.9704540371894836,1663,1680
roa,sub-02_FDSI_staircase_snr30dB,sub-02,staircase,30,10,32,0.979591836734694,0.9936507936507936,0.9925742574257426,,,,0.969878077507019,1252,1260
roa,sub-02_FDSI_staircase_snr30dB,sub-02,staircase,30,11,29,0.9824561403508772,0.9889196675900276,0.989185291997116,,,,0.9470627307891846,1428,1444
roa,sub-02_FDSI_staircase_snr30dB,sub-02,staircase,30,12,14,0.9367088607594936,0.968421052631579,0.9697286012526096,,,,0.9384013414382936,1934,1993
roa,sub-02_FDSI_staircase_snr30dB,sub-02,staircase,30,13,22,1.0,0.9892715979672502,0.9888366627497064,,,,0.9501730799674988,1752,1771
roa,sub-02_FDSI_staircase_snr30dB,sub-02,staircase,30,14,20,1.0,0.990201415351116,0.9898074745186864,,,,0.9555178880691528,1819,1837
roa,sub-02_FDSI_staircase_snr30dB,sub-02,staircase,30,15,23,0.9428571428571428,0.9758203799654576,0.9772045590881824,,,,0.9368367791175842,1696,1736
roa,sub-02_FDSI_staircase_snr30dB,sub-02,staircase,30,16,19,1.0,0.9283058948486458,0.925414364640884,,,,0.902457594871521,1758,1873
roa,sub-02_FDSI_staircase_snr25dB,sub-02,staircase,25,0,30,1.0,0.998551774076756,0.9984917043740572,,,,0.9806982278823853,1379,1381
roa,sub-02_FDSI_staircase_snr25dB,sub-02,staircase,25,1,21,1.0,0.9917081260364844,0.9913594470046084,,,,0.9785241484642028,1794,1809
roa,sub-02_FDSI_staircase_snr25dB,sub-02,staircase,25,2,26,0.9836065573770492,0.8711656441717791,0.8667941363926067,,,,0.8496350049972534,1446,1604
roa,sub-02_FDSI_staircase_snr25dB,sub-02,staircase,25,3,27,0.9836065573770492,0.9890675241157556,0.9892904953145916,,,,0.9505448341369628,1538,1555
roa,sub-02_FDSI_staircase_snr25dB,sub-02,staircase,25,4,24,1.0,0.9833333333333332,0.9826302729528535,,,,0.9380677938461304,1652,1680
roa,sub-02_FDSI_staircase_snr25dB,sub-02,staircase,25,5,33,1.0,0.9856661045531198,0.9851007887817704,,,,0.9477062225341796,1169,1186
roa,sub-02_FDSI_staircase_snr25dB,sub-02,staircase,25,6,19,0.9315068493150684,0.148968105065666,0.126929012345679,,,,0.8517879247665405,1189,1873
roa,sub-02_FDSI_staircase_snr25dB,sub-02,staircase,25,7,28,0.9661016949152542,0.928477690288714,0.926962457337884,,,,0.8891545534133911,1441,1498
roa,sub-02_FDSI_staircase_snr25dB,sub-02,staircase,25,8,20,1.0,0.9907457811649428,0.9903737259343148,,,,0.9461228251457214,1820,1837
roa,sub-02_FDSI_staircase_snr25dB,sub-02,staircase,25,9,25,0.984375,0.9757869249394672,0.97544080604534,,,,0.938315212726593,1612,1652
roa,sub-02_FDSI_staircase_snr25dB,sub-02,staircase,25,10,32,0.92,0.9904837430610628,0.9917491749174916,,,,0.9504966139793396,1250,1260
roa,sub-02_FDSI_staircase_snr20dB,sub-02,staircase,20,0,30,1.0,0.998551774076756,0.9984917043740572,,,,0.9687070250511168,1379,1381
roa,sub-02_FDSI_staircase_snr20dB,sub-02,staircase,20,1,21,1.0,0.9917081260364844,0.9913594470046084,,,,0.9697542786598206,1794,1809
roa,sub-02_FDSI_staircase_snr20dB,sub-02,staircase,20,2,25,0.96875,0.9493365500603136,0.9485570890840652,,,,0.9280741810798644,1580,1652
roa,sub-02_FDSI_staircase_snr20dB,sub-02,staircase,20,3,27,0.9672131147540984,0.962700964630225,0.9625167336010708,,,,0.9222490787506104,1497,1555
roa,sub-02_FDSI_staircase_snr20dB,sub-02,staircase,20,4,24,1.0,0.9916716240333135,0.991320520768754,,,,0.9455388188362122,1668,1680
roa,sub-02_FDSI_staircase_snr20dB,sub-02,staircase,20,5,32,0.9019607843137256,0.9667721518987342,0.9678747940691927,,,,0.9377994537353516,1226,1260
roa,sub-02_FDSI_staircase_snr15dB,sub-02,staircase,15,0,30,1.0,0.995655322230268,0.995475113122172,,,,0.9535748958587646,1375,1381
roa,sub-02_FDSI_staircase_snr15dB,sub-02,staircase,15,1,21,1.0,0.9939192924267553,0.993663594470046,,,,0.9585421085357666,1798,1809
roa,sub-02_FDSI_staircase_snr15dB,sub-02,staircase,15,2,24,1.0,0.960308056872038,0.958641975308642,,,,0.9136233329772948,1629,1680
roa,sub-02_FDSI_triangular-ramp40s_snr30dB,sub-02,triangular-ramp40s,30,0,20,1.0,0.9969879518072288,0.996812749003984,1.0,0.9963963963963964,0.9726027397260274,0.9658848643302916,1324,1328
roa,sub-02_FDSI_triangular-ramp40s_snr30dB,sub-02,triangular-ramp40s,30,1,30,1.0,0.994994994994995,0.9947033898305084,0.981981981981982,0.9963985594237696,1.0,0.976248264312744,994,999
roa,sub-02_FDSI_triangular-ramp40s_snr30dB,sub-02,triangular-ramp40s,30,2,21,1.0,0.9953881629515756,0.9951179820992676,0.9861111111111112,0.9954001839926404,0.9859154929577464,0.9825368523597716,1295,1301
roa,sub-02_FDSI_triangular-ramp40s_snr30dB,sub-02,triangular-ramp40s,30,3,24,1.0,0.9910786699107867,0.9905417024935512,1.0,0.9892787524366472,1.0,0.9738136529922484,1222,1233
roa,sub-02_FDSI_triangular-ramp40s_snr30dB,sub-02,triangular-ramp40s,30,4,33,1.0,0.9929328621908128,0.9925187032418952,0.9789473684210528,0.9943422913719944,1.0,0.962450385093689,843,849
roa,sub-02_FDSI_triangular-ramp40s_snr30dB,sub-02,triangular-ramp40s,30,5,26,0.9696969696969696,0.9742268041237112,0.9744990892531876,0.9774436090225564,0.9720785935884176,1.0,0.9188466668128968,1135,1163
roa,sub-02_FDSI_triangular-ramp40s_snr30dB,sub-02,triangular-ramp40s,30,6,32,1.0,0.9956140350877192,0.9953596287703016,1.0,0.9947437582128776,1.0,0.9691584706306458,908,912
roa,sub-02_FDSI_triangular-ramp40s_snr30dB,sub-02,triangular-ramp40s,30,7,25,1.0,0.9898132427843804,0.9892183288409704,0.9848484848484848,0.989816700610998,1.0,0.9561880230903624,1166,1178
roa,sub-02_FDSI_triangular-ramp40s_snr30dB,sub-02,triangular-ramp40s,30,8,22,1.0,0.984251968503937,0.9833194328607172,1.0,0.9810785241248816,1.0,0.946441888809204,1250,1270
roa,sub-02_FDSI_triangular-ramp40s_snr30dB,sub-02,triangular-ramp40s,30,9,27,1.0,0.9946043165467626,0.994291151284491,1.0,0.9935064935064936,1.0,0.9611611366271972,1106,1112
roa,sub-02_FDSI_triangular-ramp40s_snr30dB,sub-02,triangular-ramp40s,30,10,28,1.0,0.9741935483870968,0.97265625,0.9919354838709676,0.9700332963374028,1.0,0.9235098361968994,1059,1083
roa,sub-02_FDSI_triangular-ramp40s_snr30dB,sub-02,triangular-ramp40s,30,11,29,0.9824561403508772,0.9865384615384616,0.9867751780264497,0.9649122807017544,0.9884659746251442,1.0,0.9481682181358336,1026,1040
roa,sub-02_FDSI_triangular-ramp40s_snr30dB,sub-02,triangular-ramp40s,30,12,23,1.0,0.9793486894360603,0.9781696053736356,0.9782608695652174,0.978116079923882,1.0,0.9353086948394777,1233,1259
roa,sub-02_FDSI_triangular-ramp40s_snr30dB,sub-02,triangular-ramp40s,30,13,31,0.9807692307692308,0.9831401475237092,0.9832775919732442,0.970873786407767,0.9836065573770492,1.0,0.9393102526664734,933,949
roa,sub-02_FDSI_triangular-ramp40s_snr30dB,sub-02,triangular-ramp40s,30,14,14,0.95,0.9720670391061452,0.9733727810650888,0.9629629629629628,0.9730866274179985,0.9753086419753086,0.9343847036361694,1394,1430
roa,sub-02_FDSI_triangular-ramp40s_snr30dB,sub-02,triangular-ramp40s,30,15,19,0.9863013698630136,0.8649446494464945,0.858034321372855,0.979591836734694,0.8430335097001763,0.972972972972973,0.859076976776123,1193,1334
roa,sub-02_FDSI_triangular-ramp40s_snr30dB,sub-02,triangular-ramp40s,30,16,16,0.987012987012987,0.9964488636363636,0.9954954954954957,0.9869281045751634,0.9974533106960952,1.0,0.9529080390930176,1403,1408
roa,sub-02_FDSI_triangular-ramp40s_snr25dB,sub-02,triangular-ramp40s,25,0,20,1.0,0.9909638554216867,0.9904382470119522,1.0,0.99009009009009,0.958904109589041,0.9456350803375244,1316,1328
roa,sub-02_FDSI_triangular-ramp40s_snr25dB,sub-02,triangular-ramp40s,25,1,21,1.0,0.9953881629515756,0.9951179820992676,0.9861111111111112,0.9954001839926404,0.9859154929577464,0.9767637252807616,1295,1301
roa,sub-02_FDSI_triangular-ramp40s_snr25dB,sub-02,triangular-ramp40s,25,2,24,1.0,0.9910786699107867,0.9905417024935512,1.0,0.9892787524366472,1.0,0.9601106643676758,1222,1233
roa,sub-02_FDSI_triangular-ramp40s_snr25dB,sub-02,triangular-ramp40s,25,3,26,0.9242424242424242,0.2235710672736469,0.1993720565149136,0.9548872180451128,0.1799187463726059,0.1052631578947368,0.833339273929596,1256,1163
roa,sub-02_FDSI_triangular-ramp40s_snr25dB,sub-02,triangular-ramp40s,25,4,25,0.9846153846153848,0.9770797962648556,0.9766397124887692,0.9772727272727272,0.9765784114052952,0.984375,0.9401271939277648,1151,1178
roa,sub-02_FDSI_triangular-ramp40s_snr25dB,sub-02,triangular-ramp40s,25,5,27,1.0,0.9928057553956836,0.9923882017126546,0.992063492063492,0.9924242424242424,1.0,0.9531343579292296,1104,1112
roa,sub-02_FDSI_triangular-ramp40s_snr25dB,sub-02,triangular-ramp40s,25,6,30,1.0,0.992992992992993,0.9925847457627118,1.0,0.9915966386554622,1.0,0.9768171310424804,992,999
roa,sub-02_FDSI_triangular-ramp40s_snr25dB,sub-02,triangular-ramp40s,25,7,32,0.94,0.9824561403508772,0.9849187935034804,0.93,0.990801576872536,0.9607843137254902,0.9548043608665466,896,912
roa,sub-02_FDSI_triangular-ramp40s_snr25dB,sub-02,triangular-ramp40s,25,8,19,0.9315068493150684,0.1472746331236897,0.1160762942779291,0.9455782312925172,0.0852618757612667,0.0521739130434782,0.8335751891136169,855,1334
roa,sub-02_FDSI_triangular-ramp40s_snr25dB,sub-02,triangular-ramp40s,25,9,28,0.9508196721311476,0.944393801276208,0.944015444015444,0.967741935483871,0.9375684556407448,1.0,0.9004728198051453,1050,1083
roa,sub-02_FDSI_triangular-ramp40s_snr25dB,sub-02,triangular-ramp40s,25,10,22,0.9154929577464788,0.3177570093457944,0.2934782608695652,0.9154929577464788,0.2863577863577863,0.05,0.8170009851455688,1127,1270
roa,sub-02_FDSI_triangular-ramp40s_snr25dB,sub-02,triangular-ramp40s,25,11,33,1.0,0.9764428739693758,0.9750623441396508,0.9894736842105264,0.9745403111739744,0.9787234042553192,0.9247184991836548,829,849
roa,sub-02_FDSI_triangular-ramp40s_snr20dB,sub-02,triangular-ramp40s,20,0,21,1.0,0.994619523443505,0.9943043124491456,0.9861111111111112,0.9944802207911684,0.9859154929577464,0.9668570756912231,1294,1301
roa,sub-02_FDSI_triangular-ramp40s_snr20dB,sub-02,triangular-ramp40s,20,1,24,0.9857142857142858,0.9878345498783456,0.9879621668099742,0.9928057553956836,0.98635477582846,1.0,0.9496851563453674,1218,1233
roa,sub-02_FDSI_triangular-ramp40s_snr20dB,sub-02,triangular-ramp40s,20,2,30,1.0,0.991991991991992,0.9915254237288136,1.0,0.9903961584633854,1.0,0.9675408601760864,991,999
roa,sub-02_FDSI_triangular-ramp40s_snr20dB,sub-02,triangular-ramp40s,20,3,27,0.9508196721311476,0.9568345323741008,0.9571836346336822,0.9523809523809524,0.9556277056277056,0.9838709677419356,0.9126083850860596,1064,1112
roa,sub-02_FDSI_triangular-ramp40s_snr20dB,sub-02,triangular-ramp40s,20,4,33,0.9361702127659576,0.8847497089639115,0.8817733990147784,0.9157894736842104,0.8730822873082287,1.0,0.872435986995697,770,849
roa,sub-02_FDSI_triangular-ramp40s_snr15dB,sub-02,triangular-ramp40s,15,0,24,0.9571428571428572,0.4018143009605123,0.3802660753880266,0.9784172661870504,0.3792029887920299,0.0703125,0.8999277949333191,1394,1233
roa,sub-02_FDSI_triangular-ramp40s_snr15dB,sub-02,triangular-ramp40s,15,1,30,1.0,0.982982982982983,0.9819915254237288,0.990990990990991,0.9807923169267708,1.0,0.9446730613708496,982,999
roa,sub-02_FDSI_triangular-ramp20s_snr30dB,sub-02,triangular-ramp20s,30,0,24,1.0,0.9950738916256158,0.9947916666666666,0.9925373134328358,0.994088669950739,0.9857142857142858,0.9798520803451538,1212,1218
roa,sub-02_FDSI_triangular-ramp20s_snr30dB,sub-02,triangular-ramp20s,30,1,33,1.0,0.991822429906542,0.9913473423980222,1.0,0.9901823281907434,1.0,0.9519749283790588,849,856
roa,sub-02_FDSI_triangular-ramp20s_snr30dB,sub-02,triangular-ramp20s,30,2,19,1.0,0.1270471464019851,0.0909560723514211,0.9803921568627452,0.0572737686139748,0.0517241379310344,0.8658326864242554,917,1354
roa,sub-02_FDSI_triangular-ramp20s_snr30dB,sub-02,triangular-ramp20s,30,3,25,1.0,0.9924114671163576,0.9919642857142856,1.0,0.9908998988877654,1.0,0.9563576579093932,1177,1186
roa,sub-02_FDSI_triangular-ramp20s_snr30dB,sub-02,triangular-ramp20s,30,4,30,1.0,0.8968253968253969,0.8908709338929696,0.991150442477876,0.8751486325802615,1.0,0.8897616863250732,908,1004
roa,sub-02_FDSI_triangular-ramp20s_snr30dB,sub-02,triangular-ramp20s,30,5,22,1.0,0.1239109390125847,0.0922768304914744,0.9928571428571428,0.0643372157515252,0.0689655172413793,0.9023945331573486,1056,1266
roa,sub-02_FDSI_triangular-ramp20s_snr30dB,sub-02,triangular-ramp20s,30,6,23,0.9571428571428572,0.9647153167602244,0.9651656754460493,0.9640287769784172,0.9654178674351584,0.9552238805970148,0.9222102165222168,1204,1246
roa,sub-02_FDSI_triangular-ramp20s_snr30dB,sub-02,triangular-ramp20s,30,7,21,1.0,0.9961449498843484,0.9959183673469388,0.9931506849315068,0.9962894248608536,1.0,0.9686511754989624,1292,1297
roa,sub-02_FDSI_triangular-ramp20s_snr30dB,sub-02,triangular-ramp20s,30,8,29,1.0,0.9470134874759152,0.9439918533604889,0.9912280701754386,0.9389400921658986,0.9821428571428572,0.8847693204879761,992,1029
roa,sub-02_FDSI_triangular-ramp20s_snr30dB,sub-02,triangular-ramp20s,30,9,27,1.0,0.9489247311827956,0.9460227272727272,0.9672131147540984,0.946524064171123,0.9491525423728814,0.9148977994918824,1059,1116
roa,sub-02_FDSI_triangular-ramp20s_snr30dB,sub-02,triangular-ramp20s,30,10,16,1.0,0.9800853485064012,0.9789315274642588,0.9937106918238994,0.9777397260273972,0.9873417721518988,0.9437116384506226,1379,1405
roa,sub-02_FDSI_triangular-ramp20s_snr30dB,sub-02,triangular-ramp20s,30,11,26,0.9846153846153848,0.3346080305927342,0.3065159574468085,0.96875,0.3058733790999237,1.0,0.8456661701202393,940,1154
roa,sub-02_FDSI_triangular-ramp20s_snr30dB,sub-02,triangular-ramp20s,30,12,14,0.9642857142857144,0.9554794520547946,0.9549418604651164,0.975609756097561,0.9498355263157896,1.0,0.9278696179389954,1411,1444
roa,sub-02_FDSI_triangular-ramp20s_snr30dB,sub-02,triangular-ramp20s,30,13,20,1.0,0.9917355371900828,0.9912490055688148,1.0,0.9891696750902528,0.9864864864864864,0.9451629519462584,1320,1331
roa,sub-02_FDSI_triangular-ramp20s_snr30dB,sub-02,triangular-ramp20s,30,14,31,0.9636363636363636,0.954639175257732,0.9519650655021834,0.97196261682243,0.9505562422744128,0.9814814814814816,0.9166658520698548,935,961
roa,sub-02_FDSI_triangular-ramp20s_snr30dB,sub-02,triangular-ramp20s,30,15,28,1.0,0.9657089898053752,0.9637254901960784,0.9916666666666668,0.959910913140312,1.0,0.9226268529891968,1042,1079
roa,sub-02_FDSI_triangular-ramp20s_snr30dB,sub-02,triangular-ramp20s,30,16,32,1.0,0.7794273594909862,0.767337807606264,0.98,0.73989898989899,1.0,0.8402565717697144,769,909
roa,sub-02_FDSI_triangular-ramp20s_snr25dB,sub-02,triangular-ramp20s,25,0,24,1.0,0.9942528735632185,0.9939236111111112,0.9925373134328358,0.993103448275862,0.9857142857142858,0.9680922627449036,1211,1218
roa,sub-02_FDSI_triangular-ramp20s_snr25dB,sub-02,triangular-ramp20s,25,1,19,0.9,0.102665350444225,0.0698869475847893,0.9084967320261438,0.0358565737051792,0.0517241379310344,0.8709248900413513,880,1354
roa,sub-02_FDSI_triangular-ramp20s_snr25dB,sub-02,triangular-ramp20s,25,2,30,1.0,0.9950199203187252,0.9947312961011592,1.0,0.9940191387559808,1.0,0.9603127837181092,999,1004
roa,sub-02_FDSI_triangular-ramp20s_snr25dB,sub-02,triangular-ramp20s,25,3,33,1.0,0.977803738317757,0.976514215080346,1.0,0.9733520336605892,1.0,0.9158130288124084,837,856
roa,sub-02_FDSI_triangular-ramp20s_snr25dB,sub-02,triangular-ramp20s,25,4,25,1.0,0.967116357504216,0.9651785714285714,1.0,0.96056622851365,1.0,0.913674771785736,1147,1186
roa,sub-02_FDSI_triangular-ramp20s_snr25dB,sub-02,triangular-ramp20s,25,5,20,1.0,0.9774605559729528,0.9761336515513126,0.9866666666666668,0.9756317689530686,0.9594594594594594,0.934101939201355,1301,1331
roa,sub-02_FDSI_triangular-ramp20s_snr25dB,sub-02,triangular-ramp20s,25,6,21,1.0,0.9961449498843484,0.9959183673469388,0.9931506849315068,0.9962894248608536,1.0,0.9630488753318788,1292,1297
roa,sub-02_FDSI_triangular-ramp20s_snr25dB,sub-02,triangular-ramp20s,25,7,32,0.9387755102040816,0.9845984598459846,0.9872093023255814,0.94,0.992084432717678,0.9607843137254902,0.9460344314575196,895,909
roa,sub-02_FDSI_triangular-ramp20s_snr25dB,sub-02,triangular-ramp20s,25,8,27,1.0,0.982078853046595,0.981060606060606,1.0,0.9786096256684492,1.0,0.9344443082809448,1096,1116
roa,sub-02_FDSI_triangular-ramp20s_snr25dB,sub-02,triangular-ramp20s,25,9,16,0.9743589743589745,0.9694385216773276,0.9691497366440932,0.95625,0.9717465753424658,0.9620253164556962,0.9231784343719482,1366,1405
roa,sub-02_FDSI_triangular-ramp20s_snr20dB,sub-02,triangular-ramp20s,20,0,24,1.0,0.9926108374384236,0.9921875,0.9850746268656716,0.9921182266009853,0.9857142857142858,0.9476510286331176,1209,1218
roa,sub-02_FDSI_triangular-ramp20s_snr20dB,sub-02,triangular-ramp20s,20,1,30,1.0,0.9920318725099602,0.9915700737618546,0.991150442477876,0.9916267942583732,1.0,0.9529240727424622,996,1004
roa,sub-02_FDSI_triangular-ramp20s_snr20dB,sub-02,triangular-ramp20s,20,2,21,1.0,0.9953739398612182,0.9951020408163266,1.0,0.9953617810760668,0.9863013698630136,0.955122172832489,1291,1297
roa,sub-02_FDSI_triangular-ramp20s_snr20dB,sub-02,triangular-ramp20s,20,3,25,0.9090909090909092,0.9044425817267392,0.904170363797693,0.9076923076923076,0.8994974874371859,0.9705882352941176,0.8993769288063049,1086,1186
roa,sub-02_FDSI_triangular-ramp20s_snr15dB,sub-02,triangular-ramp20s,15,0,24,1.0,0.3436144578313253,0.3220507715281234,0.9925373134328358,0.3189368770764119,0.053030303030303,0.900843620300293,1570,1218
roa,sub-02_FDSI_triangular-ramp20s_snr15dB,sub-02,triangular-ramp20s,15,1,30,1.0,0.983084577114428,0.9821052631578948,0.9823008849557522,0.982078853046595,1.0,0.9377562999725342,989,1004
roa,sub-02_FDSI_triangular-ramp20s_snr15dB,sub-02,triangular-ramp20s,15,2,21,0.9583333333333334,0.9762087490406752,0.9772542648253452,0.9794520547945206,0.9805735430157262,0.9078947368421052,0.9378567337989808,1278,1297
roa,sub-02_FDSI_triangular-ramp10s_snr30dB,sub-02,triangular-ramp10s,30,0,27,1.0,0.9814487632508834,0.9803370786516854,0.992063492063492,0.97989417989418,0.9836065573770492,0.9375203251838684,1111,1132
roa,sub-02_FDSI_triangular-ramp10s_snr30dB,sub-02,triangular-ramp10s,30,1,24,1.0,0.9901477832512317,0.9895652173913044,1.0,0.9891518737672584,0.9850746268656716,0.948363721370697,1206,1218
roa,sub-02_FDSI_triangular-ramp10s_snr30dB,sub-02,triangular-ramp10s,30,2,30,1.0,0.9970267591674926,0.9968520461699896,0.9910714285714286,0.9976218787158144,1.0,0.953969419002533,1006,1009
roa,sub-02_FDSI_triangular-ramp10s_snr30dB,sub-02,triangular-ramp10s,30,3,20,1.0,0.9886018237082068,0.98793242156074,1.0,0.9871794871794872,0.986842105263158,0.9274392127990724,1301,1316
roa,sub-02_FDSI_triangular-ramp10s_snr30dB,sub-02,triangular-ramp10s,30,4,33,1.0,0.972093023255814,0.970479704797048,0.978494623655914,0.969486823855756,1.0,0.914216160774231,836,860
roa,sub-02_FDSI_triangular-ramp10s_snr30dB,sub-02,triangular-ramp10s,30,5,26,1.0,0.1673662119622245,0.137968495382944,0.992248062015504,0.1125226860254083,0.075,0.8666925430297852,1074,1151
roa,sub-02_FDSI_triangular-ramp10s_snr30dB,sub-02,triangular-ramp10s,30,6,28,1.0,0.8553230209281165,0.846820809248555,0.975609756097561,0.8300438596491229,0.984375,0.9018272757530212,950,1089
roa,sub-02_FDSI_triangular-ramp10s_snr30dB,sub-02,triangular-ramp10s,30,7,21,1.0,0.9969064191802012,0.996734693877551,0.9856115107913668,0.9953789279112756,0.9864864864864864,0.9536882638931274,1289,1293
roa,sub-02_FDSI_triangular-ramp10s_snr30dB,sub-02,triangular-ramp10s,30,8,32,1.0,0.9856985698569856,0.9848661233993016,0.9801980198019802,0.9868073878627968,0.98,0.9414438605308532,896,909
roa,sub-02_FDSI_triangular-ramp10s_snr30dB,sub-02,triangular-ramp10s,30,9,22,1.0,0.1114848630466122,0.079641612742658,0.9794520547945206,0.0480662983425414,0.0495867768595041,0.903255820274353,1046,1267
roa,sub-02_FDSI_triangular-ramp10s_snr30dB,sub-02,triangular-ramp10s,30,10,25,1.0,0.971986417657046,0.9704035874439462,0.9921259842519684,0.96751269035533,1.0,0.9250282049179076,1145,1178
roa,sub-02_FDSI_triangular-ramp10s_snr30dB,sub-02,triangular-ramp10s,30,11,16,1.0,0.9802955665024632,0.9791666666666666,0.9807692307692308,0.9781328847771236,0.987012987012987,0.9414161443710328,1393,1421
roa,sub-02_FDSI_triangular-ramp10s_snr30dB,sub-02,triangular-ramp10s,30,12,14,0.9878048780487804,0.1776960784313725,0.1496196111580727,0.9629629629629628,0.1301080319398778,0.0671140939597315,0.8859379291534424,1433,1450
roa,sub-02_FDSI_triangular-ramp10s_snr30dB,sub-02,triangular-ramp10s,30,13,31,0.9803921568627452,0.0938242280285035,0.0661359461114513,0.8454545454545455,0.0422343324250681,0.048076923076923,0.851234495639801,882,960
roa,sub-02_FDSI_triangular-ramp10s_snr30dB,sub-02,triangular-ramp10s,30,14,8,0.9036144578313252,0.0741827326068734,0.0442900564481111,0.6568047337278107,0.0383867832847424,0.0579710144927536,0.8559688329696655,1046,1517
roa,sub-02_FDSI_triangular-ramp10s_snr30dB,sub-02,triangular-ramp10s,30,15,29,0.9821428571428572,0.0691823899371069,0.0415766738660907,0.7391304347826086,0.0361663652802893,0.0707964601769911,0.8917326331138611,1002,1038
roa,sub-02_FDSI_triangular-ramp10s_snr30dB,sub-02,triangular-ramp10s,30,16,23,0.9552238805970148,0.9192399049881236,0.9172240802675584,0.9708029197080292,0.9101229895931884,0.9565217391304348,0.8923184871673584,1175,1249
roa,sub-02_FDSI_triangular-ramp10s_snr30dB,sub-02,triangular-ramp10s,30,17,19,0.972972972972973,0.1083455344070278,0.0759493670886076,0.9411764705882352,0.0427206295671725,0.043859649122807,0.9125307202339172,926,1345
roa,sub-02_FDSI_triangular-ramp10s_snr25dB,sub-02,triangular-ramp10s,25,0,27,1.0,0.9400352733686068,0.9364485981308412,0.9761904761904762,0.9313621964097148,1.0,0.9056117534637452,1068,1132
roa,sub-02_FDSI_triangular-ramp10s_snr25dB,sub-02,triangular-ramp10s,25,1,30,1.0,0.99603567888999,0.9958027282266528,0.9910714285714286,0.9964328180737216,1.0,0.9416428208351136,1005,1009
roa,sub-02_FDSI_triangular-ramp10s_snr25dB,sub-02,triangular-ramp10s,25,2,24,1.0,0.98440065681445,0.9834782608695652,0.9927007299270072,0.9832347140039448,0.9850746268656716,0.9391118884086608,1199,1218
roa,sub-02_FDSI_triangular-ramp10s_snr25dB,sub-02,triangular-ramp10s,25,3,20,1.0,0.9787234042553192,0.9774738535800482,0.9864864864864864,0.9771062271062272,0.986842105263158,0.915313184261322,1288,1316
roa,sub-02_FDSI_triangular-ramp10s_snr25dB,sub-02,triangular-ramp10s,25,4,21,1.0,0.9969064191802012,0.996734693877551,0.9856115107913668,0.9953789279112756,0.9864864864864864,0.9446238279342652,1289,1293
roa,sub-02_FDSI_triangular-ramp10s_snr25dB,sub-02,triangular-ramp10s,25,5,32,0.9,0.8394793926247288,0.8360091743119266,0.9108910891089108,0.8197146562905318,1.0,0.8668934106826782,787,909
roa,sub-02_FDSI_triangular-ramp10s_snr25dB,sub-02,triangular-ramp10s,25,6,33,1.0,0.6554054054054054,0.6361474435196195,0.9032258064516128,0.6034712950600801,1.0,0.8723767399787903,610,860
roa,sub-02_FDSI_triangular-ramp10s_snr25dB,sub-02,triangular-ramp10s,25,7,25,1.0,0.818871103622578,0.8087188612099644,0.9763779527559056,0.7877263581488934,0.9848484848484848,0.9012027382850648,981,1178
roa,sub-02_FDSI_triangular-ramp10s_snr25dB,sub-02,triangular-ramp10s,25,8,28,0.918032786885246,0.0879703232644409,0.0602409638554216,0.8688524590163934,0.0358227079538555,0.0530973451327433,0.8758149743080139,964,1089
roa,sub-02_FDSI_triangular-ramp10s_snr25dB,sub-02,triangular-ramp10s,25,9,19,0.9864864864864864,0.0763435459568056,0.0412102243088158,0.6745562130177515,0.0283353010625737,0.0442477876106194,0.8688633441925049,798,1345
roa,sub-02_FDSI_triangular-ramp10s_snr25dB,sub-02,triangular-ramp10s,25,10,16,0.9090909090909092,0.9517482517482516,0.9541759053954176,0.9235668789808916,0.9515455304928988,0.987012987012987,0.9156314730644226,1370,1421
roa,sub-02_FDSI_triangular-ramp10s_snr20dB,sub-02,triangular-ramp10s,20,0,30,1.0,0.9861248761149654,0.9853095487932844,1.0,0.9833531510107016,1.0,0.9232977032661438,995,1009
roa,sub-02_FDSI_triangular-ramp10s_snr20dB,sub-02,triangular-ramp10s,20,1,27,1.0,0.8789473684210526,0.8717472118959108,0.9444444444444444,0.8646379853095488,0.9672131147540984,0.8729323148727417,1010,1132
roa,sub-02_FDSI_triangular-ramp10s_snr20dB,sub-02,triangular-ramp10s,20,2,20,0.9452054794520548,0.8819076457229371,0.8782051282051282,0.9256756756756755,0.8723792160437557,0.9342105263157896,0.886255145072937,1170,1316
roa,sub-02_FDSI_triangular-ramp10s_snr20dB,sub-02,triangular-ramp10s,20,3,24,1.0,0.9574979951884522,0.9550466497031382,0.9927007299270072,0.950143815915628,1.0,0.9219610095024108,1223,1218
roa,sub-02_FDSI_triangular-ramp10s_snr20dB,sub-02,triangular-ramp10s,20,4,21,1.0,0.9868522815158546,0.9861224489795918,0.9784172661870504,0.9861239592969472,0.9864864864864864,0.9349164366722108,1276,1293
roa,sub-02_FDSI_triangular-ramp10s_snr20dB,sub-02,triangular-ramp10s,20,5,32,0.9019607843137256,0.927710843373494,0.9292343387470998,0.8653846153846154,0.938076416337286,0.9,0.8984866738319397,851,909
roa,sub-02_FDSI_triangular-ramp10s_snr15dB,sub-02,triangular-ramp10s,15,0,21,0.9852941176470588,0.98996138996139,0.9902200488997556,0.9856115107913668,0.9870848708487084,0.9864864864864864,0.9330427050590516,1284,1293
roa,sub-02_FDSI_triangular-ramp10s_snr15dB,sub-02,triangular-ramp10s,15,1,24,1.0,0.6479035037334865,0.6335923490735206,0.9712230215827338,0.6039087947882736,0.9850746268656716,0.8646105527877808,1651,1218
roa,sub-02_FDSI_triangular-ramp10s_snr15dB,sub-02,triangular-ramp10s,15,2,30,0.9821428571428572,0.854043392504931,0.8465553235908142,0.9642857142857144,0.8321513002364066,0.9642857142857144,0.8571658134460449,871,1009
roa,sub-02_FDSI_triangular-ramp5s_snr30dB,sub-02,triangular-ramp5s,30,0,24,0.9850746268656716,0.9910496338486574,0.989681857265692,0.9779411764705882,0.99317738791423,0.9850746268656716,0.966455340385437,1220,1227
roa,sub-02_FDSI_triangular-ramp5s_snr30dB,sub-02,triangular-ramp5s,30,1,22,1.0,0.0769957487009919,0.0444987775061124,0.559322033898305,0.0415512465373961,0.0782608695652174,0.944953203201294,1013,1267
roa,sub-02_FDSI_triangular-ramp5s_snr30dB,sub-02,triangular-ramp5s,30,2,33,0.979591836734694,0.881316098707403,0.8753117206982544,0.7916666666666666,0.8859154929577465,1.0,0.9075563549995422,750,851
roa,sub-02_FDSI_triangular-ramp5s_snr30dB,sub-02,triangular-ramp5s,30,3,21,1.0,0.9945987654320988,0.9942763695829926,1.0,0.9944444444444444,0.9859154929577464,0.9215970635414124,1289,1296
roa,sub-02_FDSI_triangular-ramp5s_snr30dB,sub-02,triangular-ramp5s,30,4,32,1.0,0.985635359116022,0.9847953216374268,0.98,0.9854497354497356,1.0,0.9267331957817078,892,905
roa,sub-02_FDSI_triangular-ramp5s_snr30dB,sub-02,triangular-ramp5s,30,5,30,1.0,0.9769769769769768,0.975635593220339,0.9910714285714286,0.9735576923076924,1.0,0.9063032865524292,976,999
roa,sub-02_FDSI_triangular-ramp5s_snr30dB,sub-02,triangular-ramp5s,30,6,28,1.0,0.7912885662431942,0.7796934865900383,0.7033898305084746,0.7891891891891892,1.0,0.8981039524078369,888,1086
roa,sub-02_FDSI_triangular-ramp5s_snr30dB,sub-02,triangular-ramp5s,30,7,27,1.0,0.8041144901610018,0.7932011331444759,0.680672268907563,0.8068303094983992,1.0,0.8980753421783447,899,1118
roa,sub-02_FDSI_triangular-ramp5s_snr30dB,sub-02,triangular-ramp5s,30,8,26,1.0,0.1450719822812846,0.1131533601378518,0.6713286713286714,0.1037131882202304,0.05,0.8600420951843262,913,1155
roa,sub-02_FDSI_triangular-ramp5s_snr30dB,sub-02,triangular-ramp5s,30,9,19,0.9444444444444444,0.073487846240814,0.0365350618738951,0.5403726708074534,0.0282447881640887,0.0517241379310344,0.8680039048194885,562,1337
roa,sub-02_FDSI_triangular-ramp5s_snr30dB,sub-02,triangular-ramp5s,30,10,29,1.0,0.3784556720686368,0.3420787083753784,0.5862068965517241,0.3120728929384966,1.0,0.9060806632041932,401,1045
roa,sub-02_FDSI_triangular-ramp5s_snr30dB,sub-02,triangular-ramp5s,30,11,15,0.9487179487179488,0.5196629213483146,0.4947994056463596,0.6923076923076923,0.5306465155331654,0.0,0.8831028938293457,742,1422
roa,sub-02_FDSI_triangular-ramp5s_snr30dB,sub-02,triangular-ramp5s,30,12,25,1.0,0.5599329421626152,0.5341614906832298,0.6304347826086957,0.5207280080889788,1.0,0.8991153240203857,675,1186
roa,sub-02_FDSI_triangular-ramp5s_snr30dB,sub-02,triangular-ramp5s,30,13,20,1.0,0.904868913857678,0.8991262907069102,0.9,0.8990081154192967,1.0,0.9126492142677308,1210,1333
roa,sub-02_FDSI_triangular-ramp5s_snr30dB,sub-02,triangular-ramp5s,30,14,16,1.0,0.9693076374018558,0.967448902346707,0.9873417721518988,0.9631849315068494,0.974025974025974,0.9232186675071716,1359,1400
roa,sub-02_FDSI_triangular-ramp5s_snr30dB,sub-02,triangular-ramp5s,30,15,23,0.9,0.7541111981205951,0.7456503728251864,0.7551020408163265,0.7632075471698113,0.6142857142857143,0.8650962710380554,992,1248
roa,sub-02_FDSI_triangular-ramp5s_snr30dB,sub-02,triangular-ramp5s,30,16,31,0.9818181818181818,0.3219076005961251,0.2937062937062937,0.603448275862069,0.2706382978723404,0.8627450980392157,0.8924135565757751,829,945
roa,sub-02_FDSI_triangular-ramp5s_snr30dB,sub-02,triangular-ramp5s,30,17,9,0.9156626506024096,0.097233523189585,0.0686315789473684,0.5964912280701754,0.0622076707202993,0.0699300699300699,0.9023446440696716,1186,1511
roa,sub-02_FDSI_triangular-ramp5s_snr30dB,sub-02,triangular-ramp5s,30,18,14,0.9487179487179488,0.1566164154103852,0.1298701298701298,0.66875,0.1288610038610038,0.0612244897959183,0.8738701939582825,1312,1450
roa,sub-02_FDSI_triangular-ramp5s_snr25dB,sub-02,triangular-ramp5s,25,0,25,1.0,0.6960537363560033,0.6782222222222222,0.7007299270072993,0.6771255060728745,0.9696969696969696,0.9005984663963318,834,1186
roa,sub-02_FDSI_triangular-ramp5s_snr25dB,sub-02,triangular-ramp5s,25,1,24,0.9850746268656716,0.9678456591639872,0.965195246179966,0.920863309352518,0.9730250481695568,0.9850746268656716,0.9440272450447084,1221,1227
roa,sub-02_FDSI_triangular-ramp5s_snr25dB,sub-02,triangular-ramp5s,25,2,21,1.0,0.984567901234568,0.983646770237122,0.993103448275862,0.9833333333333332,0.9859154929577464,0.9083774089813232,1276,1296
roa,sub-02_FDSI_triangular-ramp5s_snr25dB,sub-02,triangular-ramp5s,25,3,33,0.979591836734694,0.4906542056074766,0.4609665427509293,0.5833333333333334,0.4461538461538462,0.9565217391304348,0.8696578741073608,425,851
roa,sub-02_FDSI_triangular-ramp5s_snr25dB,sub-02,triangular-ramp5s,25,4,32,0.98,0.9558011049723756,0.9543859649122808,0.88,0.9629629629629628,1.0,0.9120624661445618,865,905
roa,sub-02_FDSI_triangular-ramp5s_snr25dB,sub-02,triangular-ramp5s,25,5,28,0.9310344827586208,0.1232704402515723,0.0926892950391645,0.5462184873949579,0.0921332388377037,0.0166666666666666,0.8777912259101868,700,1086
roa,sub-02_FDSI_triangular-ramp5s_snr25dB,sub-02,triangular-ramp5s,25,6,30,1.0,0.943943943943944,0.940677966101695,0.9107142857142856,0.9447115384615384,1.0,0.9085547924041748,943,999
roa,sub-02_FDSI_triangular-ramp5s_snr25dB,sub-02,triangular-ramp5s,25,7,27,1.0,0.7647584973166368,0.7516525023607177,0.7142857142857143,0.7566702241195304,0.9838709677419356,0.89348965883255,855,1118
roa,sub-02_FDSI_triangular-ramp5s_snr25dB,sub-02,triangular-ramp5s,25,8,29,0.9310344827586208,0.3905660377358491,0.3592814371257485,0.5258620689655172,0.3397075365579302,0.9272727272727272,0.8850770592689514,429,1045
roa,sub-02_FDSI_triangular-ramp5s_snr25dB,sub-02,triangular-ramp5s,25,9,20,1.0,0.8568215892053973,0.8481717011128775,0.8466666666666667,0.8501805054151624,0.9736842105263158,0.8898253440856934,1144,1333
roa,sub-02_FDSI_triangular-ramp5s_snr25dB,sub-02,triangular-ramp5s,25,10,26,0.9384615384615383,0.3019976498237368,0.2767257177764203,0.5660377358490566,0.2613713509843856,0.5571428571428572,0.8258624076843262,1061,1155
roa,sub-02_FDSI_triangular-ramp5s_snr20dB,sub-02,triangular-ramp5s,20,0,24,0.9850746268656716,0.8398268398268398,0.831060606060606,0.7973856209150327,0.8370497427101201,0.9850746268656716,0.9048487544059752,1323,1227
roa,sub-02_FDSI_triangular-ramp5s_snr20dB,sub-02,triangular-ramp5s,20,1,21,1.0,0.9684129429892142,0.966530612244898,0.9724137931034482,0.966728280961183,0.9859154929577464,0.8969796299934387,1259,1296
roa,sub-02_FDSI_triangular-ramp5s_snr20dB,sub-02,triangular-ramp5s,20,2,30,1.0,0.921921921921922,0.9173728813559322,0.9196428571428572,0.9170673076923076,1.0,0.9000735878944397,921,999
roa,sub-02_FDSI_triangular-ramp5s_snr20dB,sub-02,triangular-ramp5s,20,3,27,0.9830508474576272,0.7107142857142857,0.6955702167766258,0.6470588235294118,0.7039403620873269,0.935483870967742,0.8868398666381836,798,1118
roa,sub-02_FDSI_triangular-ramp5s_snr20dB,sub-02,triangular-ramp5s,20,4,20,0.9473684210526316,0.7857677902621722,0.7760127084988085,0.6933333333333334,0.7844905320108205,0.986842105263158,0.8802804946899414,1051,1333
roa,sub-02_FDSI_triangular-ramp5s_snr15dB,sub-02,triangular-ramp5s,15,0,24,0.9848484848484848,0.1711276875822729,0.1468594667871667,0.73125,0.1360887096774193,0.0952380952380952,0.883482813835144,1442,1227
roa,sub-02_FDSI_triangular-ramp5s_snr15dB,sub-02,triangular-ramp5s,15,1,21,0.972972972972973,0.9035960214231064,0.8994322789943228,0.9383561643835616,0.8943985307621671,0.9722222222222222,0.888076663017273,1192,1296
roa,sub-02_FDSI_triangular-ramp5s_snr15dB,sub-02,triangular-ramp5s,15,2,30,0.9818181818181818,0.785,0.7735449735449735,0.7142857142857143,0.7815126050420168,0.9818181818181818,0.8952645063400269,786,999
roa,sub-03_FDSI_staircase_snr30dB,sub-03,staircase,30,0,48,1.0,0.99393479909022,0.9936858721389108,,,,0.9554916620254515,1311,1319
roa,sub-03_FDSI_staircase_snr30dB,sub-03,staircase,30,1,49,1.0,0.9960906958561376,0.9959316517493898,,,,0.9756927490234376,1274,1279
roa,sub-03_FDSI_staircase_snr30dB,sub-03,staircase,30,2,51,1.0,0.9949281487743026,0.9947183098591548,,,,0.979693591594696,1177,1183
roa,sub-03_FDSI_staircase_snr30dB,sub-03,staircase,30,3,46,1.0,0.9942487419122932,0.994011976047904,,,,0.9701083898544312,1383,1391
roa,sub-03_FDSI_staircase_snr30dB,sub-03,staircase,30,4,40,1.0,0.9950586781964176,0.9948453608247424,,,,0.9897041916847228,1611,1619
roa,sub-03_FDSI_staircase_snr30dB,sub-03,staircase,30,5,52,1.0,0.993838028169014,0.9935720844811754,,,,0.9775373935699464,1129,1136
roa,sub-03_FDSI_staircase_snr30dB,sub-03,staircase,30,6,44,1.0,0.9952380952380953,0.9950389794472004,,,,0.9779950976371764,1463,1470
roa,sub-03_FDSI_staircase_snr30dB,sub-03,staircase,30,7,50,1.0,0.9836734693877552,0.9830076465590484,,,,0.9393205642700196,1205,1225
roa,sub-03_FDSI_staircase_snr30dB,sub-03,staircase,30,8,45,0.9636363636363636,0.1649076517150395,0.1451104100946372,,,,0.8725026845932007,1204,1445
roa,sub-03_FDSI_staircase_snr30dB,sub-03,staircase,30,9,47,1.0,0.9371301775147928,0.9345650500384912,,,,0.8974785208702087,1271,1348
roa,sub-03_FDSI_staircase_snr30dB,sub-03,staircase,30,10,35,0.9295774647887324,0.9847457627118644,0.987051206592113,,,,0.9518359303474426,1743,1770
roa,sub-03_FDSI_staircase_snr25dB,sub-03,staircase,25,0,51,1.0,0.9966187658495352,0.9964788732394366,,,,0.9664984941482544,1179,1183
roa,sub-03_FDSI_staircase_snr25dB,sub-03,staircase,25,1,46,1.0,0.9949676491732566,0.994760479041916,,,,0.9499809145927428,1384,1391
roa,sub-03_FDSI_staircase_snr25dB,sub-03,staircase,25,2,52,1.0,0.993838028169014,0.9935720844811754,,,,0.9675071239471436,1129,1136
roa,sub-03_FDSI_staircase_snr25dB,sub-03,staircase,25,3,40,1.0,0.9969116738727608,0.996778350515464,,,,0.9864706993103028,1614,1619
roa,sub-03_FDSI_staircase_snr25dB,sub-03,staircase,25,4,44,1.0,0.9952380952380953,0.9950389794472004,,,,0.9681369662284852,1463,1470
roa,sub-03_FDSI_staircase_snr25dB,sub-03,staircase,25,5,48,1.0,0.9863532979529946,0.9857932123125492,,,,0.9460081458091736,1301,1319
roa,sub-03_FDSI_staircase_snr25dB,sub-03,staircase,25,6,45,0.9090909090909092,0.1290893015030946,0.1096511101042138,,,,0.8312678933143616,1109,1445
roa,sub-03_FDSI_staircase_snr25dB,sub-03,staircase,25,7,49,1.0,0.9960906958561376,0.9959316517493898,,,,0.9636554718017578,1274,1279
roa,sub-03_FDSI_staircase_snr20dB,sub-03,staircase,20,0,44,1.0,0.98843537414966,0.9879518072289156,,,,0.9416884183883668,1453,1470
roa,sub-03_FDSI_staircase_snr20dB,sub-03,staircase,20,1,46,1.0,0.9791666666666666,0.9783096484667164,,,,0.9257222414016724,1364,1391
roa,sub-03_FDSI_staircase_snr20dB,sub-03,staircase,20,2,40,1.0,0.9962940086473132,0.9961340206185568,,,,0.9816282391548156,1613,1619
roa,sub-03_FDSI_staircase_snr20dB,sub-03,staircase,20,3,49,0.96,0.9357585139318886,0.9347826086956522,,,,0.8711010813713074,1222,1279
roa,sub-03_FDSI_staircase_snr20dB,sub-03,staircase,20,4,51,1.0,0.99323753169907,0.9929577464788732,,,,0.9535217881202698,1175,1183
roa,sub-03_FDSI_staircase_snr20dB,sub-03,staircase,20,5,52,1.0,0.987676056338028,0.9871441689623508,,,,0.9315383434295654,1122,1136
roa,sub-03_FDSI_staircase_snr20dB,sub-03,staircase,20,6,48,0.9230769230769232,0.9734848484848484,0.9755520504731862,,,,0.928946614265442,1286,1319
roa,sub-03_FDSI_staircase_snr15dB,sub-03,staircase,15,0,40,1.0,0.9962940086473132,0.9961340206185568,,,,0.9753379225730896,1613,1619
roa,sub-03_FDSI_staircase_snr15dB,sub-03,staircase,15,1,44,0.9322033898305084,0.9612508497620668,0.9624645892351276,,,,0.9099740386009216,1415,1470
roa,sub-03_FDSI_staircase_snr15dB,sub-03,staircase,15,2,52,0.9787234042553192,0.9647887323943662,0.9641873278236914,,,,0.91618549823761,1096,1136
roa,sub-03_FDSI_triangular-ramp40s_snr30dB,sub-03,triangular-ramp40s,30,0,48,1.0,0.9926160337552744,0.992196209587514,1.0,0.9911392405063292,1.0,0.9603974223136902,942,947
roa,sub-03_FDSI_triangular-ramp40s_snr30dB,sub-03,triangular-ramp40s,30,1,46,1.0,0.987,0.986272439281943,0.9907407407407408,0.985645933014354,1.0,0.941528618335724,987,1000
roa,sub-03_FDSI_triangular-ramp40s_snr30dB,sub-03,triangular-ramp40s,30,2,40,1.0,0.9956483899042646,0.9953874538745388,0.9923664122137404,0.992685475444096,0.984126984126984,0.9880227446556092,1144,1149
roa,sub-03_FDSI_triangular-ramp40s_snr30dB,sub-03,triangular-ramp40s,30,3,52,1.0,0.9987730061349692,0.9986996098829648,1.0,0.9985272459499264,1.0,0.9810175895690918,814,815
roa,sub-03_FDSI_triangular-ramp40s_snr30dB,sub-03,triangular-ramp40s,30,4,49,1.0,0.996742671009772,0.9965556831228471,1.0,0.99609375,1.0,0.975607454776764,918,921
roa,sub-03_FDSI_triangular-ramp40s_snr30dB,sub-03,triangular-ramp40s,30,5,50,1.0,0.9763513513513512,0.9749702026221692,1.0,0.9716981132075472,1.0,0.918948233127594,868,887
roa,sub-03_FDSI_triangular-ramp40s_snr30dB,sub-03,triangular-ramp40s,30,6,51,1.0,0.9988317757009346,0.9987623762376238,1.0,1.0,0.9782608695652174,0.9786825180053712,855,856
roa,sub-03_FDSI_triangular-ramp40s_snr30dB,sub-03,triangular-ramp40s,30,7,35,0.9859154929577464,0.9823151125401928,0.9820971867007672,0.9857142857142858,0.9806763285024156,1.0,0.9398239850997924,1222,1244
roa,sub-03_FDSI_triangular-ramp40s_snr30dB,sub-03,triangular-ramp40s,30,8,45,0.9649122807017544,0.1578947368421052,0.128725428027901,0.9734513274336284,0.1044460127028934,0.0505050505050505,0.8455419540405273,854,1038
roa,sub-03_FDSI_triangular-ramp40s_snr30dB,sub-03,triangular-ramp40s,30,9,44,1.0,0.996219281663516,0.995995995995996,1.0,0.9954597048808173,1.0,0.972608745098114,1054,1058
roa,sub-03_FDSI_triangular-ramp40s_snr30dB,sub-03,triangular-ramp40s,30,10,47,0.9245283018867924,0.977366255144033,0.9804134929270948,0.9454545454545454,0.9814356435643564,0.9814814814814816,0.934688687324524,950,972
roa,sub-03_FDSI_triangular-ramp40s_snr30dB,sub-03,triangular-ramp40s,30,11,43,0.9344262295081968,0.1827503015681544,0.1540388227927363,0.9421487603305784,0.1321678321678321,0.07,0.8351655602455139,875,1086
roa,sub-03_FDSI_triangular-ramp40s_snr25dB,sub-03,triangular-ramp40s,25,0,48,1.0,0.990506329113924,0.9899665551839464,1.0,0.9886075949367088,1.0,0.9418140053749084,940,947
roa,sub-03_FDSI_triangular-ramp40s_snr25dB,sub-03,triangular-ramp40s,25,1,40,1.0,0.9956483899042646,0.9953874538745388,0.9923664122137404,0.992685475444096,0.984126984126984,0.9852799773216248,1144,1149
roa,sub-03_FDSI_triangular-ramp40s_snr25dB,sub-03,triangular-ramp40s,25,2,52,1.0,0.9987730061349692,0.9986996098829648,1.0,0.9985272459499264,1.0,0.9709976315498352,814,815
roa,sub-03_FDSI_triangular-ramp40s_snr25dB,sub-03,triangular-ramp40s,25,3,44,0.9833333333333332,0.9896128423040604,0.98998998998999,0.975,0.9909194097616344,1.0,0.9620179533958436,1049,1058
roa,sub-03_FDSI_triangular-ramp40s_snr25dB,sub-03,triangular-ramp40s,25,4,46,1.0,0.993,0.9926082365364308,1.0,0.992822966507177,0.9821428571428572,0.9512608051300048,993,1000
roa,sub-03_FDSI_triangular-ramp40s_snr25dB,sub-03,triangular-ramp40s,25,5,49,1.0,0.985884907709012,0.9850746268656716,1.0,0.9856770833333334,0.9622641509433962,0.9106504321098328,908,921
roa,sub-03_FDSI_triangular-ramp40s_snr25dB,sub-03,triangular-ramp40s,25,6,51,1.0,0.9883177570093458,0.9876237623762376,1.0,0.986013986013986,1.0,0.9614962339401244,846,856
roa,sub-03_FDSI_triangular-ramp40s_snr20dB,sub-03,triangular-ramp40s,20,0,48,1.0,0.9404388714733544,0.9370860927152318,0.9905660377358492,0.92991239048811,1.0,0.89420485496521,910,947
roa,sub-03_FDSI_triangular-ramp40s_snr20dB,sub-03,triangular-ramp40s,20,1,40,1.0,0.9947780678851176,0.9944649446494463,0.9847328244274808,0.992685475444096,0.984126984126984,0.9782867431640624,1143,1149
roa,sub-03_FDSI_triangular-ramp40s_snr20dB,sub-03,triangular-ramp40s,20,2,46,1.0,0.983016983016983,0.9820675105485231,1.0,0.980884109916368,0.9821428571428572,0.9270399808883668,985,1000
roa,sub-03_FDSI_triangular-ramp40s_snr20dB,sub-03,triangular-ramp40s,20,3,49,0.98,0.9578378378378378,0.9565714285714284,0.98,0.9520725388601036,1.0,0.9047173857688904,890,921
roa,sub-03_FDSI_triangular-ramp40s_snr20dB,sub-03,triangular-ramp40s,20,4,51,0.9791666666666666,0.991822429906542,0.9925742574257426,0.9894736842105264,0.993006993006993,0.9782608695652174,0.9564741849899292,849,856
roa,sub-03_FDSI_triangular-ramp40s_snr20dB,sub-03,triangular-ramp40s,20,5,52,1.0,0.992638036809816,0.9921976592977894,0.9887640449438202,0.9941089837997056,0.9787234042553192,0.9621037244796752,809,815
roa,sub-03_FDSI_triangular-ramp40s_snr20dB,sub-03,triangular-ramp40s,20,6,44,1.0,0.9867674858223062,0.985985985985986,0.9831932773109244,0.9875141884222476,0.9827586206896552,0.943253755569458,1044,1058
roa,sub-03_FDSI_triangular-ramp40s_snr15dB,sub-03,triangular-ramp40s,15,0,40,1.0,0.9956483899042646,0.9953874538745388,0.9923664122137404,0.992685475444096,0.984126984126984,0.972984492778778,1144,1149
roa,sub-03_FDSI_triangular-ramp40s_snr15dB,sub-03,triangular-ramp40s,15,1,44,0.9830508474576272,0.945179584120983,0.9429429429429428,0.9831932773109244,0.9364358683314415,1.0,0.91404789686203,1000,1058
roa,sub-03_FDSI_triangular-ramp40s_snr15dB,sub-03,triangular-ramp40s,15,2,52,0.9565217391304348,0.9193154034229828,0.917098445595855,0.9438202247191012,0.9120234604105572,0.9787234042553192,0.8967005610466003,755,815
roa,sub-03_FDSI_triangular-ramp40s_snr15dB,sub-03,triangular-ramp40s,15,3,49,0.94,0.9311827956989248,0.9306818181818182,0.96,0.9227799227799228,1.0,0.8980091214179993,875,921
roa,sub-03_FDSI_triangular-ramp40s_snr15dB,sub-03,triangular-ramp40s,15,4,46,0.9433962264150944,0.9314796425024826,0.9308176100628932,0.9629629629629628,0.922894424673784,1.0,0.9073407649993896,945,1000
roa,sub-03_FDSI_triangular-ramp20s_snr30dB,sub-03,triangular-ramp20s,30,0,52,1.0,0.9938195302843016,0.9934640522875816,1.0,0.9925925925925926,1.0,0.9765689969062804,804,809
roa,sub-03_FDSI_triangular-ramp20s_snr30dB,sub-03,triangular-ramp20s,30,1,51,1.0,0.990632318501171,0.9900621118012424,0.96875,0.9929478138222848,1.0,0.9471862316131592,846,854
roa,sub-03_FDSI_triangular-ramp20s_snr30dB,sub-03,triangular-ramp20s,30,2,40,1.0,0.9982683982683984,0.9981684981684982,0.992063492063492,0.9979274611398964,0.9846153846153848,0.9846196174621582,1153,1155
roa,sub-03_FDSI_triangular-ramp20s_snr30dB,sub-03,triangular-ramp20s,30,3,44,1.0,0.9971936389148736,0.9970267591674926,1.0,0.9977477477477478,0.9836065573770492,0.9590587019920348,1066,1069
roa,sub-03_FDSI_triangular-ramp20s_snr30dB,sub-03,triangular-ramp20s,30,4,46,0.9818181818181818,0.997029702970297,0.99581589958159,1.0,0.9964285714285714,1.0,0.9595145583152772,1007,1010
roa,sub-03_FDSI_triangular-ramp20s_snr30dB,sub-03,triangular-ramp20s,30,5,48,1.0,0.9916054564533052,0.9911111111111112,0.9905660377358492,0.9924337957124842,0.9814814814814816,0.9573381543159484,945,953
roa,sub-03_FDSI_triangular-ramp20s_snr30dB,sub-03,triangular-ramp20s,30,6,49,1.0,0.9869423286180632,0.9861751152073732,1.0,0.9843342036553524,1.0,0.9353451132774352,907,919
roa,sub-03_FDSI_triangular-ramp20s_snr30dB,sub-03,triangular-ramp20s,30,7,35,0.9852941176470588,0.9760574620909817,0.9755274261603376,0.9485294117647058,0.9789875835721108,0.9857142857142858,0.9320037961006165,1223,1253
roa,sub-03_FDSI_triangular-ramp20s_snr30dB,sub-03,triangular-ramp20s,30,8,45,0.912280701754386,0.0974477958236658,0.0695860827834433,0.9203539823008848,0.0390469887491727,0.0606060606060606,0.9171414375305176,849,1043
roa,sub-03_FDSI_triangular-ramp20s_snr30dB,sub-03,triangular-ramp20s,30,9,47,1.0,0.3302816901408451,0.3043160204828091,0.9905660377358492,0.2955665024630542,0.0638297872340425,0.8686440587043762,915,974
roa,sub-03_FDSI_triangular-ramp20s_snr30dB,sub-03,triangular-ramp20s,30,10,50,0.9615384615384616,0.953880764904387,0.951073985680191,0.9292929292929292,0.9541160593792172,1.0,0.9184505939483644,849,888
roa,sub-03_FDSI_triangular-ramp20s_snr25dB,sub-03,triangular-ramp20s,25,0,52,1.0,0.992583436341162,0.992156862745098,1.0,0.9911111111111112,1.0,0.9613332748413086,803,809
roa,sub-03_FDSI_triangular-ramp20s_snr25dB,sub-03,triangular-ramp20s,25,1,49,1.0,0.8218451749734889,0.8116591928251121,1.0,0.7873417721518987,1.0,0.8772201538085938,799,919
roa,sub-03_FDSI_triangular-ramp20s_snr25dB,sub-03,triangular-ramp20s,25,2,40,1.0,0.9982683982683984,0.9981684981684982,0.992063492063492,0.9979274611398964,0.9846153846153848,0.9813754558563232,1153,1155
roa,sub-03_FDSI_triangular-ramp20s_snr25dB,sub-03,triangular-ramp20s,25,3,46,0.9818181818181818,0.995049504950495,0.9937238493723848,1.0,0.9952380952380953,0.9827586206896552,0.9382026195526124,1005,1010
roa,sub-03_FDSI_triangular-ramp20s_snr25dB,sub-03,triangular-ramp20s,25,4,44,1.0,0.9897100093545368,0.9890981169474728,1.0,0.9887387387387389,0.9836065573770492,0.9530835151672364,1058,1069
roa,sub-03_FDSI_triangular-ramp20s_snr25dB,sub-03,triangular-ramp20s,25,5,51,1.0,0.9976580796252928,0.9975155279503104,1.0,0.997179125528914,1.0,0.9668464064598083,852,854
roa,sub-03_FDSI_triangular-ramp20s_snr25dB,sub-03,triangular-ramp20s,25,6,48,1.0,0.872444011684518,0.8655030800821355,0.9905660377358492,0.8512110726643599,0.9814814814814816,0.8691818714141846,970,953
roa,sub-03_FDSI_triangular-ramp20s_snr25dB,sub-03,triangular-ramp20s,25,7,35,0.9264705882352942,0.9289704708699122,0.9291139240506328,0.9264705882352942,0.9255014326647564,0.9857142857142858,0.9052698612213136,1164,1253
roa,sub-03_FDSI_triangular-ramp20s_snr20dB,sub-03,triangular-ramp20s,20,0,44,1.0,0.981290926099158,0.9801783944499504,0.9916666666666668,0.981981981981982,0.9508196721311476,0.9292189478874208,1049,1069
roa,sub-03_FDSI_triangular-ramp20s_snr20dB,sub-03,triangular-ramp20s,20,1,40,1.0,0.993939393939394,0.9935897435897436,1.0,0.9927461139896372,0.9692307692307692,0.97465842962265,1148,1155
roa,sub-03_FDSI_triangular-ramp20s_snr20dB,sub-03,triangular-ramp20s,20,2,52,1.0,0.9938195302843016,0.9934640522875816,0.9886363636363636,0.9955555555555556,0.9782608695652174,0.9490976929664612,804,809
roa,sub-03_FDSI_triangular-ramp20s_snr20dB,sub-03,triangular-ramp20s,20,3,51,0.979591836734694,0.9918032786885246,0.9925465838509316,0.9895833333333334,0.991537376586742,1.0,0.949487566947937,847,854
roa,sub-03_FDSI_triangular-ramp20s_snr20dB,sub-03,triangular-ramp20s,20,4,49,0.9803921568627452,0.7940865892291447,0.7834821428571429,0.9901960784313726,0.756926952141058,0.9803921568627452,0.882076621055603,780,919
roa,sub-03_FDSI_triangular-ramp20s_snr20dB,sub-03,triangular-ramp20s,20,5,48,0.981132075471698,0.2858844550327576,0.2632226322263222,0.9716981132075472,0.2558139534883721,0.0555555555555555,0.8642271161079407,1206,953
roa,sub-03_FDSI_triangular-ramp20s_snr20dB,sub-03,triangular-ramp20s,20,6,46,0.9818181818181818,0.9762376237623762,0.9738493723849372,0.9910714285714286,0.9726190476190476,1.0,0.9102430939674376,986,1010
roa,sub-03_FDSI_triangular-ramp20s_snr15dB,sub-03,triangular-ramp20s,15,0,40,1.0,0.993939393939394,0.9935897435897436,1.0,0.9927461139896372,0.9692307692307692,0.9667633175849916,1148,1155
roa,sub-03_FDSI_triangular-ramp20s_snr15dB,sub-03,triangular-ramp20s,15,1,49,0.9607843137254902,0.7690677966101694,0.7581187010078387,0.9705882352941176,0.7281921618204804,1.0,0.8797038197517395,751,919
roa,sub-03_FDSI_triangular-ramp20s_snr15dB,sub-03,triangular-ramp20s,15,2,44,0.95,0.9338919925512104,0.9329388560157792,0.95,0.927211646136618,1.0,0.9064072370529176,1008,1069
roa,sub-03_FDSI_triangular-ramp20s_snr15dB,sub-03,triangular-ramp20s,15,3,52,0.9318181818181818,0.7175141242937854,0.7063020214030915,0.9090909090909092,0.681757656458056,0.9347826086956522,0.8548882603645325,711,809
roa,sub-03_FDSI_triangular-ramp10s_snr30dB,sub-03,triangular-ramp10s,30,0,44,1.0,0.9943555973659456,0.99402390438247,1.0,0.994343891402715,0.9833333333333332,0.916938066482544,1057,1063
roa,sub-03_FDSI_triangular-ramp10s_snr30dB,sub-03,triangular-ramp10s,30,1,35,1.0,0.9524564183835182,0.9497066219614416,0.9568345323741008,0.949667616334283,0.9857142857142858,0.9050952792167664,1202,1262
roa,sub-03_FDSI_triangular-ramp10s_snr30dB,sub-03,triangular-ramp10s,30,2,52,1.0,0.9914841849148418,0.9910025706940874,0.9888888888888888,0.9912663755458516,1.0,0.9327937960624696,815,822
roa,sub-03_FDSI_triangular-ramp10s_snr30dB,sub-03,triangular-ramp10s,30,3,50,1.0,0.8969422423556059,0.8907563025210085,0.8877551020408163,0.8915989159891599,1.0,0.8810152411460876,795,880
roa,sub-03_FDSI_triangular-ramp10s_snr30dB,sub-03,triangular-ramp10s,30,4,46,1.0,0.9880358923230308,0.9873284054910244,0.991150442477876,0.986810551558753,1.0,0.9391749501228333,991,1003
roa,sub-03_FDSI_triangular-ramp10s_snr30dB,sub-03,triangular-ramp10s,30,5,47,0.9814814814814816,0.6196428571428572,0.6013133208255159,0.9444444444444444,0.6454445664105378,0.0396039603960396,0.8426002264022827,837,977
roa,sub-03_FDSI_triangular-ramp10s_snr30dB,sub-03,triangular-ramp10s,30,6,48,1.0,0.1085618354784555,0.0818443804034582,0.9716981132075472,0.0496815286624203,0.1171171171171171,0.8878968954086304,1022,959
roa,sub-03_FDSI_triangular-ramp10s_snr30dB,sub-03,triangular-ramp10s,30,7,49,1.0,0.9901423877327492,0.9895833333333334,1.0,0.989501312335958,0.9803921568627452,0.9416494369506836,904,913
roa,sub-03_FDSI_triangular-ramp10s_snr30dB,sub-03,triangular-ramp10s,30,8,43,0.9166666666666666,0.0762479429511793,0.0476460578559274,0.5939849624060151,0.0339836375078665,0.0594059405940594,0.8255839943885803,870,1092
roa,sub-03_FDSI_triangular-ramp10s_snr30dB,sub-03,triangular-ramp10s,30,9,51,1.0,0.993047508690614,0.99265605875153,0.9893617021276596,0.9903047091412742,1.0,0.9701549410820008,857,863
roa,sub-03_FDSI_triangular-ramp10s_snr30dB,sub-03,triangular-ramp10s,30,10,40,1.0,0.990409764603313,0.9898617511520738,0.9921875,0.9895397489539748,1.0,0.947516679763794,1136,1147
roa,sub-03_FDSI_triangular-ramp10s_snr25dB,sub-03,triangular-ramp10s,25,0,51,1.0,0.9918887601390498,0.9914320685434516,0.9787234042553192,0.9930747922437672,0.9583333333333334,0.9554395079612732,856,863
roa,sub-03_FDSI_triangular-ramp10s_snr25dB,sub-03,triangular-ramp10s,25,1,44,1.0,0.9840075258701788,0.9830677290836654,1.0,0.9807692307692308,1.0,0.9036808609962464,1046,1063
roa,sub-03_FDSI_triangular-ramp10s_snr25dB,sub-03,triangular-ramp10s,25,2,50,0.9,0.7603583426651735,0.7520759193357058,0.7346938775510204,0.75,0.9787234042553192,0.8467745780944824,692,880
roa,sub-03_FDSI_triangular-ramp10s_snr25dB,sub-03,triangular-ramp10s,25,3,46,1.0,0.9652087475149106,0.963157894736842,0.991150442477876,0.959378733572282,1.0,0.9142062067985536,974,1003
roa,sub-03_FDSI_triangular-ramp10s_snr25dB,sub-03,triangular-ramp10s,25,4,48,1.0,0.1631284916201117,0.1380897583429229,0.9905660377358492,0.1168996188055908,0.0970873786407767,0.8816813230514526,1123,959
roa,sub-03_FDSI_triangular-ramp10s_snr25dB,sub-03,triangular-ramp10s,25,5,49,1.0,0.9169398907103824,0.9122401847575058,1.0,0.9018324607329844,0.9803921568627452,0.927882730960846,841,913
roa,sub-03_FDSI_triangular-ramp10s_snr25dB,sub-03,triangular-ramp10s,25,6,52,1.0,0.9975669099756692,0.9974293059125964,1.0,0.9970887918486172,1.0,0.9526742100715636,820,822
roa,sub-03_FDSI_triangular-ramp10s_snr25dB,sub-03,triangular-ramp10s,25,7,40,1.0,0.98256320836966,0.9815668202764976,0.984375,0.9811715481171548,1.0,0.9283323287963868,1127,1147
roa,sub-03_FDSI_triangular-ramp10s_snr20dB,sub-03,triangular-ramp10s,20,0,40,0.984126984126984,0.995640802092415,0.9944700460829492,1.0,0.99581589958159,0.984126984126984,0.9709696769714355,1142,1147
roa,sub-03_FDSI_triangular-ramp10s_snr20dB,sub-03,triangular-ramp10s,20,1,46,1.0,0.933658536585366,0.9298245614035088,0.9734513274336284,0.9240654205607476,1.0,0.8824540376663208,979,1003
roa,sub-03_FDSI_triangular-ramp10s_snr20dB,sub-03,triangular-ramp10s,20,2,49,1.0,0.7114375655823715,0.6957964601769911,0.98,0.6596009975062345,1.0,0.8680140376091003,718,913
roa,sub-03_FDSI_triangular-ramp10s_snr20dB,sub-03,triangular-ramp10s,20,3,44,0.9830508474576272,0.9511737089201878,0.9493041749502982,0.9831932773109244,0.944632768361582,0.9836065573770492,0.896712601184845,1015,1063
roa,sub-03_FDSI_triangular-ramp10s_snr20dB,sub-03,triangular-ramp10s,20,4,52,0.9772727272727272,0.8208232445520581,0.8120204603580563,0.9555555555555556,0.7890173410404624,1.0,0.902514636516571,682,822
roa,sub-03_FDSI_triangular-ramp10s_snr20dB,sub-03,triangular-ramp10s,20,5,51,0.9130434782608696,0.9803012746234068,0.9840881272949816,0.9361702127659576,0.984764542936288,0.9583333333333334,0.9412676692008972,846,863
roa,sub-03_FDSI_triangular-ramp10s_snr20dB,sub-03,triangular-ramp10s,20,6,48,0.9423076923076924,0.1018363939899833,0.0767908309455587,0.9158878504672896,0.051931602279924,0.0961538461538461,0.8810696601867676,1021,959
roa,sub-03_FDSI_triangular-ramp10s_snr15dB,sub-03,triangular-ramp10s,15,0,40,0.984126984126984,0.995640802092415,0.9944700460829492,1.0,0.99581589958159,0.984126984126984,0.960034728050232,1142,1147
roa,sub-03_FDSI_triangular-ramp10s_snr15dB,sub-03,triangular-ramp10s,15,1,52,0.9772727272727272,0.7864077669902912,0.7756410256410257,0.9555555555555556,0.7503628447024674,0.9565217391304348,0.8884671330451965,650,822
roa,sub-03_FDSI_triangular-ramp10s_snr15dB,sub-03,triangular-ramp10s,15,2,49,0.9591836734693876,0.6610703043022036,0.6449115044247787,0.87,0.6134663341645885,1.0,0.8683602213859558,670,913
roa,sub-03_FDSI_triangular-ramp5s_snr30dB,sub-03,triangular-ramp5s,30,0,40,1.0,0.9956784788245462,0.9954212454212454,0.992248062015504,0.995846313603323,1.0,0.9744604825973512,1152,1157
roa,sub-03_FDSI_triangular-ramp5s_snr30dB,sub-03,triangular-ramp5s,30,1,51,1.0,0.9953216374269006,0.9950617283950616,0.9891304347826086,0.9958100558659218,1.0,0.9491934180259703,851,855
roa,sub-03_FDSI_triangular-ramp5s_snr30dB,sub-03,triangular-ramp5s,30,2,46,1.0,0.951951951951952,0.9492063492063492,0.9724770642201837,0.9461722488038278,1.0,0.90520578622818,951,999
roa,sub-03_FDSI_triangular-ramp5s_snr30dB,sub-03,triangular-ramp5s,30,3,44,1.0,0.9279700654817586,0.9236868186323092,0.9145299145299144,0.9260918253079508,0.9830508474576272,0.8731195330619812,992,1069
roa,sub-03_FDSI_triangular-ramp5s_snr30dB,sub-03,triangular-ramp5s,30,4,52,1.0,0.9645909645909646,0.96248382923674,1.0,0.9575402635431918,1.0,0.943035125732422,790,819
roa,sub-03_FDSI_triangular-ramp5s_snr30dB,sub-03,triangular-ramp5s,30,5,48,1.0,0.2038892162639952,0.1787234042553191,0.7372881355932204,0.1756296800544588,0.0673076923076923,0.8680031299591064,1099,944
roa,sub-03_FDSI_triangular-ramp5s_snr30dB,sub-03,triangular-ramp5s,30,6,47,0.9636363636363636,0.4222821203953279,0.3941398865784499,0.6016949152542372,0.3702127659574468,0.9272727272727272,0.8666205406188965,607,976
roa,sub-03_FDSI_triangular-ramp5s_snr30dB,sub-03,triangular-ramp5s,30,7,49,1.0,0.6725082146768894,0.6535341830822712,0.73,0.6443569553805775,0.9803921568627452,0.9215869903564452,615,912
roa,sub-03_FDSI_triangular-ramp5s_snr30dB,sub-03,triangular-ramp5s,30,8,50,0.9803921568627452,0.6782511210762332,0.6599286563614745,0.6470588235294118,0.6698113207547169,0.875,0.8798120021820068,608,889
roa,sub-03_FDSI_triangular-ramp5s_snr30dB,sub-03,triangular-ramp5s,30,9,35,0.9855072463768116,0.7362549800796813,0.7217537942664418,0.6906474820143885,0.7254528122020972,1.0,0.8929902911186218,925,1254
roa,sub-03_FDSI_triangular-ramp5s_snr25dB,sub-03,triangular-ramp5s,25,0,48,1.0,0.2742382271468144,0.2471264367816092,0.6037735849056604,0.2229299363057325,0.6341463414634146,0.8589147925376892,896,944
roa,sub-03_FDSI_triangular-ramp5s_snr25dB,sub-03,triangular-ramp5s,25,1,40,1.0,0.9956784788245462,0.9954212454212454,0.992248062015504,0.995846313603323,1.0,0.9712511301040648,1152,1157
roa,sub-03_FDSI_triangular-ramp5s_snr25dB,sub-03,triangular-ramp5s,25,2,46,1.0,0.8948948948948949,0.8888888888888888,0.8532110091743119,0.8935406698564593,1.0,0.8947076201438904,894,999
roa,sub-03_FDSI_triangular-ramp5s_snr25dB,sub-03,triangular-ramp5s,25,3,44,1.0,0.8709073900841908,0.8632309217046581,0.8547008547008547,0.8656215005599104,0.9830508474576272,0.8825724124908447,931,1069
roa,sub-03_FDSI_triangular-ramp5s_snr25dB,sub-03,triangular-ramp5s,25,4,51,1.0,0.9789473684210528,0.9777777777777776,0.9891304347826086,0.9762569832402236,1.0,0.9368120431900024,837,855
roa,sub-03_FDSI_triangular-ramp5s_snr25dB,sub-03,triangular-ramp5s,25,5,52,1.0,0.9035409035409036,0.8978007761966365,1.0,0.8843338213762811,1.0,0.9213756918907166,740,819
roa,sub-03_FDSI_triangular-ramp5s_snr25dB,sub-03,triangular-ramp5s,25,6,49,1.0,0.6165254237288136,0.5950782997762863,0.6534653465346535,0.5851197982345523,1.0,0.881980836391449,614,912
roa,sub-03_FDSI_triangular-ramp5s_snr20dB,sub-03,triangular-ramp5s,20,0,52,1.0,0.9242979242979243,0.9197930142302716,0.8478260869565217,0.931185944363104,0.9772727272727272,0.91287761926651,757,819
roa,sub-03_FDSI_triangular-ramp5s_snr20dB,sub-03,triangular-ramp5s,20,1,49,1.0,0.6797814207650273,0.661271676300578,0.82,0.7015706806282722,0.0784313725490196,0.907329261302948,625,912
roa,sub-03_FDSI_triangular-ramp5s_snr20dB,sub-03,triangular-ramp5s,20,2,40,1.0,0.996542783059637,0.9963369963369964,0.9844961240310076,0.9979231568016614,1.0,0.955134928226471,1153,1157
roa,sub-03_FDSI_triangular-ramp5s_snr20dB,sub-03,triangular-ramp5s,20,3,44,1.0,0.842843779232928,0.8334985133795837,0.9316239316239316,0.8230683090705487,0.9661016949152542,0.8796901106834412,901,1069
roa,sub-03_FDSI_triangular-ramp5s_snr20dB,sub-03,triangular-ramp5s,20,4,46,1.0,0.8001998001998002,0.7888067581837381,0.8348623853211009,0.7828162291169452,1.0,0.8991225361824036,803,999
roa,sub-03_FDSI_triangular-ramp5s_snr20dB,sub-03,triangular-ramp5s,20,5,51,1.0,0.9801169590643276,0.9790123456790124,0.9782608695652174,0.9804469273743016,0.9787234042553192,0.9339295625686646,838,855
roa,sub-03_FDSI_triangular-ramp5s_snr20dB,sub-03,triangular-ramp5s,20,6,48,0.9433962264150944,0.5938903863432166,0.5764150943396227,0.6261682242990654,0.5729275970619098,0.9056603773584906,0.8475379347801208,830,944
roa,sub-03_FDSI_triangular-ramp5s_snr15dB,sub-03,triangular-ramp5s,15,0,52,0.9782608695652174,0.8381995133819952,0.8298969072164949,0.7282608695652174,0.8481751824817518,0.9111111111111112,0.8801494240760803,692,819
roa,sub-03_FDSI_triangular-ramp5s_snr15dB,sub-03,triangular-ramp5s,15,1,40,1.0,0.989628349178911,0.989010989010989,0.992248062015504,0.988577362409138,1.0,0.9446213841438292,1145,1157
roa,sub-03_FDSI_triangular-ramp5s_snr15dB,sub-03,triangular-ramp5s,15,2,51,0.9111111111111112,0.8997668997668997,0.8991389913899139,0.6521739130434783,0.9318497913769124,0.8936170212765957,0.9009209871292114,775,855
roa,sub-03_FDSI_triangular-ramp5s_snr15dB,sub-03,triangular-ramp5s,15,3,46,0.9074074074074074,0.7561697926949654,0.7476538060479666,0.7545454545454545,0.7408716136631331,1.0,0.880016565322876,780,999
roa,sub-04_FDSI_staircase_snr30dB,sub-04,staircase,30,0,50,1.0,0.9410919540229884,0.9388516032811336,,,,0.9356509447097778,1379,1323
roa,sub-04_FDSI_staircase_snr30dB,sub-04,staircase,30,1,44,1.0,0.9928338762214984,0.992542372881356,,,,0.9489022493362428,1524,1535
roa,sub-04_FDSI_staircase_snr30dB,sub-04,staircase,30,2,54,1.0,0.9802235597592434,0.9793906810035844,,,,0.9399611949920654,1140,1163
roa,sub-04_FDSI_staircase_snr30dB,sub-04,staircase,30,3,41,1.0,0.9951338199513382,0.9949335022165928,,,,0.9860157370567322,1636,1644
roa,sub-04_FDSI_staircase_snr30dB,sub-04,staircase,30,4,53,1.0,0.975103734439834,0.9740708729472776,,,,0.9131221771240234,1178,1202
roa,sub-04_FDSI_staircase_snr30dB,sub-04,staircase,30,5,23,0.975,0.9848561332660272,0.9852709100473436,,,,0.9409976601600648,1951,1981
roa,sub-04_FDSI_staircase_snr30dB,sub-04,staircase,30,6,51,1.0,0.9891219891219892,0.9886455798864558,,,,0.952480971813202,1275,1285
roa,sub-04_FDSI_staircase_snr30dB,sub-04,staircase,30,7,48,1.0,0.9850852272727272,0.9844559585492229,,,,0.9353207945823668,1387,1408
roa,sub-04_FDSI_staircase_snr30dB,sub-04,staircase,30,8,47,0.9107142857142856,0.8528225806451613,0.8505586592178771,,,,0.878774106502533,1309,1448
roa,sub-04_FDSI_staircase_snr30dB,sub-04,staircase,30,9,37,0.9420289855072465,0.9417195614541258,0.9417067307692308,,,,0.9145039916038512,1635,1730
roa,sub-04_FDSI_staircase_snr30dB,sub-04,staircase,30,10,49,1.0,0.9955947136563876,0.9954163483575248,,,,0.9725323915481568,1356,1362
roa,sub-04_FDSI_staircase_snr30dB,sub-04,staircase,30,11,17,0.9012345679012346,0.9766650461837628,0.979757085020243,,,,0.9454194903373718,2009,2057
roa,sub-04_FDSI_staircase_snr30dB,sub-04,staircase,30,12,42,1.0,0.9943855271366188,0.994155844155844,,,,0.9623092412948608,1594,1603
roa,sub-04_FDSI_staircase_snr30dB,sub-04,staircase,30,13,33,0.9014084507042254,0.9611171960569552,0.9635327635327636,,,,0.9295585751533508,1756,1825
roa,sub-04_FDSI_staircase_snr25dB,sub-04,staircase,25,0,44,0.9666666666666668,0.9798177083333334,0.9803523035230352,,,,0.9268918037414552,1506,1535
roa,sub-04_FDSI_staircase_snr25dB,sub-04,staircase,25,1,51,0.9814814814814816,0.5327050997782705,0.5188571428571429,,,,0.9154844284057616,1480,1285
roa,sub-04_FDSI_staircase_snr25dB,sub-04,staircase,25,2,53,0.9387755102040816,0.3017193566278425,0.2839224629418472,,,,0.8741081953048706,1145,1202
roa,sub-04_FDSI_staircase_snr25dB,sub-04,staircase,25,3,41,1.0,0.9939172749391728,0.993666877770741,,,,0.9876405000686646,1634,1644
roa,sub-04_FDSI_staircase_snr25dB,sub-04,staircase,25,4,48,1.0,0.9928977272727272,0.99259807549963,,,,0.9573362469673156,1398,1408
roa,sub-04_FDSI_staircase_snr25dB,sub-04,staircase,25,5,54,1.0,0.9750644883920896,0.9740143369175628,,,,0.9461714625358582,1134,1163
roa,sub-04_FDSI_staircase_snr25dB,sub-04,staircase,25,6,50,0.9803921568627452,0.9805389221556886,0.980544747081712,,,,0.9453034996986388,1323,1323
roa,sub-04_FDSI_staircase_snr25dB,sub-04,staircase,25,7,47,0.912280701754386,0.717741935483871,0.7106109324758842,,,,0.8255532383918762,1321,1448
roa,sub-04_FDSI_staircase_snr25dB,sub-04,staircase,25,8,49,1.0,0.9860499265785608,0.985485103132162,,,,0.9547430872917176,1343,1362
roa,sub-04_FDSI_staircase_snr25dB,sub-04,staircase,25,9,42,1.0,0.993137866500312,0.9928571428571428,,,,0.9576796293258668,1592,1603
roa,sub-04_FDSI_staircase_snr20dB,sub-04,staircase,20,0,41,1.0,0.9939172749391728,0.993666877770741,,,,0.9838851690292358,1634,1644
roa,sub-04_FDSI_staircase_snr20dB,sub-04,staircase,20,1,48,0.9824561403508772,0.9808238636363636,0.9807549962990376,,,,0.941882312297821,1381,1408
roa,sub-04_FDSI_staircase_snr20dB,sub-04,staircase,20,2,42,0.9682539682539684,0.9806612601372426,0.9811688311688312,,,,0.9298415780067444,1572,1603
roa,sub-04_FDSI_staircase_snr20dB,sub-04,staircase,20,3,49,0.9622641509433962,0.9610866372980912,0.961038961038961,,,,0.9297702312469482,1309,1362
roa,sub-04_FDSI_staircase_snr15dB,sub-04,staircase,15,0,41,1.0,0.998175182481752,0.9981000633312224,,,,0.9795255661010742,1641,1644
roa,sub-04_FDSI_triangular-ramp40s_snr30dB,sub-04,triangular-ramp40s,30,0,42,1.0,0.9956672443674176,0.995408631772268,0.9923076923076924,0.9968717413972888,0.9846153846153848,0.972071409225464,1149,1154
roa,sub-04_FDSI_triangular-ramp40s_snr30dB,sub-04,triangular-ramp40s,30,1,41,1.0,0.9965811965811966,0.9963768115942028,0.9924812030075189,0.9948665297741272,1.0,0.9894370436668396,1166,1170
roa,sub-04_FDSI_triangular-ramp40s_snr30dB,sub-04,triangular-ramp40s,30,2,33,0.9594594594594594,0.9742228961334344,0.9735152487961476,0.9794520547945206,0.9727520435967304,0.958904109589041,0.9326422810554504,1286,1318
roa,sub-04_FDSI_triangular-ramp40s_snr30dB,sub-04,triangular-ramp40s,30,3,50,1.0,0.9835560123329908,0.982608695652174,1.0,0.9803680981595092,0.9636363636363636,0.9451808333396912,967,963
roa,sub-04_FDSI_triangular-ramp40s_snr30dB,sub-04,triangular-ramp40s,30,4,51,1.0,0.992505353319058,0.9920544835414302,1.0,0.990990990990991,1.0,0.9500531554222108,927,934
roa,sub-04_FDSI_triangular-ramp40s_snr30dB,sub-04,triangular-ramp40s,30,5,49,1.0,0.9949494949494948,0.994646680942184,1.0,0.9927272727272728,0.9818181818181818,0.9682719707489014,985,990
roa,sub-04_FDSI_triangular-ramp40s_snr30dB,sub-04,triangular-ramp40s,30,6,48,1.0,0.9960513326752222,0.9958246346555324,1.0,0.9964497041420118,0.9821428571428572,0.976542830467224,1009,1013
roa,sub-04_FDSI_triangular-ramp40s_snr30dB,sub-04,triangular-ramp40s,30,7,44,1.0,0.9954995499549956,0.9952380952380953,0.9918032786885246,0.9935344827586208,1.0,0.9521955251693726,1106,1111
roa,sub-04_FDSI_triangular-ramp40s_snr30dB,sub-04,triangular-ramp40s,30,8,54,1.0,0.965311004784689,0.9632911392405064,0.9891304347826086,0.9613180515759312,0.9782608695652174,0.9063135385513306,807,836
roa,sub-04_FDSI_triangular-ramp40s_snr30dB,sub-04,triangular-ramp40s,30,9,17,0.927710843373494,0.954515050167224,0.9547062986553432,0.9281437125748504,0.9558587479935796,0.963855421686747,0.928909420967102,1427,1495
roa,sub-04_FDSI_triangular-ramp40s_snr30dB,sub-04,triangular-ramp40s,30,10,23,0.935897435897436,0.9783368273934312,0.9807834441980784,0.9559748427672956,0.9798826487845766,1.0,0.9452183246612548,1400,1431
roa,sub-04_FDSI_triangular-ramp40s_snr30dB,sub-04,triangular-ramp40s,30,11,47,0.9107142857142856,0.9254013220018886,0.926221335992024,0.9210526315789472,0.9256756756756755,0.9298245614035088,0.8920207023620605,1002,1037
roa,sub-04_FDSI_triangular-ramp40s_snr30dB,sub-04,triangular-ramp40s,30,12,53,0.9565217391304348,0.9767441860465116,0.977886977886978,0.9574468085106383,0.9791376912378305,0.9787234042553192,0.9514687061309814,842,858
roa,sub-04_FDSI_triangular-ramp40s_snr25dB,sub-04,triangular-ramp40s,25,0,42,1.0,0.9930675909878682,0.992653810835629,0.9923076923076924,0.9937434827945776,0.9846153846153848,0.9567458629608154,1146,1154
roa,sub-04_FDSI_triangular-ramp40s_snr25dB,sub-04,triangular-ramp40s,25,1,44,0.9672131147540984,0.9829290206648698,0.9838403041825096,0.9754098360655736,0.9817204301075269,0.9838709677419356,0.9334989190101624,1096,1111
roa,sub-04_FDSI_triangular-ramp40s_snr25dB,sub-04,triangular-ramp40s,25,2,50,1.0,0.757085020242915,0.7461928934010152,1.0,0.7205199628597957,0.9818181818181818,0.8844891786575317,1207,963
roa,sub-04_FDSI_triangular-ramp40s_snr25dB,sub-04,triangular-ramp40s,25,3,48,1.0,0.9930898321816388,0.9926931106471816,1.0,0.9940828402366864,0.9642857142857144,0.9582627415657043,1006,1013
roa,sub-04_FDSI_triangular-ramp40s_snr25dB,sub-04,triangular-ramp40s,25,4,49,0.9821428571428572,0.98989898989899,0.9903640256959316,0.990990990990991,0.987878787878788,0.9818181818181818,0.9526206254959106,980,990
roa,sub-04_FDSI_triangular-ramp40s_snr25dB,sub-04,triangular-ramp40s,25,5,41,1.0,0.9948717948717948,0.9945652173913044,0.9924812030075189,0.9938398357289528,0.984375,0.9749512076377868,1164,1170
roa,sub-04_FDSI_triangular-ramp40s_snr25dB,sub-04,triangular-ramp40s,25,6,51,0.981132075471698,0.952928870292887,0.9512735326688816,0.9809523809523808,0.9461827284105132,1.0,0.9292545318603516,933,934
roa,sub-04_FDSI_triangular-ramp40s_snr20dB,sub-04,triangular-ramp40s,20,0,42,0.953846153846154,0.9705372616984402,0.9715335169880625,0.9692307692307692,0.9718456725755996,0.953846153846154,0.924717128276825,1120,1154
roa,sub-04_FDSI_triangular-ramp40s_snr20dB,sub-04,triangular-ramp40s,20,1,41,1.0,0.9948717948717948,0.9945652173913044,0.9924812030075189,0.9928131416837782,1.0,0.9847110509872437,1164,1170
roa,sub-04_FDSI_triangular-ramp40s_snr20dB,sub-04,triangular-ramp40s,20,2,44,0.9193548387096774,0.9430097951914514,0.944392082940622,0.91869918699187,0.9403620873269436,1.0,0.8988677263259888,1071,1111
roa,sub-04_FDSI_triangular-ramp40s_snr20dB,sub-04,triangular-ramp40s,20,3,48,0.9818181818181818,0.983218163869694,0.9832985386221296,0.9732142857142856,0.9881656804733728,0.9285714285714286,0.9420234560966492,996,1013
roa,sub-04_FDSI_triangular-ramp40s_snr15dB,sub-04,triangular-ramp40s,15,0,41,1.0,0.9948717948717948,0.9945652173913044,0.9924812030075189,0.9928131416837782,1.0,0.9763523936271667,1164,1170
roa,sub-04_FDSI_triangular-ramp20s_snr30dB,sub-04,triangular-ramp20s,30,0,48,1.0,0.99603567888999,0.9957939011566772,1.0,0.99523241954708,1.0,0.9646945595741272,1005,1009
roa,sub-04_FDSI_triangular-ramp20s_snr30dB,sub-04,triangular-ramp20s,30,1,51,1.0,0.9891891891891892,0.988558352402746,1.0,0.987012987012987,0.9622641509433962,0.9359939098358154,917,923
roa,sub-04_FDSI_triangular-ramp20s_snr30dB,sub-04,triangular-ramp20s,30,2,54,1.0,0.9675480769230768,0.96569250317662,0.9666666666666668,0.9626972740315638,1.0,0.9190640449523926,808,829
roa,sub-04_FDSI_triangular-ramp20s_snr30dB,sub-04,triangular-ramp20s,30,3,50,1.0,0.977366255144033,0.9760609357997824,1.0,0.9728729963008632,1.0,0.9375516176223756,956,966
roa,sub-04_FDSI_triangular-ramp20s_snr30dB,sub-04,triangular-ramp20s,30,4,53,1.0,0.9803468208092484,0.9791921664626684,1.0,0.9791955617198336,0.9583333333333334,0.9376340508461,849,864
roa,sub-04_FDSI_triangular-ramp20s_snr30dB,sub-04,triangular-ramp20s,30,5,42,1.0,0.9956896551724138,0.9954421148587056,1.0,0.9948506694129764,1.0,0.9606510400772096,1155,1160
roa,sub-04_FDSI_triangular-ramp20s_snr30dB,sub-04,triangular-ramp20s,30,6,49,1.0,0.9918367346938776,0.9913885898815932,0.9906542056074766,0.993894993894994,0.9629629629629628,0.952995240688324,972,980
roa,sub-04_FDSI_triangular-ramp20s_snr30dB,sub-04,triangular-ramp20s,30,7,37,0.9420289855072465,0.902788844621514,0.9005059021922428,0.9558823529411764,0.8914285714285715,0.9710144927536232,0.877309262752533,1137,1251
roa,sub-04_FDSI_triangular-ramp20s_snr30dB,sub-04,triangular-ramp20s,30,8,23,0.9625,0.976140350877193,0.9769516728624535,0.968944099378882,0.9755274261603376,1.0,0.9395632147789,1391,1425
roa,sub-04_FDSI_triangular-ramp20s_snr30dB,sub-04,triangular-ramp20s,30,9,41,1.0,0.9949238578680204,0.9946284691136974,0.9848484848484848,0.993920972644377,1.0,0.9838996529579164,1176,1182
roa,sub-04_FDSI_triangular-ramp20s_snr30dB,sub-04,triangular-ramp20s,30,10,33,0.9178082191780822,0.9504504504504504,0.9523431294678316,0.9455782312925172,0.9495949594959496,0.9466666666666668,0.9138846397399902,1273,1325
roa,sub-04_FDSI_triangular-ramp20s_snr30dB,sub-04,triangular-ramp20s,30,11,17,0.9375,0.963037634408602,0.9644886363636364,0.9634146341463414,0.9620967741935484,0.9761904761904762,0.9310913681983948,1433,1488
roa,sub-04_FDSI_triangular-ramp20s_snr30dB,sub-04,triangular-ramp20s,30,12,44,0.9838709677419356,0.9927536231884058,0.9913710450623202,0.9916666666666668,0.9924078091106292,1.0,0.9356828331947328,1096,1104
roa,sub-04_FDSI_triangular-ramp20s_snr25dB,sub-04,triangular-ramp20s,25,0,51,0.9803921568627452,0.3100929614873838,0.2865979381443299,0.9902912621359224,0.2772657450076805,0.05,0.8991345763206482,1050,923
roa,sub-04_FDSI_triangular-ramp20s_snr25dB,sub-04,triangular-ramp20s,25,1,54,0.9333333333333332,0.8954326923076923,0.8932655654383735,0.9550561797752808,0.8852223816355811,0.9347826086956522,0.8743632435798645,748,829
roa,sub-04_FDSI_triangular-ramp20s_snr25dB,sub-04,triangular-ramp20s,25,2,53,0.9375,0.944,0.9443772672309552,0.9270833333333334,0.945280437756498,0.9583333333333334,0.9085574746131896,837,864
roa,sub-04_FDSI_triangular-ramp20s_snr25dB,sub-04,triangular-ramp20s,25,3,42,1.0,0.9948275862068966,0.9945305378304466,0.992063492063492,0.9948506694129764,1.0,0.9404560327529908,1154,1160
roa,sub-04_FDSI_triangular-ramp20s_snr25dB,sub-04,triangular-ramp20s,25,4,48,1.0,0.9012833168805529,0.8952879581151832,1.0,0.8813760379596679,1.0,0.918244242668152,917,1009
roa,sub-04_FDSI_triangular-ramp20s_snr25dB,sub-04,triangular-ramp20s,25,5,50,0.981132075471698,0.975485188968335,0.9751619870410368,0.9908256880733946,0.9718826405867972,1.0,0.9408844113349916,968,966
roa,sub-04_FDSI_triangular-ramp20s_snr25dB,sub-04,triangular-ramp20s,25,6,49,1.0,0.9816326530612244,0.9806243272335844,0.9813084112149532,0.9804639804639804,1.0,0.9389110207557678,962,980
roa,sub-04_FDSI_triangular-ramp20s_snr25dB,sub-04,triangular-ramp20s,25,7,44,1.0,0.9719202898550724,0.9702780441035476,0.9916666666666668,0.9674620390455532,1.0,0.9127393364906312,1073,1104
roa,sub-04_FDSI_triangular-ramp20s_snr25dB,sub-04,triangular-ramp20s,25,8,41,1.0,0.9949238578680204,0.9946284691136974,0.9848484848484848,0.993920972644377,1.0,0.9840742349624634,1176,1182
roa,sub-04_FDSI_triangular-ramp20s_snr20dB,sub-04,triangular-ramp20s,20,0,48,0.9827586206896552,0.9732673267326732,0.972689075630252,0.9823008849557522,0.9702380952380952,1.0,0.9213261604309082,984,1009
roa,sub-04_FDSI_triangular-ramp20s_snr20dB,sub-04,triangular-ramp20s,20,1,42,0.984126984126984,0.9560723514211886,0.9544626593806922,0.9603174603174603,0.9526748971193416,1.0,0.8964911103248596,1111,1160
roa,sub-04_FDSI_triangular-ramp20s_snr20dB,sub-04,triangular-ramp20s,20,2,41,1.0,0.994077834179357,0.9937332139659804,0.9848484848484848,0.9929078014184396,1.0,0.980617880821228,1175,1182
roa,sub-04_FDSI_triangular-ramp20s_snr15dB,sub-04,triangular-ramp20s,15,0,41,1.0,0.9949238578680204,0.9946284691136974,0.9848484848484848,0.993920972644377,1.0,0.9762060642242432,1176,1182
roa,sub-04_FDSI_triangular-ramp10s_snr30dB,sub-04,triangular-ramp10s,30,0,49,1.0,0.9928861788617886,0.9924487594390508,1.0,0.991442542787286,1.0,0.9453808665275574,977,984
roa,sub-04_FDSI_triangular-ramp10s_snr30dB,sub-04,triangular-ramp10s,30,1,41,0.9846153846153848,0.9991452991452991,0.9981916817359856,1.0,0.9989775051124744,1.0,0.9754870533943176,1169,1170
roa,sub-04_FDSI_triangular-ramp10s_snr30dB,sub-04,triangular-ramp10s,30,2,42,1.0,0.94275802254987,0.9393382352941176,0.9767441860465116,0.9345794392523364,1.0,0.8949782848358154,1087,1153
roa,sub-04_FDSI_triangular-ramp10s_snr30dB,sub-04,triangular-ramp10s,30,3,48,1.0,0.9960238568588468,0.9957983193277312,0.9907407407407408,0.9964328180737216,1.0,0.952318787574768,1002,1006
roa,sub-04_FDSI_triangular-ramp10s_snr30dB,sub-04,triangular-ramp10s,30,4,47,0.9827586206896552,0.0563002680965147,0.026563364692861,0.6153846153846154,0.031559405940594,0.0654205607476635,0.9272454977035522,932,1038
roa,sub-04_FDSI_triangular-ramp10s_snr30dB,sub-04,triangular-ramp10s,30,5,50,1.0,0.8932955618508026,0.887785501489573,1.0,0.8741648106904232,1.0,0.9027244448661804,1043,962
roa,sub-04_FDSI_triangular-ramp10s_snr30dB,sub-04,triangular-ramp10s,30,6,44,1.0,0.9361510791366906,0.9323809523809524,0.9919354838709676,0.9239956568946796,1.0,0.9060989022254944,1041,1112
roa,sub-04_FDSI_triangular-ramp10s_snr30dB,sub-04,triangular-ramp10s,30,7,51,1.0,0.9451476793248944,0.9420289855072465,1.0,0.9344262295081968,1.0,0.896477997303009,918,926
roa,sub-04_FDSI_triangular-ramp10s_snr30dB,sub-04,triangular-ramp10s,30,8,17,0.9523809523809524,0.965287049399199,0.9646643109540636,0.9820359281437124,0.9607371794871796,1.0,0.9323121309280396,1446,1498
roa,sub-04_FDSI_triangular-ramp10s_snr30dB,sub-04,triangular-ramp10s,30,9,54,1.0,0.9723889555822328,0.9707750952986024,0.9891304347826086,0.968299711815562,1.0,0.9168581962585448,811,832
roa,sub-04_FDSI_triangular-ramp10s_snr30dB,sub-04,triangular-ramp10s,30,10,33,0.9444444444444444,0.8980988593155893,0.8954143201930812,0.9305555555555556,0.8888888888888888,0.9726027397260274,0.8935773372650146,1183,1313
roa,sub-04_FDSI_triangular-ramp10s_snr30dB,sub-04,triangular-ramp10s,30,11,53,0.9583333333333334,0.1312217194570135,0.104736490993996,0.9583333333333334,0.0786186627479794,0.0561797752808988,0.9052013158798218,881,869
roa,sub-04_FDSI_triangular-ramp10s_snr30dB,sub-04,triangular-ramp10s,30,12,43,0.9076923076923076,0.0966850828729281,0.0664756446991404,0.8854961832061069,0.0356460852959898,0.0673076923076923,0.8790724873542786,846,1139
roa,sub-04_FDSI_triangular-ramp10s_snr30dB,sub-04,triangular-ramp10s,30,13,23,0.9090909090909092,0.9518492672714584,0.9542772861356932,0.9487179487179488,0.9515859766277128,0.9620253164556962,0.9093865752220154,1365,1432
roa,sub-04_FDSI_triangular-ramp10s_snr25dB,sub-04,triangular-ramp10s,25,0,54,0.9130434782608696,0.7981330221703618,0.7916152897657214,0.9021739130434784,0.775766016713092,0.9361702127659576,0.8643131256103516,709,832
roa,sub-04_FDSI_triangular-ramp10s_snr25dB,sub-04,triangular-ramp10s,25,1,49,0.9824561403508772,0.938877755511022,0.9362380446333688,0.9823008849557522,0.9290865384615384,1.0,0.9066045880317688,951,984
roa,sub-04_FDSI_triangular-ramp10s_snr25dB,sub-04,triangular-ramp10s,25,2,48,0.9814814814814816,0.8956262425447317,0.8907563025210085,0.9907407407407408,0.8775267538644471,0.9824561403508772,0.9057425260543824,901,1006
roa,sub-04_FDSI_triangular-ramp10s_snr25dB,sub-04,triangular-ramp10s,25,3,42,1.0,0.9774501300954032,0.9761029411764706,0.9844961240310076,0.9750778816199376,1.0,0.9176263809204102,1127,1153
roa,sub-04_FDSI_triangular-ramp10s_snr25dB,sub-04,triangular-ramp10s,25,4,50,1.0,0.879392212725546,0.8731268731268731,1.0,0.8576233183856502,1.0,0.8887159824371338,1017,962
roa,sub-04_FDSI_triangular-ramp10s_snr25dB,sub-04,triangular-ramp10s,25,5,44,0.9838709677419356,0.9186773905272564,0.9148533585619678,0.9838709677419356,0.9040948275862069,1.0,0.8824191689491272,1035,1112
roa,sub-04_FDSI_triangular-ramp10s_snr25dB,sub-04,triangular-ramp10s,25,6,41,0.9846153846153848,0.9991452991452991,0.9981916817359856,1.0,0.9989775051124744,1.0,0.9694915413856506,1169,1170
roa,sub-04_FDSI_triangular-ramp10s_snr25dB,sub-04,triangular-ramp10s,25,7,51,0.9803921568627452,0.538403041825095,0.5205696202531646,0.9611650485436892,0.5469314079422383,0.0594059405940594,0.8599556088447571,1097,926
roa,sub-04_FDSI_triangular-ramp10s_snr20dB,sub-04,triangular-ramp10s,20,0,41,0.9846153846153848,0.9948717948717948,0.9936708860759492,0.984375,0.9948927477017364,0.984375,0.9780169129371644,1164,1170
roa,sub-04_FDSI_triangular-ramp10s_snr20dB,sub-04,triangular-ramp10s,20,1,49,0.9473684210526316,0.8549848942598187,0.8493589743589743,0.911504424778761,0.8403869407496977,0.9622641509433962,0.8698912262916565,858,984
roa,sub-04_FDSI_triangular-ramp10s_snr20dB,sub-04,triangular-ramp10s,20,2,42,0.9692307692307692,0.9358752166377816,0.9338842975206612,0.9689922480620154,0.9273858921161826,1.0,0.8849174380302429,1081,1153
roa,sub-04_FDSI_triangular-ramp10s_snr20dB,sub-04,triangular-ramp10s,20,3,50,0.9423076923076924,0.8290203327171903,0.8233009708737864,0.9532710280373832,0.8043478260869565,1.0,0.8682729601860046,1017,962
roa,sub-04_FDSI_triangular-ramp10s_snr20dB,sub-04,triangular-ramp10s,20,4,48,0.925925925925926,0.8067393458870169,0.8,0.925925925925926,0.7819905213270142,0.9473684210526316,0.8702282905578613,817,1006
roa,sub-04_FDSI_triangular-ramp10s_snr15dB,sub-04,triangular-ramp10s,15,0,41,0.9846153846153848,0.9948717948717948,0.9936708860759492,0.984375,0.9948927477017364,0.984375,0.9708644151687622,1164,1170
roa,sub-04_FDSI_triangular-ramp5s_snr30dB,sub-04,triangular-ramp5s,30,0,48,1.0,0.9851485148514852,0.9843096234309624,1.0,0.982185273159145,1.0,0.9291150569915771,995,1010
roa,sub-04_FDSI_triangular-ramp5s_snr30dB,sub-04,triangular-ramp5s,30,1,44,1.0,0.8167870036101083,0.8059273422562141,0.8,0.8060344827586207,0.9836065573770492,0.8992193341255188,906,1107
roa,sub-04_FDSI_triangular-ramp5s_snr30dB,sub-04,triangular-ramp5s,30,2,49,1.0,0.8877755511022044,0.8813559322033898,0.7522935779816514,0.8983253588516746,1.0,0.9072784185409546,899,985
roa,sub-04_FDSI_triangular-ramp5s_snr30dB,sub-04,triangular-ramp5s,30,3,41,0.9848484848484848,0.9949238578680204,0.9937332139659804,0.9924242424242424,0.9949186991869918,1.0,0.9615471959114076,1176,1182
roa,sub-04_FDSI_triangular-ramp5s_snr30dB,sub-04,triangular-ramp5s,30,4,54,1.0,0.6986794717887155,0.6810673443456162,0.8369565217391305,0.659942363112392,1.0,0.918654203414917,583,832
roa,sub-04_FDSI_triangular-ramp5s_snr30dB,sub-04,triangular-ramp5s,30,5,42,1.0,0.9425087108013938,0.9390581717451524,0.875,0.947753396029258,1.0,0.9000795483589172,1083,1147
roa,sub-04_FDSI_triangular-ramp5s_snr30dB,sub-04,triangular-ramp5s,30,6,53,0.9791666666666666,0.912797281993205,0.9089820359281438,0.8712871287128713,0.9168937329700272,0.9375,0.8934475779533386,823,866
roa,sub-04_FDSI_triangular-ramp5s_snr30dB,sub-04,triangular-ramp5s,30,7,50,1.0,0.8113017154389506,0.8008519701810437,0.8037383177570093,0.8002406738868832,1.0,0.889543354511261,837,958
roa,sub-04_FDSI_triangular-ramp5s_snr30dB,sub-04,triangular-ramp5s,30,8,47,0.9482758620689656,0.0609890109890109,0.0317820658342792,0.4926470588235294,0.0332268370607028,0.0776699029126213,0.918170154094696,892,1039
roa,sub-04_FDSI_triangular-ramp5s_snr30dB,sub-04,triangular-ramp5s,30,9,23,1.0,0.9559532002752924,0.9534545454545454,0.930379746835443,0.9572719802793755,0.9871794871794872,0.9199891686439514,1389,1453
roa,sub-04_FDSI_triangular-ramp5s_snr30dB,sub-04,triangular-ramp5s,30,10,51,1.0,0.724622030237581,0.708904109589041,0.6666666666666666,0.7139175257731959,1.0,0.8867208957672119,684,913
roa,sub-04_FDSI_triangular-ramp5s_snr25dB,sub-04,triangular-ramp5s,25,0,42,1.0,0.8744551002615518,0.866913123844732,0.8515625,0.8702928870292888,0.984126984126984,0.89964359998703,1003,1147
roa,sub-04_FDSI_triangular-ramp5s_snr25dB,sub-04,triangular-ramp5s,25,1,48,1.0,0.904950495049505,0.899581589958159,0.8938053097345132,0.9002375296912114,1.0,0.9190697073936462,914,1010
roa,sub-04_FDSI_triangular-ramp5s_snr25dB,sub-04,triangular-ramp5s,25,2,44,1.0,0.7721973094170403,0.7587844254510921,0.8333333333333334,0.7508021390374332,0.9508196721311476,0.8924965262413025,869,1107
roa,sub-04_FDSI_triangular-ramp5s_snr25dB,sub-04,triangular-ramp5s,25,3,54,0.9565217391304348,0.4731182795698925,0.4450063211125158,0.5638297872340425,0.4324712643678161,0.8936170212765957,0.8938030004501343,401,832
roa,sub-04_FDSI_triangular-ramp5s_snr25dB,sub-04,triangular-ramp5s,25,4,41,0.9848484848484848,0.994077834179357,0.9928379588182632,1.0,0.9939024390243902,0.9848484848484848,0.9577202796936036,1175,1182
roa,sub-04_FDSI_triangular-ramp5s_snr25dB,sub-04,triangular-ramp5s,25,5,50,1.0,0.8041338582677166,0.7935684647302904,0.7407407407407407,0.8,1.0,0.885262131690979,875,958
roa,sub-04_FDSI_triangular-ramp5s_snr25dB,sub-04,triangular-ramp5s,25,6,53,0.9791666666666666,0.8692737430167597,0.8630460448642266,0.8653846153846154,0.8640646029609691,0.9583333333333334,0.8687664866447449,807,866
roa,sub-04_FDSI_triangular-ramp5s_snr25dB,sub-04,triangular-ramp5s,25,7,49,1.0,0.8152284263959391,0.8045112781954887,0.7247706422018348,0.8165249088699879,0.981132075471698,0.9089447259902954,803,985
roa,sub-04_FDSI_triangular-ramp5s_snr25dB,sub-04,triangular-ramp5s,25,8,51,0.98,0.5722120658135283,0.5526819923371648,0.6868686868686869,0.6185682326621924,0.0495049504950495,0.8586894273757935,807,913
roa,sub-04_FDSI_triangular-ramp5s_snr20dB,sub-04,triangular-ramp5s,20,0,41,0.9848484848484848,0.994077834179357,0.9928379588182632,1.0,0.9928861788617886,1.0,0.9674060940742492,1175,1182
roa,sub-04_FDSI_triangular-ramp5s_snr20dB,sub-04,triangular-ramp5s,20,1,48,0.9444444444444444,0.8663366336633663,0.8619246861924686,0.7699115044247787,0.8717339667458432,0.9818181818181818,0.8972418904304504,875,1010
roa,sub-04_FDSI_triangular-ramp5s_snr20dB,sub-04,triangular-ramp5s,20,2,42,0.9384615384615383,0.6881533101045296,0.6731301939058172,0.609375,0.6812957157784744,0.9523809523809524,0.8964996933937073,791,1147
roa,sub-04_FDSI_triangular-ramp5s_snr15dB,sub-04,triangular-ramp5s,15,0,41,0.9848484848484848,0.9957698815566836,0.9946284691136974,1.0,0.9959349593495936,0.9848484848484848,0.9599022269248962,1177,1182
roa,sub-05_FDSI_staircase_snr30dB,sub-05,staircase,30,0,35,1.0,0.988527724665392,0.9880478087649402,,,,0.9605904817581176,1551,1569
roa,sub-05_FDSI_staircase_snr30dB,sub-05,staircase,30,1,31,1.0,0.9958775029446408,0.9957134109001836,,,,0.963542640209198,1691,1698
roa,sub-05_FDSI_staircase_snr30dB,sub-05,staircase,30,2,44,1.0,0.9991204925241864,0.999083409715857,,,,0.979202926158905,1136,1137
roa,sub-05_FDSI_staircase_snr30dB,sub-05,staircase,30,3,42,1.0,0.96,0.958368026644463,,,,0.9013477563858032,1200,1250
roa,sub-05_FDSI_staircase_snr30dB,sub-05,staircase,30,4,43,1.0,0.9949958298582152,0.994787141615986,,,,0.986454427242279,1193,1199
roa,sub-05_FDSI_staircase_snr30dB,sub-05,staircase,30,5,30,1.0,0.9941724941724942,0.993935718617344,,,,0.945773184299469,1706,1716
roa,sub-05_FDSI_staircase_snr30dB,sub-05,staircase,30,6,40,1.0,0.9963235294117648,0.9961744452945676,,,,0.9566024541854858,1355,1360
roa,sub-05_FDSI_staircase_snr30dB,sub-05,staircase,30,7,34,1.0,0.9806007509386734,0.9797913950456324,,,,0.9510737657546996,1567,1598
roa,sub-05_FDSI_staircase_snr30dB,sub-05,staircase,30,8,41,1.0,0.9580838323353292,0.9564541213063764,,,,0.925393283367157,1322,1294
roa,sub-05_FDSI_staircase_snr30dB,sub-05,staircase,30,9,37,0.9322033898305084,0.9617706237424548,0.9629888268156424,,,,0.921978235244751,1439,1486
roa,sub-05_FDSI_staircase_snr30dB,sub-05,staircase,30,10,39,0.9824561403508772,0.9907209136331192,0.9910714285714286,,,,0.9541265368461608,1388,1401
roa,sub-05_FDSI_staircase_snr30dB,sub-05,staircase,30,11,36,0.9672131147540984,0.9666666666666668,0.966643975493533,,,,0.927133321762085,1479,1530
roa,sub-05_FDSI_staircase_snr30dB,sub-05,staircase,30,12,33,0.9076923076923076,0.3060230292294065,0.2881896944824441,,,,0.749972939491272,1312,1637
roa,sub-05_FDSI_staircase_snr30dB,sub-05,staircase,30,13,16,0.9615384615384616,0.9887420460107684,0.989821882951654,,,,0.9560455679893494,2020,2043
roa,sub-05_FDSI_staircase_snr25dB,sub-05,staircase,25,0,35,1.0,0.9725940089228808,0.9714475431606906,,,,0.940250277519226,1526,1569
roa,sub-05_FDSI_staircase_snr25dB,sub-05,staircase,25,1,31,1.0,0.9899882214369848,0.9895897121861604,,,,0.9479637145996094,1681,1698
roa,sub-05_FDSI_staircase_snr25dB,sub-05,staircase,25,2,44,1.0,0.9964819700967458,0.996333638863428,,,,0.9695980548858644,1133,1137
roa,sub-05_FDSI_staircase_snr25dB,sub-05,staircase,25,3,42,0.9591836734693876,0.9071428571428573,0.9050371593724196,,,,0.8644036054611206,1153,1250
roa,sub-05_FDSI_staircase_snr25dB,sub-05,staircase,25,4,43,1.0,0.9949958298582152,0.994787141615986,,,,0.976610541343689,1193,1199
roa,sub-05_FDSI_staircase_snr25dB,sub-05,staircase,25,5,40,0.981132075471698,0.986029411764706,0.9862280030604438,,,,0.9408568143844604,1341,1360
roa,sub-05_FDSI_staircase_snr25dB,sub-05,staircase,25,6,36,0.9016393442622952,0.3281703775411423,0.3107231920199501,,,,0.8609703183174133,1214,1530
roa,sub-05_FDSI_staircase_snr25dB,sub-05,staircase,25,7,16,0.9871794871794872,0.981399902104748,0.9811704834605598,,,,0.9416399002075196,2005,2043
roa,sub-05_FDSI_staircase_snr25dB,sub-05,staircase,25,8,30,0.9701492537313432,0.9691142191142192,0.9690721649484536,,,,0.9261320233345032,1663,1716
roa,sub-05_FDSI_staircase_snr20dB,sub-05,staircase,20,0,31,1.0,0.9788110653325486,0.97796817625459,,,,0.9253479838371276,1664,1698
roa,sub-05_FDSI_staircase_snr20dB,sub-05,staircase,20,1,43,1.0,0.9933277731442868,0.993049522154648,,,,0.9613324403762816,1191,1199
roa,sub-05_FDSI_staircase_snr20dB,sub-05,staircase,20,2,44,1.0,0.969352014010508,0.968065693430657,,,,0.8707225918769836,1112,1137
roa,sub-05_FDSI_staircase_snr15dB,sub-05,staircase,15,0,31,0.9402985074626866,0.9151053864168618,0.9140767824497258,,,,0.8957467675209045,1573,1698
roa,sub-05_FDSI_staircase_snr15dB,sub-05,staircase,15,1,43,0.9791666666666666,0.9824854045037532,0.9826238053866204,,,,0.935859203338623,1178,1199
roa,sub-05_FDSI_staircase_snr15dB,sub-05,staircase,15,2,44,0.9782608695652174,0.9333917616126204,0.9315068493150684,,,,0.8471580743789673,1069,1137
roa,sub-05_FDSI_triangular-ramp40s_snr30dB,sub-05,triangular-ramp40s,30,0,44,1.0,0.2577617328519855,0.2334079045488441,1.0,0.2245584524810765,0.0495049504950495,0.806952953338623,927,815
roa,sub-05_FDSI_triangular-ramp40s_snr30dB,sub-05,triangular-ramp40s,30,1,41,1.0,0.8305084745762712,0.8225957049486461,0.9902912621359224,0.8440567066521265,0.5294117647058824,0.9233566522598268,1115,937
roa,sub-05_FDSI_triangular-ramp40s_snr30dB,sub-05,triangular-ramp40s,30,2,43,1.0,0.9698025551684089,0.9679802955665024,0.9897959183673468,0.9650837988826816,1.0,0.871305525302887,836,860
roa,sub-05_FDSI_triangular-ramp40s_snr30dB,sub-05,triangular-ramp40s,30,3,35,1.0,0.995571302037201,0.9953227315247896,0.976,0.9946865037194474,0.9846153846153848,0.957840383052826,1124,1129
roa,sub-05_FDSI_triangular-ramp40s_snr30dB,sub-05,triangular-ramp40s,30,4,31,1.0,0.992635024549918,0.9922077922077922,0.9927007299270072,0.9921491658488716,1.0,0.9561035633087158,1213,1222
roa,sub-05_FDSI_triangular-ramp40s_snr30dB,sub-05,triangular-ramp40s,30,5,16,1.0,0.9938817131203264,0.9935251798561152,0.9877300613496932,0.9918500407497962,0.9879518072289156,0.955204427242279,1462,1471
roa,sub-05_FDSI_triangular-ramp40s_snr30dB,sub-05,triangular-ramp40s,30,6,40,1.0,0.995893223819302,0.9956474428726876,1.0,0.995067817509248,1.0,0.9635025262832642,970,974
roa,sub-05_FDSI_triangular-ramp40s_snr30dB,sub-05,triangular-ramp40s,30,7,39,1.0,0.99197592778335,0.9915074309978767,1.0,0.9903846153846154,0.9642857142857144,0.9551522135734558,989,997
roa,sub-05_FDSI_triangular-ramp40s_snr30dB,sub-05,triangular-ramp40s,30,8,33,0.9206349206349206,0.9501267962806424,0.9517857142857142,0.9534883720930232,0.9504048582995952,0.9393939393939394,0.9103073477745056,1130,1177
roa,sub-05_FDSI_triangular-ramp40s_snr30dB,sub-05,triangular-ramp40s,30,9,42,1.0,0.9713024282560706,0.969626168224299,0.99,0.9667994687915008,1.0,0.8922733068466187,880,906
roa,sub-05_FDSI_triangular-ramp40s_snr30dB,sub-05,triangular-ramp40s,30,10,30,1.0,0.9928571428571428,0.9924559932942164,0.9928057553956836,0.9933460076045628,0.9855072463768116,0.9653092622756958,1251,1260
roa,sub-05_FDSI_triangular-ramp40s_snr30dB,sub-05,triangular-ramp40s,30,11,36,0.9672131147540984,0.9174228675136116,0.914505283381364,0.9672131147540984,0.9064200217627856,0.9836065573770492,0.92604660987854,1013,1100
roa,sub-05_FDSI_triangular-ramp40s_snr30dB,sub-05,triangular-ramp40s,30,12,34,0.9,0.93733681462141,0.9393939393939394,0.9444444444444444,0.9344432882414152,0.967741935483871,0.8933578133583069,1079,1147
roa,sub-05_FDSI_triangular-ramp40s_snr25dB,sub-05,triangular-ramp40s,25,0,44,1.0,0.2163293789253314,0.1915046796256299,1.0,0.1760904684975767,0.0490196078431372,0.7845010757446289,928,815
roa,sub-05_FDSI_triangular-ramp40s_snr25dB,sub-05,triangular-ramp40s,25,1,35,1.0,0.9858281665190434,0.9850327408793264,0.9838709677419356,0.9840595111583422,0.9846153846153848,0.9329525232315063,1113,1129
roa,sub-05_FDSI_triangular-ramp40s_snr25dB,sub-05,triangular-ramp40s,25,2,30,1.0,0.9873015873015872,0.9865884325230512,0.9928057553956836,0.9857414448669202,1.0,0.932889759540558,1244,1260
roa,sub-05_FDSI_triangular-ramp40s_snr25dB,sub-05,triangular-ramp40s,25,3,31,1.0,0.9909983633387888,0.9904761904761904,0.9927007299270072,0.9911678115799804,0.9848484848484848,0.947771430015564,1211,1222
roa,sub-05_FDSI_triangular-ramp40s_snr25dB,sub-05,triangular-ramp40s,25,4,40,0.9818181818181818,0.9897435897435898,0.9902173913043478,0.9908256880733946,0.9889162561576356,1.0,0.9380043745040894,966,974
roa,sub-05_FDSI_triangular-ramp40s_snr25dB,sub-05,triangular-ramp40s,25,5,41,0.9411764705882352,0.5915300546448088,0.5789101203113942,0.9615384615384616,0.5642857142857143,0.5346534653465347,0.9060479402542114,1393,937
roa,sub-05_FDSI_triangular-ramp40s_snr25dB,sub-05,triangular-ramp40s,25,6,43,1.0,0.9965116279069768,0.996300863131936,1.0,0.9958041958041958,1.0,0.968359649181366,857,860
roa,sub-05_FDSI_triangular-ramp40s_snr25dB,sub-05,triangular-ramp40s,25,7,36,0.9344262295081968,0.2763419483101391,0.2486187845303867,0.9262295081967212,0.2375,0.0490196078431372,0.7754634618759155,826,1100
roa,sub-05_FDSI_triangular-ramp40s_snr25dB,sub-05,triangular-ramp40s,25,8,39,0.9272727272727272,0.9630369630369632,0.9651162790697676,0.9454545454545454,0.9641148325358851,0.9464285714285714,0.9327757954597472,968,997
roa,sub-05_FDSI_triangular-ramp40s_snr25dB,sub-05,triangular-ramp40s,25,9,16,0.9753086419753086,0.9721278042148198,0.9719424460431656,0.9693251533742332,0.9690301548492256,0.9759036144578314,0.9378404021263124,1430,1471
roa,sub-05_FDSI_triangular-ramp40s_snr20dB,sub-05,triangular-ramp40s,20,0,31,0.9705882352941176,0.9762878168438268,0.9766233766233766,0.9565217391304348,0.9774288518155054,1.0,0.9207521677017212,1195,1222
roa,sub-05_FDSI_triangular-ramp40s_snr20dB,sub-05,triangular-ramp40s,20,1,43,1.0,0.994186046511628,0.9938347718865598,1.0,0.993006993006993,1.0,0.9547209143638612,855,860
roa,sub-05_FDSI_triangular-ramp40s_snr20dB,sub-05,triangular-ramp40s,20,2,44,1.0,0.920863309352518,0.9164556962025316,0.9888888888888888,0.9068767908309456,1.0,0.8201103210449219,787,815
roa,sub-05_FDSI_triangular-ramp40s_snr15dB,sub-05,triangular-ramp40s,15,0,43,0.979591836734694,0.9802325581395348,0.9802712700369912,0.979591836734694,0.9832167832167832,0.9361702127659576,0.9349798560142516,843,860
roa,sub-05_FDSI_triangular-ramp40s_snr15dB,sub-05,triangular-ramp40s,15,1,44,1.0,0.9153567110036276,0.9106002554278416,0.9888888888888888,0.9015918958031838,0.9782608695652174,0.853310763835907,769,815
roa,sub-05_FDSI_triangular-ramp20s_snr30dB,sub-05,triangular-ramp20s,30,0,39,0.9636363636363636,0.9733201581027668,0.9738766980146292,0.981981981981982,0.9703791469194312,0.9655172413793104,0.927546501159668,996,1001
roa,sub-05_FDSI_triangular-ramp20s_snr30dB,sub-05,triangular-ramp20s,30,1,35,1.0,0.9875666074600356,0.986829727187206,1.0,0.985058697972252,1.0,0.9389375448226928,1112,1126
roa,sub-05_FDSI_triangular-ramp20s_snr30dB,sub-05,triangular-ramp20s,30,2,30,1.0,0.9888089528377298,0.9881255301102628,0.9928571428571428,0.9875239923224568,1.0,0.9355843663215636,1237,1251
roa,sub-05_FDSI_triangular-ramp20s_snr30dB,sub-05,triangular-ramp20s,30,3,29,0.9315068493150684,0.1137662337662337,0.0815334773218142,0.8958333333333334,0.0534855769230769,0.0535714285714285,0.8507096171379089,870,1274
roa,sub-05_FDSI_triangular-ramp20s_snr30dB,sub-05,triangular-ramp20s,30,4,16,0.9761904761904762,0.991869918699187,0.992816091954023,0.9754601226993864,0.9918831168831168,1.0,0.9518874883651732,1464,1476
roa,sub-05_FDSI_triangular-ramp20s_snr30dB,sub-05,triangular-ramp20s,30,5,36,1.0,0.723630417007359,0.7091222030981067,1.0,0.7477386934673367,0.1714285714285714,0.8476332426071167,1017,1091
roa,sub-05_FDSI_triangular-ramp20s_snr30dB,sub-05,triangular-ramp20s,30,6,40,1.0,0.9917695473251028,0.9912948857453754,1.0,0.9901234567901236,1.0,0.9509994983673096,964,972
roa,sub-05_FDSI_triangular-ramp20s_snr30dB,sub-05,triangular-ramp20s,30,7,31,1.0,0.989344262295082,0.9887250650477016,0.9926470588235294,0.9891944990176816,0.9848484848484848,0.9451127648353576,1207,1220
roa,sub-05_FDSI_triangular-ramp20s_snr30dB,sub-05,triangular-ramp20s,30,8,43,1.0,0.985981308411215,0.9851668726823238,1.0,0.9832167832167832,1.0,0.9364736080169678,844,856
roa,sub-05_FDSI_triangular-ramp20s_snr30dB,sub-05,triangular-ramp20s,30,9,41,1.0,0.5810540360240161,0.5662983425414365,0.961904761904762,0.5571757482732157,0.4835164835164835,0.907751739025116,1429,941
roa,sub-05_FDSI_triangular-ramp20s_snr30dB,sub-05,triangular-ramp20s,30,10,42,1.0,0.9548387096774194,0.9523269012485812,1.0,0.9476372924648788,0.98,0.9179970622062684,922,896
roa,sub-05_FDSI_triangular-ramp20s_snr30dB,sub-05,triangular-ramp20s,30,11,37,0.9830508474576272,0.5466434176111595,0.5229779411764706,0.9658119658119658,0.5274043433298863,0.0634920634920634,0.846738338470459,706,1068
roa,sub-05_FDSI_triangular-ramp20s_snr30dB,sub-05,triangular-ramp20s,30,12,33,0.9375,0.1330401319406267,0.1037037037037037,0.953125,0.0739102969046115,0.0571428571428571,0.8583831787109375,883,1178
roa,sub-05_FDSI_triangular-ramp20s_snr30dB,sub-05,triangular-ramp20s,30,13,44,1.0,0.9963369963369964,0.996124031007752,1.0,0.9956140350877192,1.0,0.972848892211914,816,819
roa,sub-05_FDSI_triangular-ramp20s_snr30dB,sub-05,triangular-ramp20s,30,14,34,0.9672131147540984,0.8620394173093402,0.85623869801085,0.9838709677419356,0.8408163265306122,0.9523809523809524,0.8542473316192627,1019,1154
roa,sub-05_FDSI_triangular-ramp20s_snr25dB,sub-05,triangular-ramp20s,25,0,41,1.0,0.5534550195567145,0.5380984490896831,0.9523809523809524,0.5200892857142857,0.5882352941176471,0.876203179359436,1442,941
roa,sub-05_FDSI_triangular-ramp20s_snr25dB,sub-05,triangular-ramp20s,25,1,30,1.0,0.9624300559552358,0.9601357082273112,0.9785714285714284,0.9577735124760076,1.0,0.9161770343780518,1204,1251
roa,sub-05_FDSI_triangular-ramp20s_snr25dB,sub-05,triangular-ramp20s,25,2,44,1.0,0.9951159951159952,0.9948320413436692,1.0,0.9941520467836256,1.0,0.9548907279968262,815,819
roa,sub-05_FDSI_triangular-ramp20s_snr25dB,sub-05,triangular-ramp20s,25,3,39,0.9090909090909092,0.8555758683729433,0.8527430221366699,0.9369369369369368,0.8358531317494601,0.9827586206896552,0.880494236946106,1029,1001
roa,sub-05_FDSI_triangular-ramp20s_snr25dB,sub-05,triangular-ramp20s,25,4,31,0.9850746268656716,0.981967213114754,0.981786643538595,0.9926470588235294,0.981335952848723,0.9696969696969696,0.9190803170204164,1198,1220
roa,sub-05_FDSI_triangular-ramp20s_snr25dB,sub-05,triangular-ramp20s,25,5,34,0.9344262295081968,0.8694158075601375,0.8658204895738894,0.9516129032258064,0.8515864892528148,0.984126984126984,0.8629024624824524,1022,1154
roa,sub-05_FDSI_triangular-ramp20s_snr25dB,sub-05,triangular-ramp20s,25,6,43,1.0,0.9789719626168224,0.9777503090234858,1.0,0.9748251748251748,1.0,0.9053342938423156,838,856
roa,sub-05_FDSI_triangular-ramp20s_snr25dB,sub-05,triangular-ramp20s,25,7,40,0.9622641509433962,0.1529780564263322,0.1251621271076524,0.9716981132075472,0.0993520518358531,0.0618556701030927,0.9056617617607116,867,972
roa,sub-05_FDSI_triangular-ramp20s_snr25dB,sub-05,triangular-ramp20s,25,8,35,0.984126984126984,0.9760425909494232,0.975563909774436,0.992,0.9733475479744136,0.984375,0.9224085807800292,1101,1126
roa,sub-05_FDSI_triangular-ramp20s_snr25dB,sub-05,triangular-ramp20s,25,9,16,0.9523809523809524,0.9546070460704608,0.9547413793103448,0.950920245398773,0.9521103896103896,0.975609756097561,0.9238157868385316,1409,1476
roa,sub-05_FDSI_triangular-ramp20s_snr20dB,sub-05,triangular-ramp20s,20,0,43,1.0,0.9929906542056076,0.992583436341162,1.0,0.9916083916083916,1.0,0.9522745013237,850,856
roa,sub-05_FDSI_triangular-ramp20s_snr20dB,sub-05,triangular-ramp20s,20,1,44,1.0,0.7976331360946746,0.78625,1.0,0.7605633802816901,0.9787234042553192,0.8568271398544312,700,819
roa,sub-05_FDSI_triangular-ramp20s_snr20dB,sub-05,triangular-ramp20s,20,2,31,0.9850746268656716,0.9467213114754098,0.9444926279271466,0.9852941176470588,0.9410609037328096,0.9545454545454546,0.8931418657302856,1155,1220
roa,sub-05_FDSI_triangular-ramp20s_snr15dB,sub-05,triangular-ramp20s,15,0,44,1.0,0.7466960352422908,0.7334878331402086,1.0,0.703751617076326,0.9787234042553192,0.8078780174255371,767,819
roa,sub-05_FDSI_triangular-ramp20s_snr15dB,sub-05,triangular-ramp20s,15,1,43,0.9787234042553192,0.9614485981308412,0.9604449938195304,0.9893617021276596,0.958041958041958,0.9574468085106383,0.9183331727981568,823,856
roa,sub-05_FDSI_triangular-ramp10s_snr30dB,sub-05,triangular-ramp10s,30,0,43,1.0,0.934959349593496,0.931119311193112,0.9893617021276596,0.9236111111111112,1.0,0.8577840328216553,805,861
roa,sub-05_FDSI_triangular-ramp10s_snr30dB,sub-05,triangular-ramp10s,30,1,44,1.0,0.9902676399026764,0.9896907216494846,0.9787234042553192,0.9912023460410556,1.0,0.9592335224151612,814,822
roa,sub-05_FDSI_triangular-ramp10s_snr30dB,sub-05,triangular-ramp10s,30,2,42,1.0,0.6962421711899791,0.6798679867986799,0.9696969696969696,0.6452410383189122,0.98,0.8456540703773499,722,903
roa,sub-05_FDSI_triangular-ramp10s_snr30dB,sub-05,triangular-ramp10s,30,3,30,1.0,0.9864108713029576,0.985629754860524,1.0,0.983669548511047,1.0,0.9162145256996156,1234,1251
roa,sub-05_FDSI_triangular-ramp10s_snr30dB,sub-05,triangular-ramp10s,30,4,40,1.0,0.9692622950819672,0.9674972914409534,1.0,0.964329643296433,0.9818181818181818,0.9174837470054626,950,972
roa,sub-05_FDSI_triangular-ramp10s_snr30dB,sub-05,triangular-ramp10s,30,5,31,0.9852941176470588,0.9665851670741646,0.9637931034482758,0.9925373134328358,0.9609756097560976,1.0,0.8926790952682495,1187,1226
roa,sub-05_FDSI_triangular-ramp10s_snr30dB,sub-05,triangular-ramp10s,30,6,41,1.0,0.0900104058272632,0.0647058823529411,0.9805825242718448,0.0417647058823529,0.0526315789473684,0.8877412676811218,1163,932
roa,sub-05_FDSI_triangular-ramp10s_snr30dB,sub-05,triangular-ramp10s,30,7,36,0.9508196721311476,0.2111475409836065,0.180327868852459,0.8925619834710744,0.1635802469135802,0.0576923076923076,0.8343799114227295,749,1098
roa,sub-05_FDSI_triangular-ramp10s_snr30dB,sub-05,triangular-ramp10s,30,8,34,0.984126984126984,0.9268929503916448,0.923572744014733,0.96875,0.9174503657262278,0.984375,0.9036393761634828,1066,1148
roa,sub-05_FDSI_triangular-ramp10s_snr30dB,sub-05,triangular-ramp10s,30,9,35,1.0,0.9481680071492404,0.945127719962157,0.9833333333333332,0.9423076923076924,0.9682539682539684,0.8999257683753967,1061,1119
roa,sub-05_FDSI_triangular-ramp10s_snr30dB,sub-05,triangular-ramp10s,30,10,39,1.0,0.1062974542206342,0.0837912087912087,0.990990990990991,0.0641090358404846,0.0496453900709219,0.8946641087532043,1470,1007
roa,sub-05_FDSI_triangular-ramp10s_snr30dB,sub-05,triangular-ramp10s,30,11,33,0.9846153846153848,0.074034902168165,0.0416210295728368,0.6217948717948718,0.0322180916976456,0.0275229357798165,0.9132118821144104,843,1188
roa,sub-05_FDSI_triangular-ramp10s_snr30dB,sub-05,triangular-ramp10s,30,12,16,1.0,0.989802855200544,0.9892395982783356,0.9873417721518988,0.9894394800974816,1.0,0.9501121044158936,1456,1471
roa,sub-05_FDSI_triangular-ramp10s_snr25dB,sub-05,triangular-ramp10s,25,0,43,1.0,0.994192799070848,0.993849938499385,1.0,0.9930555555555556,1.0,0.9484423398971558,856,861
roa,sub-05_FDSI_triangular-ramp10s_snr25dB,sub-05,triangular-ramp10s,25,1,35,0.9838709677419356,0.8982142857142857,0.8931947069943289,0.95,0.8858057630736392,0.984126984126984,0.8910121321678162,1007,1119
roa,sub-05_FDSI_triangular-ramp10s_snr25dB,sub-05,triangular-ramp10s,25,2,30,1.0,0.9536741214057508,0.9510135135135136,0.9928571428571428,0.946257197696737,0.9857142857142858,0.8969846367835999,1195,1251
roa,sub-05_FDSI_triangular-ramp10s_snr25dB,sub-05,triangular-ramp10s,25,3,44,1.0,0.9902676399026764,0.9896907216494846,1.0,0.9882697947214076,1.0,0.9549872279167176,814,822
roa,sub-05_FDSI_triangular-ramp10s_snr25dB,sub-05,triangular-ramp10s,25,4,40,1.0,0.9274028629856852,0.9232432432432433,0.9907407407407408,0.916564417177914,0.9636363636363636,0.8768378496170044,913,972
roa,sub-05_FDSI_triangular-ramp10s_snr25dB,sub-05,triangular-ramp10s,25,5,39,0.9272727272727272,0.7740016992353441,0.7664884135472371,0.954954954954955,0.7443012884043607,0.913793103448276,0.8517739772796631,1081,1007
roa,sub-05_FDSI_triangular-ramp10s_snr25dB,sub-05,triangular-ramp10s,25,6,41,0.9615384615384616,0.0744570837642192,0.0499468650371944,0.8653846153846154,0.0309760374050263,0.0526315789473684,0.8772690892219543,1146,932
roa,sub-05_FDSI_triangular-ramp10s_snr25dB,sub-05,triangular-ramp10s,25,7,31,0.9852941176470588,0.9569105691056912,0.9535683576956148,0.9850746268656716,0.9503891050583656,1.0,0.8825706839561462,1181,1226
roa,sub-05_FDSI_triangular-ramp10s_snr20dB,sub-05,triangular-ramp10s,20,0,43,1.0,0.9616724738675958,0.959409594095941,0.9361702127659576,0.9625,1.0,0.9108605980873108,828,861
roa,sub-05_FDSI_triangular-ramp10s_snr20dB,sub-05,triangular-ramp10s,20,1,44,1.0,0.9483173076923076,0.94529262086514,0.9680851063829788,0.9421965317919077,1.0,0.8949922919273376,799,822
roa,sub-05_FDSI_triangular-ramp10s_snr20dB,sub-05,triangular-ramp10s,20,2,31,0.9264705882352942,0.925264012997563,0.9235395189003436,0.9328358208955224,0.9202334630350194,0.9855072463768116,0.8720957636833191,1144,1226
roa,sub-05_FDSI_triangular-ramp10s_snr15dB,sub-05,triangular-ramp10s,15,0,44,0.9565217391304348,0.7204678362573099,0.7070457354758962,0.9787234042553192,0.66993006993007,0.9782608695652174,0.8779935240745544,649,822
roa,sub-05_FDSI_triangular-ramp10s_snr15dB,sub-05,triangular-ramp10s,15,1,43,0.9375,0.9501160092807424,0.9508599508599508,0.9574468085106383,0.9472954230235784,0.9787234042553192,0.894784688949585,820,861
roa,sub-05_FDSI_triangular-ramp10s_snr15dB,sub-05,triangular-ramp10s,15,2,31,0.9411764705882352,0.7877094972067039,0.7774030354131535,0.9029850746268656,0.7607244995233555,0.9714285714285714,0.8548699617385864,1014,1226
roa,sub-05_FDSI_triangular-ramp5s_snr30dB,sub-05,triangular-ramp5s,30,0,44,1.0,0.9950980392156864,0.9948119325551232,0.989010989010989,0.9955817378497792,1.0,0.9567955136299132,812,816
roa,sub-05_FDSI_triangular-ramp5s_snr30dB,sub-05,triangular-ramp5s,30,1,30,1.0,0.8276409849086577,0.8176470588235294,0.8188405797101449,0.8176638176638177,1.0,0.8989825248718262,1044,1257
roa,sub-05_FDSI_triangular-ramp5s_snr30dB,sub-05,triangular-ramp5s,30,2,43,1.0,0.983625730994152,0.9827373612823674,0.9782608695652174,0.9804195804195804,1.0,0.9471487402915956,841,855
roa,sub-05_FDSI_triangular-ramp5s_snr30dB,sub-05,triangular-ramp5s,30,3,41,1.0,0.1346389228886169,0.1073232323232323,0.6336633663366337,0.1078984485190409,0.0535714285714285,0.8603114485740662,921,933
roa,sub-05_FDSI_triangular-ramp5s_snr30dB,sub-05,triangular-ramp5s,30,4,31,1.0,0.8193653376729048,0.8087855297157622,0.8321167883211679,0.8054740957966764,1.0,0.8777244091033936,1007,1229
roa,sub-05_FDSI_triangular-ramp5s_snr30dB,sub-05,triangular-ramp5s,30,5,36,1.0,0.375,0.3390804597701149,0.5573770491803278,0.3213507625272331,0.796875,0.8677152395248413,417,1101
roa,sub-05_FDSI_triangular-ramp5s_snr30dB,sub-05,triangular-ramp5s,30,6,35,1.0,0.8089005235602095,0.7983425414364641,0.75,0.8031413612565445,0.984375,0.8942795395851135,944,1129
roa,sub-05_FDSI_triangular-ramp5s_snr30dB,sub-05,triangular-ramp5s,30,7,34,0.9846153846153848,0.5813356164383562,0.557570262919311,0.6616541353383458,0.5443298969072164,0.9692307692307692,0.8808159828186035,690,1157
roa,sub-05_FDSI_triangular-ramp5s_snr30dB,sub-05,triangular-ramp5s,30,8,42,1.0,0.3062898814949863,0.2738549618320611,0.61,0.3055555555555556,0.043010752688172,0.8450302481651306,536,897
roa,sub-05_FDSI_triangular-ramp5s_snr30dB,sub-05,triangular-ramp5s,30,9,16,0.9876543209876544,0.969842357779301,0.9687953555878084,0.9151515151515152,0.9745065789473684,0.9873417721518988,0.9345928430557252,1415,1459
roa,sub-05_FDSI_triangular-ramp5s_snr30dB,sub-05,triangular-ramp5s,30,10,40,1.0,0.1023668639053254,0.0727383863080684,0.7636363636363637,0.0595802301963439,0.04,0.9024794697761536,883,980
roa,sub-05_FDSI_triangular-ramp5s_snr30dB,sub-05,triangular-ramp5s,30,11,33,0.9696969696969696,0.0645855758880516,0.03125,0.4969696969696969,0.0324221233312142,0.0490196078431372,0.9025307893753052,791,1187
roa,sub-05_FDSI_triangular-ramp5s_snr30dB,sub-05,triangular-ramp5s,30,12,29,0.9142857142857144,0.2407932011331444,0.2056631892697466,0.4927536231884058,0.2274678111587982,0.045045045045045,0.8094422817230225,480,1272
roa,sub-05_FDSI_triangular-ramp5s_snr25dB,sub-05,triangular-ramp5s,25,0,43,1.0,0.9625730994152046,0.9605425400739828,0.9010989010989012,0.9692307692307692,0.979591836734694,0.9302014112472534,823,855
roa,sub-05_FDSI_triangular-ramp5s_snr25dB,sub-05,triangular-ramp5s,25,1,44,1.0,0.5944380069524913,0.5721271393643031,0.7582417582417582,0.5495867768595041,0.9782608695652174,0.8937636017799377,560,816
roa,sub-05_FDSI_triangular-ramp5s_snr25dB,sub-05,triangular-ramp5s,25,2,41,0.98,0.107773851590106,0.0813106796116504,0.6078431372549019,0.0796758946657663,0.0535714285714285,0.8634464144706726,948,933
roa,sub-05_FDSI_triangular-ramp5s_snr25dB,sub-05,triangular-ramp5s,25,3,40,0.9814814814814816,0.6563436563436563,0.6378035902851109,0.6460176991150443,0.6350540216086434,1.0,0.9016634225845336,678,980
roa,sub-05_FDSI_triangular-ramp5s_snr25dB,sub-05,triangular-ramp5s,25,4,42,0.9387755102040816,0.2462620932277924,0.2150735294117647,0.56,0.2382978723404255,0.043010752688172,0.8340045809745789,520,897
roa,sub-05_FDSI_triangular-ramp5s_snr25dB,sub-05,triangular-ramp5s,25,5,16,0.9506172839506172,0.9396847155586018,0.9390420899854862,0.8909090909090909,0.945679012345679,0.9493670886075948,0.91348534822464,1371,1459
roa,sub-05_FDSI_triangular-ramp5s_snr25dB,sub-05,triangular-ramp5s,25,6,31,0.9558823529411764,0.7526358475263585,0.7407725321888412,0.7153284671532847,0.7419668938656281,0.9855072463768116,0.8746669888496399,932,1229
roa,sub-05_FDSI_triangular-ramp5s_snr25dB,sub-05,triangular-ramp5s,25,7,36,0.9333333333333332,0.3732217573221757,0.3436123348017621,0.5409836065573771,0.3890608875128999,0.0490196078431372,0.8509145975112915,540,1101
roa,sub-05_FDSI_triangular-ramp5s_snr25dB,sub-05,triangular-ramp5s,25,8,35,1.0,0.6829052258635961,0.6651075771749299,0.6532258064516129,0.6645435244161358,0.984375,0.8859380483627319,771,1129
roa,sub-05_FDSI_triangular-ramp5s_snr25dB,sub-05,triangular-ramp5s,25,9,30,0.9710144927536232,0.7720413026211279,0.7605042016806722,0.7536231884057971,0.7597340930674265,1.0,0.8930951952934265,974,1257
roa,sub-05_FDSI_triangular-ramp5s_snr20dB,sub-05,triangular-ramp5s,20,0,31,0.9705882352941176,0.7681159420289855,0.7563884156729132,0.8248175182481752,0.7478260869565218,0.9571428571428572,0.872512698173523,967,1229
roa,sub-05_FDSI_triangular-ramp5s_snr20dB,sub-05,triangular-ramp5s,20,1,43,1.0,0.4509345794392523,0.4211822660098522,0.6263736263736264,0.3924581005586592,0.979591836734694,0.9026534557342528,387,855
roa,sub-05_FDSI_triangular-ramp5s_snr20dB,sub-05,triangular-ramp5s,20,2,44,1.0,0.565266742338252,0.5418660287081339,0.6813186813186813,0.5255376344086021,0.9782608695652174,0.8934693336486816,563,816
roa,sub-05_FDSI_triangular-ramp5s_snr20dB,sub-05,triangular-ramp5s,20,3,41,0.9215686274509804,0.1659388646288209,0.1411082474226804,0.5242718446601942,0.1451263537906137,0.0956521739130434,0.8573460578918457,936,933
roa,sub-05_FDSI_triangular-ramp5s_snr15dB,sub-05,triangular-ramp5s,15,0,43,0.9090909090909092,0.5665887850467289,0.5480295566502463,0.5604395604395604,0.5418994413407822,0.9387755102040816,0.8962514400482178,486,855
roa,sub-05_FDSI_triangular-ramp5s_snr15dB,sub-05,triangular-ramp5s,15,1,44,1.0,0.4719222462203024,0.4449489216799092,0.6593406593406593,0.4207858048162231,0.9782608695652174,0.8745409846305847,547,816
