branch,recording,sub,condition,snr,unit,gt_unit,roa_full,sil
fixed,sub-01_FDSI_staircase_snr30dB,sub-01,staircase,30,0,28,0.603030303030303,0.9626429677009584
fixed,sub-01_FDSI_staircase_snr30dB,sub-01,staircase,30,1,38,0.2946350043975373,0.943734884262085
fixed,sub-01_FDSI_staircase_snr30dB,sub-01,staircase,30,2,7,0.3142857142857143,0.911538541316986
fixed,sub-01_FDSI_staircase_snr30dB,sub-01,staircase,30,3,37,0.2233870967741935,0.9386181235313416
fixed,sub-01_FDSI_staircase_snr30dB,sub-01,staircase,30,4,31,0.3714439076757917,0.9114160537719728
fixed,sub-01_FDSI_staircase_snr30dB,sub-01,staircase,30,5,35,0.2029962546816479,0.9361201524734496
fixed,sub-01_FDSI_staircase_snr30dB,sub-01,staircase,30,6,34,0.398274622573688,0.946411907672882
fixed,sub-01_FDSI_staircase_snr30dB,sub-01,staircase,30,7,30,0.3105110896817743,0.9324353337287904
fixed,sub-01_FDSI_staircase_snr30dB,sub-01,staircase,30,8,36,0.4064976228209191,0.9498863220214844
fixed,sub-01_FDSI_staircase_snr30dB,sub-01,staircase,30,9,32,0.3144781144781144,0.9421970248222352
fixed,sub-01_FDSI_staircase_snr30dB,sub-01,staircase,30,10,24,0.4292845257903494,0.9247715473175048
fixed,sub-01_FDSI_staircase_snr30dB,sub-01,staircase,30,11,22,0.2872570194384449,0.9171510338783264
fixed,sub-01_FDSI_staircase_snr30dB,sub-01,staircase,30,12,33,0.2563573883161512,0.929637849330902
fixed,sub-01_FDSI_staircase_snr30dB,sub-01,staircase,30,13,29,0.2106280193236715,0.900761067867279
fixed,sub-01_FDSI_staircase_snr25dB,sub-01,staircase,25,0,28,0.6024242424242424,0.9599402546882628
fixed,sub-01_FDSI_staircase_snr25dB,sub-01,staircase,25,1,38,0.2620932277924362,0.9453604817390442
fixed,sub-01_FDSI_staircase_snr25dB,sub-01,staircase,25,2,37,0.2090761750405186,0.9403114914894104
fixed,sub-01_FDSI_staircase_snr25dB,sub-01,staircase,25,3,31,0.3555555555555555,0.8969048261642456
fixed,sub-01_FDSI_staircase_snr25dB,sub-01,staircase,25,4,24,0.3831877729257641,0.9314354658126832
fixed,sub-01_FDSI_staircase_snr25dB,sub-01,staircase,25,5,32,0.3111111111111111,0.9447023272514344
fixed,sub-01_FDSI_staircase_snr25dB,sub-01,staircase,25,6,34,0.3845598845598845,0.9404699802398682
fixed,sub-01_FDSI_staircase_snr25dB,sub-01,staircase,25,7,30,0.1707188160676532,0.9238641858100892
fixed,sub-01_FDSI_staircase_snr25dB,sub-01,staircase,25,8,36,0.4025356576862123,0.9467512965202332
fixed,sub-01_FDSI_staircase_snr25dB,sub-01,staircase,25,9,33,0.2452591656131479,0.9145410656929016
fixed,sub-01_FDSI_staircase_snr25dB,sub-01,staircase,25,10,35,0.3425373134328358,0.9070151448249816
fixed,sub-01_FDSI_staircase_snr20dB,sub-01,staircase,20,0,28,0.5878787878787879,0.960892617702484
fixed,sub-01_FDSI_staircase_snr20dB,sub-01,staircase,20,1,38,0.2638522427440633,0.9370405077934264
fixed,sub-01_FDSI_staircase_snr20dB,sub-01,staircase,20,2,37,0.2188006482982172,0.9259278178215028
fixed,sub-01_FDSI_staircase_snr20dB,sub-01,staircase,20,3,36,0.2099841521394611,0.9401426315307616
fixed,sub-01_FDSI_staircase_snr20dB,sub-01,staircase,20,4,34,0.3468208092485549,0.9332152009010316
fixed,sub-01_FDSI_staircase_snr20dB,sub-01,staircase,20,5,32,0.3932659932659932,0.9496567249298096
fixed,sub-01_FDSI_staircase_snr15dB,sub-01,staircase,15,0,28,0.6,0.957900047302246
fixed,sub-01_FDSI_staircase_snr15dB,sub-01,staircase,15,1,38,0.2189973614775725,0.9204782843589784
fixed,sub-01_FDSI_staircase_snr15dB,sub-01,staircase,15,2,36,0.2004754358161648,0.9370042085647584
fixed,sub-01_FDSI_staircase_snr15dB,sub-01,staircase,15,3,34,0.2830324909747292,0.9191612005233764
fixed,sub-01_FDSI_staircase_snr15dB,sub-01,staircase,15,4,32,0.4047138047138047,0.9297308325767516
fixed,sub-01_FDSI_triangular-ramp40s_snr30dB,sub-01,triangular-ramp40s,30,0,28,0.6380471380471381,0.9621212482452391
fixed,sub-01_FDSI_triangular-ramp40s_snr30dB,sub-01,triangular-ramp40s,30,1,32,0.3135593220338983,0.9531433582305908
fixed,sub-01_FDSI_triangular-ramp40s_snr30dB,sub-01,triangular-ramp40s,30,2,38,0.4115479115479115,0.9573306441307068
fixed,sub-01_FDSI_triangular-ramp40s_snr30dB,sub-01,triangular-ramp40s,30,3,37,0.2808219178082192,0.9509350657463074
fixed,sub-01_FDSI_triangular-ramp40s_snr30dB,sub-01,triangular-ramp40s,30,4,35,0.259297520661157,0.937957763671875
fixed,sub-01_FDSI_triangular-ramp40s_snr30dB,sub-01,triangular-ramp40s,30,5,34,0.4356636271529888,0.954540193080902
fixed,sub-01_FDSI_triangular-ramp40s_snr30dB,sub-01,triangular-ramp40s,30,6,36,0.4895259095920617,0.957783579826355
fixed,sub-01_FDSI_triangular-ramp40s_snr30dB,sub-01,triangular-ramp40s,30,7,33,0.2951923076923077,0.9416314959526062
fixed,sub-01_FDSI_triangular-ramp40s_snr30dB,sub-01,triangular-ramp40s,30,8,30,0.3186029935851746,0.9422430992126464
fixed,sub-01_FDSI_triangular-ramp40s_snr30dB,sub-01,triangular-ramp40s,30,9,7,0.3307291666666667,0.9140779972076416
fixed,sub-01_FDSI_triangular-ramp40s_snr30dB,sub-01,triangular-ramp40s,30,10,29,0.2493074792243767,0.9171831011772156
fixed,sub-01_FDSI_triangular-ramp40s_snr30dB,sub-01,triangular-ramp40s,30,11,31,0.6587360594795539,0.875873327255249
fixed,sub-01_FDSI_triangular-ramp40s_snr30dB,sub-01,triangular-ramp40s,30,12,22,0.3440779610194902,0.911691427230835
fixed,sub-01_FDSI_triangular-ramp40s_snr30dB,sub-01,triangular-ramp40s,30,13,24,0.4560994560994561,0.9251662492752076
fixed,sub-01_FDSI_triangular-ramp40s_snr25dB,sub-01,triangular-ramp40s,25,0,28,0.6372053872053872,0.96023428440094
fixed,sub-01_FDSI_triangular-ramp40s_snr25dB,sub-01,triangular-ramp40s,25,1,32,0.32015065913371,0.9460915923118592
fixed,sub-01_FDSI_triangular-ramp40s_snr25dB,sub-01,triangular-ramp40s,25,2,38,0.2886977886977886,0.9609333276748656
fixed,sub-01_FDSI_triangular-ramp40s_snr25dB,sub-01,triangular-ramp40s,25,3,37,0.2844141069397042,0.9360774755477904
fixed,sub-01_FDSI_triangular-ramp40s_snr25dB,sub-01,triangular-ramp40s,25,4,24,0.3758754863813229,0.9235761165618896
fixed,sub-01_FDSI_triangular-ramp40s_snr25dB,sub-01,triangular-ramp40s,25,5,34,0.4124748490945674,0.9481923580169678
fixed,sub-01_FDSI_triangular-ramp40s_snr25dB,sub-01,triangular-ramp40s,25,6,36,0.4818081587651598,0.9486539363861084
fixed,sub-01_FDSI_triangular-ramp40s_snr25dB,sub-01,triangular-ramp40s,25,7,29,0.2188153310104529,0.9147233963012696
fixed,sub-01_FDSI_triangular-ramp40s_snr25dB,sub-01,triangular-ramp40s,25,8,30,0.3219724437998549,0.9348606467247008
fixed,sub-01_FDSI_triangular-ramp40s_snr25dB,sub-01,triangular-ramp40s,25,9,35,0.2777212614445575,0.9124552011489868
fixed,sub-01_FDSI_triangular-ramp40s_snr25dB,sub-01,triangular-ramp40s,25,10,31,0.3978739559605163,0.9019574522972108
fixed,sub-01_FDSI_triangular-ramp40s_snr25dB,sub-01,triangular-ramp40s,25,11,33,0.2621544327931363,0.925652801990509
fixed,sub-01_FDSI_triangular-ramp40s_snr20dB,sub-01,triangular-ramp40s,20,0,28,0.6717171717171717,0.9617783427238464
fixed,sub-01_FDSI_triangular-ramp40s_snr20dB,sub-01,triangular-ramp40s,20,1,32,0.4472693032015066,0.9417109489440918
fixed,sub-01_FDSI_triangular-ramp40s_snr20dB,sub-01,triangular-ramp40s,20,2,38,0.4029484029484029,0.9546744227409364
fixed,sub-01_FDSI_triangular-ramp40s_snr20dB,sub-01,triangular-ramp40s,20,3,35,0.2066869300911854,0.8988108038902283
fixed,sub-01_FDSI_triangular-ramp40s_snr20dB,sub-01,triangular-ramp40s,20,4,36,0.3054024255788313,0.9567058086395264
fixed,sub-01_FDSI_triangular-ramp40s_snr20dB,sub-01,triangular-ramp40s,20,5,34,0.3898477157360406,0.9299479722976683
fixed,sub-01_FDSI_triangular-ramp40s_snr20dB,sub-01,triangular-ramp40s,20,6,37,0.2783505154639175,0.9259958863258362
fixed,sub-01_FDSI_triangular-ramp40s_snr15dB,sub-01,triangular-ramp40s,15,0,28,0.6574074074074074,0.957598090171814
fixed,sub-01_FDSI_triangular-ramp40s_snr15dB,sub-01,triangular-ramp40s,15,1,38,0.3697788697788697,0.9435485005378724
fixed,sub-01_FDSI_triangular-ramp40s_snr15dB,sub-01,triangular-ramp40s,15,2,34,0.343087790110999,0.923638641834259
fixed,sub-01_FDSI_triangular-ramp40s_snr15dB,sub-01,triangular-ramp40s,15,3,36,0.237045203969129,0.9394678473472596
fixed,sub-01_FDSI_triangular-ramp20s_snr30dB,sub-01,triangular-ramp20s,30,0,38,0.3312731767614338,0.9534786939620972
fixed,sub-01_FDSI_triangular-ramp20s_snr30dB,sub-01,triangular-ramp20s,30,1,37,0.357060849598163,0.9513036608695984
fixed,sub-01_FDSI_triangular-ramp20s_snr30dB,sub-01,triangular-ramp20s,30,2,33,0.2936585365853658,0.949535608291626
fixed,sub-01_FDSI_triangular-ramp20s_snr30dB,sub-01,triangular-ramp20s,30,3,32,0.4491525423728814,0.9596439599990844
fixed,sub-01_FDSI_triangular-ramp20s_snr30dB,sub-01,triangular-ramp20s,30,4,28,0.6345514950166113,0.9591606855392456
fixed,sub-01_FDSI_triangular-ramp20s_snr30dB,sub-01,triangular-ramp20s,30,5,35,0.320754716981132,0.9347918033599854
fixed,sub-01_FDSI_triangular-ramp20s_snr30dB,sub-01,triangular-ramp20s,30,6,34,0.4326241134751773,0.9546868801116944
fixed,sub-01_FDSI_triangular-ramp20s_snr30dB,sub-01,triangular-ramp20s,30,7,24,0.4282389449185415,0.9397478699684144
fixed,sub-01_FDSI_triangular-ramp20s_snr30dB,sub-01,triangular-ramp20s,30,8,31,0.4656,0.9182879328727722
fixed,sub-01_FDSI_triangular-ramp20s_snr30dB,sub-01,triangular-ramp20s,30,9,29,0.2520325203252032,0.9055353999137878
fixed,sub-01_FDSI_triangular-ramp20s_snr30dB,sub-01,triangular-ramp20s,30,10,36,0.4884742041712404,0.9484664797782898
fixed,sub-01_FDSI_triangular-ramp20s_snr30dB,sub-01,triangular-ramp20s,30,11,13,0.5047498416719443,0.880614161491394
fixed,sub-01_FDSI_triangular-ramp20s_snr30dB,sub-01,triangular-ramp20s,30,12,30,0.2948237059264816,0.9379924535751344
fixed,sub-01_FDSI_triangular-ramp20s_snr30dB,sub-01,triangular-ramp20s,30,13,22,0.3276374442793462,0.9237622618675232
fixed,sub-01_FDSI_triangular-ramp20s_snr25dB,sub-01,triangular-ramp20s,25,0,38,0.3201483312731767,0.9549158811569214
fixed,sub-01_FDSI_triangular-ramp20s_snr25dB,sub-01,triangular-ramp20s,25,1,28,0.6569767441860465,0.9600352644920348
fixed,sub-01_FDSI_triangular-ramp20s_snr25dB,sub-01,triangular-ramp20s,25,2,34,0.4376869391824526,0.945570170879364
fixed,sub-01_FDSI_triangular-ramp20s_snr25dB,sub-01,triangular-ramp20s,25,3,35,0.3047120418848167,0.9212083220481871
fixed,sub-01_FDSI_triangular-ramp20s_snr25dB,sub-01,triangular-ramp20s,25,4,32,0.416195856873823,0.9476356506347656
fixed,sub-01_FDSI_triangular-ramp20s_snr25dB,sub-01,triangular-ramp20s,25,5,30,0.2633962264150943,0.9249305725097656
fixed,sub-01_FDSI_triangular-ramp20s_snr25dB,sub-01,triangular-ramp20s,25,6,37,0.3048368953880765,0.9387650489807128
fixed,sub-01_FDSI_triangular-ramp20s_snr25dB,sub-01,triangular-ramp20s,25,7,36,0.3194291986827662,0.9591270089149476
fixed,sub-01_FDSI_triangular-ramp20s_snr25dB,sub-01,triangular-ramp20s,25,8,33,0.2349570200573066,0.9230180382728576
fixed,sub-01_FDSI_triangular-ramp20s_snr25dB,sub-01,triangular-ramp20s,25,9,31,0.4851485148514851,0.8972017168998718
fixed,sub-01_FDSI_triangular-ramp20s_snr25dB,sub-01,triangular-ramp20s,25,10,24,0.3656080557707203,0.9219962358474731
fixed,sub-01_FDSI_triangular-ramp20s_snr20dB,sub-01,triangular-ramp20s,20,0,38,0.3201483312731767,0.9455114006996156
fixed,sub-01_FDSI_triangular-ramp20s_snr20dB,sub-01,triangular-ramp20s,20,1,32,0.4284369114877589,0.9415723085403442
fixed,sub-01_FDSI_triangular-ramp20s_snr20dB,sub-01,triangular-ramp20s,20,2,28,0.6461794019933554,0.9619518518447876
fixed,sub-01_FDSI_triangular-ramp20s_snr20dB,sub-01,triangular-ramp20s,20,3,36,0.300768386388584,0.9474741220474244
fixed,sub-01_FDSI_triangular-ramp20s_snr20dB,sub-01,triangular-ramp20s,20,4,34,0.423038728897716,0.9301787614822388
fixed,sub-01_FDSI_triangular-ramp20s_snr15dB,sub-01,triangular-ramp20s,15,0,28,0.6810631229235881,0.9621295928955078
fixed,sub-01_FDSI_triangular-ramp20s_snr15dB,sub-01,triangular-ramp20s,15,1,38,0.3238566131025958,0.9462428092956544
fixed,sub-01_FDSI_triangular-ramp20s_snr15dB,sub-01,triangular-ramp20s,15,2,32,0.4613935969868173,0.9279062151908876
fixed,sub-01_FDSI_triangular-ramp20s_snr15dB,sub-01,triangular-ramp20s,15,3,36,0.2623490669593853,0.9351502656936646
fixed,sub-01_FDSI_triangular-ramp10s_snr30dB,sub-01,triangular-ramp10s,30,0,34,0.4589178356713427,0.9540746212005616
fixed,sub-01_FDSI_triangular-ramp10s_snr30dB,sub-01,triangular-ramp10s,30,1,37,0.3099547511312217,0.9531002044677734
fixed,sub-01_FDSI_triangular-ramp10s_snr30dB,sub-01,triangular-ramp10s,30,2,33,0.3000940733772342,0.9460361003875732
fixed,sub-01_FDSI_triangular-ramp10s_snr30dB,sub-01,triangular-ramp10s,30,3,28,0.6983193277310924,0.9626194834709167
fixed,sub-01_FDSI_triangular-ramp10s_snr30dB,sub-01,triangular-ramp10s,30,4,32,0.256221198156682,0.945543110370636
fixed,sub-01_FDSI_triangular-ramp10s_snr30dB,sub-01,triangular-ramp10s,30,5,30,0.3829787234042553,0.9328255653381348
fixed,sub-01_FDSI_triangular-ramp10s_snr30dB,sub-01,triangular-ramp10s,30,6,38,0.3003663003663003,0.9532548189163208
fixed,sub-01_FDSI_triangular-ramp10s_snr30dB,sub-01,triangular-ramp10s,30,7,35,0.3895287958115183,0.947858989238739
fixed,sub-01_FDSI_triangular-ramp10s_snr30dB,sub-01,triangular-ramp10s,30,8,24,0.4709076803723817,0.9338826537132264
fixed,sub-01_FDSI_triangular-ramp10s_snr30dB,sub-01,triangular-ramp10s,30,9,31,0.4478851963746224,0.9168050289154052
fixed,sub-01_FDSI_triangular-ramp10s_snr30dB,sub-01,triangular-ramp10s,30,10,36,0.4911308203991131,0.9508585333824158
fixed,sub-01_FDSI_triangular-ramp10s_snr30dB,sub-01,triangular-ramp10s,30,11,29,0.26171875,0.8853383660316467
fixed,sub-01_FDSI_triangular-ramp10s_snr30dB,sub-01,triangular-ramp10s,30,12,22,0.3320867614061331,0.9143729209899902
fixed,sub-01_FDSI_triangular-ramp10s_snr25dB,sub-01,triangular-ramp10s,25,0,34,0.4258517034068136,0.9492208361625672
fixed,sub-01_FDSI_triangular-ramp10s_snr25dB,sub-01,triangular-ramp10s,25,1,28,0.6773109243697479,0.9617516994476318
fixed,sub-01_FDSI_triangular-ramp10s_snr25dB,sub-01,triangular-ramp10s,25,2,38,0.3174603174603174,0.9426549077033995
fixed,sub-01_FDSI_triangular-ramp10s_snr25dB,sub-01,triangular-ramp10s,25,3,36,0.2971175166297117,0.9590702652931212
fixed,sub-01_FDSI_triangular-ramp10s_snr25dB,sub-01,triangular-ramp10s,25,4,32,0.4437148217636023,0.9531940817832948
fixed,sub-01_FDSI_triangular-ramp10s_snr25dB,sub-01,triangular-ramp10s,25,5,30,0.2451127819548872,0.9202649593353271
fixed,sub-01_FDSI_triangular-ramp10s_snr25dB,sub-01,triangular-ramp10s,25,6,35,0.304,0.9231038689613342
fixed,sub-01_FDSI_triangular-ramp10s_snr25dB,sub-01,triangular-ramp10s,25,7,33,0.2448210922787194,0.9212024807929992
fixed,sub-01_FDSI_triangular-ramp10s_snr25dB,sub-01,triangular-ramp10s,25,8,31,0.3789237668161435,0.9161567091941832
fixed,sub-01_FDSI_triangular-ramp10s_snr25dB,sub-01,triangular-ramp10s,25,9,37,0.27313769751693,0.927997350692749
fixed,sub-01_FDSI_triangular-ramp10s_snr25dB,sub-01,triangular-ramp10s,25,10,24,0.428246013667426,0.91704660654068
fixed,sub-01_FDSI_triangular-ramp10s_snr20dB,sub-01,triangular-ramp10s,20,0,34,0.4199004975124378,0.9334200620651244
fixed,sub-01_FDSI_triangular-ramp10s_snr20dB,sub-01,triangular-ramp10s,20,1,30,0.1921331316187594,0.9023606777191162
fixed,sub-01_FDSI_triangular-ramp10s_snr20dB,sub-01,triangular-ramp10s,20,2,28,0.6705882352941176,0.960720419883728
fixed,sub-01_FDSI_triangular-ramp10s_snr20dB,sub-01,triangular-ramp10s,20,3,36,0.2815964523281596,0.949049949645996
fixed,sub-01_FDSI_triangular-ramp10s_snr20dB,sub-01,triangular-ramp10s,20,4,32,0.4202626641651032,0.9420532584190368
fixed,sub-01_FDSI_triangular-ramp10s_snr20dB,sub-01,triangular-ramp10s,20,5,38,0.3162393162393162,0.9494226574897766
fixed,sub-01_FDSI_triangular-ramp10s_snr20dB,sub-01,triangular-ramp10s,20,6,35,0.2527693856998993,0.8921188712120056
fixed,sub-01_FDSI_triangular-ramp10s_snr20dB,sub-01,triangular-ramp10s,20,7,37,0.2811428571428571,0.9178987741470336
fixed,sub-01_FDSI_triangular-ramp10s_snr15dB,sub-01,triangular-ramp10s,15,0,28,0.6823529411764706,0.960557758808136
fixed,sub-01_FDSI_triangular-ramp10s_snr15dB,sub-01,triangular-ramp10s,15,1,36,0.2682926829268293,0.936042070388794
fixed,sub-01_FDSI_triangular-ramp10s_snr15dB,sub-01,triangular-ramp10s,15,2,38,0.2673992673992674,0.9342974424362184
fixed,sub-01_FDSI_triangular-ramp10s_snr15dB,sub-01,triangular-ramp10s,15,3,34,0.3601990049751243,0.9198134541511536
fixed,sub-01_FDSI_triangular-ramp5s_snr30dB,sub-01,triangular-ramp5s,30,0,32,0.2456597222222222,0.9365282654762268
fixed,sub-01_FDSI_triangular-ramp5s_snr30dB,sub-01,triangular-ramp5s,30,1,36,0.4669603524229075,0.9609432220458984
fixed,sub-01_FDSI_triangular-ramp5s_snr30dB,sub-01,triangular-ramp5s,30,2,28,0.6470588235294118,0.9618297815322876
fixed,sub-01_FDSI_triangular-ramp5s_snr30dB,sub-01,triangular-ramp5s,30,3,30,0.2765011119347665,0.9468939900398254
fixed,sub-01_FDSI_triangular-ramp5s_snr30dB,sub-01,triangular-ramp5s,30,4,38,0.3234567901234568,0.9493733644485474
fixed,sub-01_FDSI_triangular-ramp5s_snr30dB,sub-01,triangular-ramp5s,30,5,35,0.3230134158926728,0.9322654008865356
fixed,sub-01_FDSI_triangular-ramp5s_snr30dB,sub-01,triangular-ramp5s,30,6,34,0.4225352112676056,0.9537968635559082
fixed,sub-01_FDSI_triangular-ramp5s_snr30dB,sub-01,triangular-ramp5s,30,7,31,0.4486692015209125,0.910419464111328
fixed,sub-01_FDSI_triangular-ramp5s_snr30dB,sub-01,triangular-ramp5s,30,8,33,0.2907317073170731,0.9480543732643129
fixed,sub-01_FDSI_triangular-ramp5s_snr30dB,sub-01,triangular-ramp5s,30,9,37,0.3592120509849362,0.9421976208686828
fixed,sub-01_FDSI_triangular-ramp5s_snr30dB,sub-01,triangular-ramp5s,30,10,24,0.4304381245196003,0.9387778639793396
fixed,sub-01_FDSI_triangular-ramp5s_snr30dB,sub-01,triangular-ramp5s,30,11,22,0.3402985074626866,0.9261172413825988
fixed,sub-01_FDSI_triangular-ramp5s_snr30dB,sub-01,triangular-ramp5s,30,12,29,0.2437877770315648,0.9036757349967957
fixed,sub-01_FDSI_triangular-ramp5s_snr30dB,sub-01,triangular-ramp5s,30,13,27,0.2732871439568899,0.8954901695251465
fixed,sub-01_FDSI_triangular-ramp5s_snr25dB,sub-01,triangular-ramp5s,25,0,36,0.4713656387665198,0.9510552287101746
fixed,sub-01_FDSI_triangular-ramp5s_snr25dB,sub-01,triangular-ramp5s,25,1,32,0.4371482176360225,0.9589884877204896
fixed,sub-01_FDSI_triangular-ramp5s_snr25dB,sub-01,triangular-ramp5s,25,2,28,0.6378151260504201,0.96001797914505
fixed,sub-01_FDSI_triangular-ramp5s_snr25dB,sub-01,triangular-ramp5s,25,3,30,0.2773294203961849,0.9366453289985656
fixed,sub-01_FDSI_triangular-ramp5s_snr25dB,sub-01,triangular-ramp5s,25,4,38,0.3296296296296296,0.937811315059662
fixed,sub-01_FDSI_triangular-ramp5s_snr25dB,sub-01,triangular-ramp5s,25,5,37,0.2814238042269188,0.9373075366020204
fixed,sub-01_FDSI_triangular-ramp5s_snr25dB,sub-01,triangular-ramp5s,25,6,35,0.2989583333333333,0.9330283999443054
fixed,sub-01_FDSI_triangular-ramp5s_snr25dB,sub-01,triangular-ramp5s,25,7,24,0.3659476117103236,0.9319927096366882
fixed,sub-01_FDSI_triangular-ramp5s_snr25dB,sub-01,triangular-ramp5s,25,8,34,0.4742063492063492,0.9360101819038392
fixed,sub-01_FDSI_triangular-ramp5s_snr25dB,sub-01,triangular-ramp5s,25,9,33,0.2776176753121998,0.9187236428260804
fixed,sub-01_FDSI_triangular-ramp5s_snr20dB,sub-01,triangular-ramp5s,20,0,32,0.4390243902439024,0.9473670125007628
fixed,sub-01_FDSI_triangular-ramp5s_snr20dB,sub-01,triangular-ramp5s,20,1,28,0.626890756302521,0.9598942399024964
fixed,sub-01_FDSI_triangular-ramp5s_snr20dB,sub-01,triangular-ramp5s,20,2,38,0.3555555555555555,0.9424101114273072
fixed,sub-01_FDSI_triangular-ramp5s_snr20dB,sub-01,triangular-ramp5s,20,3,36,0.2951541850220264,0.95140278339386
fixed,sub-01_FDSI_triangular-ramp5s_snr20dB,sub-01,triangular-ramp5s,20,4,37,0.2635135135135135,0.9288384914398192
fixed,sub-01_FDSI_triangular-ramp5s_snr20dB,sub-01,triangular-ramp5s,20,5,34,0.4382896015549077,0.9343776106834412
fixed,sub-01_FDSI_triangular-ramp5s_snr15dB,sub-01,triangular-ramp5s,15,0,32,0.3583489681050656,0.9292157888412476
fixed,sub-01_FDSI_triangular-ramp5s_snr15dB,sub-01,triangular-ramp5s,15,1,28,0.6361344537815126,0.9584515690803528
fixed,sub-01_FDSI_triangular-ramp5s_snr15dB,sub-01,triangular-ramp5s,15,2,38,0.3530864197530864,0.941584289073944
fixed,sub-01_FDSI_triangular-ramp5s_snr15dB,sub-01,triangular-ramp5s,15,3,36,0.2676211453744493,0.9302483201026917
fixed,sub-02_FDSI_staircase_snr30dB,sub-02,staircase,30,0,30,0.3758146270818248,0.955946147441864
fixed,sub-02_FDSI_staircase_snr30dB,sub-02,staircase,30,1,33,0.1543001686340641,0.9432700276374816
fixed,sub-02_FDSI_staircase_snr30dB,sub-02,staircase,30,2,21,0.3753454947484798,0.9500166773796082
fixed,sub-02_FDSI_staircase_snr30dB,sub-02,staircase,30,3,31,0.2941611234294161,0.9232832789421082
fixed,sub-02_FDSI_staircase_snr30dB,sub-02,staircase,30,4,26,0.2609877661984594,0.8667577505111694
fixed,sub-02_FDSI_staircase_snr30dB,sub-02,staircase,30,5,25,0.2636033857315598,0.9380693435668944
fixed,sub-02_FDSI_staircase_snr30dB,sub-02,staircase,30,6,16,0.6424923391215526,0.907860517501831
fixed,sub-02_FDSI_staircase_snr30dB,sub-02,staircase,30,7,27,0.2816720257234726,0.943065345287323
fixed,sub-02_FDSI_staircase_snr30dB,sub-02,staircase,30,8,28,0.2641761174116077,0.9351478219032288
fixed,sub-02_FDSI_staircase_snr30dB,sub-02,staircase,30,9,24,0.431547619047619,0.9508633017539978
fixed,sub-02_FDSI_staircase_snr30dB,sub-02,staircase,30,10,32,0.7412974683544303,0.942323625087738
fixed,sub-02_FDSI_staircase_snr30dB,sub-02,staircase,30,11,20,0.3881328252585738,0.9423903226852416
fixed,sub-02_FDSI_staircase_snr30dB,sub-02,staircase,30,12,29,0.2451523545706371,0.9288781881332396
fixed,sub-02_FDSI_staircase_snr30dB,sub-02,staircase,30,13,19,0.1801763964720705,0.8497808575630188
fixed,sub-02_FDSI_staircase_snr30dB,sub-02,staircase,30,14,22,0.2554838709677419,0.924875795841217
fixed,sub-02_FDSI_staircase_snr30dB,sub-02,staircase,30,15,23,0.5607158074137196,0.8310235738754272
fixed,sub-02_FDSI_staircase_snr30dB,sub-02,staircase,30,16,14,0.3643141153081511,0.9074078798294068
fixed,sub-02_FDSI_staircase_snr25dB,sub-02,staircase,25,0,30,0.3743664011585807,0.955118715763092
fixed,sub-02_FDSI_staircase_snr25dB,sub-02,staircase,25,1,21,0.3797678275290215,0.9502236247062684
fixed,sub-02_FDSI_staircase_snr25dB,sub-02,staircase,25,2,26,0.2588486140724946,0.8497821688652039
fixed,sub-02_FDSI_staircase_snr25dB,sub-02,staircase,25,3,25,0.2744860943168077,0.9350557327270508
fixed,sub-02_FDSI_staircase_snr25dB,sub-02,staircase,25,4,27,0.2707395498392283,0.9395874738693236
fixed,sub-02_FDSI_staircase_snr25dB,sub-02,staircase,25,5,24,0.3767857142857143,0.9400495886802672
fixed,sub-02_FDSI_staircase_snr25dB,sub-02,staircase,25,6,33,0.3261050875729774,0.928479254245758
fixed,sub-02_FDSI_staircase_snr25dB,sub-02,staircase,25,7,28,0.248339973439575,0.9106051921844482
fixed,sub-02_FDSI_staircase_snr25dB,sub-02,staircase,25,8,20,0.3674469243331519,0.944202721118927
fixed,sub-02_FDSI_staircase_snr25dB,sub-02,staircase,25,9,19,0.1627118644067796,0.8445499539375305
fixed,sub-02_FDSI_staircase_snr20dB,sub-02,staircase,20,0,30,0.3635047067342505,0.9509207010269164
fixed,sub-02_FDSI_staircase_snr20dB,sub-02,staircase,20,1,21,0.4002211166390271,0.9466868042945862
fixed,sub-02_FDSI_staircase_snr20dB,sub-02,staircase,20,2,25,0.26458208057727,0.916886866092682
fixed,sub-02_FDSI_staircase_snr20dB,sub-02,staircase,20,3,27,0.2300771208226221,0.929722011089325
fixed,sub-02_FDSI_staircase_snr20dB,sub-02,staircase,20,4,24,0.5313981042654028,0.941032886505127
fixed,sub-02_FDSI_staircase_snr20dB,sub-02,staircase,20,5,32,0.576036866359447,0.8984668254852295
fixed,sub-02_FDSI_staircase_snr15dB,sub-02,staircase,15,0,30,0.3468501086169442,0.940131902694702
fixed,sub-02_FDSI_staircase_snr15dB,sub-02,staircase,15,1,24,0.4792833146696528,0.9146761298179626
fixed,sub-02_FDSI_staircase_snr15dB,sub-02,staircase,15,2,21,0.3891652846876727,0.9434390664100648
fixed,sub-02_FDSI_triangular-ramp40s_snr30dB,sub-02,triangular-ramp40s,30,0,20,0.4359939759036144,0.9524518847465516
fixed,sub-02_FDSI_triangular-ramp40s_snr30dB,sub-02,triangular-ramp40s,30,1,30,0.4244244244244244,0.9473100304603576
fixed,sub-02_FDSI_triangular-ramp40s_snr30dB,sub-02,triangular-ramp40s,30,2,21,0.404304381245196,0.9576387405395508
fixed,sub-02_FDSI_triangular-ramp40s_snr30dB,sub-02,triangular-ramp40s,30,3,24,0.4890510948905109,0.9551576972007751
fixed,sub-02_FDSI_triangular-ramp40s_snr30dB,sub-02,triangular-ramp40s,30,4,33,0.3772032902467685,0.9440445303916932
fixed,sub-02_FDSI_triangular-ramp40s_snr30dB,sub-02,triangular-ramp40s,30,5,32,0.7995689655172413,0.9445247054100036
fixed,sub-02_FDSI_triangular-ramp40s_snr30dB,sub-02,triangular-ramp40s,30,6,25,0.3607809847198642,0.938659369945526
fixed,sub-02_FDSI_triangular-ramp40s_snr30dB,sub-02,triangular-ramp40s,30,7,22,0.2571075401730531,0.9268879294395448
fixed,sub-02_FDSI_triangular-ramp40s_snr30dB,sub-02,triangular-ramp40s,30,8,27,0.3714028776978417,0.950847625732422
fixed,sub-02_FDSI_triangular-ramp40s_snr30dB,sub-02,triangular-ramp40s,30,9,19,0.2061855670103092,0.8296808004379272
fixed,sub-02_FDSI_triangular-ramp40s_snr30dB,sub-02,triangular-ramp40s,30,10,28,0.3241252302025783,0.938801109790802
fixed,sub-02_FDSI_triangular-ramp40s_snr30dB,sub-02,triangular-ramp40s,30,11,29,0.2610364683301343,0.932317316532135
fixed,sub-02_FDSI_triangular-ramp40s_snr30dB,sub-02,triangular-ramp40s,30,12,26,0.3123456790123456,0.8673955798149109
fixed,sub-02_FDSI_triangular-ramp40s_snr30dB,sub-02,triangular-ramp40s,30,13,23,0.6313099041533546,0.8633416891098022
fixed,sub-02_FDSI_triangular-ramp40s_snr30dB,sub-02,triangular-ramp40s,30,14,16,0.6054660126138752,0.9140080213546752
fixed,sub-02_FDSI_triangular-ramp40s_snr30dB,sub-02,triangular-ramp40s,30,15,31,0.2851282051282051,0.9052065014839172
fixed,sub-02_FDSI_triangular-ramp40s_snr25dB,sub-02,triangular-ramp40s,25,0,20,0.4164156626506024,0.9421112537384032
fixed,sub-02_FDSI_triangular-ramp40s_snr25dB,sub-02,triangular-ramp40s,25,1,24,0.4809407948094079,0.9473816156387328
fixed,sub-02_FDSI_triangular-ramp40s_snr25dB,sub-02,triangular-ramp40s,25,2,25,0.2871621621621621,0.9351454377174376
fixed,sub-02_FDSI_triangular-ramp40s_snr25dB,sub-02,triangular-ramp40s,25,3,21,0.4450422751729438,0.9488062262535096
fixed,sub-02_FDSI_triangular-ramp40s_snr25dB,sub-02,triangular-ramp40s,25,4,30,0.4014014014014014,0.9511355757713318
fixed,sub-02_FDSI_triangular-ramp40s_snr25dB,sub-02,triangular-ramp40s,25,5,27,0.3504043126684636,0.9385995268821716
fixed,sub-02_FDSI_triangular-ramp40s_snr25dB,sub-02,triangular-ramp40s,25,6,26,0.3219086021505376,0.894317626953125
fixed,sub-02_FDSI_triangular-ramp40s_snr25dB,sub-02,triangular-ramp40s,25,7,32,0.6482084690553745,0.924749195575714
fixed,sub-02_FDSI_triangular-ramp40s_snr25dB,sub-02,triangular-ramp40s,25,8,33,0.2473498233215547,0.9418389797210692
fixed,sub-02_FDSI_triangular-ramp40s_snr25dB,sub-02,triangular-ramp40s,25,9,19,0.1888412017167382,0.8353767991065979
fixed,sub-02_FDSI_triangular-ramp40s_snr25dB,sub-02,triangular-ramp40s,25,10,28,0.3367158671586716,0.9283757209777832
fixed,sub-02_FDSI_triangular-ramp40s_snr25dB,sub-02,triangular-ramp40s,25,11,22,0.2335629304946775,0.920317769050598
fixed,sub-02_FDSI_triangular-ramp40s_snr20dB,sub-02,triangular-ramp40s,20,0,21,0.4173712528823982,0.9507012963294984
fixed,sub-02_FDSI_triangular-ramp40s_snr20dB,sub-02,triangular-ramp40s,20,1,30,0.3953953953953954,0.9518961906433104
fixed,sub-02_FDSI_triangular-ramp40s_snr20dB,sub-02,triangular-ramp40s,20,2,24,0.6019184652278178,0.9359564185142516
fixed,sub-02_FDSI_triangular-ramp40s_snr20dB,sub-02,triangular-ramp40s,20,3,27,0.3003597122302158,0.9289715886116028
fixed,sub-02_FDSI_triangular-ramp40s_snr20dB,sub-02,triangular-ramp40s,20,4,33,0.2068155111633372,0.9088681936264038
fixed,sub-02_FDSI_triangular-ramp40s_snr15dB,sub-02,triangular-ramp40s,15,0,24,0.501195219123506,0.9312918186187744
fixed,sub-02_FDSI_triangular-ramp40s_snr15dB,sub-02,triangular-ramp40s,15,1,30,0.3643643643643643,0.9363166093826294
fixed,sub-02_FDSI_triangular-ramp20s_snr30dB,sub-02,triangular-ramp20s,30,0,19,0.2385817307692307,0.8543369174003601
fixed,sub-02_FDSI_triangular-ramp20s_snr30dB,sub-02,triangular-ramp20s,30,1,24,0.5750615258408531,0.9601241946220398
fixed,sub-02_FDSI_triangular-ramp20s_snr30dB,sub-02,triangular-ramp20s,30,2,30,0.3814741035856573,0.9511469006538392
fixed,sub-02_FDSI_triangular-ramp20s_snr30dB,sub-02,triangular-ramp20s,30,3,27,0.3709677419354839,0.9479457139968872
fixed,sub-02_FDSI_triangular-ramp20s_snr30dB,sub-02,triangular-ramp20s,30,4,33,0.367561260210035,0.9428099989891052
fixed,sub-02_FDSI_triangular-ramp20s_snr30dB,sub-02,triangular-ramp20s,30,5,25,0.3675357443229605,0.945678174495697
fixed,sub-02_FDSI_triangular-ramp20s_snr30dB,sub-02,triangular-ramp20s,30,6,21,0.4587509637625289,0.948685348033905
fixed,sub-02_FDSI_triangular-ramp20s_snr30dB,sub-02,triangular-ramp20s,30,7,20,0.4485349361382419,0.9517687559127808
fixed,sub-02_FDSI_triangular-ramp20s_snr30dB,sub-02,triangular-ramp20s,30,8,22,0.2957831325301205,0.9266639351844788
fixed,sub-02_FDSI_triangular-ramp20s_snr30dB,sub-02,triangular-ramp20s,30,9,14,0.4039780521262002,0.9089919924736024
fixed,sub-02_FDSI_triangular-ramp20s_snr30dB,sub-02,triangular-ramp20s,30,10,32,0.6111719605695509,0.943003237247467
fixed,sub-02_FDSI_triangular-ramp20s_snr30dB,sub-02,triangular-ramp20s,30,11,29,0.2315891472868217,0.9372190833091736
fixed,sub-02_FDSI_triangular-ramp20s_snr30dB,sub-02,triangular-ramp20s,30,12,16,0.5787234042553191,0.9300268888473512
fixed,sub-02_FDSI_triangular-ramp20s_snr30dB,sub-02,triangular-ramp20s,30,13,31,0.3296258847320525,0.925965130329132
fixed,sub-02_FDSI_triangular-ramp20s_snr30dB,sub-02,triangular-ramp20s,30,14,28,0.3574074074074074,0.9320095181465148
fixed,sub-02_FDSI_triangular-ramp20s_snr30dB,sub-02,triangular-ramp20s,30,15,23,0.5287637698898409,0.8495990037918091
fixed,sub-02_FDSI_triangular-ramp20s_snr30dB,sub-02,triangular-ramp20s,30,16,26,0.3156324582338902,0.8500694036483765
fixed,sub-02_FDSI_triangular-ramp20s_snr25dB,sub-02,triangular-ramp20s,25,0,24,0.5666394112837285,0.9572030901908876
fixed,sub-02_FDSI_triangular-ramp20s_snr25dB,sub-02,triangular-ramp20s,25,1,19,0.2083078802687843,0.8550266623497009
fixed,sub-02_FDSI_triangular-ramp20s_snr25dB,sub-02,triangular-ramp20s,25,2,30,0.398406374501992,0.9428185820579528
fixed,sub-02_FDSI_triangular-ramp20s_snr25dB,sub-02,triangular-ramp20s,25,3,25,0.2887029288702928,0.9375953674316406
fixed,sub-02_FDSI_triangular-ramp20s_snr25dB,sub-02,triangular-ramp20s,25,4,21,0.4348496530454896,0.9429690837860109
fixed,sub-02_FDSI_triangular-ramp20s_snr25dB,sub-02,triangular-ramp20s,25,5,20,0.4432757325319308,0.9394855499267578
fixed,sub-02_FDSI_triangular-ramp20s_snr25dB,sub-02,triangular-ramp20s,25,6,32,0.5834242093784079,0.9326297640800476
fixed,sub-02_FDSI_triangular-ramp20s_snr25dB,sub-02,triangular-ramp20s,25,7,27,0.3118279569892473,0.9395681619644164
fixed,sub-02_FDSI_triangular-ramp20s_snr25dB,sub-02,triangular-ramp20s,25,8,16,0.6912798874824191,0.9124956130981444
fixed,sub-02_FDSI_triangular-ramp20s_snr25dB,sub-02,triangular-ramp20s,25,9,33,0.279394644935972,0.9214929938316344
fixed,sub-02_FDSI_triangular-ramp20s_snr20dB,sub-02,triangular-ramp20s,20,0,24,0.5638126009693053,0.9420120120048524
fixed,sub-02_FDSI_triangular-ramp20s_snr20dB,sub-02,triangular-ramp20s,20,1,30,0.2845771144278607,0.9400432109832764
fixed,sub-02_FDSI_triangular-ramp20s_snr20dB,sub-02,triangular-ramp20s,20,2,21,0.4070932922127988,0.9438076615333556
fixed,sub-02_FDSI_triangular-ramp20s_snr15dB,sub-02,triangular-ramp20s,15,0,24,0.5169045830202855,0.9170662760734558
fixed,sub-02_FDSI_triangular-ramp20s_snr15dB,sub-02,triangular-ramp20s,15,1,30,0.3884462151394422,0.9404295682907104
fixed,sub-02_FDSI_triangular-ramp20s_snr15dB,sub-02,triangular-ramp20s,15,2,21,0.377023901310717,0.9376806020736694
fixed,sub-02_FDSI_triangular-ramp10s_snr30dB,sub-02,triangular-ramp10s,30,0,27,0.3524734982332155,0.9577913284301758
fixed,sub-02_FDSI_triangular-ramp10s_snr30dB,sub-02,triangular-ramp10s,30,1,24,0.4277504105090312,0.9540205001831056
fixed,sub-02_FDSI_triangular-ramp10s_snr30dB,sub-02,triangular-ramp10s,30,2,30,0.4182358771060456,0.958522081375122
fixed,sub-02_FDSI_triangular-ramp10s_snr30dB,sub-02,triangular-ramp10s,30,3,21,0.4145398298530549,0.9556989669799804
fixed,sub-02_FDSI_triangular-ramp10s_snr30dB,sub-02,triangular-ramp10s,30,4,33,0.3437139561707035,0.9396210312843324
fixed,sub-02_FDSI_triangular-ramp10s_snr30dB,sub-02,triangular-ramp10s,30,5,20,0.4574468085106383,0.9482215642929076
fixed,sub-02_FDSI_triangular-ramp10s_snr30dB,sub-02,triangular-ramp10s,30,6,32,0.5247524752475248,0.9354401230812072
fixed,sub-02_FDSI_triangular-ramp10s_snr30dB,sub-02,triangular-ramp10s,30,7,26,0.2912683237731039,0.867750346660614
fixed,sub-02_FDSI_triangular-ramp10s_snr30dB,sub-02,triangular-ramp10s,30,8,22,0.3008323424494649,0.9259158968925476
fixed,sub-02_FDSI_triangular-ramp10s_snr30dB,sub-02,triangular-ramp10s,30,9,25,0.3330508474576271,0.9509199261665344
fixed,sub-02_FDSI_triangular-ramp10s_snr30dB,sub-02,triangular-ramp10s,30,10,16,0.5788005578800558,0.9230717420578004
fixed,sub-02_FDSI_triangular-ramp10s_snr30dB,sub-02,triangular-ramp10s,30,11,14,0.4323770491803279,0.930266499519348
fixed,sub-02_FDSI_triangular-ramp10s_snr30dB,sub-02,triangular-ramp10s,30,12,19,0.2344033918837068,0.8429285883903503
fixed,sub-02_FDSI_triangular-ramp10s_snr30dB,sub-02,triangular-ramp10s,30,13,23,0.5678617157490397,0.8598029017448425
fixed,sub-02_FDSI_triangular-ramp10s_snr30dB,sub-02,triangular-ramp10s,30,14,31,0.2601787487586892,0.910092294216156
fixed,sub-02_FDSI_triangular-ramp10s_snr30dB,sub-02,triangular-ramp10s,30,15,29,0.2359657469077069,0.9261715412139891
fixed,sub-02_FDSI_triangular-ramp10s_snr30dB,sub-02,triangular-ramp10s,30,16,28,0.3640510948905109,0.9231554269790648
fixed,sub-02_FDSI_triangular-ramp10s_snr25dB,sub-02,triangular-ramp10s,25,0,27,0.342756183745583,0.9413947463035583
fixed,sub-02_FDSI_triangular-ramp10s_snr25dB,sub-02,triangular-ramp10s,25,1,30,0.4142715559960356,0.9585518836975098
fixed,sub-02_FDSI_triangular-ramp10s_snr25dB,sub-02,triangular-ramp10s,25,2,24,0.5418032786885246,0.9590510725975036
fixed,sub-02_FDSI_triangular-ramp10s_snr25dB,sub-02,triangular-ramp10s,25,3,33,0.3383371824480369,0.9299556016921996
fixed,sub-02_FDSI_triangular-ramp10s_snr25dB,sub-02,triangular-ramp10s,25,4,20,0.4300911854103343,0.9432154297828674
fixed,sub-02_FDSI_triangular-ramp10s_snr25dB,sub-02,triangular-ramp10s,25,5,21,0.4006187161639598,0.9525027871131896
fixed,sub-02_FDSI_triangular-ramp10s_snr25dB,sub-02,triangular-ramp10s,25,6,25,0.3336148648648648,0.9367730617523192
fixed,sub-02_FDSI_triangular-ramp10s_snr25dB,sub-02,triangular-ramp10s,25,7,29,0.2097701149425287,0.9178904294967652
fixed,sub-02_FDSI_triangular-ramp10s_snr25dB,sub-02,triangular-ramp10s,25,8,32,0.6566200215285253,0.9063786268234252
fixed,sub-02_FDSI_triangular-ramp10s_snr25dB,sub-02,triangular-ramp10s,25,9,19,0.2108397855866587,0.8261969089508057
fixed,sub-02_FDSI_triangular-ramp10s_snr25dB,sub-02,triangular-ramp10s,25,10,16,0.5584958217270195,0.8999479413032532
fixed,sub-02_FDSI_triangular-ramp10s_snr20dB,sub-02,triangular-ramp10s,20,0,30,0.3825569871159563,0.9523245692253112
fixed,sub-02_FDSI_triangular-ramp10s_snr20dB,sub-02,triangular-ramp10s,20,1,27,0.3030035335689046,0.9274859428405762
fixed,sub-02_FDSI_triangular-ramp10s_snr20dB,sub-02,triangular-ramp10s,20,2,20,0.3533434650455927,0.9251722097396852
fixed,sub-02_FDSI_triangular-ramp10s_snr20dB,sub-02,triangular-ramp10s,20,3,24,0.5778853914447135,0.9453538060188292
fixed,sub-02_FDSI_triangular-ramp10s_snr20dB,sub-02,triangular-ramp10s,20,4,21,0.4006187161639598,0.9402576684951782
fixed,sub-02_FDSI_triangular-ramp10s_snr20dB,sub-02,triangular-ramp10s,20,5,32,0.5978378378378378,0.9080321192741394
fixed,sub-02_FDSI_triangular-ramp10s_snr15dB,sub-02,triangular-ramp10s,15,0,21,0.4412673879443586,0.942411482334137
fixed,sub-02_FDSI_triangular-ramp10s_snr15dB,sub-02,triangular-ramp10s,15,1,24,0.5261514441842311,0.9286418557167052
fixed,sub-02_FDSI_triangular-ramp10s_snr15dB,sub-02,triangular-ramp10s,15,2,30,0.2844400396432111,0.93631911277771
fixed,sub-02_FDSI_triangular-ramp5s_snr30dB,sub-02,triangular-ramp5s,30,0,25,0.3176074136478517,0.9483683109283448
fixed,sub-02_FDSI_triangular-ramp5s_snr30dB,sub-02,triangular-ramp5s,30,1,24,0.5785191212367778,0.9593589305877686
fixed,sub-02_FDSI_triangular-ramp5s_snr30dB,sub-02,triangular-ramp5s,30,2,22,0.2860506180105944,0.9291858077049256
fixed,sub-02_FDSI_triangular-ramp5s_snr30dB,sub-02,triangular-ramp5s,30,3,33,0.3500583430571762,0.9391483664512634
fixed,sub-02_FDSI_triangular-ramp5s_snr30dB,sub-02,triangular-ramp5s,30,4,21,0.412037037037037,0.9528953433036804
fixed,sub-02_FDSI_triangular-ramp5s_snr30dB,sub-02,triangular-ramp5s,30,5,32,0.6057268722466961,0.9440186619758606
fixed,sub-02_FDSI_triangular-ramp5s_snr30dB,sub-02,triangular-ramp5s,30,6,30,0.3943943943943944,0.960632622241974
fixed,sub-02_FDSI_triangular-ramp5s_snr30dB,sub-02,triangular-ramp5s,30,7,28,0.3370165745856354,0.9375748038291932
fixed,sub-02_FDSI_triangular-ramp5s_snr30dB,sub-02,triangular-ramp5s,30,8,15,0.2645614035087719,0.921906590461731
fixed,sub-02_FDSI_triangular-ramp5s_snr30dB,sub-02,triangular-ramp5s,30,9,27,0.3094812164579606,0.9501658082008362
fixed,sub-02_FDSI_triangular-ramp5s_snr30dB,sub-02,triangular-ramp5s,30,10,29,0.2337786259541984,0.9390840530395508
fixed,sub-02_FDSI_triangular-ramp5s_snr30dB,sub-02,triangular-ramp5s,30,11,20,0.4576144036009002,0.9466570615768432
fixed,sub-02_FDSI_triangular-ramp5s_snr30dB,sub-02,triangular-ramp5s,30,12,16,0.6038135593220338,0.922535002231598
fixed,sub-02_FDSI_triangular-ramp5s_snr30dB,sub-02,triangular-ramp5s,30,13,19,0.3411411411411411,0.8878162503242493
fixed,sub-02_FDSI_triangular-ramp5s_snr30dB,sub-02,triangular-ramp5s,30,14,14,0.3934201507882111,0.9276076555252076
fixed,sub-02_FDSI_triangular-ramp5s_snr30dB,sub-02,triangular-ramp5s,30,15,31,0.2702980472764645,0.911512851715088
fixed,sub-02_FDSI_triangular-ramp5s_snr30dB,sub-02,triangular-ramp5s,30,16,26,0.3737179487179487,0.8908645510673523
fixed,sub-02_FDSI_triangular-ramp5s_snr30dB,sub-02,triangular-ramp5s,30,17,9,0.3199008059516429,0.8953410387039185
fixed,sub-02_FDSI_triangular-ramp5s_snr25dB,sub-02,triangular-ramp5s,25,0,25,0.3324915824915825,0.9366660118103028
fixed,sub-02_FDSI_triangular-ramp5s_snr25dB,sub-02,triangular-ramp5s,25,1,24,0.5772946859903382,0.9494542479515076
fixed,sub-02_FDSI_triangular-ramp5s_snr25dB,sub-02,triangular-ramp5s,25,2,30,0.4074074074074074,0.9604253172874452
fixed,sub-02_FDSI_triangular-ramp5s_snr25dB,sub-02,triangular-ramp5s,25,3,21,0.4166666666666667,0.9503785967826844
fixed,sub-02_FDSI_triangular-ramp5s_snr25dB,sub-02,triangular-ramp5s,25,4,33,0.2265258215962441,0.9360590577125548
fixed,sub-02_FDSI_triangular-ramp5s_snr25dB,sub-02,triangular-ramp5s,25,5,32,0.5318681318681319,0.9276277422904968
fixed,sub-02_FDSI_triangular-ramp5s_snr25dB,sub-02,triangular-ramp5s,25,6,28,0.2989880404783808,0.9193509221076964
fixed,sub-02_FDSI_triangular-ramp5s_snr25dB,sub-02,triangular-ramp5s,25,7,27,0.3166368515205724,0.936639130115509
fixed,sub-02_FDSI_triangular-ramp5s_snr25dB,sub-02,triangular-ramp5s,25,8,29,0.1992373689227836,0.9143195748329164
fixed,sub-02_FDSI_triangular-ramp5s_snr25dB,sub-02,triangular-ramp5s,25,9,20,0.4606151537884471,0.9449960589408876
fixed,sub-02_FDSI_triangular-ramp5s_snr25dB,sub-02,triangular-ramp5s,25,10,26,0.2731196054254007,0.8608523607254028
fixed,sub-02_FDSI_triangular-ramp5s_snr25dB,sub-02,triangular-ramp5s,25,11,19,0.2109422492401216,0.8500077128410339
fixed,sub-02_FDSI_triangular-ramp5s_snr20dB,sub-02,triangular-ramp5s,20,0,24,0.5239591516103692,0.9367620944976808
fixed,sub-02_FDSI_triangular-ramp5s_snr20dB,sub-02,triangular-ramp5s,20,1,21,0.4313271604938271,0.944796085357666
fixed,sub-02_FDSI_triangular-ramp5s_snr20dB,sub-02,triangular-ramp5s,20,2,30,0.3883883883883884,0.9550720453262328
fixed,sub-02_FDSI_triangular-ramp5s_snr20dB,sub-02,triangular-ramp5s,20,3,27,0.278175313059034,0.9302014708518982
fixed,sub-02_FDSI_triangular-ramp5s_snr20dB,sub-02,triangular-ramp5s,20,4,20,0.3683420855213803,0.9205104112625122
fixed,sub-02_FDSI_triangular-ramp5s_snr15dB,sub-02,triangular-ramp5s,15,0,24,0.5416024653312789,0.923625648021698
fixed,sub-02_FDSI_triangular-ramp5s_snr15dB,sub-02,triangular-ramp5s,15,1,21,0.4757131842713955,0.9338858723640442
fixed,sub-02_FDSI_triangular-ramp5s_snr15dB,sub-02,triangular-ramp5s,15,2,30,0.3563563563563564,0.9412581324577332
fixed,sub-03_FDSI_staircase_snr30dB,sub-03,staircase,30,0,48,0.2795779954785229,0.9451491236686708
fixed,sub-03_FDSI_staircase_snr30dB,sub-03,staircase,30,1,52,0.2403169014084507,0.95061594247818
fixed,sub-03_FDSI_staircase_snr30dB,sub-03,staircase,30,2,49,0.33125,0.9446056485176086
fixed,sub-03_FDSI_staircase_snr30dB,sub-03,staircase,30,3,51,0.6706081081081081,0.948353111743927
fixed,sub-03_FDSI_staircase_snr30dB,sub-03,staircase,30,4,44,0.3639455782312925,0.9538456797599792
fixed,sub-03_FDSI_staircase_snr30dB,sub-03,staircase,30,5,46,0.3882099209202013,0.9582788348197936
fixed,sub-03_FDSI_staircase_snr30dB,sub-03,staircase,30,6,40,0.5793699814700433,0.9599591493606568
fixed,sub-03_FDSI_staircase_snr30dB,sub-03,staircase,30,7,35,0.2937853107344633,0.9383521676063538
fixed,sub-03_FDSI_staircase_snr30dB,sub-03,staircase,30,8,50,0.2292006525285481,0.926267385482788
fixed,sub-03_FDSI_staircase_snr30dB,sub-03,staircase,30,9,45,0.1493656286043829,0.92036771774292
fixed,sub-03_FDSI_staircase_snr30dB,sub-03,staircase,30,10,47,0.1877624475104979,0.864615261554718
fixed,sub-03_FDSI_staircase_snr25dB,sub-03,staircase,25,0,51,0.75,0.9395695924758912
fixed,sub-03_FDSI_staircase_snr25dB,sub-03,staircase,25,1,52,0.261443661971831,0.9483622908592224
fixed,sub-03_FDSI_staircase_snr25dB,sub-03,staircase,25,2,44,0.3448979591836735,0.943492591381073
fixed,sub-03_FDSI_staircase_snr25dB,sub-03,staircase,25,3,46,0.3810208483105679,0.9514079093933104
fixed,sub-03_FDSI_staircase_snr25dB,sub-03,staircase,25,4,48,0.2940298507462686,0.9394529461860656
fixed,sub-03_FDSI_staircase_snr25dB,sub-03,staircase,25,5,40,0.5886349598517604,0.960517644882202
fixed,sub-03_FDSI_staircase_snr25dB,sub-03,staircase,25,6,49,0.3614363778298204,0.9391559958457948
fixed,sub-03_FDSI_staircase_snr20dB,sub-03,staircase,20,0,44,0.2952380952380952,0.9428232312202454
fixed,sub-03_FDSI_staircase_snr20dB,sub-03,staircase,20,1,46,0.3529834651329978,0.9471651315689088
fixed,sub-03_FDSI_staircase_snr20dB,sub-03,staircase,20,2,49,0.2063369397217929,0.9392395615577698
fixed,sub-03_FDSI_staircase_snr20dB,sub-03,staircase,20,3,40,0.5812229771463867,0.9591439962387084
fixed,sub-03_FDSI_staircase_snr20dB,sub-03,staircase,20,4,51,0.551433389544688,0.938523292541504
fixed,sub-03_FDSI_staircase_snr20dB,sub-03,staircase,20,5,52,0.3336267605633803,0.9458513855934144
fixed,sub-03_FDSI_staircase_snr20dB,sub-03,staircase,20,6,48,0.247191011235955,0.9185858368873596
fixed,sub-03_FDSI_staircase_snr15dB,sub-03,staircase,15,0,40,0.5843113032736257,0.9594693779945374
fixed,sub-03_FDSI_staircase_snr15dB,sub-03,staircase,15,1,44,0.2251700680272108,0.9208999276161194
fixed,sub-03_FDSI_staircase_snr15dB,sub-03,staircase,15,2,52,0.2887323943661972,0.9395738840103148
fixed,sub-03_FDSI_triangular-ramp40s_snr30dB,sub-03,triangular-ramp40s,30,0,49,0.2772384034519957,0.9558764696121216
fixed,sub-03_FDSI_triangular-ramp40s_snr30dB,sub-03,triangular-ramp40s,30,1,48,0.3643083421330517,0.958258867263794
fixed,sub-03_FDSI_triangular-ramp40s_snr30dB,sub-03,triangular-ramp40s,30,2,46,0.353,0.937425434589386
fixed,sub-03_FDSI_triangular-ramp40s_snr30dB,sub-03,triangular-ramp40s,30,3,40,0.5674499564838991,0.9602330923080444
fixed,sub-03_FDSI_triangular-ramp40s_snr30dB,sub-03,triangular-ramp40s,30,4,52,0.4184049079754601,0.9619892239570618
fixed,sub-03_FDSI_triangular-ramp40s_snr30dB,sub-03,triangular-ramp40s,30,5,51,0.7176196032672112,0.949065089225769
fixed,sub-03_FDSI_triangular-ramp40s_snr30dB,sub-03,triangular-ramp40s,30,6,47,0.2666666666666666,0.838840126991272
fixed,sub-03_FDSI_triangular-ramp40s_snr30dB,sub-03,triangular-ramp40s,30,7,35,0.3488745980707395,0.9295116662979126
fixed,sub-03_FDSI_triangular-ramp40s_snr30dB,sub-03,triangular-ramp40s,30,8,45,0.2015873015873016,0.9241193532943726
fixed,sub-03_FDSI_triangular-ramp40s_snr30dB,sub-03,triangular-ramp40s,30,9,44,0.4310018903591682,0.9429202675819396
fixed,sub-03_FDSI_triangular-ramp40s_snr30dB,sub-03,triangular-ramp40s,30,10,43,0.2217153284671532,0.9175611138343812
fixed,sub-03_FDSI_triangular-ramp40s_snr30dB,sub-03,triangular-ramp40s,30,11,50,0.2810810810810811,0.9268012046813964
fixed,sub-03_FDSI_triangular-ramp40s_snr25dB,sub-03,triangular-ramp40s,25,0,49,0.2710583153347732,0.9459351897239684
fixed,sub-03_FDSI_triangular-ramp40s_snr25dB,sub-03,triangular-ramp40s,25,1,48,0.3474128827877508,0.9496954083442688
fixed,sub-03_FDSI_triangular-ramp40s_snr25dB,sub-03,triangular-ramp40s,25,2,40,0.6074847693646649,0.9568954110145568
fixed,sub-03_FDSI_triangular-ramp40s_snr25dB,sub-03,triangular-ramp40s,25,3,52,0.4380368098159509,0.9510039687156676
fixed,sub-03_FDSI_triangular-ramp40s_snr25dB,sub-03,triangular-ramp40s,25,4,44,0.4154863078375826,0.948732316493988
fixed,sub-03_FDSI_triangular-ramp40s_snr25dB,sub-03,triangular-ramp40s,25,5,46,0.436,0.9493922591209412
fixed,sub-03_FDSI_triangular-ramp40s_snr25dB,sub-03,triangular-ramp40s,25,6,51,0.602803738317757,0.9310190081596376
fixed,sub-03_FDSI_triangular-ramp40s_snr20dB,sub-03,triangular-ramp40s,20,0,48,0.3231578947368421,0.9318397641181946
fixed,sub-03_FDSI_triangular-ramp40s_snr20dB,sub-03,triangular-ramp40s,20,1,40,0.598781549173194,0.9541555047035216
fixed,sub-03_FDSI_triangular-ramp40s_snr20dB,sub-03,triangular-ramp40s,20,2,46,0.402,0.9510111212730408
fixed,sub-03_FDSI_triangular-ramp40s_snr20dB,sub-03,triangular-ramp40s,20,3,52,0.3533742331288343,0.9342398047447203
fixed,sub-03_FDSI_triangular-ramp40s_snr20dB,sub-03,triangular-ramp40s,20,4,51,0.7129521586931156,0.938251256942749
fixed,sub-03_FDSI_triangular-ramp40s_snr20dB,sub-03,triangular-ramp40s,20,5,49,0.3409337676438653,0.9384698271751404
fixed,sub-03_FDSI_triangular-ramp40s_snr20dB,sub-03,triangular-ramp40s,20,6,44,0.3827977315689981,0.9415615797042848
fixed,sub-03_FDSI_triangular-ramp40s_snr15dB,sub-03,triangular-ramp40s,15,0,40,0.6109660574412533,0.9546265602111816
fixed,sub-03_FDSI_triangular-ramp40s_snr15dB,sub-03,triangular-ramp40s,15,1,44,0.3166351606805293,0.9264294505119324
fixed,sub-03_FDSI_triangular-ramp40s_snr15dB,sub-03,triangular-ramp40s,15,2,52,0.298159509202454,0.9376817345619202
fixed,sub-03_FDSI_triangular-ramp40s_snr15dB,sub-03,triangular-ramp40s,15,3,49,0.3015184381778741,0.9062466025352478
fixed,sub-03_FDSI_triangular-ramp40s_snr15dB,sub-03,triangular-ramp40s,15,4,46,0.311,0.9351086020469666
fixed,sub-03_FDSI_triangular-ramp20s_snr30dB,sub-03,triangular-ramp20s,30,0,48,0.3559498956158664,0.9400221705436708
fixed,sub-03_FDSI_triangular-ramp20s_snr30dB,sub-03,triangular-ramp20s,30,1,52,0.449938195302843,0.9557005763053894
fixed,sub-03_FDSI_triangular-ramp20s_snr30dB,sub-03,triangular-ramp20s,30,2,49,0.2768729641693811,0.9541286826133728
fixed,sub-03_FDSI_triangular-ramp20s_snr30dB,sub-03,triangular-ramp20s,30,3,51,0.479020979020979,0.9468801021575928
fixed,sub-03_FDSI_triangular-ramp20s_snr30dB,sub-03,triangular-ramp20s,30,4,40,0.6043290043290044,0.9593960642814636
fixed,sub-03_FDSI_triangular-ramp20s_snr30dB,sub-03,triangular-ramp20s,30,5,44,0.4153414405986904,0.949167013168335
fixed,sub-03_FDSI_triangular-ramp20s_snr30dB,sub-03,triangular-ramp20s,30,6,46,0.4435643564356435,0.9552142024040222
fixed,sub-03_FDSI_triangular-ramp20s_snr30dB,sub-03,triangular-ramp20s,30,7,35,0.3351955307262569,0.9408389329910278
fixed,sub-03_FDSI_triangular-ramp20s_snr30dB,sub-03,triangular-ramp20s,30,8,45,0.207852193995381,0.9246285557746888
fixed,sub-03_FDSI_triangular-ramp20s_snr30dB,sub-03,triangular-ramp20s,30,9,47,0.2927031509121061,0.886290431022644
fixed,sub-03_FDSI_triangular-ramp20s_snr30dB,sub-03,triangular-ramp20s,30,10,50,0.2910112359550562,0.9282462000846864
fixed,sub-03_FDSI_triangular-ramp20s_snr25dB,sub-03,triangular-ramp20s,25,0,44,0.3648269410664172,0.9502996802330016
fixed,sub-03_FDSI_triangular-ramp20s_snr25dB,sub-03,triangular-ramp20s,25,1,52,0.2608158220024721,0.950773060321808
fixed,sub-03_FDSI_triangular-ramp20s_snr25dB,sub-03,triangular-ramp20s,25,2,40,0.6155844155844156,0.959060549736023
fixed,sub-03_FDSI_triangular-ramp20s_snr25dB,sub-03,triangular-ramp20s,25,3,48,0.3436853002070393,0.9420341849327089
fixed,sub-03_FDSI_triangular-ramp20s_snr25dB,sub-03,triangular-ramp20s,25,4,46,0.4227722772277227,0.9581823348999025
fixed,sub-03_FDSI_triangular-ramp20s_snr25dB,sub-03,triangular-ramp20s,25,5,49,0.3895538628944505,0.9509108066558838
fixed,sub-03_FDSI_triangular-ramp20s_snr25dB,sub-03,triangular-ramp20s,25,6,51,0.5862470862470862,0.9431426525115968
fixed,sub-03_FDSI_triangular-ramp20s_snr25dB,sub-03,triangular-ramp20s,25,7,35,0.2905027932960894,0.92642080783844
fixed,sub-03_FDSI_triangular-ramp20s_snr20dB,sub-03,triangular-ramp20s,20,0,40,0.612987012987013,0.9546539187431335
fixed,sub-03_FDSI_triangular-ramp20s_snr20dB,sub-03,triangular-ramp20s,20,1,52,0.3708281829419035,0.9501658082008362
fixed,sub-03_FDSI_triangular-ramp20s_snr20dB,sub-03,triangular-ramp20s,20,2,51,0.6666666666666666,0.934070348739624
fixed,sub-03_FDSI_triangular-ramp20s_snr20dB,sub-03,triangular-ramp20s,20,3,49,0.2778969957081545,0.9264758229255676
fixed,sub-03_FDSI_triangular-ramp20s_snr20dB,sub-03,triangular-ramp20s,20,4,44,0.353601496725912,0.9345884919166564
fixed,sub-03_FDSI_triangular-ramp20s_snr20dB,sub-03,triangular-ramp20s,20,5,48,0.3167185877466251,0.9226962327957152
fixed,sub-03_FDSI_triangular-ramp20s_snr20dB,sub-03,triangular-ramp20s,20,6,46,0.3821782178217822,0.9455718994140624
fixed,sub-03_FDSI_triangular-ramp20s_snr15dB,sub-03,triangular-ramp20s,15,0,40,0.6588744588744588,0.9503098130226136
fixed,sub-03_FDSI_triangular-ramp20s_snr15dB,sub-03,triangular-ramp20s,15,1,49,0.2678958785249458,0.9229469895362854
fixed,sub-03_FDSI_triangular-ramp20s_snr15dB,sub-03,triangular-ramp20s,15,2,44,0.3302151543498597,0.9259862303733826
fixed,sub-03_FDSI_triangular-ramp20s_snr15dB,sub-03,triangular-ramp20s,15,3,52,0.2472187886279357,0.935349464416504
fixed,sub-03_FDSI_triangular-ramp10s_snr30dB,sub-03,triangular-ramp10s,30,0,40,0.5954664341761116,0.9576250314712524
fixed,sub-03_FDSI_triangular-ramp10s_snr30dB,sub-03,triangular-ramp10s,30,1,52,0.2372262773722627,0.9535139203071594
fixed,sub-03_FDSI_triangular-ramp10s_snr30dB,sub-03,triangular-ramp10s,30,2,44,0.4289746001881467,0.9486132264137268
fixed,sub-03_FDSI_triangular-ramp10s_snr30dB,sub-03,triangular-ramp10s,30,3,35,0.3692551505546751,0.9375432133674622
fixed,sub-03_FDSI_triangular-ramp10s_snr30dB,sub-03,triangular-ramp10s,30,4,50,0.2863636363636364,0.937405288219452
fixed,sub-03_FDSI_triangular-ramp10s_snr30dB,sub-03,triangular-ramp10s,30,5,46,0.4346959122632103,0.955941081047058
fixed,sub-03_FDSI_triangular-ramp10s_snr30dB,sub-03,triangular-ramp10s,30,6,49,0.2846237731733915,0.9573021531105042
fixed,sub-03_FDSI_triangular-ramp10s_snr30dB,sub-03,triangular-ramp10s,30,7,47,0.3144599303135889,0.8730368614196777
fixed,sub-03_FDSI_triangular-ramp10s_snr30dB,sub-03,triangular-ramp10s,30,8,48,0.3468328141225337,0.9495925903320312
fixed,sub-03_FDSI_triangular-ramp10s_snr30dB,sub-03,triangular-ramp10s,30,9,43,0.1956323930846223,0.9037702083587646
fixed,sub-03_FDSI_triangular-ramp10s_snr30dB,sub-03,triangular-ramp10s,30,10,51,0.4405034324942792,0.9367066025733948
fixed,sub-03_FDSI_triangular-ramp10s_snr25dB,sub-03,triangular-ramp10s,25,0,51,0.6886574074074074,0.9438918232917786
fixed,sub-03_FDSI_triangular-ramp10s_snr25dB,sub-03,triangular-ramp10s,25,1,40,0.6224934612031386,0.9586936831474304
fixed,sub-03_FDSI_triangular-ramp10s_snr25dB,sub-03,triangular-ramp10s,25,2,44,0.4167450611476952,0.9435185194015504
fixed,sub-03_FDSI_triangular-ramp10s_snr25dB,sub-03,triangular-ramp10s,25,3,50,0.2045454545454545,0.9289133548736572
fixed,sub-03_FDSI_triangular-ramp10s_snr25dB,sub-03,triangular-ramp10s,25,4,52,0.3661800486618005,0.9572763442993164
fixed,sub-03_FDSI_triangular-ramp10s_snr25dB,sub-03,triangular-ramp10s,25,5,46,0.4317048853439681,0.9504708647727966
fixed,sub-03_FDSI_triangular-ramp10s_snr25dB,sub-03,triangular-ramp10s,25,6,48,0.3458333333333333,0.9383718967437744
fixed,sub-03_FDSI_triangular-ramp10s_snr25dB,sub-03,triangular-ramp10s,25,7,49,0.4240437158469945,0.9403133392333984
fixed,sub-03_FDSI_triangular-ramp10s_snr20dB,sub-03,triangular-ramp10s,20,0,40,0.6233653007846556,0.9589860439300536
fixed,sub-03_FDSI_triangular-ramp10s_snr20dB,sub-03,triangular-ramp10s,20,1,52,0.3686131386861314,0.9461624026298524
fixed,sub-03_FDSI_triangular-ramp10s_snr20dB,sub-03,triangular-ramp10s,20,2,46,0.4366899302093718,0.9432254433631896
fixed,sub-03_FDSI_triangular-ramp10s_snr20dB,sub-03,triangular-ramp10s,20,3,49,0.2697724810400866,0.9402459859848022
fixed,sub-03_FDSI_triangular-ramp10s_snr20dB,sub-03,triangular-ramp10s,20,4,44,0.3791157102539981,0.9414006471633912
fixed,sub-03_FDSI_triangular-ramp10s_snr20dB,sub-03,triangular-ramp10s,20,5,51,0.623121387283237,0.9291038513183594
fixed,sub-03_FDSI_triangular-ramp10s_snr20dB,sub-03,triangular-ramp10s,20,6,48,0.2759336099585062,0.928478181362152
fixed,sub-03_FDSI_triangular-ramp10s_snr15dB,sub-03,triangular-ramp10s,15,0,40,0.6129032258064516,0.9566078186035156
fixed,sub-03_FDSI_triangular-ramp10s_snr15dB,sub-03,triangular-ramp10s,15,1,52,0.3479318734793187,0.929751753807068
fixed,sub-03_FDSI_triangular-ramp10s_snr15dB,sub-03,triangular-ramp10s,15,2,49,0.2293478260869565,0.9193544983863832
fixed,sub-03_FDSI_triangular-ramp5s_snr30dB,sub-03,triangular-ramp5s,30,0,52,0.3443223443223443,0.957400918006897
fixed,sub-03_FDSI_triangular-ramp5s_snr30dB,sub-03,triangular-ramp5s,30,1,48,0.3375262054507337,0.941526472568512
fixed,sub-03_FDSI_triangular-ramp5s_snr30dB,sub-03,triangular-ramp5s,30,2,40,0.6430423509075195,0.9611230492591858
fixed,sub-03_FDSI_triangular-ramp5s_snr30dB,sub-03,triangular-ramp5s,30,3,51,0.6514619883040935,0.9521467685699464
fixed,sub-03_FDSI_triangular-ramp5s_snr30dB,sub-03,triangular-ramp5s,30,4,46,0.4314314314314314,0.9570900201797484
fixed,sub-03_FDSI_triangular-ramp5s_snr30dB,sub-03,triangular-ramp5s,30,5,49,0.2950819672131147,0.9560633301734924
fixed,sub-03_FDSI_triangular-ramp5s_snr30dB,sub-03,triangular-ramp5s,30,6,44,0.4480823199251637,0.949587106704712
fixed,sub-03_FDSI_triangular-ramp5s_snr30dB,sub-03,triangular-ramp5s,30,7,47,0.2514868309260832,0.8989997506141663
fixed,sub-03_FDSI_triangular-ramp5s_snr30dB,sub-03,triangular-ramp5s,30,8,45,0.2043906131718395,0.9248297810554504
fixed,sub-03_FDSI_triangular-ramp5s_snr30dB,sub-03,triangular-ramp5s,30,9,50,0.2643419572553431,0.922614336013794
fixed,sub-03_FDSI_triangular-ramp5s_snr30dB,sub-03,triangular-ramp5s,30,10,35,0.3301435406698564,0.9414193034172058
fixed,sub-03_FDSI_triangular-ramp5s_snr25dB,sub-03,triangular-ramp5s,25,0,52,0.3418803418803419,0.9468911290168762
fixed,sub-03_FDSI_triangular-ramp5s_snr25dB,sub-03,triangular-ramp5s,25,1,40,0.6248919619706137,0.9608016610145568
fixed,sub-03_FDSI_triangular-ramp5s_snr25dB,sub-03,triangular-ramp5s,25,2,48,0.3259493670886076,0.9385494589805604
fixed,sub-03_FDSI_triangular-ramp5s_snr25dB,sub-03,triangular-ramp5s,25,3,46,0.4304304304304304,0.9528237581253052
fixed,sub-03_FDSI_triangular-ramp5s_snr25dB,sub-03,triangular-ramp5s,25,4,44,0.4490177736202058,0.9444633722305298
fixed,sub-03_FDSI_triangular-ramp5s_snr25dB,sub-03,triangular-ramp5s,25,5,49,0.2844638949671772,0.9523768424987792
fixed,sub-03_FDSI_triangular-ramp5s_snr25dB,sub-03,triangular-ramp5s,25,6,51,0.6507009345794392,0.9415743947029114
fixed,sub-03_FDSI_triangular-ramp5s_snr25dB,sub-03,triangular-ramp5s,25,7,35,0.2822966507177033,0.9117790460586548
fixed,sub-03_FDSI_triangular-ramp5s_snr20dB,sub-03,triangular-ramp5s,20,0,52,0.3406593406593406,0.9374408721923828
fixed,sub-03_FDSI_triangular-ramp5s_snr20dB,sub-03,triangular-ramp5s,20,1,40,0.6404494382022472,0.958577573299408
fixed,sub-03_FDSI_triangular-ramp5s_snr20dB,sub-03,triangular-ramp5s,20,2,49,0.2666666666666666,0.9469115138053894
fixed,sub-03_FDSI_triangular-ramp5s_snr20dB,sub-03,triangular-ramp5s,20,3,44,0.3498596819457437,0.9334263801574708
fixed,sub-03_FDSI_triangular-ramp5s_snr20dB,sub-03,triangular-ramp5s,20,4,46,0.4024024024024024,0.9474362134933472
fixed,sub-03_FDSI_triangular-ramp5s_snr20dB,sub-03,triangular-ramp5s,20,5,51,0.6448598130841121,0.938605546951294
fixed,sub-03_FDSI_triangular-ramp5s_snr20dB,sub-03,triangular-ramp5s,20,6,48,0.285563751317176,0.91982764005661
fixed,sub-03_FDSI_triangular-ramp5s_snr15dB,sub-03,triangular-ramp5s,15,0,52,0.2161172161172161,0.9142601490020752
fixed,sub-03_FDSI_triangular-ramp5s_snr15dB,sub-03,triangular-ramp5s,15,1,40,0.6335350043215212,0.9534156918525696
fixed,sub-03_FDSI_triangular-ramp5s_snr15dB,sub-03,triangular-ramp5s,15,2,51,0.3066202090592334,0.9156311750411988
fixed,sub-03_FDSI_triangular-ramp5s_snr15dB,sub-03,triangular-ramp5s,15,3,46,0.3433433433433433,0.9146007299423218
fixed,sub-04_FDSI_staircase_snr30dB,sub-04,staircase,30,0,50,0.3408919123204837,0.9407420754432678
fixed,sub-04_FDSI_staircase_snr30dB,sub-04,staircase,30,1,44,0.3843648208469055,0.943520963191986
fixed,sub-04_FDSI_staircase_snr30dB,sub-04,staircase,30,2,41,0.6082725060827251,0.9571697115898132
fixed,sub-04_FDSI_staircase_snr30dB,sub-04,staircase,30,3,53,0.1808873720136518,0.921493411064148
fixed,sub-04_FDSI_staircase_snr30dB,sub-04,staircase,30,4,23,0.4765270065623422,0.929784893989563
fixed,sub-04_FDSI_staircase_snr30dB,sub-04,staircase,30,5,48,0.3203125,0.9471843242645264
fixed,sub-04_FDSI_staircase_snr30dB,sub-04,staircase,30,6,51,0.246692607003891,0.9445438981056212
fixed,sub-04_FDSI_staircase_snr30dB,sub-04,staircase,30,7,54,0.2975064488392089,0.943472981452942
fixed,sub-04_FDSI_staircase_snr30dB,sub-04,staircase,30,8,42,0.1664588528678304,0.9427295327186584
fixed,sub-04_FDSI_staircase_snr30dB,sub-04,staircase,30,9,49,0.3267254038179148,0.9393573999404908
fixed,sub-04_FDSI_staircase_snr30dB,sub-04,staircase,30,10,37,0.2849710982658959,0.9202448725700378
fixed,sub-04_FDSI_staircase_snr25dB,sub-04,staircase,25,0,51,0.2552529182879377,0.9363417625427246
fixed,sub-04_FDSI_staircase_snr25dB,sub-04,staircase,25,1,44,0.3504885993485342,0.9366008639335632
fixed,sub-04_FDSI_staircase_snr25dB,sub-04,staircase,25,2,53,0.168135593220339,0.9119989275932312
fixed,sub-04_FDSI_staircase_snr25dB,sub-04,staircase,25,3,41,0.5383211678832117,0.9580118060112
fixed,sub-04_FDSI_staircase_snr25dB,sub-04,staircase,25,4,48,0.3259943181818182,0.9494437575340272
fixed,sub-04_FDSI_staircase_snr25dB,sub-04,staircase,25,5,50,0.3008314436885865,0.9285107851028442
fixed,sub-04_FDSI_staircase_snr25dB,sub-04,staircase,25,6,49,0.3184152604548789,0.9341148734092712
fixed,sub-04_FDSI_staircase_snr25dB,sub-04,staircase,25,7,54,0.2708512467755804,0.933497428894043
fixed,sub-04_FDSI_staircase_snr25dB,sub-04,staircase,25,8,42,0.3381160324391765,0.9352110624313354
fixed,sub-04_FDSI_staircase_snr20dB,sub-04,staircase,20,0,41,0.6021897810218978,0.9598906636238098
fixed,sub-04_FDSI_staircase_snr20dB,sub-04,staircase,20,1,48,0.4147727272727273,0.9416552186012268
fixed,sub-04_FDSI_staircase_snr20dB,sub-04,staircase,20,2,42,0.2632563942607611,0.9176021218299866
fixed,sub-04_FDSI_staircase_snr20dB,sub-04,staircase,20,3,49,0.2694566813509544,0.9162642359733582
fixed,sub-04_FDSI_staircase_snr15dB,sub-04,staircase,15,0,41,0.5845498783454988,0.956618309020996
fixed,sub-04_FDSI_triangular-ramp40s_snr30dB,sub-04,triangular-ramp40s,30,0,42,0.3474870017331022,0.9546861052513124
fixed,sub-04_FDSI_triangular-ramp40s_snr30dB,sub-04,triangular-ramp40s,30,1,33,0.4587360594795539,0.9223296642303468
fixed,sub-04_FDSI_triangular-ramp40s_snr30dB,sub-04,triangular-ramp40s,30,2,50,0.3925233644859813,0.9494860768318176
fixed,sub-04_FDSI_triangular-ramp40s_snr30dB,sub-04,triangular-ramp40s,30,3,51,0.3222698072805139,0.946130633354187
fixed,sub-04_FDSI_triangular-ramp40s_snr30dB,sub-04,triangular-ramp40s,30,4,49,0.406060606060606,0.9533791542053224
fixed,sub-04_FDSI_triangular-ramp40s_snr30dB,sub-04,triangular-ramp40s,30,5,48,0.3425468904244817,0.9589884281158448
fixed,sub-04_FDSI_triangular-ramp40s_snr30dB,sub-04,triangular-ramp40s,30,6,41,0.4803418803418803,0.9509642720222472
fixed,sub-04_FDSI_triangular-ramp40s_snr30dB,sub-04,triangular-ramp40s,30,7,44,0.3879387938793879,0.9489124417304992
fixed,sub-04_FDSI_triangular-ramp40s_snr30dB,sub-04,triangular-ramp40s,30,8,54,0.2613365155131265,0.9413987994194032
fixed,sub-04_FDSI_triangular-ramp40s_snr30dB,sub-04,triangular-ramp40s,30,9,17,0.440133779264214,0.917761504650116
fixed,sub-04_FDSI_triangular-ramp40s_snr30dB,sub-04,triangular-ramp40s,30,10,53,0.5121412803532008,0.9113674759864808
fixed,sub-04_FDSI_triangular-ramp40s_snr25dB,sub-04,triangular-ramp40s,25,0,42,0.3466204506065858,0.954717218875885
fixed,sub-04_FDSI_triangular-ramp40s_snr25dB,sub-04,triangular-ramp40s,25,1,41,0.6452991452991453,0.9574447870254515
fixed,sub-04_FDSI_triangular-ramp40s_snr25dB,sub-04,triangular-ramp40s,25,2,48,0.3395853899308983,0.95149028301239
fixed,sub-04_FDSI_triangular-ramp40s_snr25dB,sub-04,triangular-ramp40s,25,3,49,0.3616161616161616,0.9446528553962708
fixed,sub-04_FDSI_triangular-ramp40s_snr25dB,sub-04,triangular-ramp40s,25,4,44,0.4041404140414041,0.9380225539207458
fixed,sub-04_FDSI_triangular-ramp40s_snr25dB,sub-04,triangular-ramp40s,25,5,50,0.3485477178423236,0.9369102120399476
fixed,sub-04_FDSI_triangular-ramp40s_snr25dB,sub-04,triangular-ramp40s,25,6,51,0.2997858672376873,0.934926688671112
fixed,sub-04_FDSI_triangular-ramp40s_snr25dB,sub-04,triangular-ramp40s,25,7,54,0.3145933014354067,0.9396859407424928
fixed,sub-04_FDSI_triangular-ramp40s_snr20dB,sub-04,triangular-ramp40s,20,0,42,0.3266897746967071,0.9369666576385498
fixed,sub-04_FDSI_triangular-ramp40s_snr20dB,sub-04,triangular-ramp40s,20,1,41,0.6487179487179487,0.9567949175834656
fixed,sub-04_FDSI_triangular-ramp40s_snr20dB,sub-04,triangular-ramp40s,20,2,44,0.3719676549865229,0.9210337996482848
fixed,sub-04_FDSI_triangular-ramp40s_snr20dB,sub-04,triangular-ramp40s,20,3,48,0.3366238894373149,0.9451061487197876
fixed,sub-04_FDSI_triangular-ramp40s_snr15dB,sub-04,triangular-ramp40s,15,0,41,0.6205128205128205,0.9591960906982422
fixed,sub-04_FDSI_triangular-ramp20s_snr30dB,sub-04,triangular-ramp20s,30,0,48,0.4796828543111992,0.9512428641319276
fixed,sub-04_FDSI_triangular-ramp20s_snr30dB,sub-04,triangular-ramp20s,30,1,41,0.6742808798646363,0.9630467891693116
fixed,sub-04_FDSI_triangular-ramp20s_snr30dB,sub-04,triangular-ramp20s,30,2,50,0.4202898550724637,0.949156939983368
fixed,sub-04_FDSI_triangular-ramp20s_snr30dB,sub-04,triangular-ramp20s,30,3,42,0.346551724137931,0.951677143573761
fixed,sub-04_FDSI_triangular-ramp20s_snr30dB,sub-04,triangular-ramp20s,30,4,49,0.3775510204081632,0.947323739528656
fixed,sub-04_FDSI_triangular-ramp20s_snr30dB,sub-04,triangular-ramp20s,30,5,44,0.3707052441229656,0.949594497680664
fixed,sub-04_FDSI_triangular-ramp20s_snr30dB,sub-04,triangular-ramp20s,30,6,23,0.463859649122807,0.9283487796783448
fixed,sub-04_FDSI_triangular-ramp20s_snr30dB,sub-04,triangular-ramp20s,30,7,37,0.3141486810551558,0.926117479801178
fixed,sub-04_FDSI_triangular-ramp20s_snr30dB,sub-04,triangular-ramp20s,30,8,53,0.592959295929593,0.9187878966331482
fixed,sub-04_FDSI_triangular-ramp20s_snr30dB,sub-04,triangular-ramp20s,30,9,51,0.2968580715059588,0.9361361265182496
fixed,sub-04_FDSI_triangular-ramp20s_snr30dB,sub-04,triangular-ramp20s,30,10,17,0.4845844504021447,0.923518717288971
fixed,sub-04_FDSI_triangular-ramp20s_snr30dB,sub-04,triangular-ramp20s,30,11,54,0.2851985559566787,0.94111967086792
fixed,sub-04_FDSI_triangular-ramp20s_snr25dB,sub-04,triangular-ramp20s,25,0,41,0.626057529610829,0.9593921899795532
fixed,sub-04_FDSI_triangular-ramp20s_snr25dB,sub-04,triangular-ramp20s,25,1,51,0.3401950162513543,0.9255862236022948
fixed,sub-04_FDSI_triangular-ramp20s_snr25dB,sub-04,triangular-ramp20s,25,2,54,0.2192771084337349,0.923010528087616
fixed,sub-04_FDSI_triangular-ramp20s_snr25dB,sub-04,triangular-ramp20s,25,3,42,0.3241379310344827,0.9452675580978394
fixed,sub-04_FDSI_triangular-ramp20s_snr25dB,sub-04,triangular-ramp20s,25,4,48,0.2616451932606541,0.9508338570594788
fixed,sub-04_FDSI_triangular-ramp20s_snr25dB,sub-04,triangular-ramp20s,25,5,50,0.3561076604554865,0.9376808404922484
fixed,sub-04_FDSI_triangular-ramp20s_snr25dB,sub-04,triangular-ramp20s,25,6,49,0.3438775510204082,0.939922571182251
fixed,sub-04_FDSI_triangular-ramp20s_snr25dB,sub-04,triangular-ramp20s,25,7,44,0.3686594202898551,0.941423237323761
fixed,sub-04_FDSI_triangular-ramp20s_snr25dB,sub-04,triangular-ramp20s,25,8,53,0.5145089285714286,0.9077543020248412
fixed,sub-04_FDSI_triangular-ramp20s_snr20dB,sub-04,triangular-ramp20s,20,0,48,0.4222001982160555,0.9367038011550904
fixed,sub-04_FDSI_triangular-ramp20s_snr20dB,sub-04,triangular-ramp20s,20,1,41,0.6455160744500846,0.9595859050750732
fixed,sub-04_FDSI_triangular-ramp20s_snr20dB,sub-04,triangular-ramp20s,20,2,42,0.2913793103448276,0.9267454147338868
fixed,sub-04_FDSI_triangular-ramp20s_snr15dB,sub-04,triangular-ramp20s,15,0,41,0.628595600676819,0.9592490196228028
fixed,sub-04_FDSI_triangular-ramp10s_snr30dB,sub-04,triangular-ramp10s,30,0,49,0.3628048780487805,0.9510152339935304
fixed,sub-04_FDSI_triangular-ramp10s_snr30dB,sub-04,triangular-ramp10s,30,1,41,0.5495726495726496,0.9604799151420592
fixed,sub-04_FDSI_triangular-ramp10s_snr30dB,sub-04,triangular-ramp10s,30,2,48,0.2614314115308151,0.9539508819580078
fixed,sub-04_FDSI_triangular-ramp10s_snr30dB,sub-04,triangular-ramp10s,30,3,51,0.3315334773218142,0.9433427453041076
fixed,sub-04_FDSI_triangular-ramp10s_snr30dB,sub-04,triangular-ramp10s,30,4,42,0.3191673894189072,0.9417160153388976
fixed,sub-04_FDSI_triangular-ramp10s_snr30dB,sub-04,triangular-ramp10s,30,5,47,0.1826522101751459,0.9207088351249696
fixed,sub-04_FDSI_triangular-ramp10s_snr30dB,sub-04,triangular-ramp10s,30,6,50,0.4251559251559251,0.9485815763473512
fixed,sub-04_FDSI_triangular-ramp10s_snr30dB,sub-04,triangular-ramp10s,30,7,44,0.4226618705035971,0.9475398063659668
fixed,sub-04_FDSI_triangular-ramp10s_snr30dB,sub-04,triangular-ramp10s,30,8,17,0.5507343124165555,0.9389931559562684
fixed,sub-04_FDSI_triangular-ramp10s_snr30dB,sub-04,triangular-ramp10s,30,9,53,0.5139043381535039,0.9189510941505432
fixed,sub-04_FDSI_triangular-ramp10s_snr30dB,sub-04,triangular-ramp10s,30,10,54,0.3197115384615384,0.9429419040679932
fixed,sub-04_FDSI_triangular-ramp10s_snr30dB,sub-04,triangular-ramp10s,30,11,33,0.4646616541353383,0.9138853549957277
fixed,sub-04_FDSI_triangular-ramp10s_snr25dB,sub-04,triangular-ramp10s,25,0,54,0.2295673076923076,0.9202114343643188
fixed,sub-04_FDSI_triangular-ramp10s_snr25dB,sub-04,triangular-ramp10s,25,1,49,0.3729674796747967,0.9373897314071656
fixed,sub-04_FDSI_triangular-ramp10s_snr25dB,sub-04,triangular-ramp10s,25,2,41,0.5572649572649573,0.9601957201957704
fixed,sub-04_FDSI_triangular-ramp10s_snr25dB,sub-04,triangular-ramp10s,25,3,42,0.3477883781439722,0.9418711066246032
fixed,sub-04_FDSI_triangular-ramp10s_snr25dB,sub-04,triangular-ramp10s,25,4,50,0.3762993762993763,0.9424446821212769
fixed,sub-04_FDSI_triangular-ramp10s_snr25dB,sub-04,triangular-ramp10s,25,5,44,0.4100719424460431,0.9370246529579164
fixed,sub-04_FDSI_triangular-ramp10s_snr25dB,sub-04,triangular-ramp10s,25,6,51,0.3023758099352052,0.933469533920288
fixed,sub-04_FDSI_triangular-ramp10s_snr25dB,sub-04,triangular-ramp10s,25,7,48,0.5183714001986097,0.9245641231536864
fixed,sub-04_FDSI_triangular-ramp10s_snr20dB,sub-04,triangular-ramp10s,20,0,41,0.6393162393162393,0.962548553943634
fixed,sub-04_FDSI_triangular-ramp10s_snr20dB,sub-04,triangular-ramp10s,20,1,49,0.3130081300813008,0.930151343345642
fixed,sub-04_FDSI_triangular-ramp10s_snr20dB,sub-04,triangular-ramp10s,20,2,42,0.3122289679098005,0.9384577870368958
fixed,sub-04_FDSI_triangular-ramp10s_snr20dB,sub-04,triangular-ramp10s,20,3,50,0.2962577962577962,0.922703981399536
fixed,sub-04_FDSI_triangular-ramp10s_snr20dB,sub-04,triangular-ramp10s,20,4,48,0.2375745526838966,0.9241377115249634
fixed,sub-04_FDSI_triangular-ramp10s_snr15dB,sub-04,triangular-ramp10s,15,0,41,0.6196581196581197,0.96337628364563
fixed,sub-04_FDSI_triangular-ramp5s_snr30dB,sub-04,triangular-ramp5s,30,0,50,0.4160583941605839,0.9357751607894896
fixed,sub-04_FDSI_triangular-ramp5s_snr30dB,sub-04,triangular-ramp5s,30,1,42,0.4019180470793374,0.9537810683250428
fixed,sub-04_FDSI_triangular-ramp5s_snr30dB,sub-04,triangular-ramp5s,30,2,48,0.4792079207920792,0.958827018737793
fixed,sub-04_FDSI_triangular-ramp5s_snr30dB,sub-04,triangular-ramp5s,30,3,44,0.3992773261065944,0.9460734724998474
fixed,sub-04_FDSI_triangular-ramp5s_snr30dB,sub-04,triangular-ramp5s,30,4,41,0.6243654822335025,0.9581225514411926
fixed,sub-04_FDSI_triangular-ramp5s_snr30dB,sub-04,triangular-ramp5s,30,5,23,0.4350515463917526,0.936472237110138
fixed,sub-04_FDSI_triangular-ramp5s_snr30dB,sub-04,triangular-ramp5s,30,6,49,0.3319796954314721,0.9484571814537048
fixed,sub-04_FDSI_triangular-ramp5s_snr30dB,sub-04,triangular-ramp5s,30,7,54,0.3533653846153846,0.9447212815284728
fixed,sub-04_FDSI_triangular-ramp5s_snr30dB,sub-04,triangular-ramp5s,30,8,53,0.5562841530054645,0.9222199320793152
fixed,sub-04_FDSI_triangular-ramp5s_snr30dB,sub-04,triangular-ramp5s,30,9,47,0.1888053467000835,0.9228876233100892
fixed,sub-04_FDSI_triangular-ramp5s_snr30dB,sub-04,triangular-ramp5s,30,10,51,0.3033953997809419,0.9419599175453186
fixed,sub-04_FDSI_triangular-ramp5s_snr25dB,sub-04,triangular-ramp5s,25,0,42,0.3748910200523104,0.9478076696395874
fixed,sub-04_FDSI_triangular-ramp5s_snr25dB,sub-04,triangular-ramp5s,25,1,48,0.495049504950495,0.9485409259796144
fixed,sub-04_FDSI_triangular-ramp5s_snr25dB,sub-04,triangular-ramp5s,25,2,44,0.3694670280036133,0.9402769804000854
fixed,sub-04_FDSI_triangular-ramp5s_snr25dB,sub-04,triangular-ramp5s,25,3,41,0.6336717428087987,0.9593795537948608
fixed,sub-04_FDSI_triangular-ramp5s_snr25dB,sub-04,triangular-ramp5s,25,4,54,0.2482014388489208,0.9055744409561156
fixed,sub-04_FDSI_triangular-ramp5s_snr25dB,sub-04,triangular-ramp5s,25,5,50,0.3705636743215031,0.9435048699378968
fixed,sub-04_FDSI_triangular-ramp5s_snr25dB,sub-04,triangular-ramp5s,25,6,53,0.5657458563535912,0.9070239067077636
fixed,sub-04_FDSI_triangular-ramp5s_snr25dB,sub-04,triangular-ramp5s,25,7,49,0.3370558375634517,0.9380926489830016
fixed,sub-04_FDSI_triangular-ramp5s_snr25dB,sub-04,triangular-ramp5s,25,8,51,0.2792990142387733,0.9270151257514954
fixed,sub-04_FDSI_triangular-ramp5s_snr20dB,sub-04,triangular-ramp5s,20,0,41,0.643824027072758,0.9592403173446656
fixed,sub-04_FDSI_triangular-ramp5s_snr20dB,sub-04,triangular-ramp5s,20,1,48,0.4554455445544554,0.9408706426620485
fixed,sub-04_FDSI_triangular-ramp5s_snr20dB,sub-04,triangular-ramp5s,20,2,42,0.2972972972972973,0.9337762594223022
fixed,sub-04_FDSI_triangular-ramp5s_snr15dB,sub-04,triangular-ramp5s,15,0,41,0.628595600676819,0.9590660333633424
fixed,sub-05_FDSI_staircase_snr30dB,sub-05,staircase,30,0,35,0.2759719566602931,0.9388588666915894
fixed,sub-05_FDSI_staircase_snr30dB,sub-05,staircase,30,1,31,0.284452296819788,0.9416604042053224
fixed,sub-05_FDSI_staircase_snr30dB,sub-05,staircase,30,2,44,0.3579595426561126,0.9531441926956176
fixed,sub-05_FDSI_staircase_snr30dB,sub-05,staircase,30,3,43,0.323603002502085,0.9544991850852966
fixed,sub-05_FDSI_staircase_snr30dB,sub-05,staircase,30,4,42,0.2103174603174603,0.9324284791946412
fixed,sub-05_FDSI_staircase_snr30dB,sub-05,staircase,30,5,30,0.3648018648018648,0.942284882068634
fixed,sub-05_FDSI_staircase_snr30dB,sub-05,staircase,30,6,40,0.3148283418553689,0.9270389676094056
fixed,sub-05_FDSI_staircase_snr30dB,sub-05,staircase,30,7,36,0.1542483660130719,0.9380911588668824
fixed,sub-05_FDSI_staircase_snr30dB,sub-05,staircase,30,8,41,0.2308880308880309,0.92643004655838
fixed,sub-05_FDSI_staircase_snr30dB,sub-05,staircase,30,9,16,0.5658345570239843,0.9355334043502808
fixed,sub-05_FDSI_staircase_snr30dB,sub-05,staircase,30,10,37,0.1976303317535545,0.8643201589584351
fixed,sub-05_FDSI_staircase_snr30dB,sub-05,staircase,30,11,39,0.4053563322741715,0.8673161268234253
fixed,sub-05_FDSI_staircase_snr30dB,sub-05,staircase,30,12,34,0.2763568309419837,0.9280409812927246
fixed,sub-05_FDSI_staircase_snr30dB,sub-05,staircase,30,13,33,0.1878371750858264,0.8770002126693726
fixed,sub-05_FDSI_staircase_snr25dB,sub-05,staircase,25,0,31,0.2803297997644287,0.9392085671424866
fixed,sub-05_FDSI_staircase_snr25dB,sub-05,staircase,25,1,44,0.3632365875109938,0.951673984527588
fixed,sub-05_FDSI_staircase_snr25dB,sub-05,staircase,25,2,42,0.1968871595330739,0.9099445939064026
fixed,sub-05_FDSI_staircase_snr25dB,sub-05,staircase,25,3,40,0.2533039647577093,0.9195010662078856
fixed,sub-05_FDSI_staircase_snr25dB,sub-05,staircase,25,4,30,0.3065268065268065,0.9392184615135192
fixed,sub-05_FDSI_staircase_snr25dB,sub-05,staircase,25,5,43,0.1809841534612176,0.9322494864463806
fixed,sub-05_FDSI_staircase_snr25dB,sub-05,staircase,25,6,41,0.2131274131274131,0.9246302843093872
fixed,sub-05_FDSI_staircase_snr25dB,sub-05,staircase,25,7,36,0.1490196078431372,0.9247860312461852
fixed,sub-05_FDSI_staircase_snr25dB,sub-05,staircase,25,8,35,0.2778840025493945,0.9287954568862916
fixed,sub-05_FDSI_staircase_snr25dB,sub-05,staircase,25,9,16,0.5144395496818405,0.9227715730667114
fixed,sub-05_FDSI_staircase_snr20dB,sub-05,staircase,20,0,31,0.2921083627797409,0.9378276467323304
fixed,sub-05_FDSI_staircase_snr20dB,sub-05,staircase,20,1,43,0.2593828190158465,0.9347751140594482
fixed,sub-05_FDSI_staircase_snr20dB,sub-05,staircase,20,2,44,0.2207563764291996,0.9436981081962584
fixed,sub-05_FDSI_staircase_snr15dB,sub-05,staircase,15,0,31,0.2435294117647058,0.9266552925109864
fixed,sub-05_FDSI_staircase_snr15dB,sub-05,staircase,15,1,43,0.2435362802335279,0.9254088401794434
fixed,sub-05_FDSI_staircase_snr15dB,sub-05,staircase,15,2,44,0.2102022867194371,0.9381912350654602
fixed,sub-05_FDSI_triangular-ramp40s_snr30dB,sub-05,triangular-ramp40s,30,0,44,0.256441717791411,0.9619770646095276
fixed,sub-05_FDSI_triangular-ramp40s_snr30dB,sub-05,triangular-ramp40s,30,1,41,0.3052294557097118,0.9450761675834656
fixed,sub-05_FDSI_triangular-ramp40s_snr30dB,sub-05,triangular-ramp40s,30,2,35,0.3144375553587245,0.9523639678955078
fixed,sub-05_FDSI_triangular-ramp40s_snr30dB,sub-05,triangular-ramp40s,30,3,30,0.4055555555555555,0.9455496668815612
fixed,sub-05_FDSI_triangular-ramp40s_snr30dB,sub-05,triangular-ramp40s,30,4,31,0.337152209492635,0.9437075853347778
fixed,sub-05_FDSI_triangular-ramp40s_snr30dB,sub-05,triangular-ramp40s,30,5,40,0.3429158110882956,0.9484077095985411
fixed,sub-05_FDSI_triangular-ramp40s_snr30dB,sub-05,triangular-ramp40s,30,6,33,0.1796151104775481,0.892846405506134
fixed,sub-05_FDSI_triangular-ramp40s_snr30dB,sub-05,triangular-ramp40s,30,7,43,0.313953488372093,0.95544171333313
fixed,sub-05_FDSI_triangular-ramp40s_snr30dB,sub-05,triangular-ramp40s,30,8,39,0.4111455108359133,0.882053554058075
fixed,sub-05_FDSI_triangular-ramp40s_snr30dB,sub-05,triangular-ramp40s,30,9,16,0.5961930659415363,0.9329645037651062
fixed,sub-05_FDSI_triangular-ramp40s_snr30dB,sub-05,triangular-ramp40s,30,10,42,0.3148936170212766,0.9176936745643616
fixed,sub-05_FDSI_triangular-ramp40s_snr30dB,sub-05,triangular-ramp40s,30,11,36,0.2309090909090909,0.9377085566520692
fixed,sub-05_FDSI_triangular-ramp40s_snr25dB,sub-05,triangular-ramp40s,25,0,44,0.258578431372549,0.9490060210227966
fixed,sub-05_FDSI_triangular-ramp40s_snr25dB,sub-05,triangular-ramp40s,25,1,41,0.2878464818763326,0.9287265539169312
fixed,sub-05_FDSI_triangular-ramp40s_snr25dB,sub-05,triangular-ramp40s,25,2,35,0.3064658990256864,0.9387120008468628
fixed,sub-05_FDSI_triangular-ramp40s_snr25dB,sub-05,triangular-ramp40s,25,3,30,0.3785714285714285,0.9366198778152466
fixed,sub-05_FDSI_triangular-ramp40s_snr25dB,sub-05,triangular-ramp40s,25,4,31,0.3617021276595745,0.9446456432342528
fixed,sub-05_FDSI_triangular-ramp40s_snr25dB,sub-05,triangular-ramp40s,25,5,40,0.3046153846153846,0.9268074035644532
fixed,sub-05_FDSI_triangular-ramp40s_snr25dB,sub-05,triangular-ramp40s,25,6,43,0.2627906976744186,0.9440082311630248
fixed,sub-05_FDSI_triangular-ramp40s_snr25dB,sub-05,triangular-ramp40s,25,7,36,0.1781818181818182,0.9351763129234314
fixed,sub-05_FDSI_triangular-ramp40s_snr25dB,sub-05,triangular-ramp40s,25,8,16,0.5390890550645819,0.9183070063591005
fixed,sub-05_FDSI_triangular-ramp40s_snr25dB,sub-05,triangular-ramp40s,25,9,39,0.3481575603557814,0.8700502514839172
fixed,sub-05_FDSI_triangular-ramp40s_snr20dB,sub-05,triangular-ramp40s,20,0,43,0.2627906976744186,0.9329867362976074
fixed,sub-05_FDSI_triangular-ramp40s_snr20dB,sub-05,triangular-ramp40s,20,1,31,0.3540474243663123,0.9368408918380736
fixed,sub-05_FDSI_triangular-ramp40s_snr20dB,sub-05,triangular-ramp40s,20,2,44,0.3975460122699386,0.9341371655464172
fixed,sub-05_FDSI_triangular-ramp40s_snr15dB,sub-05,triangular-ramp40s,15,0,43,0.2593023255813954,0.92477685213089
fixed,sub-05_FDSI_triangular-ramp40s_snr15dB,sub-05,triangular-ramp40s,15,1,44,0.2389705882352941,0.9310314059257508
fixed,sub-05_FDSI_triangular-ramp20s_snr30dB,sub-05,triangular-ramp20s,30,0,44,0.2771672771672772,0.9607104063034058
fixed,sub-05_FDSI_triangular-ramp20s_snr30dB,sub-05,triangular-ramp20s,30,1,39,0.4771732332707942,0.8431892395019531
fixed,sub-05_FDSI_triangular-ramp20s_snr30dB,sub-05,triangular-ramp20s,30,2,35,0.3401420959147424,0.9438492655754088
fixed,sub-05_FDSI_triangular-ramp20s_snr30dB,sub-05,triangular-ramp20s,30,3,36,0.2135655362053162,0.9350928664207458
fixed,sub-05_FDSI_triangular-ramp20s_snr30dB,sub-05,triangular-ramp20s,30,4,43,0.2873831775700934,0.9546188116073608
fixed,sub-05_FDSI_triangular-ramp20s_snr30dB,sub-05,triangular-ramp20s,30,5,31,0.3532786885245901,0.951793909072876
fixed,sub-05_FDSI_triangular-ramp20s_snr30dB,sub-05,triangular-ramp20s,30,6,40,0.3737166324435318,0.943467378616333
fixed,sub-05_FDSI_triangular-ramp20s_snr30dB,sub-05,triangular-ramp20s,30,7,34,0.3401360544217687,0.9299501180648804
fixed,sub-05_FDSI_triangular-ramp20s_snr30dB,sub-05,triangular-ramp20s,30,8,42,0.3131094257854821,0.926625669002533
fixed,sub-05_FDSI_triangular-ramp20s_snr30dB,sub-05,triangular-ramp20s,30,9,30,0.4180655475619504,0.9409013986587524
fixed,sub-05_FDSI_triangular-ramp20s_snr30dB,sub-05,triangular-ramp20s,30,10,41,0.312433581296493,0.9465647339820862
fixed,sub-05_FDSI_triangular-ramp20s_snr30dB,sub-05,triangular-ramp20s,30,11,37,0.2426564495530012,0.82483971118927
fixed,sub-05_FDSI_triangular-ramp20s_snr30dB,sub-05,triangular-ramp20s,30,12,16,0.5903859174001355,0.9311614632606506
fixed,sub-05_FDSI_triangular-ramp20s_snr25dB,sub-05,triangular-ramp20s,25,0,44,0.2783882783882784,0.9582846760749816
fixed,sub-05_FDSI_triangular-ramp20s_snr25dB,sub-05,triangular-ramp20s,25,1,40,0.3172484599589322,0.9373023509979248
fixed,sub-05_FDSI_triangular-ramp20s_snr25dB,sub-05,triangular-ramp20s,25,2,41,0.2831389183457052,0.9477684497833252
fixed,sub-05_FDSI_triangular-ramp20s_snr25dB,sub-05,triangular-ramp20s,25,3,30,0.381294964028777,0.9372553825378418
fixed,sub-05_FDSI_triangular-ramp20s_snr25dB,sub-05,triangular-ramp20s,25,4,16,0.5474254742547425,0.9305395483970642
fixed,sub-05_FDSI_triangular-ramp20s_snr25dB,sub-05,triangular-ramp20s,25,5,43,0.2908878504672897,0.9479508996009828
fixed,sub-05_FDSI_triangular-ramp20s_snr25dB,sub-05,triangular-ramp20s,25,6,31,0.3352459016393442,0.9437466263771056
fixed,sub-05_FDSI_triangular-ramp20s_snr25dB,sub-05,triangular-ramp20s,25,7,34,0.2625838926174497,0.9250391125679016
fixed,sub-05_FDSI_triangular-ramp20s_snr25dB,sub-05,triangular-ramp20s,25,8,35,0.327708703374778,0.9325684905052184
fixed,sub-05_FDSI_triangular-ramp20s_snr20dB,sub-05,triangular-ramp20s,20,0,44,0.2796092796092796,0.9510964155197144
fixed,sub-05_FDSI_triangular-ramp20s_snr20dB,sub-05,triangular-ramp20s,20,1,43,0.2733644859813084,0.9376847147941588
fixed,sub-05_FDSI_triangular-ramp20s_snr20dB,sub-05,triangular-ramp20s,20,2,31,0.3327868852459016,0.9382703304290771
fixed,sub-05_FDSI_triangular-ramp20s_snr15dB,sub-05,triangular-ramp20s,15,0,44,0.2918192918192918,0.93896222114563
fixed,sub-05_FDSI_triangular-ramp20s_snr15dB,sub-05,triangular-ramp20s,15,1,43,0.2792056074766355,0.920107364654541
fixed,sub-05_FDSI_triangular-ramp10s_snr30dB,sub-05,triangular-ramp10s,30,0,43,0.3728222996515679,0.9563106298446656
fixed,sub-05_FDSI_triangular-ramp10s_snr30dB,sub-05,triangular-ramp10s,30,1,44,0.437956204379562,0.956312894821167
fixed,sub-05_FDSI_triangular-ramp10s_snr30dB,sub-05,triangular-ramp10s,30,2,42,0.2662337662337662,0.9322444200515748
fixed,sub-05_FDSI_triangular-ramp10s_snr30dB,sub-05,triangular-ramp10s,30,3,30,0.3629096722621902,0.952772617340088
fixed,sub-05_FDSI_triangular-ramp10s_snr30dB,sub-05,triangular-ramp10s,30,4,40,0.3425925925925926,0.939453125
fixed,sub-05_FDSI_triangular-ramp10s_snr30dB,sub-05,triangular-ramp10s,30,5,31,0.3646003262642741,0.94814932346344
fixed,sub-05_FDSI_triangular-ramp10s_snr30dB,sub-05,triangular-ramp10s,30,6,36,0.2367941712204007,0.9428268671035768
fixed,sub-05_FDSI_triangular-ramp10s_snr30dB,sub-05,triangular-ramp10s,30,7,35,0.3288650580875782,0.9390391707420348
fixed,sub-05_FDSI_triangular-ramp10s_snr30dB,sub-05,triangular-ramp10s,30,8,34,0.3226643598615917,0.921180009841919
fixed,sub-05_FDSI_triangular-ramp10s_snr30dB,sub-05,triangular-ramp10s,30,9,39,0.4663341645885286,0.849030077457428
fixed,sub-05_FDSI_triangular-ramp10s_snr30dB,sub-05,triangular-ramp10s,30,10,41,0.2615219721329046,0.9300719499588012
fixed,sub-05_FDSI_triangular-ramp10s_snr30dB,sub-05,triangular-ramp10s,30,11,33,0.2228739002932551,0.9017372131347656
fixed,sub-05_FDSI_triangular-ramp10s_snr30dB,sub-05,triangular-ramp10s,30,12,16,0.5625,0.9302821159362792
fixed,sub-05_FDSI_triangular-ramp10s_snr25dB,sub-05,triangular-ramp10s,25,0,43,0.3670150987224158,0.9497748017311096
fixed,sub-05_FDSI_triangular-ramp10s_snr25dB,sub-05,triangular-ramp10s,25,1,35,0.2931188561215371,0.9338297247886658
fixed,sub-05_FDSI_triangular-ramp10s_snr25dB,sub-05,triangular-ramp10s,25,2,44,0.413625304136253,0.9419167637825012
fixed,sub-05_FDSI_triangular-ramp10s_snr25dB,sub-05,triangular-ramp10s,25,3,30,0.3749000799360512,0.9415714144706726
fixed,sub-05_FDSI_triangular-ramp10s_snr25dB,sub-05,triangular-ramp10s,25,4,40,0.3034979423868312,0.9361209273338318
fixed,sub-05_FDSI_triangular-ramp10s_snr25dB,sub-05,triangular-ramp10s,25,5,39,0.4285714285714285,0.8435449004173279
fixed,sub-05_FDSI_triangular-ramp10s_snr25dB,sub-05,triangular-ramp10s,25,6,41,0.3004291845493562,0.9420372247695924
fixed,sub-05_FDSI_triangular-ramp10s_snr25dB,sub-05,triangular-ramp10s,25,7,31,0.3433931484502447,0.9423184394836426
fixed,sub-05_FDSI_triangular-ramp10s_snr20dB,sub-05,triangular-ramp10s,20,0,43,0.346109175377468,0.9302151203155518
fixed,sub-05_FDSI_triangular-ramp10s_snr20dB,sub-05,triangular-ramp10s,20,1,44,0.4075425790754258,0.9324555397033693
fixed,sub-05_FDSI_triangular-ramp10s_snr20dB,sub-05,triangular-ramp10s,20,2,31,0.3442088091353997,0.9308057427406312
fixed,sub-05_FDSI_triangular-ramp10s_snr15dB,sub-05,triangular-ramp10s,15,0,44,0.3673965936739659,0.937521755695343
fixed,sub-05_FDSI_triangular-ramp10s_snr15dB,sub-05,triangular-ramp10s,15,1,43,0.289198606271777,0.9259481430053712
fixed,sub-05_FDSI_triangular-ramp10s_snr15dB,sub-05,triangular-ramp10s,15,2,31,0.2903752039151713,0.9249905943870544
fixed,sub-05_FDSI_triangular-ramp5s_snr30dB,sub-05,triangular-ramp5s,30,0,44,0.4632352941176471,0.957245111465454
fixed,sub-05_FDSI_triangular-ramp5s_snr30dB,sub-05,triangular-ramp5s,30,1,30,0.411296738265712,0.9514461755752563
fixed,sub-05_FDSI_triangular-ramp5s_snr30dB,sub-05,triangular-ramp5s,30,2,43,0.3883040935672515,0.959255874156952
fixed,sub-05_FDSI_triangular-ramp5s_snr30dB,sub-05,triangular-ramp5s,30,3,41,0.3129689174705252,0.946097493171692
fixed,sub-05_FDSI_triangular-ramp5s_snr30dB,sub-05,triangular-ramp5s,30,4,40,0.3486238532110092,0.9462240934371948
fixed,sub-05_FDSI_triangular-ramp5s_snr30dB,sub-05,triangular-ramp5s,30,5,36,0.2252497729336966,0.9390516877174376
fixed,sub-05_FDSI_triangular-ramp5s_snr30dB,sub-05,triangular-ramp5s,30,6,35,0.3436669619131975,0.9389368891716005
fixed,sub-05_FDSI_triangular-ramp5s_snr30dB,sub-05,triangular-ramp5s,30,7,34,0.3130881094952951,0.9285411238670348
fixed,sub-05_FDSI_triangular-ramp5s_snr30dB,sub-05,triangular-ramp5s,30,8,42,0.283205268935236,0.9290103316307068
fixed,sub-05_FDSI_triangular-ramp5s_snr30dB,sub-05,triangular-ramp5s,30,9,31,0.3970707892595606,0.9424493312835692
fixed,sub-05_FDSI_triangular-ramp5s_snr30dB,sub-05,triangular-ramp5s,30,10,39,0.4924562462281231,0.8328189253807068
fixed,sub-05_FDSI_triangular-ramp5s_snr30dB,sub-05,triangular-ramp5s,30,11,16,0.5880740233036327,0.9378798007965088
fixed,sub-05_FDSI_triangular-ramp5s_snr30dB,sub-05,triangular-ramp5s,30,12,29,0.1869599371563236,0.921466052532196
fixed,sub-05_FDSI_triangular-ramp5s_snr25dB,sub-05,triangular-ramp5s,25,0,44,0.4595588235294117,0.952647030353546
fixed,sub-05_FDSI_triangular-ramp5s_snr25dB,sub-05,triangular-ramp5s,25,1,43,0.3964912280701754,0.953496277332306
fixed,sub-05_FDSI_triangular-ramp5s_snr25dB,sub-05,triangular-ramp5s,25,2,30,0.3914081145584726,0.9346595406532288
fixed,sub-05_FDSI_triangular-ramp5s_snr25dB,sub-05,triangular-ramp5s,25,3,41,0.284796573875803,0.931626796722412
fixed,sub-05_FDSI_triangular-ramp5s_snr25dB,sub-05,triangular-ramp5s,25,4,40,0.3027522935779816,0.936713457107544
fixed,sub-05_FDSI_triangular-ramp5s_snr25dB,sub-05,triangular-ramp5s,25,5,42,0.2363238512035011,0.9074984192848206
fixed,sub-05_FDSI_triangular-ramp5s_snr25dB,sub-05,triangular-ramp5s,25,6,16,0.5195339273474983,0.9195868968963624
fixed,sub-05_FDSI_triangular-ramp5s_snr25dB,sub-05,triangular-ramp5s,25,7,31,0.3352318958502848,0.91606342792511
fixed,sub-05_FDSI_triangular-ramp5s_snr25dB,sub-05,triangular-ramp5s,25,8,36,0.1734786557674841,0.9239189624786376
fixed,sub-05_FDSI_triangular-ramp5s_snr25dB,sub-05,triangular-ramp5s,25,9,35,0.295837023914969,0.9282429218292236
fixed,sub-05_FDSI_triangular-ramp5s_snr20dB,sub-05,triangular-ramp5s,20,0,44,0.4227941176470588,0.9424706697463988
fixed,sub-05_FDSI_triangular-ramp5s_snr20dB,sub-05,triangular-ramp5s,20,1,31,0.3645240032546786,0.9397839903831482
fixed,sub-05_FDSI_triangular-ramp5s_snr20dB,sub-05,triangular-ramp5s,20,2,43,0.2631578947368421,0.9353005290031432
fixed,sub-05_FDSI_triangular-ramp5s_snr20dB,sub-05,triangular-ramp5s,20,3,41,0.2441113490364025,0.9278206825256348
fixed,sub-05_FDSI_triangular-ramp5s_snr15dB,sub-05,triangular-ramp5s,15,0,43,0.2304093567251462,0.9138345718383788
fixed,sub-05_FDSI_triangular-ramp5s_snr15dB,sub-05,triangular-ramp5s,15,1,44,0.2778457772337821,0.9306211471557616
lr_fixed_tpe_sv_median,sub-01_FDSI_staircase_snr30dB,sub-01,staircase,30,0,28,0.9981818181818182,0.9943064451217652
lr_fixed_tpe_sv_median,sub-01_FDSI_staircase_snr30dB,sub-01,staircase,30,1,38,0.9938434476693052,0.9859862923622132
lr_fixed_tpe_sv_median,sub-01_FDSI_staircase_snr30dB,sub-01,staircase,30,2,7,0.9802724283701268,0.9387868642807008
lr_fixed_tpe_sv_median,sub-01_FDSI_staircase_snr30dB,sub-01,staircase,30,3,37,0.2666666666666666,0.8690300583839417
lr_fixed_tpe_sv_median,sub-01_FDSI_staircase_snr30dB,sub-01,staircase,30,4,31,0.2482547993019197,0.9240637421607972
lr_fixed_tpe_sv_median,sub-01_FDSI_staircase_snr30dB,sub-01,staircase,30,5,35,0.8686567164179104,0.9062098264694214
lr_fixed_tpe_sv_median,sub-01_FDSI_staircase_snr30dB,sub-01,staircase,30,6,34,0.994198694706309,0.9535549879074096
lr_fixed_tpe_sv_median,sub-01_FDSI_staircase_snr30dB,sub-01,staircase,30,7,30,0.9936386768447836,0.9692758321762084
lr_fixed_tpe_sv_median,sub-01_FDSI_staircase_snr30dB,sub-01,staircase,30,8,36,0.9944532488114104,0.9765074849128724
lr_fixed_tpe_sv_median,sub-01_FDSI_staircase_snr30dB,sub-01,staircase,30,9,32,0.993270524899058,0.9647745490074158
lr_fixed_tpe_sv_median,sub-01_FDSI_staircase_snr30dB,sub-01,staircase,30,10,24,0.978369384359401,0.939439296722412
lr_fixed_tpe_sv_median,sub-01_FDSI_staircase_snr30dB,sub-01,staircase,30,11,22,0.9740119112073632,0.931764841079712
lr_fixed_tpe_sv_median,sub-01_FDSI_staircase_snr30dB,sub-01,staircase,30,12,33,0.3224785165083672,0.9167785048484802
lr_fixed_tpe_sv_median,sub-01_FDSI_staircase_snr30dB,sub-01,staircase,30,13,29,0.2501038637307852,0.8819856643676758
lr_fixed_tpe_sv_median,sub-01_FDSI_staircase_snr25dB,sub-01,staircase,25,0,28,0.9981818181818182,0.9928667545318604
lr_fixed_tpe_sv_median,sub-01_FDSI_staircase_snr25dB,sub-01,staircase,25,1,38,0.9938434476693052,0.9768552780151368
lr_fixed_tpe_sv_median,sub-01_FDSI_staircase_snr25dB,sub-01,staircase,25,2,37,0.2044040210627094,0.8560999035835266
lr_fixed_tpe_sv_median,sub-01_FDSI_staircase_snr25dB,sub-01,staircase,25,3,31,0.254919108001749,0.9003635048866272
lr_fixed_tpe_sv_median,sub-01_FDSI_staircase_snr25dB,sub-01,staircase,25,4,24,0.9828064337215752,0.9373462200164796
lr_fixed_tpe_sv_median,sub-01_FDSI_staircase_snr25dB,sub-01,staircase,25,5,32,0.9852348993288592,0.9485043883323668
lr_fixed_tpe_sv_median,sub-01_FDSI_staircase_snr25dB,sub-01,staircase,25,6,34,0.9883973894126178,0.929381549358368
lr_fixed_tpe_sv_median,sub-01_FDSI_staircase_snr25dB,sub-01,staircase,25,7,30,0.2447552447552447,0.8692311644554138
lr_fixed_tpe_sv_median,sub-01_FDSI_staircase_snr25dB,sub-01,staircase,25,8,36,0.9920760697305864,0.9706229567527772
lr_fixed_tpe_sv_median,sub-01_FDSI_staircase_snr25dB,sub-01,staircase,25,9,33,0.2883944153577661,0.9031782746315002
lr_fixed_tpe_sv_median,sub-01_FDSI_staircase_snr25dB,sub-01,staircase,25,10,35,0.9864559819413092,0.9437537789344788
lr_fixed_tpe_sv_median,sub-01_FDSI_staircase_snr20dB,sub-01,staircase,20,0,28,0.9981818181818182,0.9907920360565186
lr_fixed_tpe_sv_median,sub-01_FDSI_staircase_snr20dB,sub-01,staircase,20,1,38,0.992084432717678,0.9592442512512208
lr_fixed_tpe_sv_median,sub-01_FDSI_staircase_snr20dB,sub-01,staircase,20,2,37,0.2045337454920144,0.8183911442756653
lr_fixed_tpe_sv_median,sub-01_FDSI_staircase_snr20dB,sub-01,staircase,20,3,36,0.9659540775930324,0.9085835814476012
lr_fixed_tpe_sv_median,sub-01_FDSI_staircase_snr20dB,sub-01,staircase,20,4,34,0.9689081706435284,0.8937860727310181
lr_fixed_tpe_sv_median,sub-01_FDSI_staircase_snr20dB,sub-01,staircase,20,5,32,0.993939393939394,0.953475534915924
lr_fixed_tpe_sv_median,sub-01_FDSI_staircase_snr15dB,sub-01,staircase,15,0,28,0.9981818181818182,0.9878278970718384
lr_fixed_tpe_sv_median,sub-01_FDSI_staircase_snr15dB,sub-01,staircase,15,1,38,0.9877085162423178,0.9232699275016784
lr_fixed_tpe_sv_median,sub-01_FDSI_staircase_snr15dB,sub-01,staircase,15,2,36,0.953396524486572,0.889127790927887
lr_fixed_tpe_sv_median,sub-01_FDSI_staircase_snr15dB,sub-01,staircase,15,3,34,0.912737508796622,0.8656420707702637
lr_fixed_tpe_sv_median,sub-01_FDSI_staircase_snr15dB,sub-01,staircase,15,4,32,0.9551839464882944,0.9232913255691528
lr_fixed_tpe_sv_median,sub-01_FDSI_triangular-ramp40s_snr30dB,sub-01,triangular-ramp40s,30,0,28,0.9949494949494948,0.994696319103241
lr_fixed_tpe_sv_median,sub-01_FDSI_triangular-ramp40s_snr30dB,sub-01,triangular-ramp40s,30,1,32,0.2881462799495586,0.9173950552940368
lr_fixed_tpe_sv_median,sub-01_FDSI_triangular-ramp40s_snr30dB,sub-01,triangular-ramp40s,30,2,38,0.993857493857494,0.9829922914505004
lr_fixed_tpe_sv_median,sub-01_FDSI_triangular-ramp40s_snr30dB,sub-01,triangular-ramp40s,30,3,37,0.2117558402411454,0.8526153564453125
lr_fixed_tpe_sv_median,sub-01_FDSI_triangular-ramp40s_snr30dB,sub-01,triangular-ramp40s,30,4,35,0.2443324937027707,0.85025554895401
lr_fixed_tpe_sv_median,sub-01_FDSI_triangular-ramp40s_snr30dB,sub-01,triangular-ramp40s,30,5,34,0.9918116683725692,0.9373584985733032
lr_fixed_tpe_sv_median,sub-01_FDSI_triangular-ramp40s_snr30dB,sub-01,triangular-ramp40s,30,6,36,0.9933847850055126,0.9806525707244872
lr_fixed_tpe_sv_median,sub-01_FDSI_triangular-ramp40s_snr30dB,sub-01,triangular-ramp40s,30,7,33,0.2949110974862048,0.9144190549850464
lr_fixed_tpe_sv_median,sub-01_FDSI_triangular-ramp40s_snr30dB,sub-01,triangular-ramp40s,30,8,30,0.3442416614222782,0.9053269624710084
lr_fixed_tpe_sv_median,sub-01_FDSI_triangular-ramp40s_snr30dB,sub-01,triangular-ramp40s,30,9,7,0.9443352979698756,0.9180231094360352
lr_fixed_tpe_sv_median,sub-01_FDSI_triangular-ramp40s_snr30dB,sub-01,triangular-ramp40s,30,10,29,0.2342239909039226,0.860905110836029
lr_fixed_tpe_sv_median,sub-01_FDSI_triangular-ramp40s_snr30dB,sub-01,triangular-ramp40s,30,11,31,0.9872611464968152,0.9438084363937378
lr_fixed_tpe_sv_median,sub-01_FDSI_triangular-ramp40s_snr30dB,sub-01,triangular-ramp40s,30,12,22,0.9535232383808095,0.9109237790107728
lr_fixed_tpe_sv_median,sub-01_FDSI_triangular-ramp40s_snr30dB,sub-01,triangular-ramp40s,30,13,24,0.9883177570093458,0.9386054873466492
lr_fixed_tpe_sv_median,sub-01_FDSI_triangular-ramp40s_snr25dB,sub-01,triangular-ramp40s,25,0,28,0.9949494949494948,0.9931610226631165
lr_fixed_tpe_sv_median,sub-01_FDSI_triangular-ramp40s_snr25dB,sub-01,triangular-ramp40s,25,1,32,0.2645600991325898,0.8998035788536072
lr_fixed_tpe_sv_median,sub-01_FDSI_triangular-ramp40s_snr25dB,sub-01,triangular-ramp40s,25,2,38,0.925,0.8319609761238098
lr_fixed_tpe_sv_median,sub-01_FDSI_triangular-ramp40s_snr25dB,sub-01,triangular-ramp40s,25,3,37,0.185820895522388,0.8519927263259888
lr_fixed_tpe_sv_median,sub-01_FDSI_triangular-ramp40s_snr25dB,sub-01,triangular-ramp40s,25,4,24,0.9626168224299064,0.9278181791305542
lr_fixed_tpe_sv_median,sub-01_FDSI_triangular-ramp40s_snr25dB,sub-01,triangular-ramp40s,25,5,34,0.9918116683725692,0.9107186198234558
lr_fixed_tpe_sv_median,sub-01_FDSI_triangular-ramp40s_snr25dB,sub-01,triangular-ramp40s,25,6,36,0.9922822491730982,0.9684463143348694
lr_fixed_tpe_sv_median,sub-01_FDSI_triangular-ramp40s_snr25dB,sub-01,triangular-ramp40s,25,7,29,0.1998889505830094,0.8461384773254395
lr_fixed_tpe_sv_median,sub-01_FDSI_triangular-ramp40s_snr25dB,sub-01,triangular-ramp40s,25,8,30,0.2818181818181818,0.8838735222816467
lr_fixed_tpe_sv_median,sub-01_FDSI_triangular-ramp40s_snr25dB,sub-01,triangular-ramp40s,25,9,35,0.23692704970949,0.8589915037155151
lr_fixed_tpe_sv_median,sub-01_FDSI_triangular-ramp40s_snr25dB,sub-01,triangular-ramp40s,25,10,31,0.4335378323108384,0.8917150497436523
lr_fixed_tpe_sv_median,sub-01_FDSI_triangular-ramp40s_snr25dB,sub-01,triangular-ramp40s,25,11,33,0.2183179723502304,0.9010023474693298
lr_fixed_tpe_sv_median,sub-01_FDSI_triangular-ramp40s_snr20dB,sub-01,triangular-ramp40s,20,0,28,0.9957912457912458,0.9920080304145812
lr_fixed_tpe_sv_median,sub-01_FDSI_triangular-ramp40s_snr20dB,sub-01,triangular-ramp40s,20,1,32,0.992467043314501,0.9491992592811584
lr_fixed_tpe_sv_median,sub-01_FDSI_triangular-ramp40s_snr20dB,sub-01,triangular-ramp40s,20,2,38,0.9914004914004914,0.951495349407196
lr_fixed_tpe_sv_median,sub-01_FDSI_triangular-ramp40s_snr20dB,sub-01,triangular-ramp40s,20,3,35,0.2916948008102633,0.8296352028846741
lr_fixed_tpe_sv_median,sub-01_FDSI_triangular-ramp40s_snr20dB,sub-01,triangular-ramp40s,20,4,36,0.9768467475192943,0.9077167510986328
lr_fixed_tpe_sv_median,sub-01_FDSI_triangular-ramp40s_snr20dB,sub-01,triangular-ramp40s,20,5,34,0.9560776302349336,0.8883877396583557
lr_fixed_tpe_sv_median,sub-01_FDSI_triangular-ramp40s_snr20dB,sub-01,triangular-ramp40s,20,6,37,0.1998582565556343,0.8109462857246399
lr_fixed_tpe_sv_median,sub-01_FDSI_triangular-ramp40s_snr15dB,sub-01,triangular-ramp40s,15,0,28,0.9957912457912458,0.9892582297325134
lr_fixed_tpe_sv_median,sub-01_FDSI_triangular-ramp40s_snr15dB,sub-01,triangular-ramp40s,15,1,38,0.9791411042944784,0.919720470905304
lr_fixed_tpe_sv_median,sub-01_FDSI_triangular-ramp40s_snr15dB,sub-01,triangular-ramp40s,15,2,34,0.3514043109079033,0.7314985990524292
lr_fixed_tpe_sv_median,sub-01_FDSI_triangular-ramp40s_snr15dB,sub-01,triangular-ramp40s,15,3,36,0.888646288209607,0.8361135721206665
lr_fixed_tpe_sv_median,sub-01_FDSI_triangular-ramp20s_snr30dB,sub-01,triangular-ramp20s,30,0,38,0.9901112484548824,0.9528445601463318
lr_fixed_tpe_sv_median,sub-01_FDSI_triangular-ramp20s_snr30dB,sub-01,triangular-ramp20s,30,1,37,0.965556831228473,0.9103339910507202
lr_fixed_tpe_sv_median,sub-01_FDSI_triangular-ramp20s_snr30dB,sub-01,triangular-ramp20s,30,2,33,0.111944295661489,0.9195144176483154
lr_fixed_tpe_sv_median,sub-01_FDSI_triangular-ramp20s_snr30dB,sub-01,triangular-ramp20s,30,3,32,0.9905838041431262,0.9451924562454224
lr_fixed_tpe_sv_median,sub-01_FDSI_triangular-ramp20s_snr30dB,sub-01,triangular-ramp20s,30,4,28,0.9958471760797342,0.9909810423851012
lr_fixed_tpe_sv_median,sub-01_FDSI_triangular-ramp20s_snr30dB,sub-01,triangular-ramp20s,30,5,35,0.948744769874477,0.9040831923484802
lr_fixed_tpe_sv_median,sub-01_FDSI_triangular-ramp20s_snr30dB,sub-01,triangular-ramp20s,30,6,34,0.9908814589665652,0.9217652678489684
lr_fixed_tpe_sv_median,sub-01_FDSI_triangular-ramp20s_snr30dB,sub-01,triangular-ramp20s,30,7,24,0.9775019394879751,0.9247638583183287
lr_fixed_tpe_sv_median,sub-01_FDSI_triangular-ramp20s_snr30dB,sub-01,triangular-ramp20s,30,8,31,0.4581005586592179,0.9070432186126708
lr_fixed_tpe_sv_median,sub-01_FDSI_triangular-ramp20s_snr30dB,sub-01,triangular-ramp20s,30,9,29,0.1014644351464435,0.9017109274864196
lr_fixed_tpe_sv_median,sub-01_FDSI_triangular-ramp20s_snr30dB,sub-01,triangular-ramp20s,30,10,36,0.9934138309549944,0.9520096778869628
lr_fixed_tpe_sv_median,sub-01_FDSI_triangular-ramp20s_snr30dB,sub-01,triangular-ramp20s,30,11,13,0.9108710330857528,0.8962193131446838
lr_fixed_tpe_sv_median,sub-01_FDSI_triangular-ramp20s_snr30dB,sub-01,triangular-ramp20s,30,12,30,0.1302616609783845,0.9033771753311156
lr_fixed_tpe_sv_median,sub-01_FDSI_triangular-ramp20s_snr30dB,sub-01,triangular-ramp20s,30,13,22,0.9067164179104478,0.8961331248283386
lr_fixed_tpe_sv_median,sub-01_FDSI_triangular-ramp20s_snr25dB,sub-01,triangular-ramp20s,25,0,38,0.9901112484548824,0.9392321109771729
lr_fixed_tpe_sv_median,sub-01_FDSI_triangular-ramp20s_snr25dB,sub-01,triangular-ramp20s,25,1,28,0.9966777408637874,0.9918294548988342
lr_fixed_tpe_sv_median,sub-01_FDSI_triangular-ramp20s_snr25dB,sub-01,triangular-ramp20s,25,2,34,0.967741935483871,0.8958364129066467
lr_fixed_tpe_sv_median,sub-01_FDSI_triangular-ramp20s_snr25dB,sub-01,triangular-ramp20s,25,3,35,0.8822916666666667,0.8844046592712402
lr_fixed_tpe_sv_median,sub-01_FDSI_triangular-ramp20s_snr25dB,sub-01,triangular-ramp20s,25,4,32,0.7238866396761133,0.9173955917358398
lr_fixed_tpe_sv_median,sub-01_FDSI_triangular-ramp20s_snr25dB,sub-01,triangular-ramp20s,25,5,30,0.1132723112128146,0.8950725793838501
lr_fixed_tpe_sv_median,sub-01_FDSI_triangular-ramp20s_snr25dB,sub-01,triangular-ramp20s,25,6,37,0.4522222222222222,0.9066550731658936
lr_fixed_tpe_sv_median,sub-01_FDSI_triangular-ramp20s_snr25dB,sub-01,triangular-ramp20s,25,7,36,0.6035049288061336,0.9043565392494202
lr_fixed_tpe_sv_median,sub-01_FDSI_triangular-ramp20s_snr25dB,sub-01,triangular-ramp20s,25,8,33,0.091100579252238,0.8781986832618713
lr_fixed_tpe_sv_median,sub-01_FDSI_triangular-ramp20s_snr25dB,sub-01,triangular-ramp20s,25,9,31,0.5014084507042254,0.8961544036865234
lr_fixed_tpe_sv_median,sub-01_FDSI_triangular-ramp20s_snr25dB,sub-01,triangular-ramp20s,25,10,24,0.9167309175019276,0.8976122736930847
lr_fixed_tpe_sv_median,sub-01_FDSI_triangular-ramp20s_snr20dB,sub-01,triangular-ramp20s,20,0,38,0.92336217552534,0.922976016998291
lr_fixed_tpe_sv_median,sub-01_FDSI_triangular-ramp20s_snr20dB,sub-01,triangular-ramp20s,20,1,32,0.9240862230552952,0.921056866645813
lr_fixed_tpe_sv_median,sub-01_FDSI_triangular-ramp20s_snr20dB,sub-01,triangular-ramp20s,20,2,28,0.9991694352159468,0.9890693426132202
lr_fixed_tpe_sv_median,sub-01_FDSI_triangular-ramp20s_snr20dB,sub-01,triangular-ramp20s,20,3,36,0.5568927789934355,0.9009175896644592
lr_fixed_tpe_sv_median,sub-01_FDSI_triangular-ramp20s_snr20dB,sub-01,triangular-ramp20s,20,4,34,0.1448957189901207,0.8788866400718689
lr_fixed_tpe_sv_median,sub-01_FDSI_triangular-ramp20s_snr15dB,sub-01,triangular-ramp20s,15,0,28,0.9975083056478404,0.9865868091583252
lr_fixed_tpe_sv_median,sub-01_FDSI_triangular-ramp20s_snr15dB,sub-01,triangular-ramp20s,15,1,38,0.6075794621026895,0.9103844165802002
lr_fixed_tpe_sv_median,sub-01_FDSI_triangular-ramp20s_snr15dB,sub-01,triangular-ramp20s,15,2,32,0.8027681660899654,0.8792905211448669
lr_fixed_tpe_sv_median,sub-01_FDSI_triangular-ramp20s_snr15dB,sub-01,triangular-ramp20s,15,3,36,0.469017094017094,0.8738340139389038
lr_fixed_tpe_sv_median,sub-01_FDSI_triangular-ramp10s_snr30dB,sub-01,triangular-ramp10s,30,0,34,0.714859437751004,0.9231006503105164
lr_fixed_tpe_sv_median,sub-01_FDSI_triangular-ramp10s_snr30dB,sub-01,triangular-ramp10s,30,1,37,0.4506726457399103,0.9340618252754213
lr_fixed_tpe_sv_median,sub-01_FDSI_triangular-ramp10s_snr30dB,sub-01,triangular-ramp10s,30,2,33,0.1146328578975171,0.9033398628234864
lr_fixed_tpe_sv_median,sub-01_FDSI_triangular-ramp10s_snr30dB,sub-01,triangular-ramp10s,30,3,28,0.9966386554621848,0.9888094663619996
lr_fixed_tpe_sv_median,sub-01_FDSI_triangular-ramp10s_snr30dB,sub-01,triangular-ramp10s,30,4,32,0.2267287234042553,0.8603042364120483
lr_fixed_tpe_sv_median,sub-01_FDSI_triangular-ramp10s_snr30dB,sub-01,triangular-ramp10s,30,5,30,0.1158301158301158,0.8933053016662598
lr_fixed_tpe_sv_median,sub-01_FDSI_triangular-ramp10s_snr30dB,sub-01,triangular-ramp10s,30,6,38,0.8876678876678876,0.9218077063560486
lr_fixed_tpe_sv_median,sub-01_FDSI_triangular-ramp10s_snr30dB,sub-01,triangular-ramp10s,30,7,35,0.8849372384937239,0.9230170845985411
lr_fixed_tpe_sv_median,sub-01_FDSI_triangular-ramp10s_snr30dB,sub-01,triangular-ramp10s,30,8,24,0.8927738927738927,0.916774570941925
lr_fixed_tpe_sv_median,sub-01_FDSI_triangular-ramp10s_snr30dB,sub-01,triangular-ramp10s,30,9,31,0.4493361285814116,0.9069594740867616
lr_fixed_tpe_sv_median,sub-01_FDSI_triangular-ramp10s_snr30dB,sub-01,triangular-ramp10s,30,10,36,0.9290465631929048,0.9371397495269777
lr_fixed_tpe_sv_median,sub-01_FDSI_triangular-ramp10s_snr30dB,sub-01,triangular-ramp10s,30,11,29,0.1028695181375203,0.8762549757957458
lr_fixed_tpe_sv_median,sub-01_FDSI_triangular-ramp10s_snr30dB,sub-01,triangular-ramp10s,30,12,22,0.7692883895131086,0.904446303844452
lr_fixed_tpe_sv_median,sub-01_FDSI_triangular-ramp10s_snr25dB,sub-01,triangular-ramp10s,25,0,34,0.8152173913043478,0.8952330946922302
lr_fixed_tpe_sv_median,sub-01_FDSI_triangular-ramp10s_snr25dB,sub-01,triangular-ramp10s,25,1,28,0.9966386554621848,0.987055480480194
lr_fixed_tpe_sv_median,sub-01_FDSI_triangular-ramp10s_snr25dB,sub-01,triangular-ramp10s,25,2,38,0.673992673992674,0.9202125668525696
lr_fixed_tpe_sv_median,sub-01_FDSI_triangular-ramp10s_snr25dB,sub-01,triangular-ramp10s,25,3,36,0.4490022172949002,0.9297484159469604
lr_fixed_tpe_sv_median,sub-01_FDSI_triangular-ramp10s_snr25dB,sub-01,triangular-ramp10s,25,4,32,0.8558139534883721,0.9143354296684264
lr_fixed_tpe_sv_median,sub-01_FDSI_triangular-ramp10s_snr25dB,sub-01,triangular-ramp10s,25,5,30,0.1443053070960047,0.855171263217926
lr_fixed_tpe_sv_median,sub-01_FDSI_triangular-ramp10s_snr25dB,sub-01,triangular-ramp10s,25,6,35,0.3511146496815286,0.8899677395820618
lr_fixed_tpe_sv_median,sub-01_FDSI_triangular-ramp10s_snr25dB,sub-01,triangular-ramp10s,25,7,33,0.1016483516483516,0.8728156089782715
lr_fixed_tpe_sv_median,sub-01_FDSI_triangular-ramp10s_snr25dB,sub-01,triangular-ramp10s,25,8,31,0.4181818181818181,0.9021641612052916
lr_fixed_tpe_sv_median,sub-01_FDSI_triangular-ramp10s_snr25dB,sub-01,triangular-ramp10s,25,9,37,0.4222474460839954,0.9262387156486512
lr_fixed_tpe_sv_median,sub-01_FDSI_triangular-ramp10s_snr25dB,sub-01,triangular-ramp10s,25,10,24,0.8415765069551777,0.8918138146400452
lr_fixed_tpe_sv_median,sub-01_FDSI_triangular-ramp10s_snr20dB,sub-01,triangular-ramp10s,20,0,34,0.1655211912943871,0.8731719255447388
lr_fixed_tpe_sv_median,sub-01_FDSI_triangular-ramp10s_snr20dB,sub-01,triangular-ramp10s,20,1,30,0.1424129353233831,0.8560203313827515
lr_fixed_tpe_sv_median,sub-01_FDSI_triangular-ramp10s_snr20dB,sub-01,triangular-ramp10s,20,2,28,0.9966386554621848,0.9770402312278748
lr_fixed_tpe_sv_median,sub-01_FDSI_triangular-ramp10s_snr20dB,sub-01,triangular-ramp10s,20,3,36,0.4369469026548672,0.924241840839386
lr_fixed_tpe_sv_median,sub-01_FDSI_triangular-ramp10s_snr20dB,sub-01,triangular-ramp10s,20,4,32,0.7804651162790698,0.9170083999633788
lr_fixed_tpe_sv_median,sub-01_FDSI_triangular-ramp10s_snr20dB,sub-01,triangular-ramp10s,20,5,38,0.3939393939393939,0.8928808569908142
lr_fixed_tpe_sv_median,sub-01_FDSI_triangular-ramp10s_snr20dB,sub-01,triangular-ramp10s,20,6,35,0.3541341653666147,0.8500487804412842
lr_fixed_tpe_sv_median,sub-01_FDSI_triangular-ramp10s_snr20dB,sub-01,triangular-ramp10s,20,7,37,0.3907351460221551,0.8690621256828308
lr_fixed_tpe_sv_median,sub-01_FDSI_triangular-ramp10s_snr15dB,sub-01,triangular-ramp10s,15,0,28,0.9966386554621848,0.9822473526000975
lr_fixed_tpe_sv_median,sub-01_FDSI_triangular-ramp10s_snr15dB,sub-01,triangular-ramp10s,15,1,36,0.3741794310722101,0.917806088924408
lr_fixed_tpe_sv_median,sub-01_FDSI_triangular-ramp10s_snr15dB,sub-01,triangular-ramp10s,15,2,38,0.4292623941958887,0.9137959480285645
lr_fixed_tpe_sv_median,sub-01_FDSI_triangular-ramp10s_snr15dB,sub-01,triangular-ramp10s,15,3,34,0.144578313253012,0.8578590154647827
lr_fixed_tpe_sv_median,sub-01_FDSI_triangular-ramp5s_snr30dB,sub-01,triangular-ramp5s,30,0,32,0.2186629526462395,0.8652591109275818
lr_fixed_tpe_sv_median,sub-01_FDSI_triangular-ramp5s_snr30dB,sub-01,triangular-ramp5s,30,1,36,0.8711453744493393,0.9384084939956664
lr_fixed_tpe_sv_median,sub-01_FDSI_triangular-ramp5s_snr30dB,sub-01,triangular-ramp5s,30,2,28,0.9957983193277312,0.983421802520752
lr_fixed_tpe_sv_median,sub-01_FDSI_triangular-ramp5s_snr30dB,sub-01,triangular-ramp5s,30,3,30,0.2958199356913183,0.8666211366653442
lr_fixed_tpe_sv_median,sub-01_FDSI_triangular-ramp5s_snr30dB,sub-01,triangular-ramp5s,30,4,38,0.6506172839506172,0.9096002578735352
lr_fixed_tpe_sv_median,sub-01_FDSI_triangular-ramp5s_snr30dB,sub-01,triangular-ramp5s,30,5,35,0.7166666666666667,0.9223268628120422
lr_fixed_tpe_sv_median,sub-01_FDSI_triangular-ramp5s_snr30dB,sub-01,triangular-ramp5s,30,6,34,0.5809716599190283,0.9293455481529236
lr_fixed_tpe_sv_median,sub-01_FDSI_triangular-ramp5s_snr30dB,sub-01,triangular-ramp5s,30,7,31,0.4503171247357294,0.8987149596214294
lr_fixed_tpe_sv_median,sub-01_FDSI_triangular-ramp5s_snr30dB,sub-01,triangular-ramp5s,30,8,33,0.1481950601646612,0.8937435746192932
lr_fixed_tpe_sv_median,sub-01_FDSI_triangular-ramp5s_snr30dB,sub-01,triangular-ramp5s,30,9,37,0.5689455388180765,0.920536994934082
lr_fixed_tpe_sv_median,sub-01_FDSI_triangular-ramp5s_snr30dB,sub-01,triangular-ramp5s,30,10,24,0.8049344641480339,0.9196208119392396
lr_fixed_tpe_sv_median,sub-01_FDSI_triangular-ramp5s_snr30dB,sub-01,triangular-ramp5s,30,11,22,0.6535022354694486,0.9070364832878112
lr_fixed_tpe_sv_median,sub-01_FDSI_triangular-ramp5s_snr30dB,sub-01,triangular-ramp5s,30,12,29,0.1125943122460824,0.8695147037506104
lr_fixed_tpe_sv_median,sub-01_FDSI_triangular-ramp5s_snr30dB,sub-01,triangular-ramp5s,30,13,27,0.3975708502024291,0.8957069516181946
lr_fixed_tpe_sv_median,sub-01_FDSI_triangular-ramp5s_snr25dB,sub-01,triangular-ramp5s,25,0,36,0.8898678414096917,0.9323667883872986
lr_fixed_tpe_sv_median,sub-01_FDSI_triangular-ramp5s_snr25dB,sub-01,triangular-ramp5s,25,1,32,0.7120075046904315,0.9188382625579834
lr_fixed_tpe_sv_median,sub-01_FDSI_triangular-ramp5s_snr25dB,sub-01,triangular-ramp5s,25,2,28,0.9957983193277312,0.9859728813171388
lr_fixed_tpe_sv_median,sub-01_FDSI_triangular-ramp5s_snr25dB,sub-01,triangular-ramp5s,25,3,30,0.2002551020408163,0.8409069776535034
lr_fixed_tpe_sv_median,sub-01_FDSI_triangular-ramp5s_snr25dB,sub-01,triangular-ramp5s,25,4,38,0.6074074074074074,0.9129372835159302
lr_fixed_tpe_sv_median,sub-01_FDSI_triangular-ramp5s_snr25dB,sub-01,triangular-ramp5s,25,5,37,0.3631465517241379,0.9216229915618896
lr_fixed_tpe_sv_median,sub-01_FDSI_triangular-ramp5s_snr25dB,sub-01,triangular-ramp5s,25,6,35,0.6690946930280958,0.9167633652687072
lr_fixed_tpe_sv_median,sub-01_FDSI_triangular-ramp5s_snr25dB,sub-01,triangular-ramp5s,25,7,24,0.7432536622976099,0.9032424092292786
lr_fixed_tpe_sv_median,sub-01_FDSI_triangular-ramp5s_snr25dB,sub-01,triangular-ramp5s,25,8,34,0.6002024291497976,0.9205554723739624
lr_fixed_tpe_sv_median,sub-01_FDSI_triangular-ramp5s_snr25dB,sub-01,triangular-ramp5s,25,9,33,0.4220939818631492,0.8642396330833435
lr_fixed_tpe_sv_median,sub-01_FDSI_triangular-ramp5s_snr20dB,sub-01,triangular-ramp5s,20,0,32,0.6935332708528584,0.918851912021637
lr_fixed_tpe_sv_median,sub-01_FDSI_triangular-ramp5s_snr20dB,sub-01,triangular-ramp5s,20,1,28,0.9957983193277312,0.9833734035491944
lr_fixed_tpe_sv_median,sub-01_FDSI_triangular-ramp5s_snr20dB,sub-01,triangular-ramp5s,20,2,38,0.6814814814814815,0.9064632654190063
lr_fixed_tpe_sv_median,sub-01_FDSI_triangular-ramp5s_snr20dB,sub-01,triangular-ramp5s,20,3,36,0.3909691629955947,0.9264429807662964
lr_fixed_tpe_sv_median,sub-01_FDSI_triangular-ramp5s_snr20dB,sub-01,triangular-ramp5s,20,4,37,0.3649789029535865,0.9033359289169312
lr_fixed_tpe_sv_median,sub-01_FDSI_triangular-ramp5s_snr20dB,sub-01,triangular-ramp5s,20,5,34,0.591919191919192,0.912756621837616
lr_fixed_tpe_sv_median,sub-01_FDSI_triangular-ramp5s_snr15dB,sub-01,triangular-ramp5s,15,0,32,0.7502321262766946,0.9000794887542725
lr_fixed_tpe_sv_median,sub-01_FDSI_triangular-ramp5s_snr15dB,sub-01,triangular-ramp5s,15,1,28,0.9957983193277312,0.9774052500724792
lr_fixed_tpe_sv_median,sub-01_FDSI_triangular-ramp5s_snr15dB,sub-01,triangular-ramp5s,15,2,38,0.5246913580246914,0.911859095096588
lr_fixed_tpe_sv_median,sub-01_FDSI_triangular-ramp5s_snr15dB,sub-01,triangular-ramp5s,15,3,36,0.4543454345434543,0.9089656472206116
lr_fixed_tpe_sv_median,sub-02_FDSI_staircase_snr30dB,sub-02,staircase,30,0,30,0.993482983345402,0.9836959838867188
lr_fixed_tpe_sv_median,sub-02_FDSI_staircase_snr30dB,sub-02,staircase,30,1,33,0.838655462184874,0.9037073254585266
lr_fixed_tpe_sv_median,sub-02_FDSI_staircase_snr30dB,sub-02,staircase,30,2,21,0.9944720840243229,0.9846499562263488
lr_fixed_tpe_sv_median,sub-02_FDSI_staircase_snr30dB,sub-02,staircase,30,3,31,0.8730691739422431,0.9197404980659484
lr_fixed_tpe_sv_median,sub-02_FDSI_staircase_snr30dB,sub-02,staircase,30,4,26,0.2188323917137476,0.887951672077179
lr_fixed_tpe_sv_median,sub-02_FDSI_staircase_snr30dB,sub-02,staircase,30,5,25,0.9927360774818402,0.9583251476287842
lr_fixed_tpe_sv_median,sub-02_FDSI_staircase_snr30dB,sub-02,staircase,30,6,16,0.9891752577319588,0.9538018703460692
lr_fixed_tpe_sv_median,sub-02_FDSI_staircase_snr30dB,sub-02,staircase,30,7,27,0.992282958199357,0.9615033864974976
lr_fixed_tpe_sv_median,sub-02_FDSI_staircase_snr30dB,sub-02,staircase,30,8,28,0.9383697813121272,0.897791862487793
lr_fixed_tpe_sv_median,sub-02_FDSI_staircase_snr30dB,sub-02,staircase,30,9,24,0.9970238095238096,0.9727342128753662
lr_fixed_tpe_sv_median,sub-02_FDSI_staircase_snr30dB,sub-02,staircase,30,10,32,0.996031746031746,0.97117018699646
lr_fixed_tpe_sv_median,sub-02_FDSI_staircase_snr30dB,sub-02,staircase,30,11,20,0.9956450734893848,0.9633330702781676
lr_fixed_tpe_sv_median,sub-02_FDSI_staircase_snr30dB,sub-02,staircase,30,12,29,0.929326287978864,0.9052690267562866
lr_fixed_tpe_sv_median,sub-02_FDSI_staircase_snr30dB,sub-02,staircase,30,13,19,0.1776461880088823,0.8626852035522461
lr_fixed_tpe_sv_median,sub-02_FDSI_staircase_snr30dB,sub-02,staircase,30,14,22,0.284238714613619,0.8738428950309753
lr_fixed_tpe_sv_median,sub-02_FDSI_staircase_snr30dB,sub-02,staircase,30,15,23,0.9781734635267088,0.939082682132721
lr_fixed_tpe_sv_median,sub-02_FDSI_staircase_snr30dB,sub-02,staircase,30,16,14,0.9364467982667308,0.9240888357162476
lr_fixed_tpe_sv_median,sub-02_FDSI_staircase_snr25dB,sub-02,staircase,25,0,30,0.99275887038378,0.9779481291770936
lr_fixed_tpe_sv_median,sub-02_FDSI_staircase_snr25dB,sub-02,staircase,25,1,21,0.9944720840243229,0.9802507758140564
lr_fixed_tpe_sv_median,sub-02_FDSI_staircase_snr25dB,sub-02,staircase,25,2,26,0.2877064220183486,0.8215429782867432
lr_fixed_tpe_sv_median,sub-02_FDSI_staircase_snr25dB,sub-02,staircase,25,3,25,0.9842805320435308,0.9421023726463318
lr_fixed_tpe_sv_median,sub-02_FDSI_staircase_snr25dB,sub-02,staircase,25,4,27,0.9845659163987138,0.9485514760017396
lr_fixed_tpe_sv_median,sub-02_FDSI_staircase_snr25dB,sub-02,staircase,25,5,24,0.9809523809523808,0.937953531742096
lr_fixed_tpe_sv_median,sub-02_FDSI_staircase_snr25dB,sub-02,staircase,25,6,33,0.9806070826306914,0.9337186217308044
lr_fixed_tpe_sv_median,sub-02_FDSI_staircase_snr25dB,sub-02,staircase,25,7,28,0.1913430420711974,0.852584183216095
lr_fixed_tpe_sv_median,sub-02_FDSI_staircase_snr25dB,sub-02,staircase,25,8,20,0.985302123026674,0.9473727345466614
lr_fixed_tpe_sv_median,sub-02_FDSI_staircase_snr25dB,sub-02,staircase,25,9,19,0.155834564254062,0.8748099207878113
lr_fixed_tpe_sv_median,sub-02_FDSI_staircase_snr20dB,sub-02,staircase,20,0,30,0.993482983345402,0.967249631881714
lr_fixed_tpe_sv_median,sub-02_FDSI_staircase_snr20dB,sub-02,staircase,20,1,21,0.9944720840243229,0.9713046550750732
lr_fixed_tpe_sv_median,sub-02_FDSI_staircase_snr20dB,sub-02,staircase,20,2,25,0.933734939759036,0.9090200662612916
lr_fixed_tpe_sv_median,sub-02_FDSI_staircase_snr20dB,sub-02,staircase,20,3,27,0.9530546623794212,0.9215750098228456
lr_fixed_tpe_sv_median,sub-02_FDSI_staircase_snr20dB,sub-02,staircase,20,4,24,0.990498812351544,0.9503794312477112
lr_fixed_tpe_sv_median,sub-02_FDSI_staircase_snr20dB,sub-02,staircase,20,5,32,0.9660615627466456,0.9350437521934508
lr_fixed_tpe_sv_median,sub-02_FDSI_staircase_snr15dB,sub-02,staircase,15,0,30,0.9905865314989138,0.9526922702789308
lr_fixed_tpe_sv_median,sub-02_FDSI_staircase_snr15dB,sub-02,staircase,15,1,24,0.5812330360604886,0.9021698832511902
lr_fixed_tpe_sv_median,sub-02_FDSI_staircase_snr15dB,sub-02,staircase,15,2,21,0.988950276243094,0.9617884159088136
lr_fixed_tpe_sv_median,sub-02_FDSI_triangular-ramp40s_snr30dB,sub-02,triangular-ramp40s,30,0,20,0.996234939759036,0.963208794593811
lr_fixed_tpe_sv_median,sub-02_FDSI_triangular-ramp40s_snr30dB,sub-02,triangular-ramp40s,30,1,30,0.994994994994995,0.9678553938865662
lr_fixed_tpe_sv_median,sub-02_FDSI_triangular-ramp40s_snr30dB,sub-02,triangular-ramp40s,30,2,21,0.9969254419677172,0.982817769050598
lr_fixed_tpe_sv_median,sub-02_FDSI_triangular-ramp40s_snr30dB,sub-02,triangular-ramp40s,30,3,24,0.9951338199513382,0.9734845757484436
lr_fixed_tpe_sv_median,sub-02_FDSI_triangular-ramp40s_snr30dB,sub-02,triangular-ramp40s,30,4,33,0.9952885747938752,0.9414436221122742
lr_fixed_tpe_sv_median,sub-02_FDSI_triangular-ramp40s_snr30dB,sub-02,triangular-ramp40s,30,5,32,0.9956140350877192,0.9658884406089784
lr_fixed_tpe_sv_median,sub-02_FDSI_triangular-ramp40s_snr30dB,sub-02,triangular-ramp40s,30,6,25,0.9838709677419356,0.938711166381836
lr_fixed_tpe_sv_median,sub-02_FDSI_triangular-ramp40s_snr30dB,sub-02,triangular-ramp40s,30,7,22,0.2186707255200405,0.863469660282135
lr_fixed_tpe_sv_median,sub-02_FDSI_triangular-ramp40s_snr30dB,sub-02,triangular-ramp40s,30,8,27,0.9910071942446044,0.956251621246338
lr_fixed_tpe_sv_median,sub-02_FDSI_triangular-ramp40s_snr30dB,sub-02,triangular-ramp40s,30,9,19,0.1470588235294117,0.8633330464363098
lr_fixed_tpe_sv_median,sub-02_FDSI_triangular-ramp40s_snr30dB,sub-02,triangular-ramp40s,30,10,28,0.2300631095811818,0.8425741195678711
lr_fixed_tpe_sv_median,sub-02_FDSI_triangular-ramp40s_snr30dB,sub-02,triangular-ramp40s,30,11,29,0.6771084337349398,0.8964657783508301
lr_fixed_tpe_sv_median,sub-02_FDSI_triangular-ramp40s_snr30dB,sub-02,triangular-ramp40s,30,12,26,0.3186383928571428,0.8440849781036377
lr_fixed_tpe_sv_median,sub-02_FDSI_triangular-ramp40s_snr30dB,sub-02,triangular-ramp40s,30,13,23,0.9777777777777776,0.9354606866836548
lr_fixed_tpe_sv_median,sub-02_FDSI_triangular-ramp40s_snr30dB,sub-02,triangular-ramp40s,30,14,16,0.9943181818181818,0.953591287136078
lr_fixed_tpe_sv_median,sub-02_FDSI_triangular-ramp40s_snr30dB,sub-02,triangular-ramp40s,30,15,31,0.8733205374280231,0.9005778431892395
lr_fixed_tpe_sv_median,sub-02_FDSI_triangular-ramp40s_snr25dB,sub-02,triangular-ramp40s,25,0,20,0.9894578313253012,0.9428380131721495
lr_fixed_tpe_sv_median,sub-02_FDSI_triangular-ramp40s_snr25dB,sub-02,triangular-ramp40s,25,1,24,0.9959448499594484,0.9595935940742492
lr_fixed_tpe_sv_median,sub-02_FDSI_triangular-ramp40s_snr25dB,sub-02,triangular-ramp40s,25,2,25,0.9016806722689076,0.8973205089569092
lr_fixed_tpe_sv_median,sub-02_FDSI_triangular-ramp40s_snr25dB,sub-02,triangular-ramp40s,25,3,21,0.9938508839354344,0.9748020768165588
lr_fixed_tpe_sv_median,sub-02_FDSI_triangular-ramp40s_snr25dB,sub-02,triangular-ramp40s,25,4,30,0.991991991991992,0.9661956429481506
lr_fixed_tpe_sv_median,sub-02_FDSI_triangular-ramp40s_snr25dB,sub-02,triangular-ramp40s,25,5,27,0.974820143884892,0.9338334202766418
lr_fixed_tpe_sv_median,sub-02_FDSI_triangular-ramp40s_snr25dB,sub-02,triangular-ramp40s,25,6,26,0.3435281267067176,0.8537392020225525
lr_fixed_tpe_sv_median,sub-02_FDSI_triangular-ramp40s_snr25dB,sub-02,triangular-ramp40s,25,7,32,0.9901315789473684,0.9492223858833312
lr_fixed_tpe_sv_median,sub-02_FDSI_triangular-ramp40s_snr25dB,sub-02,triangular-ramp40s,25,8,33,0.764505119453925,0.8566741943359375
lr_fixed_tpe_sv_median,sub-02_FDSI_triangular-ramp40s_snr25dB,sub-02,triangular-ramp40s,25,9,19,0.1347177848775292,0.8402035236358643
lr_fixed_tpe_sv_median,sub-02_FDSI_triangular-ramp40s_snr25dB,sub-02,triangular-ramp40s,25,10,28,0.208041958041958,0.8526727557182312
lr_fixed_tpe_sv_median,sub-02_FDSI_triangular-ramp40s_snr25dB,sub-02,triangular-ramp40s,25,11,22,0.1957725213890286,0.865276575088501
lr_fixed_tpe_sv_median,sub-02_FDSI_triangular-ramp40s_snr20dB,sub-02,triangular-ramp40s,20,0,21,0.9953881629515756,0.9661672115325928
lr_fixed_tpe_sv_median,sub-02_FDSI_triangular-ramp40s_snr20dB,sub-02,triangular-ramp40s,20,1,30,0.990990990990991,0.9576529264450072
lr_fixed_tpe_sv_median,sub-02_FDSI_triangular-ramp40s_snr20dB,sub-02,triangular-ramp40s,20,2,24,0.9870654810024252,0.952448308467865
lr_fixed_tpe_sv_median,sub-02_FDSI_triangular-ramp40s_snr20dB,sub-02,triangular-ramp40s,20,3,27,0.921832884097035,0.8961164951324463
lr_fixed_tpe_sv_median,sub-02_FDSI_triangular-ramp40s_snr20dB,sub-02,triangular-ramp40s,20,4,33,0.3620102214650766,0.7046812176704407
lr_fixed_tpe_sv_median,sub-02_FDSI_triangular-ramp40s_snr15dB,sub-02,triangular-ramp40s,15,0,24,0.5690463783220427,0.8978692889213562
lr_fixed_tpe_sv_median,sub-02_FDSI_triangular-ramp40s_snr15dB,sub-02,triangular-ramp40s,15,1,30,0.987987987987988,0.9357024431228638
lr_fixed_tpe_sv_median,sub-02_FDSI_triangular-ramp20s_snr30dB,sub-02,triangular-ramp20s,30,0,19,0.1093906093906093,0.8645117878913879
lr_fixed_tpe_sv_median,sub-02_FDSI_triangular-ramp20s_snr30dB,sub-02,triangular-ramp20s,30,1,24,0.9926108374384236,0.9721418619155884
lr_fixed_tpe_sv_median,sub-02_FDSI_triangular-ramp20s_snr30dB,sub-02,triangular-ramp20s,30,2,30,0.9890438247011952,0.9408621191978456
lr_fixed_tpe_sv_median,sub-02_FDSI_triangular-ramp20s_snr30dB,sub-02,triangular-ramp20s,30,3,27,0.9551971326164874,0.9133175015449524
lr_fixed_tpe_sv_median,sub-02_FDSI_triangular-ramp20s_snr30dB,sub-02,triangular-ramp20s,30,4,33,0.9154113557358052,0.8906729817390442
lr_fixed_tpe_sv_median,sub-02_FDSI_triangular-ramp20s_snr30dB,sub-02,triangular-ramp20s,30,5,25,0.857025472473295,0.8928204774856567
lr_fixed_tpe_sv_median,sub-02_FDSI_triangular-ramp20s_snr30dB,sub-02,triangular-ramp20s,30,6,21,0.9953739398612182,0.9606007933616638
lr_fixed_tpe_sv_median,sub-02_FDSI_triangular-ramp20s_snr30dB,sub-02,triangular-ramp20s,30,7,20,0.9812171299774606,0.9367421865463256
lr_fixed_tpe_sv_median,sub-02_FDSI_triangular-ramp20s_snr30dB,sub-02,triangular-ramp20s,30,8,22,0.1202317720907774,0.9224770665168762
lr_fixed_tpe_sv_median,sub-02_FDSI_triangular-ramp20s_snr30dB,sub-02,triangular-ramp20s,30,9,14,0.3899909828674481,0.8241845369338989
lr_fixed_tpe_sv_median,sub-02_FDSI_triangular-ramp20s_snr30dB,sub-02,triangular-ramp20s,30,10,32,0.9922992299229924,0.9560502171516418
lr_fixed_tpe_sv_median,sub-02_FDSI_triangular-ramp20s_snr30dB,sub-02,triangular-ramp20s,30,11,29,0.4115674769488684,0.7833481431007385
lr_fixed_tpe_sv_median,sub-02_FDSI_triangular-ramp20s_snr30dB,sub-02,triangular-ramp20s,30,12,16,0.987188612099644,0.9457728862762452
lr_fixed_tpe_sv_median,sub-02_FDSI_triangular-ramp20s_snr30dB,sub-02,triangular-ramp20s,30,13,31,0.5471976401179941,0.8319844007492065
lr_fixed_tpe_sv_median,sub-02_FDSI_triangular-ramp20s_snr30dB,sub-02,triangular-ramp20s,30,14,28,0.8555555555555555,0.8931819200515747
lr_fixed_tpe_sv_median,sub-02_FDSI_triangular-ramp20s_snr30dB,sub-02,triangular-ramp20s,30,15,23,0.9352290679304898,0.9103358387947084
lr_fixed_tpe_sv_median,sub-02_FDSI_triangular-ramp20s_snr30dB,sub-02,triangular-ramp20s,30,16,26,0.4044069993519119,0.848921000957489
lr_fixed_tpe_sv_median,sub-02_FDSI_triangular-ramp20s_snr25dB,sub-02,triangular-ramp20s,25,0,24,0.9820700896495518,0.9578130841255188
lr_fixed_tpe_sv_median,sub-02_FDSI_triangular-ramp20s_snr25dB,sub-02,triangular-ramp20s,25,1,19,0.1210224308815858,0.8445785641670227
lr_fixed_tpe_sv_median,sub-02_FDSI_triangular-ramp20s_snr25dB,sub-02,triangular-ramp20s,25,2,30,0.9780876494023903,0.931374728679657
lr_fixed_tpe_sv_median,sub-02_FDSI_triangular-ramp20s_snr25dB,sub-02,triangular-ramp20s,25,3,25,0.2964426877470356,0.7736762762069702
lr_fixed_tpe_sv_median,sub-02_FDSI_triangular-ramp20s_snr25dB,sub-02,triangular-ramp20s,25,4,21,0.9946029298380878,0.9517925977706908
lr_fixed_tpe_sv_median,sub-02_FDSI_triangular-ramp20s_snr25dB,sub-02,triangular-ramp20s,25,5,20,0.9556724267468067,0.9191023111343384
lr_fixed_tpe_sv_median,sub-02_FDSI_triangular-ramp20s_snr25dB,sub-02,triangular-ramp20s,25,6,32,0.981359649122807,0.9373932480812072
lr_fixed_tpe_sv_median,sub-02_FDSI_triangular-ramp20s_snr25dB,sub-02,triangular-ramp20s,25,7,27,0.8616071428571429,0.8967368006706238
lr_fixed_tpe_sv_median,sub-02_FDSI_triangular-ramp20s_snr25dB,sub-02,triangular-ramp20s,25,8,16,0.9630943931866572,0.924793541431427
lr_fixed_tpe_sv_median,sub-02_FDSI_triangular-ramp20s_snr25dB,sub-02,triangular-ramp20s,25,9,33,0.3364485981308411,0.7491953372955322
lr_fixed_tpe_sv_median,sub-02_FDSI_triangular-ramp20s_snr20dB,sub-02,triangular-ramp20s,20,0,24,0.7563451776649747,0.8985419273376465
lr_fixed_tpe_sv_median,sub-02_FDSI_triangular-ramp20s_snr20dB,sub-02,triangular-ramp20s,20,1,30,0.5830078125,0.8570330142974854
lr_fixed_tpe_sv_median,sub-02_FDSI_triangular-ramp20s_snr20dB,sub-02,triangular-ramp20s,20,2,21,0.9892058596761758,0.9486916661262512
lr_fixed_tpe_sv_median,sub-02_FDSI_triangular-ramp20s_snr15dB,sub-02,triangular-ramp20s,15,0,24,0.4108416547788873,0.9000416994094849
lr_fixed_tpe_sv_median,sub-02_FDSI_triangular-ramp20s_snr15dB,sub-02,triangular-ramp20s,15,1,30,0.9463220675944334,0.908148229122162
lr_fixed_tpe_sv_median,sub-02_FDSI_triangular-ramp20s_snr15dB,sub-02,triangular-ramp20s,15,2,21,0.9709257842387146,0.929706573486328
lr_fixed_tpe_sv_median,sub-02_FDSI_triangular-ramp10s_snr30dB,sub-02,triangular-ramp10s,30,0,27,0.6749116607773852,0.9282598495483398
lr_fixed_tpe_sv_median,sub-02_FDSI_triangular-ramp10s_snr30dB,sub-02,triangular-ramp10s,30,1,24,0.951599671862182,0.9281861782073976
lr_fixed_tpe_sv_median,sub-02_FDSI_triangular-ramp10s_snr30dB,sub-02,triangular-ramp10s,30,2,30,0.8999008919722498,0.9153078198432922
lr_fixed_tpe_sv_median,sub-02_FDSI_triangular-ramp10s_snr30dB,sub-02,triangular-ramp10s,30,3,21,0.9922660479505028,0.9374217987060548
lr_fixed_tpe_sv_median,sub-02_FDSI_triangular-ramp10s_snr30dB,sub-02,triangular-ramp10s,30,4,33,0.6173410404624278,0.9277015924453736
lr_fixed_tpe_sv_median,sub-02_FDSI_triangular-ramp10s_snr30dB,sub-02,triangular-ramp10s,30,5,20,0.933130699088146,0.9238352179527284
lr_fixed_tpe_sv_median,sub-02_FDSI_triangular-ramp10s_snr30dB,sub-02,triangular-ramp10s,30,6,32,0.9812981298129811,0.9314793348312378
lr_fixed_tpe_sv_median,sub-02_FDSI_triangular-ramp10s_snr30dB,sub-02,triangular-ramp10s,30,7,26,0.4135285913528591,0.8643372654914856
lr_fixed_tpe_sv_median,sub-02_FDSI_triangular-ramp10s_snr30dB,sub-02,triangular-ramp10s,30,8,22,0.1400097228974234,0.8980262279510498
lr_fixed_tpe_sv_median,sub-02_FDSI_triangular-ramp10s_snr30dB,sub-02,triangular-ramp10s,30,9,25,0.5867003367003367,0.923262894153595
lr_fixed_tpe_sv_median,sub-02_FDSI_triangular-ramp10s_snr30dB,sub-02,triangular-ramp10s,30,10,16,0.9768258426966292,0.9371693730354308
lr_fixed_tpe_sv_median,sub-02_FDSI_triangular-ramp10s_snr30dB,sub-02,triangular-ramp10s,30,11,14,0.7088076692630317,0.8944880962371826
lr_fixed_tpe_sv_median,sub-02_FDSI_triangular-ramp10s_snr30dB,sub-02,triangular-ramp10s,30,12,19,0.1760045274476513,0.8054264187812805
lr_fixed_tpe_sv_median,sub-02_FDSI_triangular-ramp10s_snr30dB,sub-02,triangular-ramp10s,30,13,23,0.8702830188679245,0.8974136710166931
lr_fixed_tpe_sv_median,sub-02_FDSI_triangular-ramp10s_snr30dB,sub-02,triangular-ramp10s,30,14,31,0.3425196850393701,0.8899884819984436
lr_fixed_tpe_sv_median,sub-02_FDSI_triangular-ramp10s_snr30dB,sub-02,triangular-ramp10s,30,15,29,0.3722488038277512,0.9071667194366456
lr_fixed_tpe_sv_median,sub-02_FDSI_triangular-ramp10s_snr30dB,sub-02,triangular-ramp10s,30,16,28,0.6530797101449275,0.9150667786598206
lr_fixed_tpe_sv_median,sub-02_FDSI_triangular-ramp10s_snr25dB,sub-02,triangular-ramp10s,25,0,27,0.6487202118270079,0.9156160354614258
lr_fixed_tpe_sv_median,sub-02_FDSI_triangular-ramp10s_snr25dB,sub-02,triangular-ramp10s,25,1,30,0.8780971258671952,0.912189245223999
lr_fixed_tpe_sv_median,sub-02_FDSI_triangular-ramp10s_snr25dB,sub-02,triangular-ramp10s,25,2,24,0.930952380952381,0.9292476177215576
lr_fixed_tpe_sv_median,sub-02_FDSI_triangular-ramp10s_snr25dB,sub-02,triangular-ramp10s,25,3,33,0.6113033448673587,0.9177650809288024
lr_fixed_tpe_sv_median,sub-02_FDSI_triangular-ramp10s_snr25dB,sub-02,triangular-ramp10s,25,4,20,0.8959757023538345,0.9122957587242126
lr_fixed_tpe_sv_median,sub-02_FDSI_triangular-ramp10s_snr25dB,sub-02,triangular-ramp10s,25,5,21,0.9876256767208044,0.9203087091445924
lr_fixed_tpe_sv_median,sub-02_FDSI_triangular-ramp10s_snr25dB,sub-02,triangular-ramp10s,25,6,25,0.5918874172185431,0.9099541306495668
lr_fixed_tpe_sv_median,sub-02_FDSI_triangular-ramp10s_snr25dB,sub-02,triangular-ramp10s,25,7,29,0.3944866920152091,0.8951750993728638
lr_fixed_tpe_sv_median,sub-02_FDSI_triangular-ramp10s_snr25dB,sub-02,triangular-ramp10s,25,8,32,0.9769736842105264,0.93098247051239
lr_fixed_tpe_sv_median,sub-02_FDSI_triangular-ramp10s_snr25dB,sub-02,triangular-ramp10s,25,9,19,0.2012471655328798,0.7878820300102234
lr_fixed_tpe_sv_median,sub-02_FDSI_triangular-ramp10s_snr25dB,sub-02,triangular-ramp10s,25,10,16,0.953114065780266,0.9107350707054138
lr_fixed_tpe_sv_median,sub-02_FDSI_triangular-ramp10s_snr20dB,sub-02,triangular-ramp10s,20,0,30,0.8543111992071358,0.9083439111709596
lr_fixed_tpe_sv_median,sub-02_FDSI_triangular-ramp10s_snr20dB,sub-02,triangular-ramp10s,20,1,27,0.6525573192239859,0.9039688110351562
lr_fixed_tpe_sv_median,sub-02_FDSI_triangular-ramp10s_snr20dB,sub-02,triangular-ramp10s,20,2,20,0.7884761182714177,0.9053534269332886
lr_fixed_tpe_sv_median,sub-02_FDSI_triangular-ramp10s_snr20dB,sub-02,triangular-ramp10s,20,3,24,0.6578789694427801,0.8899129629135132
lr_fixed_tpe_sv_median,sub-02_FDSI_triangular-ramp10s_snr20dB,sub-02,triangular-ramp10s,20,4,21,0.9845320959010054,0.9258068799972534
lr_fixed_tpe_sv_median,sub-02_FDSI_triangular-ramp10s_snr20dB,sub-02,triangular-ramp10s,20,5,32,0.9550930996714128,0.908939778804779
lr_fixed_tpe_sv_median,sub-02_FDSI_triangular-ramp10s_snr15dB,sub-02,triangular-ramp10s,15,0,21,0.967741935483871,0.9278189539909364
lr_fixed_tpe_sv_median,sub-02_FDSI_triangular-ramp10s_snr15dB,sub-02,triangular-ramp10s,15,1,24,0.5614798694232862,0.8965331315994263
lr_fixed_tpe_sv_median,sub-02_FDSI_triangular-ramp10s_snr15dB,sub-02,triangular-ramp10s,15,2,30,0.5678889990089198,0.9039484262466432
lr_fixed_tpe_sv_median,sub-02_FDSI_triangular-ramp5s_snr30dB,sub-02,triangular-ramp5s,30,0,25,0.5075757575757576,0.919843852519989
lr_fixed_tpe_sv_median,sub-02_FDSI_triangular-ramp5s_snr30dB,sub-02,triangular-ramp5s,30,1,24,0.8830219333874898,0.945256769657135
lr_fixed_tpe_sv_median,sub-02_FDSI_triangular-ramp5s_snr30dB,sub-02,triangular-ramp5s,30,2,22,0.1316691140479686,0.8993768095970154
lr_fixed_tpe_sv_median,sub-02_FDSI_triangular-ramp5s_snr30dB,sub-02,triangular-ramp5s,30,3,33,0.5528169014084507,0.9204551577568054
lr_fixed_tpe_sv_median,sub-02_FDSI_triangular-ramp5s_snr30dB,sub-02,triangular-ramp5s,30,4,21,0.8757716049382716,0.9123082756996156
lr_fixed_tpe_sv_median,sub-02_FDSI_triangular-ramp5s_snr30dB,sub-02,triangular-ramp5s,30,5,32,0.9734806629834254,0.92915678024292
lr_fixed_tpe_sv_median,sub-02_FDSI_triangular-ramp5s_snr30dB,sub-02,triangular-ramp5s,30,6,30,0.7227227227227228,0.9122923016548156
lr_fixed_tpe_sv_median,sub-02_FDSI_triangular-ramp5s_snr30dB,sub-02,triangular-ramp5s,30,7,28,0.5610651974288338,0.926569640636444
lr_fixed_tpe_sv_median,sub-02_FDSI_triangular-ramp5s_snr30dB,sub-02,triangular-ramp5s,30,8,15,0.4996491228070175,0.892387330532074
lr_fixed_tpe_sv_median,sub-02_FDSI_triangular-ramp5s_snr30dB,sub-02,triangular-ramp5s,30,9,27,0.5277280858676208,0.9195824265480042
lr_fixed_tpe_sv_median,sub-02_FDSI_triangular-ramp5s_snr30dB,sub-02,triangular-ramp5s,30,10,29,0.3225190839694656,0.9146855473518372
lr_fixed_tpe_sv_median,sub-02_FDSI_triangular-ramp5s_snr30dB,sub-02,triangular-ramp5s,30,11,20,0.7501875468867217,0.9032468795776368
lr_fixed_tpe_sv_median,sub-02_FDSI_triangular-ramp5s_snr30dB,sub-02,triangular-ramp5s,30,12,16,0.9465811965811964,0.9338474869728088
lr_fixed_tpe_sv_median,sub-02_FDSI_triangular-ramp5s_snr30dB,sub-02,triangular-ramp5s,30,13,19,0.3726076555023923,0.8558608889579773
lr_fixed_tpe_sv_median,sub-02_FDSI_triangular-ramp5s_snr30dB,sub-02,triangular-ramp5s,30,14,14,0.7042062415196744,0.9161034226417542
lr_fixed_tpe_sv_median,sub-02_FDSI_triangular-ramp5s_snr30dB,sub-02,triangular-ramp5s,30,15,31,0.2976190476190476,0.8986429572105408
lr_fixed_tpe_sv_median,sub-02_FDSI_triangular-ramp5s_snr30dB,sub-02,triangular-ramp5s,30,16,26,0.4190732034922766,0.888297438621521
lr_fixed_tpe_sv_median,sub-02_FDSI_triangular-ramp5s_snr30dB,sub-02,triangular-ramp5s,30,17,9,0.2681123706259241,0.8175414204597473
lr_fixed_tpe_sv_median,sub-02_FDSI_triangular-ramp5s_snr25dB,sub-02,triangular-ramp5s,25,0,25,0.5318791946308725,0.9116689562797546
lr_fixed_tpe_sv_median,sub-02_FDSI_triangular-ramp5s_snr25dB,sub-02,triangular-ramp5s,25,1,24,0.8267090620031796,0.9373263120651244
lr_fixed_tpe_sv_median,sub-02_FDSI_triangular-ramp5s_snr25dB,sub-02,triangular-ramp5s,25,2,30,0.7757757757757757,0.9067126512527466
lr_fixed_tpe_sv_median,sub-02_FDSI_triangular-ramp5s_snr25dB,sub-02,triangular-ramp5s,25,3,21,0.8742283950617284,0.9138423800468444
lr_fixed_tpe_sv_median,sub-02_FDSI_triangular-ramp5s_snr25dB,sub-02,triangular-ramp5s,25,4,33,0.3748531139835487,0.9232891798019408
lr_fixed_tpe_sv_median,sub-02_FDSI_triangular-ramp5s_snr25dB,sub-02,triangular-ramp5s,25,5,32,0.949171270718232,0.9134117364883424
lr_fixed_tpe_sv_median,sub-02_FDSI_triangular-ramp5s_snr25dB,sub-02,triangular-ramp5s,25,6,28,0.5312760633861552,0.8876422047615051
lr_fixed_tpe_sv_median,sub-02_FDSI_triangular-ramp5s_snr25dB,sub-02,triangular-ramp5s,25,7,27,0.5822898032200358,0.9110144972801208
lr_fixed_tpe_sv_median,sub-02_FDSI_triangular-ramp5s_snr25dB,sub-02,triangular-ramp5s,25,8,29,0.3349056603773584,0.896854817867279
lr_fixed_tpe_sv_median,sub-02_FDSI_triangular-ramp5s_snr25dB,sub-02,triangular-ramp5s,25,9,20,0.7584396099024756,0.9108780026435852
lr_fixed_tpe_sv_median,sub-02_FDSI_triangular-ramp5s_snr25dB,sub-02,triangular-ramp5s,25,10,26,0.3668208856576338,0.8631778955459595
lr_fixed_tpe_sv_median,sub-02_FDSI_triangular-ramp5s_snr25dB,sub-02,triangular-ramp5s,25,11,19,0.1962286387743076,0.8034902215003967
lr_fixed_tpe_sv_median,sub-02_FDSI_triangular-ramp5s_snr20dB,sub-02,triangular-ramp5s,20,0,24,0.521763085399449,0.908629298210144
lr_fixed_tpe_sv_median,sub-02_FDSI_triangular-ramp5s_snr20dB,sub-02,triangular-ramp5s,20,1,21,0.874325366229761,0.9080365896224976
lr_fixed_tpe_sv_median,sub-02_FDSI_triangular-ramp5s_snr20dB,sub-02,triangular-ramp5s,20,2,30,0.7357357357357357,0.9147822260856628
lr_fixed_tpe_sv_median,sub-02_FDSI_triangular-ramp5s_snr20dB,sub-02,triangular-ramp5s,20,3,27,0.5822898032200358,0.9109958410263062
lr_fixed_tpe_sv_median,sub-02_FDSI_triangular-ramp5s_snr20dB,sub-02,triangular-ramp5s,20,4,20,0.7001499250374813,0.9019792079925536
lr_fixed_tpe_sv_median,sub-02_FDSI_triangular-ramp5s_snr15dB,sub-02,triangular-ramp5s,15,0,24,0.3730305838739574,0.8939802646636963
lr_fixed_tpe_sv_median,sub-02_FDSI_triangular-ramp5s_snr15dB,sub-02,triangular-ramp5s,15,1,21,0.8559386973180076,0.9099912643432616
lr_fixed_tpe_sv_median,sub-02_FDSI_triangular-ramp5s_snr15dB,sub-02,triangular-ramp5s,15,2,30,0.7007007007007007,0.906558394432068
lr_fixed_tpe_sv_median,sub-03_FDSI_staircase_snr30dB,sub-03,staircase,30,0,48,0.9328519855595668,0.9051209092140198
lr_fixed_tpe_sv_median,sub-03_FDSI_staircase_snr30dB,sub-03,staircase,30,1,52,0.8811619718309859,0.9530099034309388
lr_fixed_tpe_sv_median,sub-03_FDSI_staircase_snr30dB,sub-03,staircase,30,2,49,0.9929632525410476,0.9695892333984376
lr_fixed_tpe_sv_median,sub-03_FDSI_staircase_snr30dB,sub-03,staircase,30,3,51,0.99323753169907,0.9810374975204468
lr_fixed_tpe_sv_median,sub-03_FDSI_staircase_snr30dB,sub-03,staircase,30,4,44,0.9938775510204082,0.9766969084739684
lr_fixed_tpe_sv_median,sub-03_FDSI_staircase_snr30dB,sub-03,staircase,30,5,46,0.9971243709561468,0.9683143496513368
lr_fixed_tpe_sv_median,sub-03_FDSI_staircase_snr30dB,sub-03,staircase,30,6,40,0.9987646695491044,0.9918554425239564
lr_fixed_tpe_sv_median,sub-03_FDSI_staircase_snr30dB,sub-03,staircase,30,7,35,0.9858757062146892,0.9490827322006226
lr_fixed_tpe_sv_median,sub-03_FDSI_staircase_snr30dB,sub-03,staircase,30,8,50,0.9738775510204082,0.9339141249656676
lr_fixed_tpe_sv_median,sub-03_FDSI_staircase_snr30dB,sub-03,staircase,30,9,45,0.1278969957081545,0.8643060922622681
lr_fixed_tpe_sv_median,sub-03_FDSI_staircase_snr30dB,sub-03,staircase,30,10,47,0.2536945812807882,0.7813698053359985
lr_fixed_tpe_sv_median,sub-03_FDSI_staircase_snr25dB,sub-03,staircase,25,0,51,0.992392223161454,0.966915249824524
lr_fixed_tpe_sv_median,sub-03_FDSI_staircase_snr25dB,sub-03,staircase,25,1,52,0.8786279683377308,0.9383209347724916
lr_fixed_tpe_sv_median,sub-03_FDSI_staircase_snr25dB,sub-03,staircase,25,2,44,0.992517006802721,0.9623448252677916
lr_fixed_tpe_sv_median,sub-03_FDSI_staircase_snr25dB,sub-03,staircase,25,3,46,0.9971243709561468,0.948531210422516
lr_fixed_tpe_sv_median,sub-03_FDSI_staircase_snr25dB,sub-03,staircase,25,4,48,0.9207708779443254,0.9207636713981628
lr_fixed_tpe_sv_median,sub-03_FDSI_staircase_snr25dB,sub-03,staircase,25,5,40,0.990117356392835,0.9891641139984132
lr_fixed_tpe_sv_median,sub-03_FDSI_staircase_snr25dB,sub-03,staircase,25,6,49,0.9882720875684128,0.950739562511444
lr_fixed_tpe_sv_median,sub-03_FDSI_staircase_snr20dB,sub-03,staircase,20,0,44,0.9836734693877552,0.9429481625556946
lr_fixed_tpe_sv_median,sub-03_FDSI_staircase_snr20dB,sub-03,staircase,20,1,46,0.9877961234745154,0.9257693886756896
lr_fixed_tpe_sv_median,sub-03_FDSI_staircase_snr20dB,sub-03,staircase,20,2,49,0.8100517368810052,0.8702254891395569
lr_fixed_tpe_sv_median,sub-03_FDSI_staircase_snr20dB,sub-03,staircase,20,3,40,0.990117356392835,0.9854495525360109
lr_fixed_tpe_sv_median,sub-03_FDSI_staircase_snr20dB,sub-03,staircase,20,4,51,0.9915469146238376,0.9574064016342164
lr_fixed_tpe_sv_median,sub-03_FDSI_staircase_snr20dB,sub-03,staircase,20,5,52,0.9155672823218998,0.9354962706565856
lr_fixed_tpe_sv_median,sub-03_FDSI_staircase_snr20dB,sub-03,staircase,20,6,48,0.8420348058902276,0.8929275870323181
lr_fixed_tpe_sv_median,sub-03_FDSI_staircase_snr15dB,sub-03,staircase,15,0,40,0.9975293390982088,0.979573130607605
lr_fixed_tpe_sv_median,sub-03_FDSI_staircase_snr15dB,sub-03,staircase,15,1,44,0.9464406779661017,0.912175714969635
lr_fixed_tpe_sv_median,sub-03_FDSI_staircase_snr15dB,sub-03,staircase,15,2,52,0.8884986830553117,0.9160832166671752
lr_fixed_tpe_sv_median,sub-03_FDSI_triangular-ramp40s_snr30dB,sub-03,triangular-ramp40s,30,0,49,0.3720577069096431,0.8305397629737854
lr_fixed_tpe_sv_median,sub-03_FDSI_triangular-ramp40s_snr30dB,sub-03,triangular-ramp40s,30,1,48,0.6292212267401792,0.8919951319694519
lr_fixed_tpe_sv_median,sub-03_FDSI_triangular-ramp40s_snr30dB,sub-03,triangular-ramp40s,30,2,46,0.976,0.9342758655548096
lr_fixed_tpe_sv_median,sub-03_FDSI_triangular-ramp40s_snr30dB,sub-03,triangular-ramp40s,30,3,40,0.9947780678851176,0.990229308605194
lr_fixed_tpe_sv_median,sub-03_FDSI_triangular-ramp40s_snr30dB,sub-03,triangular-ramp40s,30,4,52,0.9938650306748468,0.9741935729980468
lr_fixed_tpe_sv_median,sub-03_FDSI_triangular-ramp40s_snr30dB,sub-03,triangular-ramp40s,30,5,51,0.9988317757009346,0.9798374772071838
lr_fixed_tpe_sv_median,sub-03_FDSI_triangular-ramp40s_snr30dB,sub-03,triangular-ramp40s,30,6,47,0.7238183503243745,0.8741562962532043
lr_fixed_tpe_sv_median,sub-03_FDSI_triangular-ramp40s_snr30dB,sub-03,triangular-ramp40s,30,7,35,0.9630522088353414,0.925850510597229
lr_fixed_tpe_sv_median,sub-03_FDSI_triangular-ramp40s_snr30dB,sub-03,triangular-ramp40s,30,8,45,0.1270337922403003,0.8846427798271179
lr_fixed_tpe_sv_median,sub-03_FDSI_triangular-ramp40s_snr30dB,sub-03,triangular-ramp40s,30,9,44,0.994328922495274,0.9637797474861144
lr_fixed_tpe_sv_median,sub-03_FDSI_triangular-ramp40s_snr30dB,sub-03,triangular-ramp40s,30,10,43,0.1589772095608671,0.8343988656997681
lr_fixed_tpe_sv_median,sub-03_FDSI_triangular-ramp40s_snr30dB,sub-03,triangular-ramp40s,30,11,50,0.1708609271523178,0.9053897261619568
lr_fixed_tpe_sv_median,sub-03_FDSI_triangular-ramp40s_snr25dB,sub-03,triangular-ramp40s,25,0,49,0.724903474903475,0.8285256028175354
lr_fixed_tpe_sv_median,sub-03_FDSI_triangular-ramp40s_snr25dB,sub-03,triangular-ramp40s,25,1,48,0.291476903057905,0.9265090227127076
lr_fixed_tpe_sv_median,sub-03_FDSI_triangular-ramp40s_snr25dB,sub-03,triangular-ramp40s,25,2,40,0.9947780678851176,0.9876279234886168
lr_fixed_tpe_sv_median,sub-03_FDSI_triangular-ramp40s_snr25dB,sub-03,triangular-ramp40s,25,3,52,0.9938650306748468,0.9641778469085692
lr_fixed_tpe_sv_median,sub-03_FDSI_triangular-ramp40s_snr25dB,sub-03,triangular-ramp40s,25,4,44,0.9905660377358492,0.9572442173957824
lr_fixed_tpe_sv_median,sub-03_FDSI_triangular-ramp40s_snr25dB,sub-03,triangular-ramp40s,25,5,46,0.993,0.9449332356452942
lr_fixed_tpe_sv_median,sub-03_FDSI_triangular-ramp40s_snr25dB,sub-03,triangular-ramp40s,25,6,51,0.9964953271028038,0.9683635830879213
lr_fixed_tpe_sv_median,sub-03_FDSI_triangular-ramp40s_snr20dB,sub-03,triangular-ramp40s,20,0,48,0.2430426716141001,0.9097344875335692
lr_fixed_tpe_sv_median,sub-03_FDSI_triangular-ramp40s_snr20dB,sub-03,triangular-ramp40s,20,1,40,0.9930374238468234,0.981375515460968
lr_fixed_tpe_sv_median,sub-03_FDSI_triangular-ramp40s_snr20dB,sub-03,triangular-ramp40s,20,2,46,0.9780876494023903,0.9203819632530212
lr_fixed_tpe_sv_median,sub-03_FDSI_triangular-ramp40s_snr20dB,sub-03,triangular-ramp40s,20,3,52,0.9705521472392638,0.9478071928024292
lr_fixed_tpe_sv_median,sub-03_FDSI_triangular-ramp40s_snr20dB,sub-03,triangular-ramp40s,20,4,51,0.9941588785046728,0.9569222927093506
lr_fixed_tpe_sv_median,sub-03_FDSI_triangular-ramp40s_snr20dB,sub-03,triangular-ramp40s,20,5,49,0.9097744360902256,0.9099186062812804
lr_fixed_tpe_sv_median,sub-03_FDSI_triangular-ramp40s_snr20dB,sub-03,triangular-ramp40s,20,6,44,0.9830348727615456,0.9370734691619872
lr_fixed_tpe_sv_median,sub-03_FDSI_triangular-ramp40s_snr15dB,sub-03,triangular-ramp40s,15,0,40,0.9947780678851176,0.9764683246612548
lr_fixed_tpe_sv_median,sub-03_FDSI_triangular-ramp40s_snr15dB,sub-03,triangular-ramp40s,15,1,44,0.9227144203581528,0.9076529741287231
lr_fixed_tpe_sv_median,sub-03_FDSI_triangular-ramp40s_snr15dB,sub-03,triangular-ramp40s,15,2,52,0.7158962795941376,0.8700865507125854
lr_fixed_tpe_sv_median,sub-03_FDSI_triangular-ramp40s_snr15dB,sub-03,triangular-ramp40s,15,3,49,0.8354297693920335,0.8727723956108093
lr_fixed_tpe_sv_median,sub-03_FDSI_triangular-ramp40s_snr15dB,sub-03,triangular-ramp40s,15,4,46,0.912536443148688,0.8824129104614258
lr_fixed_tpe_sv_median,sub-03_FDSI_triangular-ramp20s_snr30dB,sub-03,triangular-ramp20s,30,0,48,0.1425377305757406,0.9217170476913452
lr_fixed_tpe_sv_median,sub-03_FDSI_triangular-ramp20s_snr30dB,sub-03,triangular-ramp20s,30,1,52,0.9962917181705808,0.9432814717292786
lr_fixed_tpe_sv_median,sub-03_FDSI_triangular-ramp20s_snr30dB,sub-03,triangular-ramp20s,30,2,49,0.6210131332082551,0.8451583385467529
lr_fixed_tpe_sv_median,sub-03_FDSI_triangular-ramp20s_snr30dB,sub-03,triangular-ramp20s,30,3,51,0.8850174216027874,0.9117368459701538
lr_fixed_tpe_sv_median,sub-03_FDSI_triangular-ramp20s_snr30dB,sub-03,triangular-ramp20s,30,4,40,0.9982683982683984,0.9862036108970642
lr_fixed_tpe_sv_median,sub-03_FDSI_triangular-ramp20s_snr30dB,sub-03,triangular-ramp20s,30,5,44,0.9925163704396632,0.9376120567321776
lr_fixed_tpe_sv_median,sub-03_FDSI_triangular-ramp20s_snr30dB,sub-03,triangular-ramp20s,30,6,46,0.984158415841584,0.9367184638977052
lr_fixed_tpe_sv_median,sub-03_FDSI_triangular-ramp20s_snr30dB,sub-03,triangular-ramp20s,30,7,35,0.9505187549880288,0.9088894128799438
lr_fixed_tpe_sv_median,sub-03_FDSI_triangular-ramp20s_snr30dB,sub-03,triangular-ramp20s,30,8,45,0.0894213909994155,0.8979249596595764
lr_fixed_tpe_sv_median,sub-03_FDSI_triangular-ramp20s_snr30dB,sub-03,triangular-ramp20s,30,9,47,0.4387211367673179,0.8497191667556763
lr_fixed_tpe_sv_median,sub-03_FDSI_triangular-ramp20s_snr30dB,sub-03,triangular-ramp20s,30,10,50,0.1586599241466498,0.8227956891059875
lr_fixed_tpe_sv_median,sub-03_FDSI_triangular-ramp20s_snr25dB,sub-03,triangular-ramp20s,25,0,44,0.9785046728971962,0.926790177822113
lr_fixed_tpe_sv_median,sub-03_FDSI_triangular-ramp20s_snr25dB,sub-03,triangular-ramp20s,25,1,52,0.5308641975308642,0.9014014005661012
lr_fixed_tpe_sv_median,sub-03_FDSI_triangular-ramp20s_snr25dB,sub-03,triangular-ramp20s,25,2,40,0.9982683982683984,0.9818240404129028
lr_fixed_tpe_sv_median,sub-03_FDSI_triangular-ramp20s_snr25dB,sub-03,triangular-ramp20s,25,3,48,0.5126112759643917,0.90707266330719
lr_fixed_tpe_sv_median,sub-03_FDSI_triangular-ramp20s_snr25dB,sub-03,triangular-ramp20s,25,4,46,0.9576771653543308,0.9134715795516968
lr_fixed_tpe_sv_median,sub-03_FDSI_triangular-ramp20s_snr25dB,sub-03,triangular-ramp20s,25,5,49,0.8946796959826275,0.9114612340927124
lr_fixed_tpe_sv_median,sub-03_FDSI_triangular-ramp20s_snr25dB,sub-03,triangular-ramp20s,25,6,51,0.990632318501171,0.949396550655365
lr_fixed_tpe_sv_median,sub-03_FDSI_triangular-ramp20s_snr25dB,sub-03,triangular-ramp20s,25,7,35,0.8321456848772764,0.8870904445648193
lr_fixed_tpe_sv_median,sub-03_FDSI_triangular-ramp20s_snr20dB,sub-03,triangular-ramp20s,20,0,40,0.9948051948051948,0.972319483757019
lr_fixed_tpe_sv_median,sub-03_FDSI_triangular-ramp20s_snr20dB,sub-03,triangular-ramp20s,20,1,52,0.7555555555555555,0.903807520866394
lr_fixed_tpe_sv_median,sub-03_FDSI_triangular-ramp20s_snr20dB,sub-03,triangular-ramp20s,20,2,51,0.9800936768149884,0.9464338421821594
lr_fixed_tpe_sv_median,sub-03_FDSI_triangular-ramp20s_snr20dB,sub-03,triangular-ramp20s,20,3,49,0.5802816901408451,0.8415574431419373
lr_fixed_tpe_sv_median,sub-03_FDSI_triangular-ramp20s_snr20dB,sub-03,triangular-ramp20s,20,4,44,0.8993766696349065,0.9002870917320251
lr_fixed_tpe_sv_median,sub-03_FDSI_triangular-ramp20s_snr20dB,sub-03,triangular-ramp20s,20,5,48,0.2248995983935743,0.8883345723152161
lr_fixed_tpe_sv_median,sub-03_FDSI_triangular-ramp20s_snr20dB,sub-03,triangular-ramp20s,20,6,46,0.9134709931170109,0.8972700238227844
lr_fixed_tpe_sv_median,sub-03_FDSI_triangular-ramp20s_snr15dB,sub-03,triangular-ramp20s,15,0,40,0.993939393939394,0.9637550711631776
lr_fixed_tpe_sv_median,sub-03_FDSI_triangular-ramp20s_snr15dB,sub-03,triangular-ramp20s,15,1,49,0.5230479774223895,0.8270718455314636
lr_fixed_tpe_sv_median,sub-03_FDSI_triangular-ramp20s_snr15dB,sub-03,triangular-ramp20s,15,2,44,0.8739573679332715,0.8999210000038147
lr_fixed_tpe_sv_median,sub-03_FDSI_triangular-ramp20s_snr15dB,sub-03,triangular-ramp20s,15,3,52,0.5690672963400236,0.8654151558876038
lr_fixed_tpe_sv_median,sub-03_FDSI_triangular-ramp10s_snr30dB,sub-03,triangular-ramp10s,30,0,40,0.993025283347864,0.9796795845031738
lr_fixed_tpe_sv_median,sub-03_FDSI_triangular-ramp10s_snr30dB,sub-03,triangular-ramp10s,30,1,52,0.3600973236009732,0.9240981936454772
lr_fixed_tpe_sv_median,sub-03_FDSI_triangular-ramp10s_snr30dB,sub-03,triangular-ramp10s,30,2,44,0.9172932330827068,0.906379222869873
lr_fixed_tpe_sv_median,sub-03_FDSI_triangular-ramp10s_snr30dB,sub-03,triangular-ramp10s,30,3,35,0.7893903404592241,0.9059084057807922
lr_fixed_tpe_sv_median,sub-03_FDSI_triangular-ramp10s_snr30dB,sub-03,triangular-ramp10s,30,4,50,0.5738636363636364,0.9058303236961364
lr_fixed_tpe_sv_median,sub-03_FDSI_triangular-ramp10s_snr30dB,sub-03,triangular-ramp10s,30,5,46,0.9073705179282868,0.9267889857292176
lr_fixed_tpe_sv_median,sub-03_FDSI_triangular-ramp10s_snr30dB,sub-03,triangular-ramp10s,30,6,49,0.4777415852334419,0.9329127669334412
lr_fixed_tpe_sv_median,sub-03_FDSI_triangular-ramp10s_snr30dB,sub-03,triangular-ramp10s,30,7,47,0.4796828543111992,0.920253038406372
lr_fixed_tpe_sv_median,sub-03_FDSI_triangular-ramp10s_snr30dB,sub-03,triangular-ramp10s,30,8,48,0.4822222222222222,0.9074801802635192
lr_fixed_tpe_sv_median,sub-03_FDSI_triangular-ramp10s_snr30dB,sub-03,triangular-ramp10s,30,9,43,0.2293706293706293,0.8512795567512512
lr_fixed_tpe_sv_median,sub-03_FDSI_triangular-ramp10s_snr30dB,sub-03,triangular-ramp10s,30,10,51,0.6248561565017261,0.9337449669837952
lr_fixed_tpe_sv_median,sub-03_FDSI_triangular-ramp10s_snr25dB,sub-03,triangular-ramp10s,25,0,51,0.993047508690614,0.9443907737731934
lr_fixed_tpe_sv_median,sub-03_FDSI_triangular-ramp10s_snr25dB,sub-03,triangular-ramp10s,25,1,40,0.993025283347864,0.9740422368049622
lr_fixed_tpe_sv_median,sub-03_FDSI_triangular-ramp10s_snr25dB,sub-03,triangular-ramp10s,25,2,44,0.9351503759398496,0.8959562182426453
lr_fixed_tpe_sv_median,sub-03_FDSI_triangular-ramp10s_snr25dB,sub-03,triangular-ramp10s,25,3,50,0.5682074408117249,0.8800457715988159
lr_fixed_tpe_sv_median,sub-03_FDSI_triangular-ramp10s_snr25dB,sub-03,triangular-ramp10s,25,4,52,0.6301703163017032,0.9300914406776428
lr_fixed_tpe_sv_median,sub-03_FDSI_triangular-ramp10s_snr25dB,sub-03,triangular-ramp10s,25,5,46,0.8381330685203575,0.922535002231598
lr_fixed_tpe_sv_median,sub-03_FDSI_triangular-ramp10s_snr25dB,sub-03,triangular-ramp10s,25,6,48,0.2269297736506094,0.8996297717094421
lr_fixed_tpe_sv_median,sub-03_FDSI_triangular-ramp10s_snr25dB,sub-03,triangular-ramp10s,25,7,49,0.8505997818974919,0.9101779460906982
lr_fixed_tpe_sv_median,sub-03_FDSI_triangular-ramp10s_snr20dB,sub-03,triangular-ramp10s,20,0,40,0.993025283347864,0.9664041996002196
lr_fixed_tpe_sv_median,sub-03_FDSI_triangular-ramp10s_snr20dB,sub-03,triangular-ramp10s,20,1,52,0.6148238153098421,0.9311325550079346
lr_fixed_tpe_sv_median,sub-03_FDSI_triangular-ramp10s_snr20dB,sub-03,triangular-ramp10s,20,2,46,0.8231827111984283,0.9017128944396972
lr_fixed_tpe_sv_median,sub-03_FDSI_triangular-ramp10s_snr20dB,sub-03,triangular-ramp10s,20,3,49,0.4672995780590717,0.9047155380249025
lr_fixed_tpe_sv_median,sub-03_FDSI_triangular-ramp10s_snr20dB,sub-03,triangular-ramp10s,20,4,44,0.8880597014925373,0.8979325890541077
lr_fixed_tpe_sv_median,sub-03_FDSI_triangular-ramp10s_snr20dB,sub-03,triangular-ramp10s,20,5,51,0.9861111111111112,0.9336923360824584
lr_fixed_tpe_sv_median,sub-03_FDSI_triangular-ramp10s_snr20dB,sub-03,triangular-ramp10s,20,6,48,0.2766333137139494,0.8829389214515686
lr_fixed_tpe_sv_median,sub-03_FDSI_triangular-ramp10s_snr15dB,sub-03,triangular-ramp10s,15,0,40,0.992153443766347,0.9554715156555176
lr_fixed_tpe_sv_median,sub-03_FDSI_triangular-ramp10s_snr15dB,sub-03,triangular-ramp10s,15,1,52,0.6012121212121212,0.9161322712898254
lr_fixed_tpe_sv_median,sub-03_FDSI_triangular-ramp10s_snr15dB,sub-03,triangular-ramp10s,15,2,49,0.4878787878787878,0.875770092010498
lr_fixed_tpe_sv_median,sub-03_FDSI_triangular-ramp5s_snr30dB,sub-03,triangular-ramp5s,30,0,52,0.7496947496947497,0.9195085167884828
lr_fixed_tpe_sv_median,sub-03_FDSI_triangular-ramp5s_snr30dB,sub-03,triangular-ramp5s,30,1,48,0.3471786833855799,0.8901302218437195
lr_fixed_tpe_sv_median,sub-03_FDSI_triangular-ramp5s_snr30dB,sub-03,triangular-ramp5s,30,2,40,0.9939498703543648,0.9703742265701294
lr_fixed_tpe_sv_median,sub-03_FDSI_triangular-ramp5s_snr30dB,sub-03,triangular-ramp5s,30,3,51,0.9766081871345028,0.9390596747398376
lr_fixed_tpe_sv_median,sub-03_FDSI_triangular-ramp5s_snr30dB,sub-03,triangular-ramp5s,30,4,46,0.7287287287287287,0.926285445690155
lr_fixed_tpe_sv_median,sub-03_FDSI_triangular-ramp5s_snr30dB,sub-03,triangular-ramp5s,30,5,49,0.4074479737130339,0.9300547242164612
lr_fixed_tpe_sv_median,sub-03_FDSI_triangular-ramp5s_snr30dB,sub-03,triangular-ramp5s,30,6,44,0.7600373482726424,0.9006088376045227
lr_fixed_tpe_sv_median,sub-03_FDSI_triangular-ramp5s_snr30dB,sub-03,triangular-ramp5s,30,7,47,0.3469750889679715,0.8988021612167358
lr_fixed_tpe_sv_median,sub-03_FDSI_triangular-ramp5s_snr30dB,sub-03,triangular-ramp5s,30,8,45,0.1084788029925187,0.8719608187675476
lr_fixed_tpe_sv_median,sub-03_FDSI_triangular-ramp5s_snr30dB,sub-03,triangular-ramp5s,30,9,50,0.5151515151515151,0.9078285098075868
lr_fixed_tpe_sv_median,sub-03_FDSI_triangular-ramp5s_snr30dB,sub-03,triangular-ramp5s,30,10,35,0.5861244019138756,0.9169759750366212
lr_fixed_tpe_sv_median,sub-03_FDSI_triangular-ramp5s_snr25dB,sub-03,triangular-ramp5s,25,0,52,0.7374847374847375,0.9175468683242798
lr_fixed_tpe_sv_median,sub-03_FDSI_triangular-ramp5s_snr25dB,sub-03,triangular-ramp5s,25,1,40,0.9922212618841832,0.9640105366706848
lr_fixed_tpe_sv_median,sub-03_FDSI_triangular-ramp5s_snr25dB,sub-03,triangular-ramp5s,25,2,48,0.4023756495916852,0.8992278575897217
lr_fixed_tpe_sv_median,sub-03_FDSI_triangular-ramp5s_snr25dB,sub-03,triangular-ramp5s,25,3,46,0.7317317317317318,0.926204800605774
lr_fixed_tpe_sv_median,sub-03_FDSI_triangular-ramp5s_snr25dB,sub-03,triangular-ramp5s,25,4,44,0.7598130841121495,0.8954827785491943
lr_fixed_tpe_sv_median,sub-03_FDSI_triangular-ramp5s_snr25dB,sub-03,triangular-ramp5s,25,5,49,0.4157549234135667,0.928400695323944
lr_fixed_tpe_sv_median,sub-03_FDSI_triangular-ramp5s_snr25dB,sub-03,triangular-ramp5s,25,6,51,0.960233918128655,0.9321852326393129
lr_fixed_tpe_sv_median,sub-03_FDSI_triangular-ramp5s_snr25dB,sub-03,triangular-ramp5s,25,7,35,0.5872509960159362,0.888617217540741
lr_fixed_tpe_sv_median,sub-03_FDSI_triangular-ramp5s_snr20dB,sub-03,triangular-ramp5s,20,0,52,0.684981684981685,0.91894793510437
lr_fixed_tpe_sv_median,sub-03_FDSI_triangular-ramp5s_snr20dB,sub-03,triangular-ramp5s,20,1,40,0.9904926534140016,0.955123245716095
lr_fixed_tpe_sv_median,sub-03_FDSI_triangular-ramp5s_snr20dB,sub-03,triangular-ramp5s,20,2,49,0.4597826086956522,0.9216009378433228
lr_fixed_tpe_sv_median,sub-03_FDSI_triangular-ramp5s_snr20dB,sub-03,triangular-ramp5s,20,3,44,0.7,0.9080763459205629
lr_fixed_tpe_sv_median,sub-03_FDSI_triangular-ramp5s_snr20dB,sub-03,triangular-ramp5s,20,4,46,0.6856856856856857,0.928114116191864
lr_fixed_tpe_sv_median,sub-03_FDSI_triangular-ramp5s_snr20dB,sub-03,triangular-ramp5s,20,5,51,0.9777777777777776,0.9330400824546814
lr_fixed_tpe_sv_median,sub-03_FDSI_triangular-ramp5s_snr20dB,sub-03,triangular-ramp5s,20,6,48,0.3604240282685512,0.8792163133621216
lr_fixed_tpe_sv_median,sub-03_FDSI_triangular-ramp5s_snr15dB,sub-03,triangular-ramp5s,15,0,52,0.6471306471306472,0.9030184149742126
lr_fixed_tpe_sv_median,sub-03_FDSI_triangular-ramp5s_snr15dB,sub-03,triangular-ramp5s,15,1,40,0.9706136560069144,0.9423828125
lr_fixed_tpe_sv_median,sub-03_FDSI_triangular-ramp5s_snr15dB,sub-03,triangular-ramp5s,15,2,51,0.9031505250875146,0.9187970161437988
lr_fixed_tpe_sv_median,sub-03_FDSI_triangular-ramp5s_snr15dB,sub-03,triangular-ramp5s,15,3,46,0.6506986027944112,0.9088736772537231
lr_fixed_tpe_sv_median,sub-04_FDSI_staircase_snr30dB,sub-04,staircase,30,0,50,0.946685878962536,0.9334089159965516
lr_fixed_tpe_sv_median,sub-04_FDSI_staircase_snr30dB,sub-04,staircase,30,1,44,0.9882736156351792,0.9429901242256165
lr_fixed_tpe_sv_median,sub-04_FDSI_staircase_snr30dB,sub-04,staircase,30,2,41,0.9927007299270072,0.988929033279419
lr_fixed_tpe_sv_median,sub-04_FDSI_staircase_snr30dB,sub-04,staircase,30,3,53,0.205,0.9084084630012512
lr_fixed_tpe_sv_median,sub-04_FDSI_staircase_snr30dB,sub-04,staircase,30,4,23,0.9858657243816256,0.947127103805542
lr_fixed_tpe_sv_median,sub-04_FDSI_staircase_snr30dB,sub-04,staircase,30,5,48,0.9914772727272728,0.9530375003814696
lr_fixed_tpe_sv_median,sub-04_FDSI_staircase_snr30dB,sub-04,staircase,30,6,51,0.9875583203732504,0.9469628930091858
lr_fixed_tpe_sv_median,sub-04_FDSI_staircase_snr30dB,sub-04,staircase,30,7,54,0.9871244635193132,0.9545875191688538
lr_fixed_tpe_sv_median,sub-04_FDSI_staircase_snr30dB,sub-04,staircase,30,8,42,0.2281906300484652,0.8628621101379395
lr_fixed_tpe_sv_median,sub-04_FDSI_staircase_snr30dB,sub-04,staircase,30,9,49,0.9911894273127754,0.95622581243515
lr_fixed_tpe_sv_median,sub-04_FDSI_staircase_snr30dB,sub-04,staircase,30,10,37,0.9343696027633852,0.900854766368866
lr_fixed_tpe_sv_median,sub-04_FDSI_staircase_snr25dB,sub-04,staircase,25,0,51,0.6982456140350877,0.9124801754951476
lr_fixed_tpe_sv_median,sub-04_FDSI_staircase_snr25dB,sub-04,staircase,25,1,44,0.9765472312703584,0.9266911149024964
lr_fixed_tpe_sv_median,sub-04_FDSI_staircase_snr25dB,sub-04,staircase,25,2,53,0.1466473709599614,0.9062769412994384
lr_fixed_tpe_sv_median,sub-04_FDSI_staircase_snr25dB,sub-04,staircase,25,3,41,0.9927007299270072,0.9905587434768676
lr_fixed_tpe_sv_median,sub-04_FDSI_staircase_snr25dB,sub-04,staircase,25,4,48,0.9772727272727272,0.9468451738357544
lr_fixed_tpe_sv_median,sub-04_FDSI_staircase_snr25dB,sub-04,staircase,25,5,50,0.9575713240673006,0.9440510869026184
lr_fixed_tpe_sv_median,sub-04_FDSI_staircase_snr25dB,sub-04,staircase,25,6,49,0.9889867841409692,0.9508298635482788
lr_fixed_tpe_sv_median,sub-04_FDSI_staircase_snr25dB,sub-04,staircase,25,7,54,0.9606837606837608,0.9072661995887756
lr_fixed_tpe_sv_median,sub-04_FDSI_staircase_snr25dB,sub-04,staircase,25,8,42,0.9912663755458516,0.9542276859283448
lr_fixed_tpe_sv_median,sub-04_FDSI_staircase_snr20dB,sub-04,staircase,20,0,41,0.9975669099756692,0.988353967666626
lr_fixed_tpe_sv_median,sub-04_FDSI_staircase_snr20dB,sub-04,staircase,20,1,48,0.9815340909090908,0.944197118282318
lr_fixed_tpe_sv_median,sub-04_FDSI_staircase_snr20dB,sub-04,staircase,20,2,42,0.9682044887780548,0.922796070575714
lr_fixed_tpe_sv_median,sub-04_FDSI_staircase_snr20dB,sub-04,staircase,20,3,49,0.9647577092511012,0.9232870936393738
lr_fixed_tpe_sv_median,sub-04_FDSI_staircase_snr15dB,sub-04,staircase,15,0,41,0.995742092457421,0.9849646687507628
lr_fixed_tpe_sv_median,sub-04_FDSI_triangular-ramp40s_snr30dB,sub-04,triangular-ramp40s,30,0,42,0.9948006932409011,0.9671826362609864
lr_fixed_tpe_sv_median,sub-04_FDSI_triangular-ramp40s_snr30dB,sub-04,triangular-ramp40s,30,1,33,0.969811320754717,0.9314228296279908
lr_fixed_tpe_sv_median,sub-04_FDSI_triangular-ramp40s_snr30dB,sub-04,triangular-ramp40s,30,2,50,0.9418145956607497,0.9248647689819336
lr_fixed_tpe_sv_median,sub-04_FDSI_triangular-ramp40s_snr30dB,sub-04,triangular-ramp40s,30,3,51,0.9903846153846154,0.9359155893325806
lr_fixed_tpe_sv_median,sub-04_FDSI_triangular-ramp40s_snr30dB,sub-04,triangular-ramp40s,30,4,49,0.985858585858586,0.9554638862609864
lr_fixed_tpe_sv_median,sub-04_FDSI_triangular-ramp40s_snr30dB,sub-04,triangular-ramp40s,30,5,48,0.9921026653504442,0.9465253353118896
lr_fixed_tpe_sv_median,sub-04_FDSI_triangular-ramp40s_snr30dB,sub-04,triangular-ramp40s,30,6,41,0.9957264957264956,0.9902244806289672
lr_fixed_tpe_sv_median,sub-04_FDSI_triangular-ramp40s_snr30dB,sub-04,triangular-ramp40s,30,7,44,0.9829136690647482,0.9322760105133056
lr_fixed_tpe_sv_median,sub-04_FDSI_triangular-ramp40s_snr30dB,sub-04,triangular-ramp40s,30,8,54,0.652128764278297,0.7997244000434875
lr_fixed_tpe_sv_median,sub-04_FDSI_triangular-ramp40s_snr30dB,sub-04,triangular-ramp40s,30,9,17,0.9478260869565216,0.9320725798606871
lr_fixed_tpe_sv_median,sub-04_FDSI_triangular-ramp40s_snr30dB,sub-04,triangular-ramp40s,30,10,53,0.9689298043728424,0.94026118516922
lr_fixed_tpe_sv_median,sub-04_FDSI_triangular-ramp40s_snr25dB,sub-04,triangular-ramp40s,25,0,42,0.9939341421143848,0.9474280476570128
lr_fixed_tpe_sv_median,sub-04_FDSI_triangular-ramp40s_snr25dB,sub-04,triangular-ramp40s,25,1,41,0.9931623931623932,0.9906978011131288
lr_fixed_tpe_sv_median,sub-04_FDSI_triangular-ramp40s_snr25dB,sub-04,triangular-ramp40s,25,2,48,0.9921026653504442,0.9335331320762634
lr_fixed_tpe_sv_median,sub-04_FDSI_triangular-ramp40s_snr25dB,sub-04,triangular-ramp40s,25,3,49,0.9777777777777776,0.93964946269989
lr_fixed_tpe_sv_median,sub-04_FDSI_triangular-ramp40s_snr25dB,sub-04,triangular-ramp40s,25,4,44,0.9640933572710952,0.9154420495033264
lr_fixed_tpe_sv_median,sub-04_FDSI_triangular-ramp40s_snr25dB,sub-04,triangular-ramp40s,25,5,50,0.9379310344827586,0.9290557503700256
lr_fixed_tpe_sv_median,sub-04_FDSI_triangular-ramp40s_snr25dB,sub-04,triangular-ramp40s,25,6,51,0.9199594731509624,0.904594659805298
lr_fixed_tpe_sv_median,sub-04_FDSI_triangular-ramp40s_snr25dB,sub-04,triangular-ramp40s,25,7,54,0.9643281807372176,0.9164552688598632
lr_fixed_tpe_sv_median,sub-04_FDSI_triangular-ramp40s_snr20dB,sub-04,triangular-ramp40s,20,0,42,0.9618717504332756,0.9157875180244446
lr_fixed_tpe_sv_median,sub-04_FDSI_triangular-ramp40s_snr20dB,sub-04,triangular-ramp40s,20,1,41,0.9931623931623932,0.9874882698059082
lr_fixed_tpe_sv_median,sub-04_FDSI_triangular-ramp40s_snr20dB,sub-04,triangular-ramp40s,20,2,44,0.9079646017699116,0.8919960260391235
lr_fixed_tpe_sv_median,sub-04_FDSI_triangular-ramp40s_snr20dB,sub-04,triangular-ramp40s,20,3,48,0.9625246548323472,0.91998291015625
lr_fixed_tpe_sv_median,sub-04_FDSI_triangular-ramp40s_snr15dB,sub-04,triangular-ramp40s,15,0,41,0.9931623931623932,0.9813272953033448
lr_fixed_tpe_sv_median,sub-04_FDSI_triangular-ramp20s_snr30dB,sub-04,triangular-ramp20s,30,0,48,0.9940535183349852,0.9501581192016602
lr_fixed_tpe_sv_median,sub-04_FDSI_triangular-ramp20s_snr30dB,sub-04,triangular-ramp20s,30,1,41,0.9932318104906938,0.9883190393447876
lr_fixed_tpe_sv_median,sub-04_FDSI_triangular-ramp20s_snr30dB,sub-04,triangular-ramp20s,30,2,50,0.9175769612711024,0.90593820810318
lr_fixed_tpe_sv_median,sub-04_FDSI_triangular-ramp20s_snr30dB,sub-04,triangular-ramp20s,30,3,42,0.9913793103448276,0.936879575252533
lr_fixed_tpe_sv_median,sub-04_FDSI_triangular-ramp20s_snr30dB,sub-04,triangular-ramp20s,30,4,49,0.982706002034588,0.929305613040924
lr_fixed_tpe_sv_median,sub-04_FDSI_triangular-ramp20s_snr30dB,sub-04,triangular-ramp20s,30,5,44,0.8795718108831401,0.9126940965652466
lr_fixed_tpe_sv_median,sub-04_FDSI_triangular-ramp20s_snr30dB,sub-04,triangular-ramp20s,30,6,23,0.9663157894736842,0.9335987567901612
lr_fixed_tpe_sv_median,sub-04_FDSI_triangular-ramp20s_snr30dB,sub-04,triangular-ramp20s,30,7,37,0.7567353407290016,0.8803366422653198
lr_fixed_tpe_sv_median,sub-04_FDSI_triangular-ramp20s_snr30dB,sub-04,triangular-ramp20s,30,8,53,0.9533560864618884,0.9119452834129332
lr_fixed_tpe_sv_median,sub-04_FDSI_triangular-ramp20s_snr30dB,sub-04,triangular-ramp20s,30,9,51,0.8950749464668094,0.8949636816978455
lr_fixed_tpe_sv_median,sub-04_FDSI_triangular-ramp20s_snr30dB,sub-04,triangular-ramp20s,30,10,17,0.963037634408602,0.9278464317321776
lr_fixed_tpe_sv_median,sub-04_FDSI_triangular-ramp20s_snr30dB,sub-04,triangular-ramp20s,30,11,54,0.6389214536928488,0.8856238126754761
lr_fixed_tpe_sv_median,sub-04_FDSI_triangular-ramp20s_snr25dB,sub-04,triangular-ramp20s,25,0,41,0.9949238578680204,0.9862562417984008
lr_fixed_tpe_sv_median,sub-04_FDSI_triangular-ramp20s_snr25dB,sub-04,triangular-ramp20s,25,1,51,0.8419388830347735,0.8707488775253296
lr_fixed_tpe_sv_median,sub-04_FDSI_triangular-ramp20s_snr25dB,sub-04,triangular-ramp20s,25,2,54,0.5102260495156081,0.8152178525924683
lr_fixed_tpe_sv_median,sub-04_FDSI_triangular-ramp20s_snr25dB,sub-04,triangular-ramp20s,25,3,42,0.9758620689655172,0.9172175526618958
lr_fixed_tpe_sv_median,sub-04_FDSI_triangular-ramp20s_snr25dB,sub-04,triangular-ramp20s,25,4,48,0.8140214216163584,0.881963312625885
lr_fixed_tpe_sv_median,sub-04_FDSI_triangular-ramp20s_snr25dB,sub-04,triangular-ramp20s,25,5,50,0.9171597633136096,0.9100522994995116
lr_fixed_tpe_sv_median,sub-04_FDSI_triangular-ramp20s_snr25dB,sub-04,triangular-ramp20s,25,6,49,0.8023572076155938,0.8646426200866699
lr_fixed_tpe_sv_median,sub-04_FDSI_triangular-ramp20s_snr25dB,sub-04,triangular-ramp20s,25,7,44,0.8500451671183379,0.916366457939148
lr_fixed_tpe_sv_median,sub-04_FDSI_triangular-ramp20s_snr25dB,sub-04,triangular-ramp20s,25,8,53,0.8681081081081081,0.8755430579185486
lr_fixed_tpe_sv_median,sub-04_FDSI_triangular-ramp20s_snr20dB,sub-04,triangular-ramp20s,20,0,48,0.9415262636273538,0.9191590547561646
lr_fixed_tpe_sv_median,sub-04_FDSI_triangular-ramp20s_snr20dB,sub-04,triangular-ramp20s,20,1,41,0.9949238578680204,0.981536328792572
lr_fixed_tpe_sv_median,sub-04_FDSI_triangular-ramp20s_snr20dB,sub-04,triangular-ramp20s,20,2,42,0.8666666666666667,0.8725258111953735
lr_fixed_tpe_sv_median,sub-04_FDSI_triangular-ramp20s_snr15dB,sub-04,triangular-ramp20s,15,0,41,0.9949238578680204,0.9754201173782348
lr_fixed_tpe_sv_median,sub-04_FDSI_triangular-ramp10s_snr30dB,sub-04,triangular-ramp10s,30,0,49,0.7539370078740157,0.907411813735962
lr_fixed_tpe_sv_median,sub-04_FDSI_triangular-ramp10s_snr30dB,sub-04,triangular-ramp10s,30,1,41,0.9965811965811966,0.9829067587852478
lr_fixed_tpe_sv_median,sub-04_FDSI_triangular-ramp10s_snr30dB,sub-04,triangular-ramp10s,30,2,48,0.5904572564612326,0.9192046523094176
lr_fixed_tpe_sv_median,sub-04_FDSI_triangular-ramp10s_snr30dB,sub-04,triangular-ramp10s,30,3,51,0.7486515641855448,0.9195078015327454
lr_fixed_tpe_sv_median,sub-04_FDSI_triangular-ramp10s_snr30dB,sub-04,triangular-ramp10s,30,4,42,0.6385135135135135,0.8877735733985901
lr_fixed_tpe_sv_median,sub-04_FDSI_triangular-ramp10s_snr30dB,sub-04,triangular-ramp10s,30,5,47,0.0829994275901545,0.8615064024925232
lr_fixed_tpe_sv_median,sub-04_FDSI_triangular-ramp10s_snr30dB,sub-04,triangular-ramp10s,30,6,50,0.811491935483871,0.9041043519973756
lr_fixed_tpe_sv_median,sub-04_FDSI_triangular-ramp10s_snr30dB,sub-04,triangular-ramp10s,30,7,44,0.7924528301886793,0.917287826538086
lr_fixed_tpe_sv_median,sub-04_FDSI_triangular-ramp10s_snr30dB,sub-04,triangular-ramp10s,30,8,17,0.962641761174116,0.9245109558105468
lr_fixed_tpe_sv_median,sub-04_FDSI_triangular-ramp10s_snr30dB,sub-04,triangular-ramp10s,30,9,53,0.8346368715083798,0.8977621793746948
lr_fixed_tpe_sv_median,sub-04_FDSI_triangular-ramp10s_snr30dB,sub-04,triangular-ramp10s,30,10,54,0.7908653846153846,0.9244982004165648
lr_fixed_tpe_sv_median,sub-04_FDSI_triangular-ramp10s_snr30dB,sub-04,triangular-ramp10s,30,11,33,0.8730395817774459,0.9023934602737428
lr_fixed_tpe_sv_median,sub-04_FDSI_triangular-ramp10s_snr25dB,sub-04,triangular-ramp10s,25,0,54,0.6318289786223278,0.8895439505577087
lr_fixed_tpe_sv_median,sub-04_FDSI_triangular-ramp10s_snr25dB,sub-04,triangular-ramp10s,25,1,49,0.7080867850098619,0.9092139601707458
lr_fixed_tpe_sv_median,sub-04_FDSI_triangular-ramp10s_snr25dB,sub-04,triangular-ramp10s,25,2,41,0.9965811965811966,0.9787957072257996
lr_fixed_tpe_sv_median,sub-04_FDSI_triangular-ramp10s_snr25dB,sub-04,triangular-ramp10s,25,3,42,0.8457538994800693,0.9076623320579528
lr_fixed_tpe_sv_median,sub-04_FDSI_triangular-ramp10s_snr25dB,sub-04,triangular-ramp10s,25,4,50,0.7335359675785208,0.9087342023849488
lr_fixed_tpe_sv_median,sub-04_FDSI_triangular-ramp10s_snr25dB,sub-04,triangular-ramp10s,25,5,44,0.7678571428571429,0.9106859564781188
lr_fixed_tpe_sv_median,sub-04_FDSI_triangular-ramp10s_snr25dB,sub-04,triangular-ramp10s,25,6,51,0.7173447537473233,0.9070629477500916
lr_fixed_tpe_sv_median,sub-04_FDSI_triangular-ramp10s_snr25dB,sub-04,triangular-ramp10s,25,7,48,0.933399602385686,0.9215335249900818
lr_fixed_tpe_sv_median,sub-04_FDSI_triangular-ramp10s_snr20dB,sub-04,triangular-ramp10s,20,0,41,0.9914529914529916,0.9767555594444276
lr_fixed_tpe_sv_median,sub-04_FDSI_triangular-ramp10s_snr20dB,sub-04,triangular-ramp10s,20,1,49,0.675025075225677,0.9015398025512696
lr_fixed_tpe_sv_median,sub-04_FDSI_triangular-ramp10s_snr20dB,sub-04,triangular-ramp10s,20,2,42,0.8131487889273357,0.8920741081237793
lr_fixed_tpe_sv_median,sub-04_FDSI_triangular-ramp10s_snr20dB,sub-04,triangular-ramp10s,20,3,50,0.7257751937984496,0.8778052926063538
lr_fixed_tpe_sv_median,sub-04_FDSI_triangular-ramp10s_snr20dB,sub-04,triangular-ramp10s,20,4,48,0.5377733598409543,0.910889446735382
lr_fixed_tpe_sv_median,sub-04_FDSI_triangular-ramp10s_snr15dB,sub-04,triangular-ramp10s,15,0,41,0.9914529914529916,0.9666288495063782
lr_fixed_tpe_sv_median,sub-04_FDSI_triangular-ramp5s_snr30dB,sub-04,triangular-ramp5s,30,0,50,0.7023933402705516,0.9278650283813475
lr_fixed_tpe_sv_median,sub-04_FDSI_triangular-ramp5s_snr30dB,sub-04,triangular-ramp5s,30,1,42,0.6939843068875327,0.92424875497818
lr_fixed_tpe_sv_median,sub-04_FDSI_triangular-ramp5s_snr30dB,sub-04,triangular-ramp5s,30,2,48,0.8,0.9344496130943298
lr_fixed_tpe_sv_median,sub-04_FDSI_triangular-ramp5s_snr30dB,sub-04,triangular-ramp5s,30,3,44,0.7111913357400722,0.9208465814590454
lr_fixed_tpe_sv_median,sub-04_FDSI_triangular-ramp5s_snr30dB,sub-04,triangular-ramp5s,30,4,41,0.9966159052453468,0.9791715145111084
lr_fixed_tpe_sv_median,sub-04_FDSI_triangular-ramp5s_snr30dB,sub-04,triangular-ramp5s,30,5,23,0.8306951135581555,0.9225804209709167
lr_fixed_tpe_sv_median,sub-04_FDSI_triangular-ramp5s_snr30dB,sub-04,triangular-ramp5s,30,6,49,0.6012145748987854,0.9233835339546204
lr_fixed_tpe_sv_median,sub-04_FDSI_triangular-ramp5s_snr30dB,sub-04,triangular-ramp5s,30,7,54,0.5546218487394958,0.9197381734848022
lr_fixed_tpe_sv_median,sub-04_FDSI_triangular-ramp5s_snr30dB,sub-04,triangular-ramp5s,30,8,53,0.8015783540022547,0.9001783132553101
lr_fixed_tpe_sv_median,sub-04_FDSI_triangular-ramp5s_snr30dB,sub-04,triangular-ramp5s,30,9,47,0.0897196261682242,0.8723227381706238
lr_fixed_tpe_sv_median,sub-04_FDSI_triangular-ramp5s_snr30dB,sub-04,triangular-ramp5s,30,10,51,0.5772179627601315,0.913571298122406
lr_fixed_tpe_sv_median,sub-04_FDSI_triangular-ramp5s_snr25dB,sub-04,triangular-ramp5s,25,0,42,0.6887532693984307,0.9209006428718568
lr_fixed_tpe_sv_median,sub-04_FDSI_triangular-ramp5s_snr25dB,sub-04,triangular-ramp5s,25,1,48,0.8128712871287128,0.9267569184303284
lr_fixed_tpe_sv_median,sub-04_FDSI_triangular-ramp5s_snr25dB,sub-04,triangular-ramp5s,25,2,44,0.6996402877697842,0.9134699702262878
lr_fixed_tpe_sv_median,sub-04_FDSI_triangular-ramp5s_snr25dB,sub-04,triangular-ramp5s,25,3,41,0.9966159052453468,0.9741948246955872
lr_fixed_tpe_sv_median,sub-04_FDSI_triangular-ramp5s_snr25dB,sub-04,triangular-ramp5s,25,4,54,0.4066587395957193,0.902890920639038
lr_fixed_tpe_sv_median,sub-04_FDSI_triangular-ramp5s_snr25dB,sub-04,triangular-ramp5s,25,5,50,0.660455486542443,0.924967646598816
lr_fixed_tpe_sv_median,sub-04_FDSI_triangular-ramp5s_snr25dB,sub-04,triangular-ramp5s,25,6,53,0.8115942028985508,0.887904942035675
lr_fixed_tpe_sv_median,sub-04_FDSI_triangular-ramp5s_snr25dB,sub-04,triangular-ramp5s,25,7,49,0.6161616161616161,0.918832778930664
lr_fixed_tpe_sv_median,sub-04_FDSI_triangular-ramp5s_snr25dB,sub-04,triangular-ramp5s,25,8,51,0.6133625410733844,0.8971632719039917
lr_fixed_tpe_sv_median,sub-04_FDSI_triangular-ramp5s_snr20dB,sub-04,triangular-ramp5s,20,0,41,0.9966159052453468,0.967066764831543
lr_fixed_tpe_sv_median,sub-04_FDSI_triangular-ramp5s_snr20dB,sub-04,triangular-ramp5s,20,1,48,0.7376237623762376,0.9289701581001282
lr_fixed_tpe_sv_median,sub-04_FDSI_triangular-ramp5s_snr20dB,sub-04,triangular-ramp5s,20,2,42,0.5727986050566696,0.9146400690078736
lr_fixed_tpe_sv_median,sub-04_FDSI_triangular-ramp5s_snr15dB,sub-04,triangular-ramp5s,15,0,41,0.994077834179357,0.9521371722221376
lr_fixed_tpe_sv_median,sub-05_FDSI_staircase_snr30dB,sub-05,staircase,30,0,35,0.9936265137029956,0.956052839756012
lr_fixed_tpe_sv_median,sub-05_FDSI_staircase_snr30dB,sub-05,staircase,30,1,31,0.9958775029446408,0.9631575345993042
lr_fixed_tpe_sv_median,sub-05_FDSI_staircase_snr30dB,sub-05,staircase,30,2,44,0.9991204925241864,0.9658838510513306
lr_fixed_tpe_sv_median,sub-05_FDSI_staircase_snr30dB,sub-05,staircase,30,3,43,0.9908256880733946,0.9804242849349976
lr_fixed_tpe_sv_median,sub-05_FDSI_staircase_snr30dB,sub-05,staircase,30,4,42,0.7125874125874125,0.8071062564849854
lr_fixed_tpe_sv_median,sub-05_FDSI_staircase_snr30dB,sub-05,staircase,30,5,30,0.9906759906759908,0.9454589486122132
lr_fixed_tpe_sv_median,sub-05_FDSI_staircase_snr30dB,sub-05,staircase,30,6,40,0.9897058823529412,0.9487525224685668
lr_fixed_tpe_sv_median,sub-05_FDSI_staircase_snr30dB,sub-05,staircase,30,7,36,0.6783625730994152,0.8804941773414612
lr_fixed_tpe_sv_median,sub-05_FDSI_staircase_snr30dB,sub-05,staircase,30,8,41,0.8011399620012666,0.913018763065338
lr_fixed_tpe_sv_median,sub-05_FDSI_staircase_snr30dB,sub-05,staircase,30,9,16,0.9911894273127754,0.963034451007843
lr_fixed_tpe_sv_median,sub-05_FDSI_staircase_snr30dB,sub-05,staircase,30,10,37,0.7455197132616488,0.887893557548523
lr_fixed_tpe_sv_median,sub-05_FDSI_staircase_snr30dB,sub-05,staircase,30,11,39,0.9837110481586402,0.9457449316978456
lr_fixed_tpe_sv_median,sub-05_FDSI_staircase_snr30dB,sub-05,staircase,30,12,34,0.9599749843652282,0.9314439296722412
lr_fixed_tpe_sv_median,sub-05_FDSI_staircase_snr30dB,sub-05,staircase,30,13,33,0.1582400617522192,0.8371228575706482
lr_fixed_tpe_sv_median,sub-05_FDSI_staircase_snr25dB,sub-05,staircase,25,0,31,0.9905771495877504,0.9491103887557985
lr_fixed_tpe_sv_median,sub-05_FDSI_staircase_snr25dB,sub-05,staircase,25,1,44,0.9991204925241864,0.9533331990242004
lr_fixed_tpe_sv_median,sub-05_FDSI_staircase_snr25dB,sub-05,staircase,25,2,42,0.4379391100702576,0.7425136566162109
lr_fixed_tpe_sv_median,sub-05_FDSI_staircase_snr25dB,sub-05,staircase,25,3,40,0.3256513026052104,0.8694541454315186
lr_fixed_tpe_sv_median,sub-05_FDSI_staircase_snr25dB,sub-05,staircase,25,4,30,0.9895104895104896,0.9425553679466248
lr_fixed_tpe_sv_median,sub-05_FDSI_staircase_snr25dB,sub-05,staircase,25,5,43,0.3606168446026097,0.8135837912559509
lr_fixed_tpe_sv_median,sub-05_FDSI_staircase_snr25dB,sub-05,staircase,25,6,41,0.6576381365113759,0.8909422755241394
lr_fixed_tpe_sv_median,sub-05_FDSI_staircase_snr25dB,sub-05,staircase,25,7,36,0.6536023054755044,0.8532528877258301
lr_fixed_tpe_sv_median,sub-05_FDSI_staircase_snr25dB,sub-05,staircase,25,8,35,0.9840662842574888,0.9342967867851256
lr_fixed_tpe_sv_median,sub-05_FDSI_staircase_snr25dB,sub-05,staircase,25,9,16,0.9848262359275576,0.9467961192131042
lr_fixed_tpe_sv_median,sub-05_FDSI_staircase_snr20dB,sub-05,staircase,20,0,31,0.9758823529411764,0.9295617938041688
lr_fixed_tpe_sv_median,sub-05_FDSI_staircase_snr20dB,sub-05,staircase,20,1,43,0.9916597164303588,0.9568650126457214
lr_fixed_tpe_sv_median,sub-05_FDSI_staircase_snr20dB,sub-05,staircase,20,2,44,0.5485074626865671,0.794318675994873
lr_fixed_tpe_sv_median,sub-05_FDSI_staircase_snr15dB,sub-05,staircase,15,0,31,0.9170052234474754,0.901592254638672
lr_fixed_tpe_sv_median,sub-05_FDSI_staircase_snr15dB,sub-05,staircase,15,1,43,0.981651376146789,0.9320601224899292
lr_fixed_tpe_sv_median,sub-05_FDSI_staircase_snr15dB,sub-05,staircase,15,2,44,0.4902080783353733,0.8005446195602417
lr_fixed_tpe_sv_median,sub-05_FDSI_triangular-ramp40s_snr30dB,sub-05,triangular-ramp40s,30,0,44,0.3618581907090464,0.8550537824630737
lr_fixed_tpe_sv_median,sub-05_FDSI_triangular-ramp40s_snr30dB,sub-05,triangular-ramp40s,30,1,41,0.2625598086124402,0.8815079927444458
lr_fixed_tpe_sv_median,sub-05_FDSI_triangular-ramp40s_snr30dB,sub-05,triangular-ramp40s,30,2,35,0.9875996457041628,0.9419054985046388
lr_fixed_tpe_sv_median,sub-05_FDSI_triangular-ramp40s_snr30dB,sub-05,triangular-ramp40s,30,3,30,0.9904761904761904,0.9543991684913636
lr_fixed_tpe_sv_median,sub-05_FDSI_triangular-ramp40s_snr30dB,sub-05,triangular-ramp40s,30,4,31,0.3253012048192771,0.8593233823776245
lr_fixed_tpe_sv_median,sub-05_FDSI_triangular-ramp40s_snr30dB,sub-05,triangular-ramp40s,30,5,40,0.9856410256410256,0.938277542591095
lr_fixed_tpe_sv_median,sub-05_FDSI_triangular-ramp40s_snr30dB,sub-05,triangular-ramp40s,30,6,33,0.1154041687849517,0.7567829489707947
lr_fixed_tpe_sv_median,sub-05_FDSI_triangular-ramp40s_snr30dB,sub-05,triangular-ramp40s,30,7,43,0.9918604651162792,0.9605352878570556
lr_fixed_tpe_sv_median,sub-05_FDSI_triangular-ramp40s_snr30dB,sub-05,triangular-ramp40s,30,8,39,0.9800796812749004,0.9489939212799072
lr_fixed_tpe_sv_median,sub-05_FDSI_triangular-ramp40s_snr30dB,sub-05,triangular-ramp40s,30,9,16,0.9932019034670292,0.959513545036316
lr_fixed_tpe_sv_median,sub-05_FDSI_triangular-ramp40s_snr30dB,sub-05,triangular-ramp40s,30,10,42,0.6071094480823199,0.8061696290969849
lr_fixed_tpe_sv_median,sub-05_FDSI_triangular-ramp40s_snr30dB,sub-05,triangular-ramp40s,30,11,36,0.6076555023923444,0.8521765470504761
lr_fixed_tpe_sv_median,sub-05_FDSI_triangular-ramp40s_snr25dB,sub-05,triangular-ramp40s,25,0,44,0.3413269384492406,0.8454566597938538
lr_fixed_tpe_sv_median,sub-05_FDSI_triangular-ramp40s_snr25dB,sub-05,triangular-ramp40s,25,1,41,0.1907744874715262,0.8988087773323059
lr_fixed_tpe_sv_median,sub-05_FDSI_triangular-ramp40s_snr25dB,sub-05,triangular-ramp40s,25,2,35,0.967227635075288,0.9173952341079712
lr_fixed_tpe_sv_median,sub-05_FDSI_triangular-ramp40s_snr25dB,sub-05,triangular-ramp40s,25,3,30,0.9785884218873908,0.9321084022521972
lr_fixed_tpe_sv_median,sub-05_FDSI_triangular-ramp40s_snr25dB,sub-05,triangular-ramp40s,25,4,31,0.983633387888707,0.9330383539199828
lr_fixed_tpe_sv_median,sub-05_FDSI_triangular-ramp40s_snr25dB,sub-05,triangular-ramp40s,25,5,40,0.9278656126482212,0.8965505361557007
lr_fixed_tpe_sv_median,sub-05_FDSI_triangular-ramp40s_snr25dB,sub-05,triangular-ramp40s,25,6,43,0.7134831460674157,0.8536785840988159
lr_fixed_tpe_sv_median,sub-05_FDSI_triangular-ramp40s_snr25dB,sub-05,triangular-ramp40s,25,7,36,0.3670284938941655,0.6484625339508057
lr_fixed_tpe_sv_median,sub-05_FDSI_triangular-ramp40s_snr25dB,sub-05,triangular-ramp40s,25,8,16,0.9802855200543849,0.9380239248275756
lr_fixed_tpe_sv_median,sub-05_FDSI_triangular-ramp40s_snr25dB,sub-05,triangular-ramp40s,25,9,39,0.4657534246575342,0.8687407374382019
lr_fixed_tpe_sv_median,sub-05_FDSI_triangular-ramp40s_snr20dB,sub-05,triangular-ramp40s,20,0,43,0.7585421412300684,0.8600839972496033
lr_fixed_tpe_sv_median,sub-05_FDSI_triangular-ramp40s_snr20dB,sub-05,triangular-ramp40s,20,1,31,0.9707554833468724,0.9175355434417723
lr_fixed_tpe_sv_median,sub-05_FDSI_triangular-ramp40s_snr20dB,sub-05,triangular-ramp40s,20,2,44,0.9865030674846624,0.9443762898445128
lr_fixed_tpe_sv_median,sub-05_FDSI_triangular-ramp40s_snr15dB,sub-05,triangular-ramp40s,15,0,43,0.9674418604651164,0.922292709350586
lr_fixed_tpe_sv_median,sub-05_FDSI_triangular-ramp40s_snr15dB,sub-05,triangular-ramp40s,15,1,44,0.5599284436493739,0.7717245817184448
lr_fixed_tpe_sv_median,sub-05_FDSI_triangular-ramp20s_snr30dB,sub-05,triangular-ramp20s,30,0,44,0.4605263157894737,0.8905845880508423
lr_fixed_tpe_sv_median,sub-05_FDSI_triangular-ramp20s_snr30dB,sub-05,triangular-ramp20s,30,1,39,0.7176381529144588,0.8755045533180237
lr_fixed_tpe_sv_median,sub-05_FDSI_triangular-ramp20s_snr30dB,sub-05,triangular-ramp20s,30,2,35,0.8529672276350753,0.9068469405174256
lr_fixed_tpe_sv_median,sub-05_FDSI_triangular-ramp20s_snr30dB,sub-05,triangular-ramp20s,30,3,36,0.5332197614991482,0.8466876745223999
lr_fixed_tpe_sv_median,sub-05_FDSI_triangular-ramp20s_snr30dB,sub-05,triangular-ramp20s,30,4,43,0.9824766355140186,0.9171461462974548
lr_fixed_tpe_sv_median,sub-05_FDSI_triangular-ramp20s_snr30dB,sub-05,triangular-ramp20s,30,5,31,0.9885245901639343,0.922386646270752
lr_fixed_tpe_sv_median,sub-05_FDSI_triangular-ramp20s_snr30dB,sub-05,triangular-ramp20s,30,6,40,0.1294117647058823,0.8922703862190247
lr_fixed_tpe_sv_median,sub-05_FDSI_triangular-ramp20s_snr30dB,sub-05,triangular-ramp20s,30,7,34,0.632965165675446,0.8931307196617126
lr_fixed_tpe_sv_median,sub-05_FDSI_triangular-ramp20s_snr30dB,sub-05,triangular-ramp20s,30,8,42,0.1181208053691275,0.8508373498916626
lr_fixed_tpe_sv_median,sub-05_FDSI_triangular-ramp20s_snr30dB,sub-05,triangular-ramp20s,30,9,30,0.95603517186251,0.9224869012832642
lr_fixed_tpe_sv_median,sub-05_FDSI_triangular-ramp20s_snr30dB,sub-05,triangular-ramp20s,30,10,41,0.1526717557251908,0.9093865752220154
lr_fixed_tpe_sv_median,sub-05_FDSI_triangular-ramp20s_snr30dB,sub-05,triangular-ramp20s,30,11,37,0.0989198408186469,0.8250949382781982
lr_fixed_tpe_sv_median,sub-05_FDSI_triangular-ramp20s_snr30dB,sub-05,triangular-ramp20s,30,12,16,0.9857723577235772,0.9456775188446044
lr_fixed_tpe_sv_median,sub-05_FDSI_triangular-ramp20s_snr25dB,sub-05,triangular-ramp20s,25,0,44,0.4130232558139535,0.8736093044281006
lr_fixed_tpe_sv_median,sub-05_FDSI_triangular-ramp20s_snr25dB,sub-05,triangular-ramp20s,25,1,40,0.3534063260340632,0.8450301289558411
lr_fixed_tpe_sv_median,sub-05_FDSI_triangular-ramp20s_snr25dB,sub-05,triangular-ramp20s,25,2,41,0.1494066882416397,0.8992586731910706
lr_fixed_tpe_sv_median,sub-05_FDSI_triangular-ramp20s_snr25dB,sub-05,triangular-ramp20s,25,3,30,0.9136690647482014,0.9116159081459044
lr_fixed_tpe_sv_median,sub-05_FDSI_triangular-ramp20s_snr25dB,sub-05,triangular-ramp20s,25,4,16,0.9701897018970188,0.9338550567626952
lr_fixed_tpe_sv_median,sub-05_FDSI_triangular-ramp20s_snr25dB,sub-05,triangular-ramp20s,25,5,43,0.6884480746791132,0.9193681478500366
lr_fixed_tpe_sv_median,sub-05_FDSI_triangular-ramp20s_snr25dB,sub-05,triangular-ramp20s,25,6,31,0.969672131147541,0.90199214220047
lr_fixed_tpe_sv_median,sub-05_FDSI_triangular-ramp20s_snr25dB,sub-05,triangular-ramp20s,25,7,34,0.531965272296764,0.8479993939399719
lr_fixed_tpe_sv_median,sub-05_FDSI_triangular-ramp20s_snr25dB,sub-05,triangular-ramp20s,25,8,35,0.8148804251550045,0.903675138950348
lr_fixed_tpe_sv_median,sub-05_FDSI_triangular-ramp20s_snr20dB,sub-05,triangular-ramp20s,20,0,44,0.4078826764436297,0.8481765985488892
lr_fixed_tpe_sv_median,sub-05_FDSI_triangular-ramp20s_snr20dB,sub-05,triangular-ramp20s,20,1,43,0.6153846153846154,0.9048203825950624
lr_fixed_tpe_sv_median,sub-05_FDSI_triangular-ramp20s_snr20dB,sub-05,triangular-ramp20s,20,2,31,0.9099025974025974,0.888008713722229
lr_fixed_tpe_sv_median,sub-05_FDSI_triangular-ramp20s_snr15dB,sub-05,triangular-ramp20s,15,0,44,0.478344562078922,0.832290768623352
lr_fixed_tpe_sv_median,sub-05_FDSI_triangular-ramp20s_snr15dB,sub-05,triangular-ramp20s,15,1,43,0.9334112149532712,0.8903470039367676
lr_fixed_tpe_sv_median,sub-05_FDSI_triangular-ramp10s_snr30dB,sub-05,triangular-ramp10s,30,0,43,0.8606271777003485,0.9264506101608276
lr_fixed_tpe_sv_median,sub-05_FDSI_triangular-ramp10s_snr30dB,sub-05,triangular-ramp10s,30,1,44,0.9161603888213852,0.924833357334137
lr_fixed_tpe_sv_median,sub-05_FDSI_triangular-ramp10s_snr30dB,sub-05,triangular-ramp10s,30,2,42,0.4920802534318901,0.9034096002578736
lr_fixed_tpe_sv_median,sub-05_FDSI_triangular-ramp10s_snr30dB,sub-05,triangular-ramp10s,30,3,30,0.9112709832134293,0.906055748462677
lr_fixed_tpe_sv_median,sub-05_FDSI_triangular-ramp10s_snr30dB,sub-05,triangular-ramp10s,30,4,40,0.5238095238095238,0.8615885376930237
lr_fixed_tpe_sv_median,sub-05_FDSI_triangular-ramp10s_snr30dB,sub-05,triangular-ramp10s,30,5,31,0.8850855745721271,0.8945719003677368
lr_fixed_tpe_sv_median,sub-05_FDSI_triangular-ramp10s_snr30dB,sub-05,triangular-ramp10s,30,6,36,0.3949044585987261,0.9089825749397278
lr_fixed_tpe_sv_median,sub-05_FDSI_triangular-ramp10s_snr30dB,sub-05,triangular-ramp10s,30,7,35,0.6747095621090259,0.9133061170578004
lr_fixed_tpe_sv_median,sub-05_FDSI_triangular-ramp10s_snr30dB,sub-05,triangular-ramp10s,30,8,34,0.6585577758470895,0.909678280353546
lr_fixed_tpe_sv_median,sub-05_FDSI_triangular-ramp10s_snr30dB,sub-05,triangular-ramp10s,30,9,39,0.4805537244561634,0.8785157799720764
lr_fixed_tpe_sv_median,sub-05_FDSI_triangular-ramp10s_snr30dB,sub-05,triangular-ramp10s,30,10,41,0.4036458333333333,0.8500460982322693
lr_fixed_tpe_sv_median,sub-05_FDSI_triangular-ramp10s_snr30dB,sub-05,triangular-ramp10s,30,11,33,0.0807588075880758,0.8656105995178223
lr_fixed_tpe_sv_median,sub-05_FDSI_triangular-ramp10s_snr30dB,sub-05,triangular-ramp10s,30,12,16,0.9748470428280082,0.9399704337120056
lr_fixed_tpe_sv_median,sub-05_FDSI_triangular-ramp10s_snr25dB,sub-05,triangular-ramp10s,25,0,43,0.8664343786295006,0.924498975276947
lr_fixed_tpe_sv_median,sub-05_FDSI_triangular-ramp10s_snr25dB,sub-05,triangular-ramp10s,25,1,35,0.7098214285714286,0.9023568630218506
lr_fixed_tpe_sv_median,sub-05_FDSI_triangular-ramp10s_snr25dB,sub-05,triangular-ramp10s,25,2,44,0.8531553398058253,0.9261545538902284
lr_fixed_tpe_sv_median,sub-05_FDSI_triangular-ramp10s_snr25dB,sub-05,triangular-ramp10s,25,3,30,0.8438247011952191,0.9044093489646912
lr_fixed_tpe_sv_median,sub-05_FDSI_triangular-ramp10s_snr25dB,sub-05,triangular-ramp10s,25,4,40,0.5529411764705883,0.8998427987098694
lr_fixed_tpe_sv_median,sub-05_FDSI_triangular-ramp10s_snr25dB,sub-05,triangular-ramp10s,25,5,39,0.4239263803680981,0.8679566383361816
lr_fixed_tpe_sv_median,sub-05_FDSI_triangular-ramp10s_snr25dB,sub-05,triangular-ramp10s,25,6,41,0.1600231080300404,0.8817397952079773
lr_fixed_tpe_sv_median,sub-05_FDSI_triangular-ramp10s_snr25dB,sub-05,triangular-ramp10s,25,7,31,0.848780487804878,0.89363694190979
lr_fixed_tpe_sv_median,sub-05_FDSI_triangular-ramp10s_snr20dB,sub-05,triangular-ramp10s,20,0,43,0.710801393728223,0.923572599887848
lr_fixed_tpe_sv_median,sub-05_FDSI_triangular-ramp10s_snr20dB,sub-05,triangular-ramp10s,20,1,44,0.773696682464455,0.8951651453971863
lr_fixed_tpe_sv_median,sub-05_FDSI_triangular-ramp10s_snr20dB,sub-05,triangular-ramp10s,20,2,31,0.8394160583941606,0.8839474320411682
lr_fixed_tpe_sv_median,sub-05_FDSI_triangular-ramp10s_snr15dB,sub-05,triangular-ramp10s,15,0,44,0.634232121922626,0.8983511328697205
lr_fixed_tpe_sv_median,sub-05_FDSI_triangular-ramp10s_snr15dB,sub-05,triangular-ramp10s,15,1,43,0.7468060394889663,0.9072189927101136
lr_fixed_tpe_sv_median,sub-05_FDSI_triangular-ramp10s_snr15dB,sub-05,triangular-ramp10s,15,2,31,0.7139403706688154,0.8868881464004517
lr_fixed_tpe_sv_median,sub-05_FDSI_triangular-ramp5s_snr30dB,sub-05,triangular-ramp5s,30,0,44,0.7102689486552567,0.9396328926086426
lr_fixed_tpe_sv_median,sub-05_FDSI_triangular-ramp5s_snr30dB,sub-05,triangular-ramp5s,30,1,30,0.7151949085123309,0.922598123550415
lr_fixed_tpe_sv_median,sub-05_FDSI_triangular-ramp5s_snr30dB,sub-05,triangular-ramp5s,30,2,43,0.6923976608187135,0.934179425239563
lr_fixed_tpe_sv_median,sub-05_FDSI_triangular-ramp5s_snr30dB,sub-05,triangular-ramp5s,30,3,41,0.4162219850586979,0.9292619228363036
lr_fixed_tpe_sv_median,sub-05_FDSI_triangular-ramp5s_snr30dB,sub-05,triangular-ramp5s,30,4,40,0.5583756345177665,0.9351321458816528
lr_fixed_tpe_sv_median,sub-05_FDSI_triangular-ramp5s_snr30dB,sub-05,triangular-ramp5s,30,5,36,0.3142597638510445,0.8982129096984863
lr_fixed_tpe_sv_median,sub-05_FDSI_triangular-ramp5s_snr30dB,sub-05,triangular-ramp5s,30,6,35,0.6474756421612046,0.9181001782417296
lr_fixed_tpe_sv_median,sub-05_FDSI_triangular-ramp5s_snr30dB,sub-05,triangular-ramp5s,30,7,34,0.5310344827586206,0.9000389575958252
lr_fixed_tpe_sv_median,sub-05_FDSI_triangular-ramp5s_snr30dB,sub-05,triangular-ramp5s,30,8,42,0.4219269102990033,0.9234394431114196
lr_fixed_tpe_sv_median,sub-05_FDSI_triangular-ramp5s_snr30dB,sub-05,triangular-ramp5s,30,9,31,0.7298616761594793,0.9089422225952148
lr_fixed_tpe_sv_median,sub-05_FDSI_triangular-ramp5s_snr30dB,sub-05,triangular-ramp5s,30,10,39,0.4368489583333333,0.8978694081306458
lr_fixed_tpe_sv_median,sub-05_FDSI_triangular-ramp5s_snr30dB,sub-05,triangular-ramp5s,30,11,16,0.9266620973269364,0.9366755485534668
lr_fixed_tpe_sv_median,sub-05_FDSI_triangular-ramp5s_snr30dB,sub-05,triangular-ramp5s,30,12,29,0.3129890453834116,0.879936158657074
lr_fixed_tpe_sv_median,sub-05_FDSI_triangular-ramp5s_snr25dB,sub-05,triangular-ramp5s,25,0,44,0.6887254901960784,0.9381080269813538
lr_fixed_tpe_sv_median,sub-05_FDSI_triangular-ramp5s_snr25dB,sub-05,triangular-ramp5s,25,1,43,0.7730994152046784,0.9308643341064452
lr_fixed_tpe_sv_median,sub-05_FDSI_triangular-ramp5s_snr25dB,sub-05,triangular-ramp5s,25,2,30,0.7008750994431185,0.9148603677749634
lr_fixed_tpe_sv_median,sub-05_FDSI_triangular-ramp5s_snr25dB,sub-05,triangular-ramp5s,25,3,41,0.3065522620904836,0.8560900688171387
lr_fixed_tpe_sv_median,sub-05_FDSI_triangular-ramp5s_snr25dB,sub-05,triangular-ramp5s,25,4,40,0.5397448478900884,0.9107098579406738
lr_fixed_tpe_sv_median,sub-05_FDSI_triangular-ramp5s_snr25dB,sub-05,triangular-ramp5s,25,5,42,0.3852813852813853,0.9030274152755736
lr_fixed_tpe_sv_median,sub-05_FDSI_triangular-ramp5s_snr25dB,sub-05,triangular-ramp5s,25,6,16,0.9006168608636053,0.922144889831543
lr_fixed_tpe_sv_median,sub-05_FDSI_triangular-ramp5s_snr25dB,sub-05,triangular-ramp5s,25,7,31,0.6747967479674797,0.8948898315429688
lr_fixed_tpe_sv_median,sub-05_FDSI_triangular-ramp5s_snr25dB,sub-05,triangular-ramp5s,25,8,36,0.323049001814882,0.8810868263244629
lr_fixed_tpe_sv_median,sub-05_FDSI_triangular-ramp5s_snr25dB,sub-05,triangular-ramp5s,25,9,35,0.5721877767936226,0.91201251745224
lr_fixed_tpe_sv_median,sub-05_FDSI_triangular-ramp5s_snr20dB,sub-05,triangular-ramp5s,20,0,44,0.715158924205379,0.9299526214599608
lr_fixed_tpe_sv_median,sub-05_FDSI_triangular-ramp5s_snr20dB,sub-05,triangular-ramp5s,20,1,31,0.700162074554295,0.9011187553405762
lr_fixed_tpe_sv_median,sub-05_FDSI_triangular-ramp5s_snr20dB,sub-05,triangular-ramp5s,20,2,43,0.3906432748538012,0.924956202507019
lr_fixed_tpe_sv_median,sub-05_FDSI_triangular-ramp5s_snr20dB,sub-05,triangular-ramp5s,20,3,41,0.306184012066365,0.8440578579902649
lr_fixed_tpe_sv_median,sub-05_FDSI_triangular-ramp5s_snr15dB,sub-05,triangular-ramp5s,15,0,43,0.5157894736842106,0.9009524583816528
lr_fixed_tpe_sv_median,sub-05_FDSI_triangular-ramp5s_snr15dB,sub-05,triangular-ramp5s,15,1,44,0.4194285714285714,0.9050592184066772
lr_fixed_tpe_pareto,sub-01_FDSI_staircase_snr30dB,sub-01,staircase,30,0,28,0.9981818181818182,0.9924495816230774
lr_fixed_tpe_pareto,sub-01_FDSI_staircase_snr30dB,sub-01,staircase,30,1,38,0.9938434476693052,0.988806426525116
lr_fixed_tpe_pareto,sub-01_FDSI_staircase_snr30dB,sub-01,staircase,30,2,7,0.9816815406294036,0.94034606218338
lr_fixed_tpe_pareto,sub-01_FDSI_staircase_snr30dB,sub-01,staircase,30,3,37,0.9875930521091812,0.9235468506813048
lr_fixed_tpe_pareto,sub-01_FDSI_staircase_snr30dB,sub-01,staircase,30,4,31,0.3049549549549549,0.9050114750862122
lr_fixed_tpe_pareto,sub-01_FDSI_staircase_snr30dB,sub-01,staircase,30,5,35,0.9669421487603306,0.9237895011901855
lr_fixed_tpe_pareto,sub-01_FDSI_staircase_snr30dB,sub-01,staircase,30,6,34,0.9949238578680204,0.9631410837173462
lr_fixed_tpe_pareto,sub-01_FDSI_staircase_snr30dB,sub-01,staircase,30,7,30,0.9949109414758268,0.9733135104179382
lr_fixed_tpe_pareto,sub-01_FDSI_staircase_snr30dB,sub-01,staircase,30,8,36,0.9952456418383518,0.9777157306671144
lr_fixed_tpe_pareto,sub-01_FDSI_staircase_snr30dB,sub-01,staircase,30,9,32,0.993939393939394,0.9739521741867064
lr_fixed_tpe_pareto,sub-01_FDSI_staircase_snr30dB,sub-01,staircase,30,10,24,0.9828064337215752,0.9404950141906738
lr_fixed_tpe_pareto,sub-01_FDSI_staircase_snr30dB,sub-01,staircase,30,11,22,0.9799675148890092,0.9381085634231568
lr_fixed_tpe_pareto,sub-01_FDSI_staircase_snr30dB,sub-01,staircase,30,12,33,0.9888501742160278,0.964430570602417
lr_fixed_tpe_pareto,sub-01_FDSI_staircase_snr30dB,sub-01,staircase,30,13,29,0.2625368731563421,0.8939662575721741
lr_fixed_tpe_pareto,sub-01_FDSI_staircase_snr25dB,sub-01,staircase,25,0,28,0.9981818181818182,0.9916256666183472
lr_fixed_tpe_pareto,sub-01_FDSI_staircase_snr25dB,sub-01,staircase,25,1,38,0.9938434476693052,0.9818233847618104
lr_fixed_tpe_pareto,sub-01_FDSI_staircase_snr25dB,sub-01,staircase,25,2,37,0.9629324546952224,0.8979668617248535
lr_fixed_tpe_pareto,sub-01_FDSI_staircase_snr25dB,sub-01,staircase,25,3,31,0.2527569475077194,0.912533700466156
lr_fixed_tpe_pareto,sub-01_FDSI_staircase_snr25dB,sub-01,staircase,25,4,24,0.98114254021076,0.9394072890281676
lr_fixed_tpe_pareto,sub-01_FDSI_staircase_snr25dB,sub-01,staircase,25,5,32,0.993939393939394,0.9599928259849548
lr_fixed_tpe_pareto,sub-01_FDSI_staircase_snr25dB,sub-01,staircase,25,6,34,0.9912980420594634,0.9426611065864564
lr_fixed_tpe_pareto,sub-01_FDSI_staircase_snr25dB,sub-01,staircase,25,7,30,0.9490566037735848,0.9205302596092224
lr_fixed_tpe_pareto,sub-01_FDSI_staircase_snr25dB,sub-01,staircase,25,8,36,0.993660855784469,0.9732532501220704
lr_fixed_tpe_pareto,sub-01_FDSI_staircase_snr25dB,sub-01,staircase,25,9,33,0.7701149425287356,0.8982474207878113
lr_fixed_tpe_pareto,sub-01_FDSI_staircase_snr25dB,sub-01,staircase,25,10,35,0.9909706546275396,0.9487224817276
lr_fixed_tpe_pareto,sub-01_FDSI_staircase_snr20dB,sub-01,staircase,20,0,28,0.9981818181818182,0.9896907210350036
lr_fixed_tpe_pareto,sub-01_FDSI_staircase_snr20dB,sub-01,staircase,20,1,38,0.9929639401934915,0.9670281410217284
lr_fixed_tpe_pareto,sub-01_FDSI_staircase_snr20dB,sub-01,staircase,20,2,37,0.9286300246103364,0.8815761208534241
lr_fixed_tpe_pareto,sub-01_FDSI_staircase_snr20dB,sub-01,staircase,20,3,36,0.9794140934283452,0.9330911040306092
lr_fixed_tpe_pareto,sub-01_FDSI_staircase_snr20dB,sub-01,staircase,20,4,34,0.976878612716763,0.9124372005462646
lr_fixed_tpe_pareto,sub-01_FDSI_staircase_snr20dB,sub-01,staircase,20,5,32,0.9966329966329966,0.9596129059791564
lr_fixed_tpe_pareto,sub-01_FDSI_staircase_snr15dB,sub-01,staircase,15,0,28,0.9981818181818182,0.986526370048523
lr_fixed_tpe_pareto,sub-01_FDSI_staircase_snr15dB,sub-01,staircase,15,1,38,0.9938434476693052,0.937469482421875
lr_fixed_tpe_pareto,sub-01_FDSI_staircase_snr15dB,sub-01,staircase,15,2,36,0.9809825673534072,0.930997908115387
lr_fixed_tpe_pareto,sub-01_FDSI_staircase_snr15dB,sub-01,staircase,15,3,34,0.9083861874559548,0.86871337890625
lr_fixed_tpe_pareto,sub-01_FDSI_staircase_snr15dB,sub-01,staircase,15,4,32,0.975100942126514,0.9310144186019896
lr_fixed_tpe_pareto,sub-01_FDSI_triangular-ramp40s_snr30dB,sub-01,triangular-ramp40s,30,0,28,0.9949494949494948,0.9923569560050964
lr_fixed_tpe_pareto,sub-01_FDSI_triangular-ramp40s_snr30dB,sub-01,triangular-ramp40s,30,1,32,0.9962370649106302,0.9459064602851868
lr_fixed_tpe_pareto,sub-01_FDSI_triangular-ramp40s_snr30dB,sub-01,triangular-ramp40s,30,2,38,0.993857493857494,0.9892375469207764
lr_fixed_tpe_pareto,sub-01_FDSI_triangular-ramp40s_snr30dB,sub-01,triangular-ramp40s,30,3,37,0.8645598194130926,0.8553597331047058
lr_fixed_tpe_pareto,sub-01_FDSI_triangular-ramp40s_snr30dB,sub-01,triangular-ramp40s,30,4,35,0.3022578295702841,0.838689386844635
lr_fixed_tpe_pareto,sub-01_FDSI_triangular-ramp40s_snr30dB,sub-01,triangular-ramp40s,30,5,34,0.9938587512794268,0.959751546382904
lr_fixed_tpe_pareto,sub-01_FDSI_triangular-ramp40s_snr30dB,sub-01,triangular-ramp40s,30,6,36,0.9933847850055126,0.9832093715667723
lr_fixed_tpe_pareto,sub-01_FDSI_triangular-ramp40s_snr30dB,sub-01,triangular-ramp40s,30,7,33,0.8692240627724499,0.9470571875572203
lr_fixed_tpe_pareto,sub-01_FDSI_triangular-ramp40s_snr30dB,sub-01,triangular-ramp40s,30,8,30,0.9956024626209324,0.9748537540435792
lr_fixed_tpe_pareto,sub-01_FDSI_triangular-ramp40s_snr30dB,sub-01,triangular-ramp40s,30,9,7,0.945645055664702,0.9218608736991882
lr_fixed_tpe_pareto,sub-01_FDSI_triangular-ramp40s_snr30dB,sub-01,triangular-ramp40s,30,10,29,0.282172373081464,0.8666391968727112
lr_fixed_tpe_pareto,sub-01_FDSI_triangular-ramp40s_snr30dB,sub-01,triangular-ramp40s,30,11,31,0.989080982711556,0.9499675035476683
lr_fixed_tpe_pareto,sub-01_FDSI_triangular-ramp40s_snr30dB,sub-01,triangular-ramp40s,30,12,22,0.9714285714285714,0.9226253628730774
lr_fixed_tpe_pareto,sub-01_FDSI_triangular-ramp40s_snr30dB,sub-01,triangular-ramp40s,30,13,24,0.9883177570093458,0.9447737336158752
lr_fixed_tpe_pareto,sub-01_FDSI_triangular-ramp40s_snr25dB,sub-01,triangular-ramp40s,25,0,28,0.9949494949494948,0.9917344450950624
lr_fixed_tpe_pareto,sub-01_FDSI_triangular-ramp40s_snr25dB,sub-01,triangular-ramp40s,25,1,32,0.4555256064690027,0.8879930973052979
lr_fixed_tpe_pareto,sub-01_FDSI_triangular-ramp40s_snr25dB,sub-01,triangular-ramp40s,25,2,38,0.995085995085995,0.9055038094520568
lr_fixed_tpe_pareto,sub-01_FDSI_triangular-ramp40s_snr25dB,sub-01,triangular-ramp40s,25,3,37,0.7133550488599348,0.8206042647361755
lr_fixed_tpe_pareto,sub-01_FDSI_triangular-ramp40s_snr25dB,sub-01,triangular-ramp40s,25,4,24,0.973520249221184,0.9339248538017272
lr_fixed_tpe_pareto,sub-01_FDSI_triangular-ramp40s_snr25dB,sub-01,triangular-ramp40s,25,5,34,0.9948822927328556,0.9318612217903136
lr_fixed_tpe_pareto,sub-01_FDSI_triangular-ramp40s_snr25dB,sub-01,triangular-ramp40s,25,6,36,0.9933847850055126,0.9735156893730164
lr_fixed_tpe_pareto,sub-01_FDSI_triangular-ramp40s_snr25dB,sub-01,triangular-ramp40s,25,7,29,0.249126891734575,0.8411009311676025
lr_fixed_tpe_pareto,sub-01_FDSI_triangular-ramp40s_snr25dB,sub-01,triangular-ramp40s,25,8,30,0.9912280701754386,0.954824924468994
lr_fixed_tpe_pareto,sub-01_FDSI_triangular-ramp40s_snr25dB,sub-01,triangular-ramp40s,25,9,35,0.9154786150712833,0.8934813141822815
lr_fixed_tpe_pareto,sub-01_FDSI_triangular-ramp40s_snr25dB,sub-01,triangular-ramp40s,25,10,31,0.2398273736128236,0.9090620279312134
lr_fixed_tpe_pareto,sub-01_FDSI_triangular-ramp40s_snr25dB,sub-01,triangular-ramp40s,25,11,33,0.5877803557617943,0.8266351819038391
lr_fixed_tpe_pareto,sub-01_FDSI_triangular-ramp40s_snr20dB,sub-01,triangular-ramp40s,20,0,28,0.9957912457912458,0.9905657768249512
lr_fixed_tpe_pareto,sub-01_FDSI_triangular-ramp40s_snr20dB,sub-01,triangular-ramp40s,20,1,32,0.992467043314501,0.957632541656494
lr_fixed_tpe_pareto,sub-01_FDSI_triangular-ramp40s_snr20dB,sub-01,triangular-ramp40s,20,2,38,0.9926289926289926,0.970797598361969
lr_fixed_tpe_pareto,sub-01_FDSI_triangular-ramp40s_snr20dB,sub-01,triangular-ramp40s,20,3,35,0.2418820410868124,0.8356116414070129
lr_fixed_tpe_pareto,sub-01_FDSI_triangular-ramp40s_snr20dB,sub-01,triangular-ramp40s,20,4,36,0.9889746416758544,0.956730306148529
lr_fixed_tpe_pareto,sub-01_FDSI_triangular-ramp40s_snr20dB,sub-01,triangular-ramp40s,20,5,34,0.9643221202854232,0.8834820985794067
lr_fixed_tpe_pareto,sub-01_FDSI_triangular-ramp40s_snr20dB,sub-01,triangular-ramp40s,20,6,37,0.9142857142857144,0.8658846020698547
lr_fixed_tpe_pareto,sub-01_FDSI_triangular-ramp40s_snr15dB,sub-01,triangular-ramp40s,15,0,28,0.9957912457912458,0.9881654381752014
lr_fixed_tpe_pareto,sub-01_FDSI_triangular-ramp40s_snr15dB,sub-01,triangular-ramp40s,15,1,38,0.9840490797546012,0.9459105134010316
lr_fixed_tpe_pareto,sub-01_FDSI_triangular-ramp40s_snr15dB,sub-01,triangular-ramp40s,15,2,34,0.9107321965897692,0.859671413898468
lr_fixed_tpe_pareto,sub-01_FDSI_triangular-ramp40s_snr15dB,sub-01,triangular-ramp40s,15,3,36,0.9658213891951488,0.9085785746574402
lr_fixed_tpe_pareto,sub-01_FDSI_triangular-ramp20s_snr30dB,sub-01,triangular-ramp20s,30,0,38,0.9913473423980222,0.9830462336540222
lr_fixed_tpe_pareto,sub-01_FDSI_triangular-ramp20s_snr30dB,sub-01,triangular-ramp20s,30,1,37,0.9862227324913893,0.9437357783317566
lr_fixed_tpe_pareto,sub-01_FDSI_triangular-ramp20s_snr30dB,sub-01,triangular-ramp20s,30,2,33,0.1477210323997803,0.9283819794654846
lr_fixed_tpe_pareto,sub-01_FDSI_triangular-ramp20s_snr30dB,sub-01,triangular-ramp20s,30,3,32,0.9934086629001884,0.9714483618736268
lr_fixed_tpe_pareto,sub-01_FDSI_triangular-ramp20s_snr30dB,sub-01,triangular-ramp20s,30,4,28,0.9958471760797342,0.9859192371368408
lr_fixed_tpe_pareto,sub-01_FDSI_triangular-ramp20s_snr30dB,sub-01,triangular-ramp20s,30,5,35,0.9759414225941424,0.9262173771858216
lr_fixed_tpe_pareto,sub-01_FDSI_triangular-ramp20s_snr30dB,sub-01,triangular-ramp20s,30,6,34,0.9918864097363084,0.9367218017578124
lr_fixed_tpe_pareto,sub-01_FDSI_triangular-ramp20s_snr30dB,sub-01,triangular-ramp20s,30,7,24,0.9891388673390225,0.9433538913726808
lr_fixed_tpe_pareto,sub-01_FDSI_triangular-ramp20s_snr30dB,sub-01,triangular-ramp20s,30,8,31,0.1506928406466512,0.9127061367034912
lr_fixed_tpe_pareto,sub-01_FDSI_triangular-ramp20s_snr30dB,sub-01,triangular-ramp20s,30,9,29,0.126528442317916,0.9033398032188416
lr_fixed_tpe_pareto,sub-01_FDSI_triangular-ramp20s_snr30dB,sub-01,triangular-ramp20s,30,10,36,0.9934138309549944,0.97368586063385
lr_fixed_tpe_pareto,sub-01_FDSI_triangular-ramp20s_snr30dB,sub-01,triangular-ramp20s,30,11,13,0.922816519972918,0.9028977155685424
lr_fixed_tpe_pareto,sub-01_FDSI_triangular-ramp20s_snr30dB,sub-01,triangular-ramp20s,30,12,30,0.1675362318840579,0.9069136381149292
lr_fixed_tpe_pareto,sub-01_FDSI_triangular-ramp20s_snr30dB,sub-01,triangular-ramp20s,30,13,22,0.9551234106207928,0.9145667552947998
lr_fixed_tpe_pareto,sub-01_FDSI_triangular-ramp20s_snr25dB,sub-01,triangular-ramp20s,25,0,38,0.9913473423980222,0.9720946550369264
lr_fixed_tpe_pareto,sub-01_FDSI_triangular-ramp20s_snr25dB,sub-01,triangular-ramp20s,25,1,28,0.9966777408637874,0.9883514046669006
lr_fixed_tpe_pareto,sub-01_FDSI_triangular-ramp20s_snr25dB,sub-01,triangular-ramp20s,25,2,34,0.9807302231237324,0.9106909036636353
lr_fixed_tpe_pareto,sub-01_FDSI_triangular-ramp20s_snr25dB,sub-01,triangular-ramp20s,25,3,35,0.9293139293139292,0.8967801928520203
lr_fixed_tpe_pareto,sub-01_FDSI_triangular-ramp20s_snr25dB,sub-01,triangular-ramp20s,25,4,32,0.9644194756554308,0.9355514645576476
lr_fixed_tpe_pareto,sub-01_FDSI_triangular-ramp20s_snr25dB,sub-01,triangular-ramp20s,25,5,30,0.1422857142857143,0.8934494853019714
lr_fixed_tpe_pareto,sub-01_FDSI_triangular-ramp20s_snr25dB,sub-01,triangular-ramp20s,25,6,37,0.4972004479283314,0.9157196283340454
lr_fixed_tpe_pareto,sub-01_FDSI_triangular-ramp20s_snr25dB,sub-01,triangular-ramp20s,25,7,36,0.9879253567508232,0.9226512908935548
lr_fixed_tpe_pareto,sub-01_FDSI_triangular-ramp20s_snr25dB,sub-01,triangular-ramp20s,25,8,33,0.0870535714285714,0.9044347405433656
lr_fixed_tpe_pareto,sub-01_FDSI_triangular-ramp20s_snr25dB,sub-01,triangular-ramp20s,25,9,31,0.5133991537376587,0.8923798203468323
lr_fixed_tpe_pareto,sub-01_FDSI_triangular-ramp20s_snr25dB,sub-01,triangular-ramp20s,25,10,24,0.9535243996901628,0.9199771881103516
lr_fixed_tpe_pareto,sub-01_FDSI_triangular-ramp20s_snr20dB,sub-01,triangular-ramp20s,20,0,38,0.9888751545117428,0.945389449596405
lr_fixed_tpe_pareto,sub-01_FDSI_triangular-ramp20s_snr20dB,sub-01,triangular-ramp20s,20,1,32,0.9811676082862524,0.9377847909927368
lr_fixed_tpe_pareto,sub-01_FDSI_triangular-ramp20s_snr20dB,sub-01,triangular-ramp20s,20,2,28,0.9991694352159468,0.9892221689224244
lr_fixed_tpe_pareto,sub-01_FDSI_triangular-ramp20s_snr20dB,sub-01,triangular-ramp20s,20,3,36,0.9660087719298246,0.8848533034324646
lr_fixed_tpe_pareto,sub-01_FDSI_triangular-ramp20s_snr20dB,sub-01,triangular-ramp20s,20,4,34,0.914572864321608,0.8795664310455322
lr_fixed_tpe_pareto,sub-01_FDSI_triangular-ramp20s_snr15dB,sub-01,triangular-ramp20s,15,0,28,0.9975083056478404,0.9865217804908752
lr_fixed_tpe_pareto,sub-01_FDSI_triangular-ramp20s_snr15dB,sub-01,triangular-ramp20s,15,1,38,0.725609756097561,0.9027113914489746
lr_fixed_tpe_pareto,sub-01_FDSI_triangular-ramp20s_snr15dB,sub-01,triangular-ramp20s,15,2,32,0.8610619469026549,0.8958843946456909
lr_fixed_tpe_pareto,sub-01_FDSI_triangular-ramp20s_snr15dB,sub-01,triangular-ramp20s,15,3,36,0.6872294372294372,0.867918074131012
lr_fixed_tpe_pareto,sub-01_FDSI_triangular-ramp10s_snr30dB,sub-01,triangular-ramp10s,30,0,34,0.915915915915916,0.9124695658683776
lr_fixed_tpe_pareto,sub-01_FDSI_triangular-ramp10s_snr30dB,sub-01,triangular-ramp10s,30,1,37,0.4876681614349776,0.9361594319343568
lr_fixed_tpe_pareto,sub-01_FDSI_triangular-ramp10s_snr30dB,sub-01,triangular-ramp10s,30,2,33,0.0865033871808233,0.9351713061332704
lr_fixed_tpe_pareto,sub-01_FDSI_triangular-ramp10s_snr30dB,sub-01,triangular-ramp10s,30,3,28,0.9966386554621848,0.9765310883522034
lr_fixed_tpe_pareto,sub-01_FDSI_triangular-ramp10s_snr30dB,sub-01,triangular-ramp10s,30,4,32,0.0865704772475027,0.9326009750366212
lr_fixed_tpe_pareto,sub-01_FDSI_triangular-ramp10s_snr30dB,sub-01,triangular-ramp10s,30,5,30,0.09366391184573,0.944254755973816
lr_fixed_tpe_pareto,sub-01_FDSI_triangular-ramp10s_snr30dB,sub-01,triangular-ramp10s,30,6,38,0.9951159951159952,0.9523336291313172
lr_fixed_tpe_pareto,sub-01_FDSI_triangular-ramp10s_snr30dB,sub-01,triangular-ramp10s,30,7,35,0.9791013584117032,0.9429771900177002
lr_fixed_tpe_pareto,sub-01_FDSI_triangular-ramp10s_snr30dB,sub-01,triangular-ramp10s,30,8,24,0.9230171073094868,0.9165678024291992
lr_fixed_tpe_pareto,sub-01_FDSI_triangular-ramp10s_snr30dB,sub-01,triangular-ramp10s,30,9,31,0.465917076598735,0.9173027873039246
lr_fixed_tpe_pareto,sub-01_FDSI_triangular-ramp10s_snr30dB,sub-01,triangular-ramp10s,30,10,36,0.9944567627494456,0.9623368382453918
lr_fixed_tpe_pareto,sub-01_FDSI_triangular-ramp10s_snr30dB,sub-01,triangular-ramp10s,30,11,29,0.0843310775637688,0.9302217960357666
lr_fixed_tpe_pareto,sub-01_FDSI_triangular-ramp10s_snr30dB,sub-01,triangular-ramp10s,30,12,22,0.8369483919222139,0.8989407420158386
lr_fixed_tpe_pareto,sub-01_FDSI_triangular-ramp10s_snr25dB,sub-01,triangular-ramp10s,25,0,34,0.8784584980237155,0.8879891037940979
lr_fixed_tpe_pareto,sub-01_FDSI_triangular-ramp10s_snr25dB,sub-01,triangular-ramp10s,25,1,28,0.9966386554621848,0.9818815588951112
lr_fixed_tpe_pareto,sub-01_FDSI_triangular-ramp10s_snr25dB,sub-01,triangular-ramp10s,25,2,38,0.8852258852258852,0.9164958596229552
lr_fixed_tpe_pareto,sub-01_FDSI_triangular-ramp10s_snr25dB,sub-01,triangular-ramp10s,25,3,36,0.5354767184035477,0.9303521513938904
lr_fixed_tpe_pareto,sub-01_FDSI_triangular-ramp10s_snr25dB,sub-01,triangular-ramp10s,25,4,32,0.9229340761374188,0.9184523820877076
lr_fixed_tpe_pareto,sub-01_FDSI_triangular-ramp10s_snr25dB,sub-01,triangular-ramp10s,25,5,30,0.0742659758203799,0.9066908359527588
lr_fixed_tpe_pareto,sub-01_FDSI_triangular-ramp10s_snr25dB,sub-01,triangular-ramp10s,25,6,35,0.2396925227113906,0.8477570414543152
lr_fixed_tpe_pareto,sub-01_FDSI_triangular-ramp10s_snr25dB,sub-01,triangular-ramp10s,25,7,33,0.0728992765720645,0.8773545026779175
lr_fixed_tpe_pareto,sub-01_FDSI_triangular-ramp10s_snr25dB,sub-01,triangular-ramp10s,25,8,31,0.4355742296918767,0.9045748114585876
lr_fixed_tpe_pareto,sub-01_FDSI_triangular-ramp10s_snr25dB,sub-01,triangular-ramp10s,25,9,37,0.4453213077790304,0.9223111867904664
lr_fixed_tpe_pareto,sub-01_FDSI_triangular-ramp10s_snr25dB,sub-01,triangular-ramp10s,25,10,24,0.8630030959752322,0.8976128101348877
lr_fixed_tpe_pareto,sub-01_FDSI_triangular-ramp10s_snr20dB,sub-01,triangular-ramp10s,20,0,34,0.0885093167701863,0.9388428330421448
lr_fixed_tpe_pareto,sub-01_FDSI_triangular-ramp10s_snr20dB,sub-01,triangular-ramp10s,20,1,30,0.0684523809523809,0.8885127902030945
lr_fixed_tpe_pareto,sub-01_FDSI_triangular-ramp10s_snr20dB,sub-01,triangular-ramp10s,20,2,28,0.9957983193277312,0.9837632775306702
lr_fixed_tpe_pareto,sub-01_FDSI_triangular-ramp10s_snr20dB,sub-01,triangular-ramp10s,20,3,36,0.512735326688815,0.925463855266571
lr_fixed_tpe_pareto,sub-01_FDSI_triangular-ramp10s_snr20dB,sub-01,triangular-ramp10s,20,4,32,0.8360957642725598,0.905032992362976
lr_fixed_tpe_pareto,sub-01_FDSI_triangular-ramp10s_snr20dB,sub-01,triangular-ramp10s,20,5,38,0.5308788598574822,0.8215610980987549
lr_fixed_tpe_pareto,sub-01_FDSI_triangular-ramp10s_snr20dB,sub-01,triangular-ramp10s,20,6,35,0.2203838517538054,0.8345018029212952
lr_fixed_tpe_pareto,sub-01_FDSI_triangular-ramp10s_snr20dB,sub-01,triangular-ramp10s,20,7,37,0.3572815533980582,0.8667700290679932
lr_fixed_tpe_pareto,sub-01_FDSI_triangular-ramp10s_snr15dB,sub-01,triangular-ramp10s,15,0,28,0.9966386554621848,0.9836931228637696
lr_fixed_tpe_pareto,sub-01_FDSI_triangular-ramp10s_snr15dB,sub-01,triangular-ramp10s,15,1,36,0.4702643171806167,0.9099169969558716
lr_fixed_tpe_pareto,sub-01_FDSI_triangular-ramp10s_snr15dB,sub-01,triangular-ramp10s,15,2,38,0.4481927710843373,0.9196667671203612
lr_fixed_tpe_pareto,sub-01_FDSI_triangular-ramp10s_snr15dB,sub-01,triangular-ramp10s,15,3,34,0.0809128630705394,0.9419680833816528
lr_fixed_tpe_pareto,sub-01_FDSI_triangular-ramp5s_snr30dB,sub-01,triangular-ramp5s,30,0,32,0.0764017252002464,0.9084592461586
lr_fixed_tpe_pareto,sub-01_FDSI_triangular-ramp5s_snr30dB,sub-01,triangular-ramp5s,30,1,36,0.9955947136563876,0.9655758142471312
lr_fixed_tpe_pareto,sub-01_FDSI_triangular-ramp5s_snr30dB,sub-01,triangular-ramp5s,30,2,28,0.9957983193277312,0.9767489433288574
lr_fixed_tpe_pareto,sub-01_FDSI_triangular-ramp5s_snr30dB,sub-01,triangular-ramp5s,30,3,30,0.0936623667975322,0.934940218925476
lr_fixed_tpe_pareto,sub-01_FDSI_triangular-ramp5s_snr30dB,sub-01,triangular-ramp5s,30,4,38,0.6962962962962963,0.912204921245575
lr_fixed_tpe_pareto,sub-01_FDSI_triangular-ramp5s_snr30dB,sub-01,triangular-ramp5s,30,5,35,0.8534303534303534,0.9201977849006652
lr_fixed_tpe_pareto,sub-01_FDSI_triangular-ramp5s_snr30dB,sub-01,triangular-ramp5s,30,6,34,0.6177957532861477,0.9214947819709778
lr_fixed_tpe_pareto,sub-01_FDSI_triangular-ramp5s_snr30dB,sub-01,triangular-ramp5s,30,7,31,0.4641080312722104,0.904805064201355
lr_fixed_tpe_pareto,sub-01_FDSI_triangular-ramp5s_snr30dB,sub-01,triangular-ramp5s,30,8,33,0.0766152086906803,0.9007764458656312
lr_fixed_tpe_pareto,sub-01_FDSI_triangular-ramp5s_snr30dB,sub-01,triangular-ramp5s,30,9,37,0.6164542294322132,0.9162222743034364
lr_fixed_tpe_pareto,sub-01_FDSI_triangular-ramp5s_snr30dB,sub-01,triangular-ramp5s,30,10,24,0.8396299151888974,0.9166777729988098
lr_fixed_tpe_pareto,sub-01_FDSI_triangular-ramp5s_snr30dB,sub-01,triangular-ramp5s,30,11,22,0.6820551005212211,0.9074947237968444
lr_fixed_tpe_pareto,sub-01_FDSI_triangular-ramp5s_snr30dB,sub-01,triangular-ramp5s,30,12,29,0.0703933747412008,0.9306164383888244
lr_fixed_tpe_pareto,sub-01_FDSI_triangular-ramp5s_snr30dB,sub-01,triangular-ramp5s,30,13,27,0.0669077757685352,0.9530265927314758
lr_fixed_tpe_pareto,sub-01_FDSI_triangular-ramp5s_snr25dB,sub-01,triangular-ramp5s,25,0,36,0.961453744493392,0.9524353742599488
lr_fixed_tpe_pareto,sub-01_FDSI_triangular-ramp5s_snr25dB,sub-01,triangular-ramp5s,25,1,32,0.7614593077642656,0.9096092581748962
lr_fixed_tpe_pareto,sub-01_FDSI_triangular-ramp5s_snr25dB,sub-01,triangular-ramp5s,25,2,28,0.9957983193277312,0.978202223777771
lr_fixed_tpe_pareto,sub-01_FDSI_triangular-ramp5s_snr25dB,sub-01,triangular-ramp5s,25,3,30,0.0741369552914544,0.9129007458686828
lr_fixed_tpe_pareto,sub-01_FDSI_triangular-ramp5s_snr25dB,sub-01,triangular-ramp5s,25,4,38,0.6851851851851852,0.9108831882476808
lr_fixed_tpe_pareto,sub-01_FDSI_triangular-ramp5s_snr25dB,sub-01,triangular-ramp5s,25,5,37,0.3773987206823028,0.9175559282302856
lr_fixed_tpe_pareto,sub-01_FDSI_triangular-ramp5s_snr25dB,sub-01,triangular-ramp5s,25,6,35,0.720954356846473,0.9122035503387452
lr_fixed_tpe_pareto,sub-01_FDSI_triangular-ramp5s_snr25dB,sub-01,triangular-ramp5s,25,7,24,0.7571318427139553,0.9046923518180848
lr_fixed_tpe_pareto,sub-01_FDSI_triangular-ramp5s_snr25dB,sub-01,triangular-ramp5s,25,8,34,0.5783619817997978,0.9187132120132446
lr_fixed_tpe_pareto,sub-01_FDSI_triangular-ramp5s_snr25dB,sub-01,triangular-ramp5s,25,9,33,0.2283072546230441,0.7565351724624634
lr_fixed_tpe_pareto,sub-01_FDSI_triangular-ramp5s_snr20dB,sub-01,triangular-ramp5s,20,0,32,0.7509328358208955,0.9067732691764832
lr_fixed_tpe_pareto,sub-01_FDSI_triangular-ramp5s_snr20dB,sub-01,triangular-ramp5s,20,1,28,0.9957983193277312,0.9817470908164978
lr_fixed_tpe_pareto,sub-01_FDSI_triangular-ramp5s_snr20dB,sub-01,triangular-ramp5s,20,2,38,0.7382716049382716,0.9113701581954956
lr_fixed_tpe_pareto,sub-01_FDSI_triangular-ramp5s_snr20dB,sub-01,triangular-ramp5s,20,3,36,0.4063876651982379,0.9259068369865416
lr_fixed_tpe_pareto,sub-01_FDSI_triangular-ramp5s_snr20dB,sub-01,triangular-ramp5s,20,4,37,0.2787046123650638,0.8674944639205933
lr_fixed_tpe_pareto,sub-01_FDSI_triangular-ramp5s_snr20dB,sub-01,triangular-ramp5s,20,5,34,0.6084762865792129,0.9035811424255372
lr_fixed_tpe_pareto,sub-01_FDSI_triangular-ramp5s_snr15dB,sub-01,triangular-ramp5s,15,0,32,0.7504638218923934,0.8974834680557251
lr_fixed_tpe_pareto,sub-01_FDSI_triangular-ramp5s_snr15dB,sub-01,triangular-ramp5s,15,1,28,0.9957983193277312,0.976952850818634
lr_fixed_tpe_pareto,sub-01_FDSI_triangular-ramp5s_snr15dB,sub-01,triangular-ramp5s,15,2,38,0.5209876543209877,0.9057693481445312
lr_fixed_tpe_pareto,sub-01_FDSI_triangular-ramp5s_snr15dB,sub-01,triangular-ramp5s,15,3,36,0.5055066079295154,0.9088459014892578
lr_fixed_tpe_pareto,sub-02_FDSI_staircase_snr30dB,sub-02,staircase,30,0,30,0.993482983345402,0.9858981966972352
lr_fixed_tpe_pareto,sub-02_FDSI_staircase_snr30dB,sub-02,staircase,30,1,33,0.8668913226621735,0.9385032653808594
lr_fixed_tpe_pareto,sub-02_FDSI_staircase_snr30dB,sub-02,staircase,30,2,21,0.9944720840243229,0.9846855401992798
lr_fixed_tpe_pareto,sub-02_FDSI_staircase_snr30dB,sub-02,staircase,30,3,31,0.9902182091798344,0.9511085152626038
lr_fixed_tpe_pareto,sub-02_FDSI_staircase_snr30dB,sub-02,staircase,30,4,26,0.9337829552421828,0.8656302690505981
lr_fixed_tpe_pareto,sub-02_FDSI_staircase_snr30dB,sub-02,staircase,30,5,25,0.9933414043583536,0.9678141474723816
lr_fixed_tpe_pareto,sub-02_FDSI_staircase_snr30dB,sub-02,staircase,30,6,16,0.9896907216494846,0.9550287127494812
lr_fixed_tpe_pareto,sub-02_FDSI_staircase_snr30dB,sub-02,staircase,30,7,27,0.994855305466238,0.9672523140907288
lr_fixed_tpe_pareto,sub-02_FDSI_staircase_snr30dB,sub-02,staircase,30,8,28,0.981320880587058,0.9374829530715942
lr_fixed_tpe_pareto,sub-02_FDSI_staircase_snr30dB,sub-02,staircase,30,9,24,0.9970238095238096,0.9730372428894044
lr_fixed_tpe_pareto,sub-02_FDSI_staircase_snr30dB,sub-02,staircase,30,10,32,0.996031746031746,0.9722972512245178
lr_fixed_tpe_pareto,sub-02_FDSI_staircase_snr30dB,sub-02,staircase,30,11,20,0.9961894393032118,0.964545488357544
lr_fixed_tpe_pareto,sub-02_FDSI_staircase_snr30dB,sub-02,staircase,30,12,29,0.986842105263158,0.9442376494407654
lr_fixed_tpe_pareto,sub-02_FDSI_staircase_snr30dB,sub-02,staircase,30,13,19,0.3540983606557377,0.7488336563110352
lr_fixed_tpe_pareto,sub-02_FDSI_staircase_snr30dB,sub-02,staircase,30,14,22,0.978735310576385,0.9446998238563538
lr_fixed_tpe_pareto,sub-02_FDSI_staircase_snr30dB,sub-02,staircase,30,15,23,0.9821634062140392,0.9393590688705444
lr_fixed_tpe_pareto,sub-02_FDSI_staircase_snr30dB,sub-02,staircase,30,16,14,0.9666334661354582,0.937555968761444
lr_fixed_tpe_pareto,sub-02_FDSI_staircase_snr25dB,sub-02,staircase,25,0,30,0.993482983345402,0.9808069467544556
lr_fixed_tpe_pareto,sub-02_FDSI_staircase_snr25dB,sub-02,staircase,25,1,21,0.9944720840243229,0.9802621603012084
lr_fixed_tpe_pareto,sub-02_FDSI_staircase_snr25dB,sub-02,staircase,25,2,26,0.2329852358660425,0.8405815362930298
lr_fixed_tpe_pareto,sub-02_FDSI_staircase_snr25dB,sub-02,staircase,25,3,25,0.9897094430992736,0.9534139633178712
lr_fixed_tpe_pareto,sub-02_FDSI_staircase_snr25dB,sub-02,staircase,25,4,27,0.989710610932476,0.9534566402435304
lr_fixed_tpe_pareto,sub-02_FDSI_staircase_snr25dB,sub-02,staircase,25,5,24,0.9839285714285714,0.940518081188202
lr_fixed_tpe_pareto,sub-02_FDSI_staircase_snr25dB,sub-02,staircase,25,6,33,0.9839797639123102,0.9490043520927428
lr_fixed_tpe_pareto,sub-02_FDSI_staircase_snr25dB,sub-02,staircase,25,7,28,0.86875,0.864201545715332
lr_fixed_tpe_pareto,sub-02_FDSI_staircase_snr25dB,sub-02,staircase,25,8,20,0.9863908546543276,0.9490719437599182
lr_fixed_tpe_pareto,sub-02_FDSI_staircase_snr25dB,sub-02,staircase,25,9,19,0.1857249626307922,0.8641899228096008
lr_fixed_tpe_pareto,sub-02_FDSI_staircase_snr20dB,sub-02,staircase,20,0,30,0.993482983345402,0.9702858924865724
lr_fixed_tpe_pareto,sub-02_FDSI_staircase_snr20dB,sub-02,staircase,20,1,21,0.9944720840243229,0.9714491963386536
lr_fixed_tpe_pareto,sub-02_FDSI_staircase_snr20dB,sub-02,staircase,20,2,25,0.958308157099698,0.9280215501785278
lr_fixed_tpe_pareto,sub-02_FDSI_staircase_snr20dB,sub-02,staircase,20,3,27,0.9614147909967846,0.9302437901496888
lr_fixed_tpe_pareto,sub-02_FDSI_staircase_snr20dB,sub-02,staircase,20,4,24,0.9940511600237952,0.950062930583954
lr_fixed_tpe_pareto,sub-02_FDSI_staircase_snr20dB,sub-02,staircase,20,5,32,0.9715415019762846,0.939206838607788
lr_fixed_tpe_pareto,sub-02_FDSI_staircase_snr15dB,sub-02,staircase,15,0,30,0.9905865314989138,0.9568672776222228
lr_fixed_tpe_pareto,sub-02_FDSI_staircase_snr15dB,sub-02,staircase,15,1,24,0.3964244073066459,0.9028077125549316
lr_fixed_tpe_pareto,sub-02_FDSI_staircase_snr15dB,sub-02,staircase,15,2,21,0.9900497512437813,0.9611485600471495
lr_fixed_tpe_pareto,sub-02_FDSI_triangular-ramp40s_snr30dB,sub-02,triangular-ramp40s,30,0,20,0.996234939759036,0.9678325057029724
lr_fixed_tpe_pareto,sub-02_FDSI_triangular-ramp40s_snr30dB,sub-02,triangular-ramp40s,30,1,30,0.994994994994995,0.9761924147605896
lr_fixed_tpe_pareto,sub-02_FDSI_triangular-ramp40s_snr30dB,sub-02,triangular-ramp40s,30,2,21,0.9969254419677172,0.9841529130935668
lr_fixed_tpe_pareto,sub-02_FDSI_triangular-ramp40s_snr30dB,sub-02,triangular-ramp40s,30,3,24,0.9951338199513382,0.9751542210578918
lr_fixed_tpe_pareto,sub-02_FDSI_triangular-ramp40s_snr30dB,sub-02,triangular-ramp40s,30,4,33,0.9952885747938752,0.9607607126235962
lr_fixed_tpe_pareto,sub-02_FDSI_triangular-ramp40s_snr30dB,sub-02,triangular-ramp40s,30,5,32,0.9956140350877192,0.9693633317947388
lr_fixed_tpe_pareto,sub-02_FDSI_triangular-ramp40s_snr30dB,sub-02,triangular-ramp40s,30,6,25,0.9881154499151104,0.9546473026275636
lr_fixed_tpe_pareto,sub-02_FDSI_triangular-ramp40s_snr30dB,sub-02,triangular-ramp40s,30,7,22,0.9628482972136224,0.9360323548316956
lr_fixed_tpe_pareto,sub-02_FDSI_triangular-ramp40s_snr30dB,sub-02,triangular-ramp40s,30,8,27,0.9901079136690648,0.9685240387916564
lr_fixed_tpe_pareto,sub-02_FDSI_triangular-ramp40s_snr30dB,sub-02,triangular-ramp40s,30,9,19,0.15,0.8528228402137756
lr_fixed_tpe_pareto,sub-02_FDSI_triangular-ramp40s_snr30dB,sub-02,triangular-ramp40s,30,10,28,0.9715857011915674,0.9028878211975098
lr_fixed_tpe_pareto,sub-02_FDSI_triangular-ramp40s_snr30dB,sub-02,triangular-ramp40s,30,11,29,0.9789069990412272,0.946972668170929
lr_fixed_tpe_pareto,sub-02_FDSI_triangular-ramp40s_snr30dB,sub-02,triangular-ramp40s,30,12,26,0.927791771620487,0.866949200630188
lr_fixed_tpe_pareto,sub-02_FDSI_triangular-ramp40s_snr30dB,sub-02,triangular-ramp40s,30,13,23,0.9857029388403494,0.938908874988556
lr_fixed_tpe_pareto,sub-02_FDSI_triangular-ramp40s_snr30dB,sub-02,triangular-ramp40s,30,14,16,0.9943181818181818,0.9549749493598938
lr_fixed_tpe_pareto,sub-02_FDSI_triangular-ramp40s_snr30dB,sub-02,triangular-ramp40s,30,15,31,0.9757894736842104,0.937386155128479
lr_fixed_tpe_pareto,sub-02_FDSI_triangular-ramp40s_snr25dB,sub-02,triangular-ramp40s,25,0,20,0.9909638554216867,0.9488500952720642
lr_fixed_tpe_pareto,sub-02_FDSI_triangular-ramp40s_snr25dB,sub-02,triangular-ramp40s,25,1,24,0.994322789943228,0.9627334475517272
lr_fixed_tpe_pareto,sub-02_FDSI_triangular-ramp40s_snr25dB,sub-02,triangular-ramp40s,25,2,25,0.970288624787776,0.937225878238678
lr_fixed_tpe_pareto,sub-02_FDSI_triangular-ramp40s_snr25dB,sub-02,triangular-ramp40s,25,3,21,0.9938508839354344,0.9766024351119996
lr_fixed_tpe_pareto,sub-02_FDSI_triangular-ramp40s_snr25dB,sub-02,triangular-ramp40s,25,4,30,0.991991991991992,0.9758950471878052
lr_fixed_tpe_pareto,sub-02_FDSI_triangular-ramp40s_snr25dB,sub-02,triangular-ramp40s,25,5,27,0.987410071942446,0.9522639513015748
lr_fixed_tpe_pareto,sub-02_FDSI_triangular-ramp40s_snr25dB,sub-02,triangular-ramp40s,25,6,26,0.897203947368421,0.8665782809257507
lr_fixed_tpe_pareto,sub-02_FDSI_triangular-ramp40s_snr25dB,sub-02,triangular-ramp40s,25,7,32,0.9923245614035088,0.9541534185409546
lr_fixed_tpe_pareto,sub-02_FDSI_triangular-ramp40s_snr25dB,sub-02,triangular-ramp40s,25,8,33,0.9223529411764706,0.904603123664856
lr_fixed_tpe_pareto,sub-02_FDSI_triangular-ramp40s_snr25dB,sub-02,triangular-ramp40s,25,9,19,0.14,0.8522944450378418
lr_fixed_tpe_pareto,sub-02_FDSI_triangular-ramp40s_snr25dB,sub-02,triangular-ramp40s,25,10,28,0.3741496598639456,0.7721977829933167
lr_fixed_tpe_pareto,sub-02_FDSI_triangular-ramp40s_snr25dB,sub-02,triangular-ramp40s,25,11,22,0.2595499738356881,0.8380302786827087
lr_fixed_tpe_pareto,sub-02_FDSI_triangular-ramp40s_snr20dB,sub-02,triangular-ramp40s,20,0,21,0.9961568024596464,0.9685615301132202
lr_fixed_tpe_pareto,sub-02_FDSI_triangular-ramp40s_snr20dB,sub-02,triangular-ramp40s,20,1,30,0.990990990990991,0.9676799178123474
lr_fixed_tpe_pareto,sub-02_FDSI_triangular-ramp40s_snr20dB,sub-02,triangular-ramp40s,20,2,24,0.9910786699107867,0.9562442898750304
lr_fixed_tpe_pareto,sub-02_FDSI_triangular-ramp40s_snr20dB,sub-02,triangular-ramp40s,20,3,27,0.9559352517985612,0.917510151863098
lr_fixed_tpe_pareto,sub-02_FDSI_triangular-ramp40s_snr20dB,sub-02,triangular-ramp40s,20,4,33,0.7951388888888888,0.8842931985855103
lr_fixed_tpe_pareto,sub-02_FDSI_triangular-ramp40s_snr15dB,sub-02,triangular-ramp40s,15,0,24,0.5143464399574921,0.8923649787902832
lr_fixed_tpe_pareto,sub-02_FDSI_triangular-ramp40s_snr15dB,sub-02,triangular-ramp40s,15,1,30,0.98998998998999,0.9465466737747192
lr_fixed_tpe_pareto,sub-02_FDSI_triangular-ramp20s_snr30dB,sub-02,triangular-ramp20s,30,0,19,0.116591928251121,0.8880677819252014
lr_fixed_tpe_pareto,sub-02_FDSI_triangular-ramp20s_snr30dB,sub-02,triangular-ramp20s,30,1,24,0.993431855500821,0.9812009334564208
lr_fixed_tpe_pareto,sub-02_FDSI_triangular-ramp20s_snr30dB,sub-02,triangular-ramp20s,30,2,30,0.9950199203187252,0.9668372869491576
lr_fixed_tpe_pareto,sub-02_FDSI_triangular-ramp20s_snr30dB,sub-02,triangular-ramp20s,30,3,27,0.9937275985663082,0.953233242034912
lr_fixed_tpe_pareto,sub-02_FDSI_triangular-ramp20s_snr30dB,sub-02,triangular-ramp20s,30,4,33,0.9906542056074766,0.9416635632514954
lr_fixed_tpe_pareto,sub-02_FDSI_triangular-ramp20s_snr30dB,sub-02,triangular-ramp20s,30,5,25,0.990725126475548,0.9462465643882751
lr_fixed_tpe_pareto,sub-02_FDSI_triangular-ramp20s_snr30dB,sub-02,triangular-ramp20s,30,6,21,0.9946029298380878,0.9680606722831726
lr_fixed_tpe_pareto,sub-02_FDSI_triangular-ramp20s_snr30dB,sub-02,triangular-ramp20s,30,7,20,0.9879789631855748,0.952318012714386
lr_fixed_tpe_pareto,sub-02_FDSI_triangular-ramp20s_snr30dB,sub-02,triangular-ramp20s,30,8,22,0.1354775828460039,0.9188442826271056
lr_fixed_tpe_pareto,sub-02_FDSI_triangular-ramp20s_snr30dB,sub-02,triangular-ramp20s,30,9,14,0.2447582370560547,0.8579311370849609
lr_fixed_tpe_pareto,sub-02_FDSI_triangular-ramp20s_snr30dB,sub-02,triangular-ramp20s,30,10,32,0.9933993399339934,0.9609955549240112
lr_fixed_tpe_pareto,sub-02_FDSI_triangular-ramp20s_snr30dB,sub-02,triangular-ramp20s,30,11,29,0.2693580410324288,0.8455109000205994
lr_fixed_tpe_pareto,sub-02_FDSI_triangular-ramp20s_snr30dB,sub-02,triangular-ramp20s,30,12,16,0.987188612099644,0.950369119644165
lr_fixed_tpe_pareto,sub-02_FDSI_triangular-ramp20s_snr30dB,sub-02,triangular-ramp20s,30,13,31,0.779896013864818,0.8790050745010376
lr_fixed_tpe_pareto,sub-02_FDSI_triangular-ramp20s_snr30dB,sub-02,triangular-ramp20s,30,14,28,0.9564814814814816,0.9273440837860109
lr_fixed_tpe_pareto,sub-02_FDSI_triangular-ramp20s_snr30dB,sub-02,triangular-ramp20s,30,15,23,0.9496805111821086,0.9210213422775269
lr_fixed_tpe_pareto,sub-02_FDSI_triangular-ramp20s_snr30dB,sub-02,triangular-ramp20s,30,16,26,0.3373421527360192,0.8375468850135803
lr_fixed_tpe_pareto,sub-02_FDSI_triangular-ramp20s_snr25dB,sub-02,triangular-ramp20s,25,0,24,0.9926108374384236,0.9702149629592896
lr_fixed_tpe_pareto,sub-02_FDSI_triangular-ramp20s_snr25dB,sub-02,triangular-ramp20s,25,1,19,0.1012207527975584,0.8706256747245789
lr_fixed_tpe_pareto,sub-02_FDSI_triangular-ramp20s_snr25dB,sub-02,triangular-ramp20s,25,2,30,0.99402390438247,0.95461505651474
lr_fixed_tpe_pareto,sub-02_FDSI_triangular-ramp20s_snr25dB,sub-02,triangular-ramp20s,25,3,25,0.9103101424979044,0.8867649435997009
lr_fixed_tpe_pareto,sub-02_FDSI_triangular-ramp20s_snr25dB,sub-02,triangular-ramp20s,25,4,21,0.9961449498843484,0.9587634205818176
lr_fixed_tpe_pareto,sub-02_FDSI_triangular-ramp20s_snr25dB,sub-02,triangular-ramp20s,25,5,20,0.9706987227648384,0.9325031042099
lr_fixed_tpe_pareto,sub-02_FDSI_triangular-ramp20s_snr25dB,sub-02,triangular-ramp20s,25,6,32,0.9824175824175824,0.9446113705635072
lr_fixed_tpe_pareto,sub-02_FDSI_triangular-ramp20s_snr25dB,sub-02,triangular-ramp20s,25,7,27,0.9704301075268816,0.9260610342025756
lr_fixed_tpe_pareto,sub-02_FDSI_triangular-ramp20s_snr25dB,sub-02,triangular-ramp20s,25,8,16,0.9701492537313432,0.926064670085907
lr_fixed_tpe_pareto,sub-02_FDSI_triangular-ramp20s_snr25dB,sub-02,triangular-ramp20s,25,9,33,0.4023508137432188,0.6826084852218628
lr_fixed_tpe_pareto,sub-02_FDSI_triangular-ramp20s_snr20dB,sub-02,triangular-ramp20s,20,0,24,0.9828571428571428,0.9503947496414183
lr_fixed_tpe_pareto,sub-02_FDSI_triangular-ramp20s_snr20dB,sub-02,triangular-ramp20s,20,1,30,0.6866995073891625,0.8814685940742493
lr_fixed_tpe_pareto,sub-02_FDSI_triangular-ramp20s_snr20dB,sub-02,triangular-ramp20s,20,2,21,0.992289899768697,0.9530514478683472
lr_fixed_tpe_pareto,sub-02_FDSI_triangular-ramp20s_snr15dB,sub-02,triangular-ramp20s,15,0,24,0.3490701001430615,0.9072679877281188
lr_fixed_tpe_pareto,sub-02_FDSI_triangular-ramp20s_snr15dB,sub-02,triangular-ramp20s,15,1,30,0.9840796019900496,0.930697500705719
lr_fixed_tpe_pareto,sub-02_FDSI_triangular-ramp20s_snr15dB,sub-02,triangular-ramp20s,15,2,21,0.9747513389441468,0.9381281137466432
lr_fixed_tpe_pareto,sub-02_FDSI_triangular-ramp10s_snr30dB,sub-02,triangular-ramp10s,30,0,27,0.9063604240282686,0.9329521059989928
lr_fixed_tpe_pareto,sub-02_FDSI_triangular-ramp10s_snr30dB,sub-02,triangular-ramp10s,30,1,24,0.9876847290640394,0.946386992931366
lr_fixed_tpe_pareto,sub-02_FDSI_triangular-ramp10s_snr30dB,sub-02,triangular-ramp10s,30,2,30,0.9890981169474728,0.9393975734710692
lr_fixed_tpe_pareto,sub-02_FDSI_triangular-ramp10s_snr30dB,sub-02,triangular-ramp10s,30,3,21,0.994586233565352,0.9550172686576844
lr_fixed_tpe_pareto,sub-02_FDSI_triangular-ramp10s_snr30dB,sub-02,triangular-ramp10s,30,4,33,0.7713625866050808,0.9158661365509032
lr_fixed_tpe_pareto,sub-02_FDSI_triangular-ramp10s_snr30dB,sub-02,triangular-ramp10s,30,5,20,0.9848024316109424,0.9351062774658204
lr_fixed_tpe_pareto,sub-02_FDSI_triangular-ramp10s_snr30dB,sub-02,triangular-ramp10s,30,6,32,0.9823982398239824,0.9445379376411438
lr_fixed_tpe_pareto,sub-02_FDSI_triangular-ramp10s_snr30dB,sub-02,triangular-ramp10s,30,7,26,0.4735632183908046,0.8857764601707458
lr_fixed_tpe_pareto,sub-02_FDSI_triangular-ramp10s_snr30dB,sub-02,triangular-ramp10s,30,8,22,0.0985645933014354,0.9090784788131714
lr_fixed_tpe_pareto,sub-02_FDSI_triangular-ramp10s_snr30dB,sub-02,triangular-ramp10s,30,9,25,0.7872881355932203,0.9233546257019044
lr_fixed_tpe_pareto,sub-02_FDSI_triangular-ramp10s_snr30dB,sub-02,triangular-ramp10s,30,10,16,0.983814215341309,0.9446150660514832
lr_fixed_tpe_pareto,sub-02_FDSI_triangular-ramp10s_snr30dB,sub-02,triangular-ramp10s,30,11,14,0.1885947046843177,0.8755696415901184
lr_fixed_tpe_pareto,sub-02_FDSI_triangular-ramp10s_snr30dB,sub-02,triangular-ramp10s,30,12,19,0.0849740932642487,0.8915009498596191
lr_fixed_tpe_pareto,sub-02_FDSI_triangular-ramp10s_snr30dB,sub-02,triangular-ramp10s,30,13,23,0.906003159557662,0.8924070000648499
lr_fixed_tpe_pareto,sub-02_FDSI_triangular-ramp10s_snr30dB,sub-02,triangular-ramp10s,30,14,31,0.6427184466019418,0.8840438723564148
lr_fixed_tpe_pareto,sub-02_FDSI_triangular-ramp10s_snr30dB,sub-02,triangular-ramp10s,30,15,29,0.4360189573459715,0.9131922125816344
lr_fixed_tpe_pareto,sub-02_FDSI_triangular-ramp10s_snr30dB,sub-02,triangular-ramp10s,30,16,28,0.7746606334841629,0.9145097136497498
lr_fixed_tpe_pareto,sub-02_FDSI_triangular-ramp10s_snr25dB,sub-02,triangular-ramp10s,25,0,27,0.8271604938271605,0.9047482013702391
lr_fixed_tpe_pareto,sub-02_FDSI_triangular-ramp10s_snr25dB,sub-02,triangular-ramp10s,25,1,30,0.9881070366699702,0.9212164282798768
lr_fixed_tpe_pareto,sub-02_FDSI_triangular-ramp10s_snr25dB,sub-02,triangular-ramp10s,25,2,24,0.9844389844389844,0.953879415988922
lr_fixed_tpe_pareto,sub-02_FDSI_triangular-ramp10s_snr25dB,sub-02,triangular-ramp10s,25,3,33,0.7459770114942529,0.9017284512519836
lr_fixed_tpe_pareto,sub-02_FDSI_triangular-ramp10s_snr25dB,sub-02,triangular-ramp10s,25,4,20,0.9673252279635258,0.915235161781311
lr_fixed_tpe_pareto,sub-02_FDSI_triangular-ramp10s_snr25dB,sub-02,triangular-ramp10s,25,5,21,0.994586233565352,0.9377358555793762
lr_fixed_tpe_pareto,sub-02_FDSI_triangular-ramp10s_snr25dB,sub-02,triangular-ramp10s,25,6,25,0.6596638655462185,0.9241085648536682
lr_fixed_tpe_pareto,sub-02_FDSI_triangular-ramp10s_snr25dB,sub-02,triangular-ramp10s,25,7,29,0.4859287054409005,0.8829454183578491
lr_fixed_tpe_pareto,sub-02_FDSI_triangular-ramp10s_snr25dB,sub-02,triangular-ramp10s,25,8,32,0.9802197802197802,0.9348621964454652
lr_fixed_tpe_pareto,sub-02_FDSI_triangular-ramp10s_snr25dB,sub-02,triangular-ramp10s,25,9,19,0.0860995850622406,0.8557782769203186
lr_fixed_tpe_pareto,sub-02_FDSI_triangular-ramp10s_snr25dB,sub-02,triangular-ramp10s,25,10,16,0.9634831460674156,0.9167775511741638
lr_fixed_tpe_pareto,sub-02_FDSI_triangular-ramp10s_snr20dB,sub-02,triangular-ramp10s,20,0,30,0.9672943508424182,0.909400999546051
lr_fixed_tpe_pareto,sub-02_FDSI_triangular-ramp10s_snr20dB,sub-02,triangular-ramp10s,20,1,27,0.7462555066079295,0.8997980356216431
lr_fixed_tpe_pareto,sub-02_FDSI_triangular-ramp10s_snr20dB,sub-02,triangular-ramp10s,20,2,20,0.8368740515933232,0.9004208445549011
lr_fixed_tpe_pareto,sub-02_FDSI_triangular-ramp10s_snr20dB,sub-02,triangular-ramp10s,20,3,24,0.9115593483320404,0.9175126552581788
lr_fixed_tpe_pareto,sub-02_FDSI_triangular-ramp10s_snr20dB,sub-02,triangular-ramp10s,20,4,21,0.9907192575406032,0.931496798992157
lr_fixed_tpe_pareto,sub-02_FDSI_triangular-ramp10s_snr20dB,sub-02,triangular-ramp10s,20,5,32,0.93551912568306,0.9026558995246888
lr_fixed_tpe_pareto,sub-02_FDSI_triangular-ramp10s_snr15dB,sub-02,triangular-ramp10s,15,0,21,0.977657935285054,0.932378351688385
lr_fixed_tpe_pareto,sub-02_FDSI_triangular-ramp10s_snr15dB,sub-02,triangular-ramp10s,15,1,24,0.6005509641873278,0.88540118932724
lr_fixed_tpe_pareto,sub-02_FDSI_triangular-ramp10s_snr15dB,sub-02,triangular-ramp10s,15,2,30,0.7250247279920871,0.8868967890739441
lr_fixed_tpe_pareto,sub-02_FDSI_triangular-ramp5s_snr30dB,sub-02,triangular-ramp5s,30,0,25,0.6372053872053872,0.9211333990097046
lr_fixed_tpe_pareto,sub-02_FDSI_triangular-ramp5s_snr30dB,sub-02,triangular-ramp5s,30,1,24,0.985342019543974,0.9653472304344176
lr_fixed_tpe_pareto,sub-02_FDSI_triangular-ramp5s_snr30dB,sub-02,triangular-ramp5s,30,2,22,0.0772511848341232,0.9401974081993104
lr_fixed_tpe_pareto,sub-02_FDSI_triangular-ramp5s_snr30dB,sub-02,triangular-ramp5s,30,3,33,0.6063454759106933,0.9137793779373168
lr_fixed_tpe_pareto,sub-02_FDSI_triangular-ramp5s_snr30dB,sub-02,triangular-ramp5s,30,4,21,0.988425925925926,0.9198893904685974
lr_fixed_tpe_pareto,sub-02_FDSI_triangular-ramp5s_snr30dB,sub-02,triangular-ramp5s,30,5,32,0.985635359116022,0.9326822757720948
lr_fixed_tpe_pareto,sub-02_FDSI_triangular-ramp5s_snr30dB,sub-02,triangular-ramp5s,30,6,30,0.7817817817817818,0.9167230129241944
lr_fixed_tpe_pareto,sub-02_FDSI_triangular-ramp5s_snr30dB,sub-02,triangular-ramp5s,30,7,28,0.6599450045829515,0.9166898131370544
lr_fixed_tpe_pareto,sub-02_FDSI_triangular-ramp5s_snr30dB,sub-02,triangular-ramp5s,30,8,15,0.4989503149055283,0.874378502368927
lr_fixed_tpe_pareto,sub-02_FDSI_triangular-ramp5s_snr30dB,sub-02,triangular-ramp5s,30,9,27,0.5930232558139535,0.917528510093689
lr_fixed_tpe_pareto,sub-02_FDSI_triangular-ramp5s_snr30dB,sub-02,triangular-ramp5s,30,10,29,0.3489483747609943,0.911267876625061
lr_fixed_tpe_pareto,sub-02_FDSI_triangular-ramp5s_snr30dB,sub-02,triangular-ramp5s,30,11,20,0.8034508627156789,0.9066448211669922
lr_fixed_tpe_pareto,sub-02_FDSI_triangular-ramp5s_snr30dB,sub-02,triangular-ramp5s,30,12,16,0.971448965024982,0.933830499649048
lr_fixed_tpe_pareto,sub-02_FDSI_triangular-ramp5s_snr30dB,sub-02,triangular-ramp5s,30,13,19,0.3100303951367781,0.8233458399772644
lr_fixed_tpe_pareto,sub-02_FDSI_triangular-ramp5s_snr30dB,sub-02,triangular-ramp5s,30,14,14,0.7733065057008719,0.9043983221054076
lr_fixed_tpe_pareto,sub-02_FDSI_triangular-ramp5s_snr30dB,sub-02,triangular-ramp5s,30,15,31,0.2103004291845493,0.9076194763183594
lr_fixed_tpe_pareto,sub-02_FDSI_triangular-ramp5s_snr30dB,sub-02,triangular-ramp5s,30,16,26,0.2366686638705812,0.8723721504211426
lr_fixed_tpe_pareto,sub-02_FDSI_triangular-ramp5s_snr30dB,sub-02,triangular-ramp5s,30,17,9,0.1238683127572016,0.8816983103752136
lr_fixed_tpe_pareto,sub-02_FDSI_triangular-ramp5s_snr25dB,sub-02,triangular-ramp5s,25,0,25,0.6036943744752309,0.91311514377594
lr_fixed_tpe_pareto,sub-02_FDSI_triangular-ramp5s_snr25dB,sub-02,triangular-ramp5s,25,1,24,0.9417946645109136,0.9482907056808472
lr_fixed_tpe_pareto,sub-02_FDSI_triangular-ramp5s_snr25dB,sub-02,triangular-ramp5s,25,2,30,0.7937937937937938,0.9153835773468018
lr_fixed_tpe_pareto,sub-02_FDSI_triangular-ramp5s_snr25dB,sub-02,triangular-ramp5s,25,3,21,0.9320987654320988,0.9146842956542968
lr_fixed_tpe_pareto,sub-02_FDSI_triangular-ramp5s_snr25dB,sub-02,triangular-ramp5s,25,4,33,0.3948296122209165,0.9114948511123656
lr_fixed_tpe_pareto,sub-02_FDSI_triangular-ramp5s_snr25dB,sub-02,triangular-ramp5s,25,5,32,0.9569060773480664,0.9186161756515504
lr_fixed_tpe_pareto,sub-02_FDSI_triangular-ramp5s_snr25dB,sub-02,triangular-ramp5s,25,6,28,0.5420336269015212,0.8810063004493713
lr_fixed_tpe_pareto,sub-02_FDSI_triangular-ramp5s_snr25dB,sub-02,triangular-ramp5s,25,7,27,0.6127012522361359,0.9126309156417848
lr_fixed_tpe_pareto,sub-02_FDSI_triangular-ramp5s_snr25dB,sub-02,triangular-ramp5s,25,8,29,0.3667296786389414,0.8961623907089233
lr_fixed_tpe_pareto,sub-02_FDSI_triangular-ramp5s_snr25dB,sub-02,triangular-ramp5s,25,9,20,0.7614403600900225,0.908965229988098
lr_fixed_tpe_pareto,sub-02_FDSI_triangular-ramp5s_snr25dB,sub-02,triangular-ramp5s,25,10,26,0.3494266747133374,0.8396033644676208
lr_fixed_tpe_pareto,sub-02_FDSI_triangular-ramp5s_snr25dB,sub-02,triangular-ramp5s,25,11,19,0.0846730975348338,0.861771821975708
lr_fixed_tpe_pareto,sub-02_FDSI_triangular-ramp5s_snr20dB,sub-02,triangular-ramp5s,20,0,24,0.6380145278450363,0.8973352909088135
lr_fixed_tpe_pareto,sub-02_FDSI_triangular-ramp5s_snr20dB,sub-02,triangular-ramp5s,20,1,21,0.8888888888888888,0.9057563543319702
lr_fixed_tpe_pareto,sub-02_FDSI_triangular-ramp5s_snr20dB,sub-02,triangular-ramp5s,20,2,30,0.7567567567567568,0.9140831828117372
lr_fixed_tpe_pareto,sub-02_FDSI_triangular-ramp5s_snr20dB,sub-02,triangular-ramp5s,20,3,27,0.6127012522361359,0.9052203297615052
lr_fixed_tpe_pareto,sub-02_FDSI_triangular-ramp5s_snr20dB,sub-02,triangular-ramp5s,20,4,20,0.7111777944486122,0.8990319967269897
lr_fixed_tpe_pareto,sub-02_FDSI_triangular-ramp5s_snr15dB,sub-02,triangular-ramp5s,15,0,24,0.2253017434063478,0.8880674242973328
lr_fixed_tpe_pareto,sub-02_FDSI_triangular-ramp5s_snr15dB,sub-02,triangular-ramp5s,15,1,21,0.8560490045941807,0.9029852747917176
lr_fixed_tpe_pareto,sub-02_FDSI_triangular-ramp5s_snr15dB,sub-02,triangular-ramp5s,15,2,30,0.6926926926926927,0.9113778471946716
lr_fixed_tpe_pareto,sub-03_FDSI_staircase_snr30dB,sub-03,staircase,30,0,48,0.9954510993176648,0.9516468644142152
lr_fixed_tpe_pareto,sub-03_FDSI_staircase_snr30dB,sub-03,staircase,30,1,52,0.9163732394366196,0.9532508850097656
lr_fixed_tpe_pareto,sub-03_FDSI_staircase_snr30dB,sub-03,staircase,30,2,49,0.9929632525410476,0.9764805436134338
lr_fixed_tpe_pareto,sub-03_FDSI_staircase_snr30dB,sub-03,staircase,30,3,51,0.99323753169907,0.9814559817314148
lr_fixed_tpe_pareto,sub-03_FDSI_staircase_snr30dB,sub-03,staircase,30,4,44,0.9938775510204082,0.9788857102394104
lr_fixed_tpe_pareto,sub-03_FDSI_staircase_snr30dB,sub-03,staircase,30,5,46,0.9971243709561468,0.9717675447463988
lr_fixed_tpe_pareto,sub-03_FDSI_staircase_snr30dB,sub-03,staircase,30,6,40,0.9987646695491044,0.9909529089927672
lr_fixed_tpe_pareto,sub-03_FDSI_staircase_snr30dB,sub-03,staircase,30,7,35,0.9887005649717514,0.9536742568016052
lr_fixed_tpe_pareto,sub-03_FDSI_staircase_snr30dB,sub-03,staircase,30,8,50,0.9820408163265306,0.9426069259643556
lr_fixed_tpe_pareto,sub-03_FDSI_staircase_snr30dB,sub-03,staircase,30,9,45,0.1545176778699258,0.8815264105796814
lr_fixed_tpe_pareto,sub-03_FDSI_staircase_snr30dB,sub-03,staircase,30,10,47,0.9145173176123802,0.8910277485847473
lr_fixed_tpe_pareto,sub-03_FDSI_staircase_snr25dB,sub-03,staircase,25,0,51,0.992392223161454,0.9679275751113892
lr_fixed_tpe_pareto,sub-03_FDSI_staircase_snr25dB,sub-03,staircase,25,1,52,0.8890845070422535,0.9502382278442384
lr_fixed_tpe_pareto,sub-03_FDSI_staircase_snr25dB,sub-03,staircase,25,2,44,0.9931972789115646,0.9647856950759888
lr_fixed_tpe_pareto,sub-03_FDSI_staircase_snr25dB,sub-03,staircase,25,3,46,0.99784327821711,0.9524536728858948
lr_fixed_tpe_pareto,sub-03_FDSI_staircase_snr25dB,sub-03,staircase,25,4,48,0.9886277482941622,0.9552692770957948
lr_fixed_tpe_pareto,sub-03_FDSI_staircase_snr25dB,sub-03,staircase,25,5,40,0.990117356392835,0.9886460304260254
lr_fixed_tpe_pareto,sub-03_FDSI_staircase_snr25dB,sub-03,staircase,25,6,49,0.9913995308835029,0.961794912815094
lr_fixed_tpe_pareto,sub-03_FDSI_staircase_snr20dB,sub-03,staircase,20,0,44,0.9870748299319728,0.9469042420387268
lr_fixed_tpe_pareto,sub-03_FDSI_staircase_snr20dB,sub-03,staircase,20,1,46,0.9892241379310344,0.9293050765991212
lr_fixed_tpe_pareto,sub-03_FDSI_staircase_snr20dB,sub-03,staircase,20,2,49,0.884853168469861,0.9015087485313416
lr_fixed_tpe_pareto,sub-03_FDSI_staircase_snr20dB,sub-03,staircase,20,3,40,0.990117356392835,0.9850274920463562
lr_fixed_tpe_pareto,sub-03_FDSI_staircase_snr20dB,sub-03,staircase,20,4,51,0.992392223161454,0.9573314785957336
lr_fixed_tpe_pareto,sub-03_FDSI_staircase_snr20dB,sub-03,staircase,20,5,52,0.966549295774648,0.9354497790336608
lr_fixed_tpe_pareto,sub-03_FDSI_staircase_snr20dB,sub-03,staircase,20,6,48,0.9743396226415094,0.9286841750144958
lr_fixed_tpe_pareto,sub-03_FDSI_staircase_snr15dB,sub-03,staircase,15,0,40,0.9975293390982088,0.9782341718673706
lr_fixed_tpe_pareto,sub-03_FDSI_staircase_snr15dB,sub-03,staircase,15,1,44,0.9625850340136054,0.9176041483879088
lr_fixed_tpe_pareto,sub-03_FDSI_staircase_snr15dB,sub-03,staircase,15,2,52,0.9639084507042254,0.9147228598594666
lr_fixed_tpe_pareto,sub-03_FDSI_triangular-ramp40s_snr30dB,sub-03,triangular-ramp40s,30,0,49,0.8648068669527897,0.9039950966835022
lr_fixed_tpe_pareto,sub-03_FDSI_triangular-ramp40s_snr30dB,sub-03,triangular-ramp40s,30,1,48,0.9968354430379748,0.960106074810028
lr_fixed_tpe_pareto,sub-03_FDSI_triangular-ramp40s_snr30dB,sub-03,triangular-ramp40s,30,2,46,0.986,0.9448408484458924
lr_fixed_tpe_pareto,sub-03_FDSI_triangular-ramp40s_snr30dB,sub-03,triangular-ramp40s,30,3,40,0.9947780678851176,0.9892206192016602
lr_fixed_tpe_pareto,sub-03_FDSI_triangular-ramp40s_snr30dB,sub-03,triangular-ramp40s,30,4,52,0.9950920245398772,0.9821817278862
lr_fixed_tpe_pareto,sub-03_FDSI_triangular-ramp40s_snr30dB,sub-03,triangular-ramp40s,30,5,51,0.9988317757009346,0.9807770848274232
lr_fixed_tpe_pareto,sub-03_FDSI_triangular-ramp40s_snr30dB,sub-03,triangular-ramp40s,30,6,47,0.9264853977844916,0.9132679104804992
lr_fixed_tpe_pareto,sub-03_FDSI_triangular-ramp40s_snr30dB,sub-03,triangular-ramp40s,30,7,35,0.9823151125401928,0.9406381845474244
lr_fixed_tpe_pareto,sub-03_FDSI_triangular-ramp40s_snr30dB,sub-03,triangular-ramp40s,30,8,45,0.1363073110285006,0.8772345781326294
lr_fixed_tpe_pareto,sub-03_FDSI_triangular-ramp40s_snr30dB,sub-03,triangular-ramp40s,30,9,44,0.994328922495274,0.9698134660720824
lr_fixed_tpe_pareto,sub-03_FDSI_triangular-ramp40s_snr30dB,sub-03,triangular-ramp40s,30,10,43,0.1556027615507169,0.8724043965339661
lr_fixed_tpe_pareto,sub-03_FDSI_triangular-ramp40s_snr30dB,sub-03,triangular-ramp40s,30,11,50,0.1996007984031936,0.9138769507408142
lr_fixed_tpe_pareto,sub-03_FDSI_triangular-ramp40s_snr25dB,sub-03,triangular-ramp40s,25,0,49,0.8370607028753994,0.8928612470626831
lr_fixed_tpe_pareto,sub-03_FDSI_triangular-ramp40s_snr25dB,sub-03,triangular-ramp40s,25,1,48,0.9926238145416229,0.9417068362236024
lr_fixed_tpe_pareto,sub-03_FDSI_triangular-ramp40s_snr25dB,sub-03,triangular-ramp40s,25,2,40,0.9947780678851176,0.9870059490203856
lr_fixed_tpe_pareto,sub-03_FDSI_triangular-ramp40s_snr25dB,sub-03,triangular-ramp40s,25,3,52,0.9950920245398772,0.9722365736961364
lr_fixed_tpe_pareto,sub-03_FDSI_triangular-ramp40s_snr25dB,sub-03,triangular-ramp40s,25,4,44,0.994328922495274,0.9632441401481628
lr_fixed_tpe_pareto,sub-03_FDSI_triangular-ramp40s_snr25dB,sub-03,triangular-ramp40s,25,5,46,0.995,0.9535033106803894
lr_fixed_tpe_pareto,sub-03_FDSI_triangular-ramp40s_snr25dB,sub-03,triangular-ramp40s,25,6,51,0.9953271028037384,0.9703263640403748
lr_fixed_tpe_pareto,sub-03_FDSI_triangular-ramp40s_snr20dB,sub-03,triangular-ramp40s,20,0,48,0.3069767441860465,0.9053342342376708
lr_fixed_tpe_pareto,sub-03_FDSI_triangular-ramp40s_snr20dB,sub-03,triangular-ramp40s,20,1,40,0.9930374238468234,0.9813427925109864
lr_fixed_tpe_pareto,sub-03_FDSI_triangular-ramp40s_snr20dB,sub-03,triangular-ramp40s,20,2,46,0.987012987012987,0.9318764209747314
lr_fixed_tpe_pareto,sub-03_FDSI_triangular-ramp40s_snr20dB,sub-03,triangular-ramp40s,20,3,52,0.9766871165644172,0.9594004154205322
lr_fixed_tpe_pareto,sub-03_FDSI_triangular-ramp40s_snr20dB,sub-03,triangular-ramp40s,20,4,51,0.9929906542056076,0.959477722644806
lr_fixed_tpe_pareto,sub-03_FDSI_triangular-ramp40s_snr20dB,sub-03,triangular-ramp40s,20,5,49,0.9632034632034632,0.9304212331771852
lr_fixed_tpe_pareto,sub-03_FDSI_triangular-ramp40s_snr20dB,sub-03,triangular-ramp40s,20,6,44,0.9896030245746692,0.9455456137657166
lr_fixed_tpe_pareto,sub-03_FDSI_triangular-ramp40s_snr15dB,sub-03,triangular-ramp40s,15,0,40,0.9947780678851176,0.9760002493858336
lr_fixed_tpe_pareto,sub-03_FDSI_triangular-ramp40s_snr15dB,sub-03,triangular-ramp40s,15,1,44,0.9508506616257087,0.918183207511902
lr_fixed_tpe_pareto,sub-03_FDSI_triangular-ramp40s_snr15dB,sub-03,triangular-ramp40s,15,2,52,0.8823529411764706,0.905905306339264
lr_fixed_tpe_pareto,sub-03_FDSI_triangular-ramp40s_snr15dB,sub-03,triangular-ramp40s,15,3,49,0.8994652406417112,0.9001534581184387
lr_fixed_tpe_pareto,sub-03_FDSI_triangular-ramp40s_snr15dB,sub-03,triangular-ramp40s,15,4,46,0.9370629370629372,0.9020724892616272
lr_fixed_tpe_pareto,sub-03_FDSI_triangular-ramp20s_snr30dB,sub-03,triangular-ramp20s,30,0,48,0.975103734439834,0.9254431128501892
lr_fixed_tpe_pareto,sub-03_FDSI_triangular-ramp20s_snr30dB,sub-03,triangular-ramp20s,30,1,52,0.9962917181705808,0.9723508358001708
lr_fixed_tpe_pareto,sub-03_FDSI_triangular-ramp20s_snr30dB,sub-03,triangular-ramp20s,30,2,49,0.8139784946236559,0.9020877480506896
lr_fixed_tpe_pareto,sub-03_FDSI_triangular-ramp20s_snr30dB,sub-03,triangular-ramp20s,30,3,51,0.9871645274212368,0.934528648853302
lr_fixed_tpe_pareto,sub-03_FDSI_triangular-ramp20s_snr30dB,sub-03,triangular-ramp20s,30,4,40,0.9982683982683984,0.9860180020332336
lr_fixed_tpe_pareto,sub-03_FDSI_triangular-ramp20s_snr30dB,sub-03,triangular-ramp20s,30,5,44,0.9962581852198316,0.9536970853805542
lr_fixed_tpe_pareto,sub-03_FDSI_triangular-ramp20s_snr30dB,sub-03,triangular-ramp20s,30,6,46,0.99009900990099,0.9566189050674438
lr_fixed_tpe_pareto,sub-03_FDSI_triangular-ramp20s_snr30dB,sub-03,triangular-ramp20s,30,7,35,0.9864325618515564,0.92964768409729
lr_fixed_tpe_pareto,sub-03_FDSI_triangular-ramp20s_snr30dB,sub-03,triangular-ramp20s,30,8,45,0.0910144927536232,0.9206135272979736
lr_fixed_tpe_pareto,sub-03_FDSI_triangular-ramp20s_snr30dB,sub-03,triangular-ramp20s,30,9,47,0.1083183722321962,0.8445913195610046
lr_fixed_tpe_pareto,sub-03_FDSI_triangular-ramp20s_snr30dB,sub-03,triangular-ramp20s,30,10,50,0.9281705948372616,0.9103041887283324
lr_fixed_tpe_pareto,sub-03_FDSI_triangular-ramp20s_snr25dB,sub-03,triangular-ramp20s,25,0,44,0.990645463049579,0.945974588394165
lr_fixed_tpe_pareto,sub-03_FDSI_triangular-ramp20s_snr25dB,sub-03,triangular-ramp20s,25,1,52,0.730958230958231,0.8920274376869202
lr_fixed_tpe_pareto,sub-03_FDSI_triangular-ramp20s_snr25dB,sub-03,triangular-ramp20s,25,2,40,0.9982683982683984,0.983315646648407
lr_fixed_tpe_pareto,sub-03_FDSI_triangular-ramp20s_snr25dB,sub-03,triangular-ramp20s,25,3,48,0.8309859154929577,0.9026183485984802
lr_fixed_tpe_pareto,sub-03_FDSI_triangular-ramp20s_snr25dB,sub-03,triangular-ramp20s,25,4,46,0.988118811881188,0.9341834783554076
lr_fixed_tpe_pareto,sub-03_FDSI_triangular-ramp20s_snr25dB,sub-03,triangular-ramp20s,25,5,49,0.9815016322089228,0.9372721910476683
lr_fixed_tpe_pareto,sub-03_FDSI_triangular-ramp20s_snr25dB,sub-03,triangular-ramp20s,25,6,51,0.9918032786885246,0.9606476426124572
lr_fixed_tpe_pareto,sub-03_FDSI_triangular-ramp20s_snr25dB,sub-03,triangular-ramp20s,25,7,35,0.8978451715881883,0.9062477350234984
lr_fixed_tpe_pareto,sub-03_FDSI_triangular-ramp20s_snr20dB,sub-03,triangular-ramp20s,20,0,40,0.9948051948051948,0.9768978953361512
lr_fixed_tpe_pareto,sub-03_FDSI_triangular-ramp20s_snr20dB,sub-03,triangular-ramp20s,20,1,52,0.8493827160493828,0.920417308807373
lr_fixed_tpe_pareto,sub-03_FDSI_triangular-ramp20s_snr20dB,sub-03,triangular-ramp20s,20,2,51,0.9882903981264636,0.9524688720703124
lr_fixed_tpe_pareto,sub-03_FDSI_triangular-ramp20s_snr20dB,sub-03,triangular-ramp20s,20,3,49,0.6992936427850656,0.8726521134376526
lr_fixed_tpe_pareto,sub-03_FDSI_triangular-ramp20s_snr20dB,sub-03,triangular-ramp20s,20,4,44,0.9491682070240296,0.9174016118049622
lr_fixed_tpe_pareto,sub-03_FDSI_triangular-ramp20s_snr20dB,sub-03,triangular-ramp20s,20,5,48,0.1477207155222158,0.9039578437805176
lr_fixed_tpe_pareto,sub-03_FDSI_triangular-ramp20s_snr20dB,sub-03,triangular-ramp20s,20,6,46,0.9673267326732672,0.9103446006774902
lr_fixed_tpe_pareto,sub-03_FDSI_triangular-ramp20s_snr15dB,sub-03,triangular-ramp20s,15,0,40,0.9948051948051948,0.9689155220985411
lr_fixed_tpe_pareto,sub-03_FDSI_triangular-ramp20s_snr15dB,sub-03,triangular-ramp20s,15,1,49,0.7100840336134454,0.8831309080123901
lr_fixed_tpe_pareto,sub-03_FDSI_triangular-ramp20s_snr15dB,sub-03,triangular-ramp20s,15,2,44,0.914338919925512,0.9080355167388916
lr_fixed_tpe_pareto,sub-03_FDSI_triangular-ramp20s_snr15dB,sub-03,triangular-ramp20s,15,3,52,0.6343963553530751,0.8701351881027222
lr_fixed_tpe_pareto,sub-03_FDSI_triangular-ramp10s_snr30dB,sub-03,triangular-ramp10s,30,0,40,0.993025283347864,0.9793511033058168
lr_fixed_tpe_pareto,sub-03_FDSI_triangular-ramp10s_snr30dB,sub-03,triangular-ramp10s,30,1,52,0.4087591240875912,0.9220999479293824
lr_fixed_tpe_pareto,sub-03_FDSI_triangular-ramp10s_snr30dB,sub-03,triangular-ramp10s,30,2,44,0.9680150517403576,0.9078112244606018
lr_fixed_tpe_pareto,sub-03_FDSI_triangular-ramp10s_snr30dB,sub-03,triangular-ramp10s,30,3,35,0.8597464342313788,0.9103686809539796
lr_fixed_tpe_pareto,sub-03_FDSI_triangular-ramp10s_snr30dB,sub-03,triangular-ramp10s,30,4,50,0.7848244620611552,0.8975903987884521
lr_fixed_tpe_pareto,sub-03_FDSI_triangular-ramp10s_snr30dB,sub-03,triangular-ramp10s,30,5,46,0.971086739780658,0.9333236813545228
lr_fixed_tpe_pareto,sub-03_FDSI_triangular-ramp10s_snr30dB,sub-03,triangular-ramp10s,30,6,49,0.6666666666666666,0.9327279925346376
lr_fixed_tpe_pareto,sub-03_FDSI_triangular-ramp10s_snr30dB,sub-03,triangular-ramp10s,30,7,47,0.5294117647058824,0.9137189984321594
lr_fixed_tpe_pareto,sub-03_FDSI_triangular-ramp10s_snr30dB,sub-03,triangular-ramp10s,30,8,48,0.7539026629935721,0.8903300166130066
lr_fixed_tpe_pareto,sub-03_FDSI_triangular-ramp10s_snr30dB,sub-03,triangular-ramp10s,30,9,43,0.1416666666666666,0.8345270156860352
lr_fixed_tpe_pareto,sub-03_FDSI_triangular-ramp10s_snr30dB,sub-03,triangular-ramp10s,30,10,51,0.6720368239355581,0.9334363341331482
lr_fixed_tpe_pareto,sub-03_FDSI_triangular-ramp10s_snr25dB,sub-03,triangular-ramp10s,25,0,51,0.9942062572421784,0.9556153416633606
lr_fixed_tpe_pareto,sub-03_FDSI_triangular-ramp10s_snr25dB,sub-03,triangular-ramp10s,25,1,40,0.993025283347864,0.9777987599372864
lr_fixed_tpe_pareto,sub-03_FDSI_triangular-ramp10s_snr25dB,sub-03,triangular-ramp10s,25,2,44,0.9708372530573848,0.8947749137878418
lr_fixed_tpe_pareto,sub-03_FDSI_triangular-ramp10s_snr25dB,sub-03,triangular-ramp10s,25,3,50,0.6481900452488688,0.8856412172317505
lr_fixed_tpe_pareto,sub-03_FDSI_triangular-ramp10s_snr25dB,sub-03,triangular-ramp10s,25,4,52,0.7311435523114356,0.9273083806037904
lr_fixed_tpe_pareto,sub-03_FDSI_triangular-ramp10s_snr25dB,sub-03,triangular-ramp10s,25,5,46,0.896414342629482,0.9238081574440002
lr_fixed_tpe_pareto,sub-03_FDSI_triangular-ramp10s_snr25dB,sub-03,triangular-ramp10s,25,6,48,0.1185879757308328,0.8978824019432068
lr_fixed_tpe_pareto,sub-03_FDSI_triangular-ramp10s_snr25dB,sub-03,triangular-ramp10s,25,7,49,0.9222343921139102,0.9257631897926332
lr_fixed_tpe_pareto,sub-03_FDSI_triangular-ramp10s_snr20dB,sub-03,triangular-ramp10s,20,0,40,0.993025283347864,0.9717392325401306
lr_fixed_tpe_pareto,sub-03_FDSI_triangular-ramp10s_snr20dB,sub-03,triangular-ramp10s,20,1,52,0.670316301703163,0.9246110320091248
lr_fixed_tpe_pareto,sub-03_FDSI_triangular-ramp10s_snr20dB,sub-03,triangular-ramp10s,20,2,46,0.8684985279685966,0.9014670252799988
lr_fixed_tpe_pareto,sub-03_FDSI_triangular-ramp10s_snr20dB,sub-03,triangular-ramp10s,20,3,49,0.6124744376278118,0.882818877696991
lr_fixed_tpe_pareto,sub-03_FDSI_triangular-ramp10s_snr20dB,sub-03,triangular-ramp10s,20,4,44,0.9240862230552952,0.8936743140220642
lr_fixed_tpe_pareto,sub-03_FDSI_triangular-ramp10s_snr20dB,sub-03,triangular-ramp10s,20,5,51,0.9942062572421784,0.9397175312042236
lr_fixed_tpe_pareto,sub-03_FDSI_triangular-ramp10s_snr20dB,sub-03,triangular-ramp10s,20,6,48,0.1306053811659192,0.8826467990875244
lr_fixed_tpe_pareto,sub-03_FDSI_triangular-ramp10s_snr15dB,sub-03,triangular-ramp10s,15,0,40,0.993025283347864,0.9604398608207704
lr_fixed_tpe_pareto,sub-03_FDSI_triangular-ramp10s_snr15dB,sub-03,triangular-ramp10s,15,1,52,0.6436363636363637,0.9100903272628784
lr_fixed_tpe_pareto,sub-03_FDSI_triangular-ramp10s_snr15dB,sub-03,triangular-ramp10s,15,2,49,0.5985477178423236,0.8810890316963196
lr_fixed_tpe_pareto,sub-03_FDSI_triangular-ramp5s_snr30dB,sub-03,triangular-ramp5s,30,0,52,0.9438339438339438,0.9369443655014038
lr_fixed_tpe_pareto,sub-03_FDSI_triangular-ramp5s_snr30dB,sub-03,triangular-ramp5s,30,1,48,0.3229859571322986,0.8823187947273254
lr_fixed_tpe_pareto,sub-03_FDSI_triangular-ramp5s_snr30dB,sub-03,triangular-ramp5s,30,2,40,0.9948141745894556,0.97907555103302
lr_fixed_tpe_pareto,sub-03_FDSI_triangular-ramp5s_snr30dB,sub-03,triangular-ramp5s,30,3,51,0.9883040935672516,0.9522240161895752
lr_fixed_tpe_pareto,sub-03_FDSI_triangular-ramp5s_snr30dB,sub-03,triangular-ramp5s,30,4,46,0.7847847847847848,0.9260128140449524
lr_fixed_tpe_pareto,sub-03_FDSI_triangular-ramp5s_snr30dB,sub-03,triangular-ramp5s,30,5,49,0.5635964912280702,0.9320812225341796
lr_fixed_tpe_pareto,sub-03_FDSI_triangular-ramp5s_snr30dB,sub-03,triangular-ramp5s,30,6,44,0.7718808193668529,0.8986864686012268
lr_fixed_tpe_pareto,sub-03_FDSI_triangular-ramp5s_snr30dB,sub-03,triangular-ramp5s,30,7,47,0.364376130198915,0.9034147262573242
lr_fixed_tpe_pareto,sub-03_FDSI_triangular-ramp5s_snr30dB,sub-03,triangular-ramp5s,30,8,45,0.0600115406809001,0.928789496421814
lr_fixed_tpe_pareto,sub-03_FDSI_triangular-ramp5s_snr30dB,sub-03,triangular-ramp5s,30,9,50,0.6024636058230683,0.900188684463501
lr_fixed_tpe_pareto,sub-03_FDSI_triangular-ramp5s_snr30dB,sub-03,triangular-ramp5s,30,10,35,0.5917065390749602,0.912562370300293
lr_fixed_tpe_pareto,sub-03_FDSI_triangular-ramp5s_snr25dB,sub-03,triangular-ramp5s,25,0,52,0.8595848595848596,0.9236672520637512
lr_fixed_tpe_pareto,sub-03_FDSI_triangular-ramp5s_snr25dB,sub-03,triangular-ramp5s,25,1,40,0.9948141745894556,0.9714294672012328
lr_fixed_tpe_pareto,sub-03_FDSI_triangular-ramp5s_snr25dB,sub-03,triangular-ramp5s,25,2,48,0.438004402054292,0.8855732083320618
lr_fixed_tpe_pareto,sub-03_FDSI_triangular-ramp5s_snr25dB,sub-03,triangular-ramp5s,25,3,46,0.7407407407407407,0.9247349500656128
lr_fixed_tpe_pareto,sub-03_FDSI_triangular-ramp5s_snr25dB,sub-03,triangular-ramp5s,25,4,44,0.7324602432179607,0.8925421237945557
lr_fixed_tpe_pareto,sub-03_FDSI_triangular-ramp5s_snr25dB,sub-03,triangular-ramp5s,25,5,49,0.5093099671412924,0.9314072132110596
lr_fixed_tpe_pareto,sub-03_FDSI_triangular-ramp5s_snr25dB,sub-03,triangular-ramp5s,25,6,51,0.9637426900584796,0.9412874579429626
lr_fixed_tpe_pareto,sub-03_FDSI_triangular-ramp5s_snr25dB,sub-03,triangular-ramp5s,25,7,35,0.5940988835725678,0.8892013430595398
lr_fixed_tpe_pareto,sub-03_FDSI_triangular-ramp5s_snr20dB,sub-03,triangular-ramp5s,20,0,52,0.8168498168498168,0.914865255355835
lr_fixed_tpe_pareto,sub-03_FDSI_triangular-ramp5s_snr20dB,sub-03,triangular-ramp5s,20,1,40,0.9948141745894556,0.9560952186584472
lr_fixed_tpe_pareto,sub-03_FDSI_triangular-ramp5s_snr20dB,sub-03,triangular-ramp5s,20,2,49,0.5239651416122004,0.9258561730384828
lr_fixed_tpe_pareto,sub-03_FDSI_triangular-ramp5s_snr20dB,sub-03,triangular-ramp5s,20,3,44,0.7093457943925233,0.9041088223457336
lr_fixed_tpe_pareto,sub-03_FDSI_triangular-ramp5s_snr20dB,sub-03,triangular-ramp5s,20,4,46,0.7007007007007007,0.9236290454864502
lr_fixed_tpe_pareto,sub-03_FDSI_triangular-ramp5s_snr20dB,sub-03,triangular-ramp5s,20,5,51,0.9742690058479532,0.9372214078903198
lr_fixed_tpe_pareto,sub-03_FDSI_triangular-ramp5s_snr20dB,sub-03,triangular-ramp5s,20,6,48,0.1584399756246191,0.8605460524559021
lr_fixed_tpe_pareto,sub-03_FDSI_triangular-ramp5s_snr15dB,sub-03,triangular-ramp5s,15,0,52,0.7841463414634147,0.8975160121917725
lr_fixed_tpe_pareto,sub-03_FDSI_triangular-ramp5s_snr15dB,sub-03,triangular-ramp5s,15,1,40,0.982713915298185,0.9455856084823608
lr_fixed_tpe_pareto,sub-03_FDSI_triangular-ramp5s_snr15dB,sub-03,triangular-ramp5s,15,2,51,0.9252336448598132,0.9197392463684082
lr_fixed_tpe_pareto,sub-03_FDSI_triangular-ramp5s_snr15dB,sub-03,triangular-ramp5s,15,3,46,0.655688622754491,0.9141429662704468
lr_fixed_tpe_pareto,sub-04_FDSI_staircase_snr30dB,sub-04,staircase,30,0,50,0.9529326574945692,0.9407557249069214
lr_fixed_tpe_pareto,sub-04_FDSI_staircase_snr30dB,sub-04,staircase,30,1,44,0.9921824104234528,0.9496060013771056
lr_fixed_tpe_pareto,sub-04_FDSI_staircase_snr30dB,sub-04,staircase,30,2,41,0.9927007299270072,0.9879385828971864
lr_fixed_tpe_pareto,sub-04_FDSI_staircase_snr30dB,sub-04,staircase,30,3,53,0.3070607553366174,0.893805205821991
lr_fixed_tpe_pareto,sub-04_FDSI_staircase_snr30dB,sub-04,staircase,30,4,23,0.9863705199394244,0.9466313719749452
lr_fixed_tpe_pareto,sub-04_FDSI_staircase_snr30dB,sub-04,staircase,30,5,48,0.9950284090909092,0.9634197354316713
lr_fixed_tpe_pareto,sub-04_FDSI_staircase_snr30dB,sub-04,staircase,30,6,51,0.9845081332300544,0.9536145329475404
lr_fixed_tpe_pareto,sub-04_FDSI_staircase_snr30dB,sub-04,staircase,30,7,54,0.9931212381771282,0.9609177112579346
lr_fixed_tpe_pareto,sub-04_FDSI_staircase_snr30dB,sub-04,staircase,30,8,42,0.9433021806853582,0.8820064067840576
lr_fixed_tpe_pareto,sub-04_FDSI_staircase_snr30dB,sub-04,staircase,30,9,49,0.9933920704845814,0.9632062315940856
lr_fixed_tpe_pareto,sub-04_FDSI_staircase_snr30dB,sub-04,staircase,30,10,37,0.9463048498845266,0.9105335474014282
lr_fixed_tpe_pareto,sub-04_FDSI_staircase_snr25dB,sub-04,staircase,25,0,51,0.596694214876033,0.9107707142829896
lr_fixed_tpe_pareto,sub-04_FDSI_staircase_snr25dB,sub-04,staircase,25,1,44,0.9843648208469056,0.930719554424286
lr_fixed_tpe_pareto,sub-04_FDSI_staircase_snr25dB,sub-04,staircase,25,2,53,0.2180605438686506,0.8923426866531372
lr_fixed_tpe_pareto,sub-04_FDSI_staircase_snr25dB,sub-04,staircase,25,3,41,0.9927007299270072,0.9894960522651672
lr_fixed_tpe_pareto,sub-04_FDSI_staircase_snr25dB,sub-04,staircase,25,4,48,0.9936079545454546,0.9551257491111756
lr_fixed_tpe_pareto,sub-04_FDSI_staircase_snr25dB,sub-04,staircase,25,5,50,0.9827844311377244,0.9513314366340636
lr_fixed_tpe_pareto,sub-04_FDSI_staircase_snr25dB,sub-04,staircase,25,6,49,0.9882525697503672,0.9560570120811462
lr_fixed_tpe_pareto,sub-04_FDSI_staircase_snr25dB,sub-04,staircase,25,7,54,0.9776440240756664,0.9340034127235411
lr_fixed_tpe_pareto,sub-04_FDSI_staircase_snr25dB,sub-04,staircase,25,8,42,0.9912663755458516,0.9580748081207277
lr_fixed_tpe_pareto,sub-04_FDSI_staircase_snr20dB,sub-04,staircase,20,0,41,0.9975669099756692,0.9869450330734252
lr_fixed_tpe_pareto,sub-04_FDSI_staircase_snr20dB,sub-04,staircase,20,1,48,0.9850852272727272,0.9463964104652404
lr_fixed_tpe_pareto,sub-04_FDSI_staircase_snr20dB,sub-04,staircase,20,2,42,0.9775421085464754,0.9318206310272216
lr_fixed_tpe_pareto,sub-04_FDSI_staircase_snr20dB,sub-04,staircase,20,3,49,0.9713656387665198,0.9323241710662842
lr_fixed_tpe_pareto,sub-04_FDSI_staircase_snr15dB,sub-04,staircase,15,0,41,0.995742092457421,0.9832436442375184
lr_fixed_tpe_pareto,sub-04_FDSI_triangular-ramp40s_snr30dB,sub-04,triangular-ramp40s,30,0,42,0.9948006932409011,0.9737383723258972
lr_fixed_tpe_pareto,sub-04_FDSI_triangular-ramp40s_snr30dB,sub-04,triangular-ramp40s,30,1,33,0.982562547384382,0.9354545474052428
lr_fixed_tpe_pareto,sub-04_FDSI_triangular-ramp40s_snr30dB,sub-04,triangular-ramp40s,30,2,50,0.9785714285714284,0.945138454437256
lr_fixed_tpe_pareto,sub-04_FDSI_triangular-ramp40s_snr30dB,sub-04,triangular-ramp40s,30,3,51,0.9935760171306208,0.950883150100708
lr_fixed_tpe_pareto,sub-04_FDSI_triangular-ramp40s_snr30dB,sub-04,triangular-ramp40s,30,4,49,0.990909090909091,0.9679355025291444
lr_fixed_tpe_pareto,sub-04_FDSI_triangular-ramp40s_snr30dB,sub-04,triangular-ramp40s,30,5,48,0.9950641658440276,0.963543713092804
lr_fixed_tpe_pareto,sub-04_FDSI_triangular-ramp40s_snr30dB,sub-04,triangular-ramp40s,30,6,41,0.9957264957264956,0.9896540641784668
lr_fixed_tpe_pareto,sub-04_FDSI_triangular-ramp40s_snr30dB,sub-04,triangular-ramp40s,30,7,44,0.9891989198919892,0.950536847114563
lr_fixed_tpe_pareto,sub-04_FDSI_triangular-ramp40s_snr30dB,sub-04,triangular-ramp40s,30,8,54,0.9581839904420548,0.898785412311554
lr_fixed_tpe_pareto,sub-04_FDSI_triangular-ramp40s_snr30dB,sub-04,triangular-ramp40s,30,9,17,0.9565217391304348,0.9349427819252014
lr_fixed_tpe_pareto,sub-04_FDSI_triangular-ramp40s_snr30dB,sub-04,triangular-ramp40s,30,10,53,0.9791425260718424,0.9512757658958436
lr_fixed_tpe_pareto,sub-04_FDSI_triangular-ramp40s_snr25dB,sub-04,triangular-ramp40s,25,0,42,0.9930675909878682,0.9588690996170044
lr_fixed_tpe_pareto,sub-04_FDSI_triangular-ramp40s_snr25dB,sub-04,triangular-ramp40s,25,1,41,0.9931623931623932,0.9898200631141664
lr_fixed_tpe_pareto,sub-04_FDSI_triangular-ramp40s_snr25dB,sub-04,triangular-ramp40s,25,2,48,0.9940769990128332,0.9532552361488342
lr_fixed_tpe_pareto,sub-04_FDSI_triangular-ramp40s_snr25dB,sub-04,triangular-ramp40s,25,3,49,0.9868686868686868,0.953737497329712
lr_fixed_tpe_pareto,sub-04_FDSI_triangular-ramp40s_snr25dB,sub-04,triangular-ramp40s,25,4,44,0.9829136690647482,0.9264265894889832
lr_fixed_tpe_pareto,sub-04_FDSI_triangular-ramp40s_snr25dB,sub-04,triangular-ramp40s,25,5,50,0.9734151329243352,0.9463542699813844
lr_fixed_tpe_pareto,sub-04_FDSI_triangular-ramp40s_snr25dB,sub-04,triangular-ramp40s,25,6,51,0.6199203187250996,0.906097948551178
lr_fixed_tpe_pareto,sub-04_FDSI_triangular-ramp40s_snr25dB,sub-04,triangular-ramp40s,25,7,54,0.984468339307049,0.9476934671401978
lr_fixed_tpe_pareto,sub-04_FDSI_triangular-ramp40s_snr20dB,sub-04,triangular-ramp40s,20,0,42,0.9722703639514731,0.9276862740516664
lr_fixed_tpe_pareto,sub-04_FDSI_triangular-ramp40s_snr20dB,sub-04,triangular-ramp40s,20,1,41,0.9931623931623932,0.9869924783706664
lr_fixed_tpe_pareto,sub-04_FDSI_triangular-ramp40s_snr20dB,sub-04,triangular-ramp40s,20,2,44,0.9515695067264572,0.9045525789260864
lr_fixed_tpe_pareto,sub-04_FDSI_triangular-ramp40s_snr20dB,sub-04,triangular-ramp40s,20,3,48,0.979269496544916,0.9388566613197328
lr_fixed_tpe_pareto,sub-04_FDSI_triangular-ramp40s_snr15dB,sub-04,triangular-ramp40s,15,0,41,0.9931623931623932,0.9802706837654114
lr_fixed_tpe_pareto,sub-04_FDSI_triangular-ramp20s_snr30dB,sub-04,triangular-ramp20s,30,0,48,0.99603567888999,0.964217722415924
lr_fixed_tpe_pareto,sub-04_FDSI_triangular-ramp20s_snr30dB,sub-04,triangular-ramp20s,30,1,41,0.9932318104906938,0.9862313270568848
lr_fixed_tpe_pareto,sub-04_FDSI_triangular-ramp20s_snr30dB,sub-04,triangular-ramp20s,30,2,50,0.9556004036326944,0.9276720881462096
lr_fixed_tpe_pareto,sub-04_FDSI_triangular-ramp20s_snr30dB,sub-04,triangular-ramp20s,30,3,42,0.9956896551724138,0.9596348404884338
lr_fixed_tpe_pareto,sub-04_FDSI_triangular-ramp20s_snr30dB,sub-04,triangular-ramp20s,30,4,49,0.9918367346938776,0.9598965644836426
lr_fixed_tpe_pareto,sub-04_FDSI_triangular-ramp20s_snr30dB,sub-04,triangular-ramp20s,30,5,44,0.967391304347826,0.9253565669059752
lr_fixed_tpe_pareto,sub-04_FDSI_triangular-ramp20s_snr30dB,sub-04,triangular-ramp20s,30,6,23,0.9712280701754386,0.9406352043151855
lr_fixed_tpe_pareto,sub-04_FDSI_triangular-ramp20s_snr30dB,sub-04,triangular-ramp20s,30,7,37,0.7914012738853503,0.8907871246337891
lr_fixed_tpe_pareto,sub-04_FDSI_triangular-ramp20s_snr30dB,sub-04,triangular-ramp20s,30,8,53,0.9746251441753172,0.9293004274368286
lr_fixed_tpe_pareto,sub-04_FDSI_triangular-ramp20s_snr30dB,sub-04,triangular-ramp20s,30,9,51,0.966702470461869,0.9199439883232116
lr_fixed_tpe_pareto,sub-04_FDSI_triangular-ramp20s_snr30dB,sub-04,triangular-ramp20s,30,10,17,0.9697783747481532,0.9353607892990112
lr_fixed_tpe_pareto,sub-04_FDSI_triangular-ramp20s_snr30dB,sub-04,triangular-ramp20s,30,11,54,0.980722891566265,0.9191552996635436
lr_fixed_tpe_pareto,sub-04_FDSI_triangular-ramp20s_snr25dB,sub-04,triangular-ramp20s,25,0,41,0.9949238578680204,0.9859325289726256
lr_fixed_tpe_pareto,sub-04_FDSI_triangular-ramp20s_snr25dB,sub-04,triangular-ramp20s,25,1,51,0.3507610853739245,0.8859179019927979
lr_fixed_tpe_pareto,sub-04_FDSI_triangular-ramp20s_snr25dB,sub-04,triangular-ramp20s,25,2,54,0.6583034647550776,0.8941330909729004
lr_fixed_tpe_pareto,sub-04_FDSI_triangular-ramp20s_snr25dB,sub-04,triangular-ramp20s,25,3,42,0.9922413793103448,0.938162326812744
lr_fixed_tpe_pareto,sub-04_FDSI_triangular-ramp20s_snr25dB,sub-04,triangular-ramp20s,25,4,48,0.8762376237623762,0.91520094871521
lr_fixed_tpe_pareto,sub-04_FDSI_triangular-ramp20s_snr25dB,sub-04,triangular-ramp20s,25,5,50,0.9704383282364932,0.939360499382019
lr_fixed_tpe_pareto,sub-04_FDSI_triangular-ramp20s_snr25dB,sub-04,triangular-ramp20s,25,6,49,0.9744897959183674,0.9310864210128784
lr_fixed_tpe_pareto,sub-04_FDSI_triangular-ramp20s_snr25dB,sub-04,triangular-ramp20s,25,7,44,0.9214092140921408,0.9152241945266724
lr_fixed_tpe_pareto,sub-04_FDSI_triangular-ramp20s_snr25dB,sub-04,triangular-ramp20s,25,8,53,0.9285714285714286,0.9064785838127136
lr_fixed_tpe_pareto,sub-04_FDSI_triangular-ramp20s_snr20dB,sub-04,triangular-ramp20s,20,0,48,0.9603960396039604,0.9258685111999512
lr_fixed_tpe_pareto,sub-04_FDSI_triangular-ramp20s_snr20dB,sub-04,triangular-ramp20s,20,1,41,0.9949238578680204,0.9822472929954528
lr_fixed_tpe_pareto,sub-04_FDSI_triangular-ramp20s_snr20dB,sub-04,triangular-ramp20s,20,2,42,0.9353448275862069,0.8950942754745483
lr_fixed_tpe_pareto,sub-04_FDSI_triangular-ramp20s_snr15dB,sub-04,triangular-ramp20s,15,0,41,0.9949238578680204,0.9764273166656494
lr_fixed_tpe_pareto,sub-04_FDSI_triangular-ramp10s_snr30dB,sub-04,triangular-ramp10s,30,0,49,0.977687626774848,0.9294293522834778
lr_fixed_tpe_pareto,sub-04_FDSI_triangular-ramp10s_snr30dB,sub-04,triangular-ramp10s,30,1,41,0.9965811965811966,0.9833415150642396
lr_fixed_tpe_pareto,sub-04_FDSI_triangular-ramp10s_snr30dB,sub-04,triangular-ramp10s,30,2,48,0.7753479125248509,0.9196288585662842
lr_fixed_tpe_pareto,sub-04_FDSI_triangular-ramp10s_snr30dB,sub-04,triangular-ramp10s,30,3,51,0.9009687836383208,0.9065283536911012
lr_fixed_tpe_pareto,sub-04_FDSI_triangular-ramp10s_snr30dB,sub-04,triangular-ramp10s,30,4,42,0.7543103448275862,0.8998945355415344
lr_fixed_tpe_pareto,sub-04_FDSI_triangular-ramp10s_snr30dB,sub-04,triangular-ramp10s,30,5,47,0.0581140350877193,0.9098219871520996
lr_fixed_tpe_pareto,sub-04_FDSI_triangular-ramp10s_snr30dB,sub-04,triangular-ramp10s,30,6,50,0.9032882011605416,0.898975133895874
lr_fixed_tpe_pareto,sub-04_FDSI_triangular-ramp10s_snr30dB,sub-04,triangular-ramp10s,30,7,44,0.8312387791741472,0.9178586602211
lr_fixed_tpe_pareto,sub-04_FDSI_triangular-ramp10s_snr30dB,sub-04,triangular-ramp10s,30,8,17,0.964619492656876,0.933426320552826
lr_fixed_tpe_pareto,sub-04_FDSI_triangular-ramp10s_snr30dB,sub-04,triangular-ramp10s,30,9,53,0.928652321630804,0.9018572568893432
lr_fixed_tpe_pareto,sub-04_FDSI_triangular-ramp10s_snr30dB,sub-04,triangular-ramp10s,30,10,54,0.9206730769230768,0.9261261224746704
lr_fixed_tpe_pareto,sub-04_FDSI_triangular-ramp10s_snr30dB,sub-04,triangular-ramp10s,30,11,33,0.9154716981132076,0.9088746905326844
lr_fixed_tpe_pareto,sub-04_FDSI_triangular-ramp10s_snr25dB,sub-04,triangular-ramp10s,25,0,54,0.731042654028436,0.8870345950126648
lr_fixed_tpe_pareto,sub-04_FDSI_triangular-ramp10s_snr25dB,sub-04,triangular-ramp10s,25,1,49,0.849802371541502,0.9092375636100768
lr_fixed_tpe_pareto,sub-04_FDSI_triangular-ramp10s_snr25dB,sub-04,triangular-ramp10s,25,2,41,0.9965811965811966,0.9840725064277648
lr_fixed_tpe_pareto,sub-04_FDSI_triangular-ramp10s_snr25dB,sub-04,triangular-ramp10s,25,3,42,0.9470945359930616,0.9126381874084472
lr_fixed_tpe_pareto,sub-04_FDSI_triangular-ramp10s_snr25dB,sub-04,triangular-ramp10s,25,4,50,0.8673870333988212,0.8922271132469177
lr_fixed_tpe_pareto,sub-04_FDSI_triangular-ramp10s_snr25dB,sub-04,triangular-ramp10s,25,5,44,0.7994628469113697,0.911163866519928
lr_fixed_tpe_pareto,sub-04_FDSI_triangular-ramp10s_snr25dB,sub-04,triangular-ramp10s,25,6,51,0.6931067044381491,0.8903281092643738
lr_fixed_tpe_pareto,sub-04_FDSI_triangular-ramp10s_snr25dB,sub-04,triangular-ramp10s,25,7,48,0.9701789264413518,0.9293885231018066
lr_fixed_tpe_pareto,sub-04_FDSI_triangular-ramp10s_snr20dB,sub-04,triangular-ramp10s,20,0,41,0.9914529914529916,0.9798285961151124
lr_fixed_tpe_pareto,sub-04_FDSI_triangular-ramp10s_snr20dB,sub-04,triangular-ramp10s,20,1,49,0.7545090180360722,0.8932747840881348
lr_fixed_tpe_pareto,sub-04_FDSI_triangular-ramp10s_snr20dB,sub-04,triangular-ramp10s,20,2,42,0.8673026886383348,0.9006562829017639
lr_fixed_tpe_pareto,sub-04_FDSI_triangular-ramp10s_snr20dB,sub-04,triangular-ramp10s,20,3,50,0.7984862819299905,0.879457950592041
lr_fixed_tpe_pareto,sub-04_FDSI_triangular-ramp10s_snr20dB,sub-04,triangular-ramp10s,20,4,48,0.6954365079365079,0.8939148187637329
lr_fixed_tpe_pareto,sub-04_FDSI_triangular-ramp10s_snr15dB,sub-04,triangular-ramp10s,15,0,41,0.9914529914529916,0.9721770882606506
lr_fixed_tpe_pareto,sub-04_FDSI_triangular-ramp5s_snr30dB,sub-04,triangular-ramp5s,30,0,50,0.7328482328482329,0.9255051612854004
lr_fixed_tpe_pareto,sub-04_FDSI_triangular-ramp5s_snr30dB,sub-04,triangular-ramp5s,30,1,42,0.7401918047079338,0.923209309577942
lr_fixed_tpe_pareto,sub-04_FDSI_triangular-ramp5s_snr30dB,sub-04,triangular-ramp5s,30,2,48,0.8702970297029703,0.930583357810974
lr_fixed_tpe_pareto,sub-04_FDSI_triangular-ramp5s_snr30dB,sub-04,triangular-ramp5s,30,3,44,0.7497741644083108,0.9131967425346376
lr_fixed_tpe_pareto,sub-04_FDSI_triangular-ramp5s_snr30dB,sub-04,triangular-ramp5s,30,4,41,0.9966159052453468,0.9768435955047609
lr_fixed_tpe_pareto,sub-04_FDSI_triangular-ramp5s_snr30dB,sub-04,triangular-ramp5s,30,5,23,0.8981417756366139,0.9185733199119568
lr_fixed_tpe_pareto,sub-04_FDSI_triangular-ramp5s_snr30dB,sub-04,triangular-ramp5s,30,6,49,0.713272543059777,0.914956271648407
lr_fixed_tpe_pareto,sub-04_FDSI_triangular-ramp5s_snr30dB,sub-04,triangular-ramp5s,30,7,54,0.6206482593037215,0.9167588353157043
lr_fixed_tpe_pareto,sub-04_FDSI_triangular-ramp5s_snr30dB,sub-04,triangular-ramp5s,30,8,53,0.8755656108597285,0.9049551486968994
lr_fixed_tpe_pareto,sub-04_FDSI_triangular-ramp5s_snr30dB,sub-04,triangular-ramp5s,30,9,47,0.0650588895120583,0.9086066484451294
lr_fixed_tpe_pareto,sub-04_FDSI_triangular-ramp5s_snr30dB,sub-04,triangular-ramp5s,30,10,51,0.5973741794310722,0.9108030796051024
lr_fixed_tpe_pareto,sub-04_FDSI_triangular-ramp5s_snr25dB,sub-04,triangular-ramp5s,25,0,42,0.7000871839581517,0.9211592674255372
lr_fixed_tpe_pareto,sub-04_FDSI_triangular-ramp5s_snr25dB,sub-04,triangular-ramp5s,25,1,48,0.8465346534653465,0.9266564846038818
lr_fixed_tpe_pareto,sub-04_FDSI_triangular-ramp5s_snr25dB,sub-04,triangular-ramp5s,25,2,44,0.7114517583408476,0.9125237464904784
lr_fixed_tpe_pareto,sub-04_FDSI_triangular-ramp5s_snr25dB,sub-04,triangular-ramp5s,25,3,41,0.9966159052453468,0.9724239706993104
lr_fixed_tpe_pareto,sub-04_FDSI_triangular-ramp5s_snr25dB,sub-04,triangular-ramp5s,25,4,54,0.4289127837514934,0.9023975133895874
lr_fixed_tpe_pareto,sub-04_FDSI_triangular-ramp5s_snr25dB,sub-04,triangular-ramp5s,25,5,50,0.6787190082644629,0.9206854701042176
lr_fixed_tpe_pareto,sub-04_FDSI_triangular-ramp5s_snr25dB,sub-04,triangular-ramp5s,25,6,53,0.8475336322869955,0.8901320695877075
lr_fixed_tpe_pareto,sub-04_FDSI_triangular-ramp5s_snr25dB,sub-04,triangular-ramp5s,25,7,49,0.6673407482305359,0.9173325300216676
lr_fixed_tpe_pareto,sub-04_FDSI_triangular-ramp5s_snr25dB,sub-04,triangular-ramp5s,25,8,51,0.6264929424538545,0.8942883014678955
lr_fixed_tpe_pareto,sub-04_FDSI_triangular-ramp5s_snr20dB,sub-04,triangular-ramp5s,20,0,41,0.9966159052453468,0.9672345519065856
lr_fixed_tpe_pareto,sub-04_FDSI_triangular-ramp5s_snr20dB,sub-04,triangular-ramp5s,20,1,48,0.7643564356435644,0.9230318069458008
lr_fixed_tpe_pareto,sub-04_FDSI_triangular-ramp5s_snr20dB,sub-04,triangular-ramp5s,20,2,42,0.6120313862249346,0.9122674465179444
lr_fixed_tpe_pareto,sub-04_FDSI_triangular-ramp5s_snr15dB,sub-04,triangular-ramp5s,15,0,41,0.994077834179357,0.9543497562408448
lr_fixed_tpe_pareto,sub-05_FDSI_staircase_snr30dB,sub-05,staircase,30,0,35,0.9949012109623964,0.9620026350021362
lr_fixed_tpe_pareto,sub-05_FDSI_staircase_snr30dB,sub-05,staircase,30,1,31,0.9958775029446408,0.9655102491378784
lr_fixed_tpe_pareto,sub-05_FDSI_staircase_snr30dB,sub-05,staircase,30,2,44,0.9991204925241864,0.9781394004821776
lr_fixed_tpe_pareto,sub-05_FDSI_staircase_snr30dB,sub-05,staircase,30,3,43,0.9908256880733946,0.9822614192962646
lr_fixed_tpe_pareto,sub-05_FDSI_staircase_snr30dB,sub-05,staircase,30,4,42,0.9442675159235668,0.8939638733863831
lr_fixed_tpe_pareto,sub-05_FDSI_staircase_snr30dB,sub-05,staircase,30,5,30,0.9941724941724942,0.9473636150360109
lr_fixed_tpe_pareto,sub-05_FDSI_staircase_snr30dB,sub-05,staircase,30,6,40,0.9919117647058824,0.9576188325881958
lr_fixed_tpe_pareto,sub-05_FDSI_staircase_snr30dB,sub-05,staircase,30,7,36,0.8506196999347684,0.9332669973373412
lr_fixed_tpe_pareto,sub-05_FDSI_staircase_snr30dB,sub-05,staircase,30,8,41,0.8182402055234426,0.9252707362174988
lr_fixed_tpe_pareto,sub-05_FDSI_staircase_snr30dB,sub-05,staircase,30,9,16,0.9897209985315712,0.963182806968689
lr_fixed_tpe_pareto,sub-05_FDSI_staircase_snr30dB,sub-05,staircase,30,10,37,0.8091133004926109,0.9136733412742616
lr_fixed_tpe_pareto,sub-05_FDSI_staircase_snr30dB,sub-05,staircase,30,11,39,0.9914346895074948,0.9496214389801024
lr_fixed_tpe_pareto,sub-05_FDSI_staircase_snr30dB,sub-05,staircase,30,12,34,0.9806007509386734,0.9459663033485411
lr_fixed_tpe_pareto,sub-05_FDSI_staircase_snr30dB,sub-05,staircase,30,13,33,0.275797373358349,0.8792471885681152
lr_fixed_tpe_pareto,sub-05_FDSI_staircase_snr25dB,sub-05,staircase,25,0,31,0.9905771495877504,0.9522205591201782
lr_fixed_tpe_pareto,sub-05_FDSI_staircase_snr25dB,sub-05,staircase,25,1,44,0.9991204925241864,0.9674567580223083
lr_fixed_tpe_pareto,sub-05_FDSI_staircase_snr25dB,sub-05,staircase,25,2,42,0.6411960132890365,0.8395066857337952
lr_fixed_tpe_pareto,sub-05_FDSI_staircase_snr25dB,sub-05,staircase,25,3,40,0.991182953710507,0.9391819834709167
lr_fixed_tpe_pareto,sub-05_FDSI_staircase_snr25dB,sub-05,staircase,25,4,30,0.9912587412587412,0.9451704621315002
lr_fixed_tpe_pareto,sub-05_FDSI_staircase_snr25dB,sub-05,staircase,25,5,43,0.9508742714404664,0.8874313831329346
lr_fixed_tpe_pareto,sub-05_FDSI_staircase_snr25dB,sub-05,staircase,25,6,41,0.6650511577813678,0.9069711565971376
lr_fixed_tpe_pareto,sub-05_FDSI_staircase_snr25dB,sub-05,staircase,25,7,36,0.7965152457996266,0.9129118323326112
lr_fixed_tpe_pareto,sub-05_FDSI_staircase_snr25dB,sub-05,staircase,25,8,35,0.9859783301465902,0.9434274435043336
lr_fixed_tpe_pareto,sub-05_FDSI_staircase_snr25dB,sub-05,staircase,25,9,16,0.9804209495839452,0.9455353021621704
lr_fixed_tpe_pareto,sub-05_FDSI_staircase_snr20dB,sub-05,staircase,20,0,31,0.9829311359623308,0.9307895302772522
lr_fixed_tpe_pareto,sub-05_FDSI_staircase_snr20dB,sub-05,staircase,20,1,43,0.994161801501251,0.963809847831726
lr_fixed_tpe_pareto,sub-05_FDSI_staircase_snr20dB,sub-05,staircase,20,2,44,0.9590592334494772,0.8712557554244995
lr_fixed_tpe_pareto,sub-05_FDSI_staircase_snr15dB,sub-05,staircase,15,0,31,0.9328663164039696,0.902185320854187
lr_fixed_tpe_pareto,sub-05_FDSI_staircase_snr15dB,sub-05,staircase,15,1,43,0.9858215179316095,0.9390142560005188
lr_fixed_tpe_pareto,sub-05_FDSI_staircase_snr15dB,sub-05,staircase,15,2,44,0.8639398998330551,0.8354836702346802
lr_fixed_tpe_pareto,sub-05_FDSI_triangular-ramp40s_snr30dB,sub-05,triangular-ramp40s,30,0,44,0.2216943784639746,0.904495120048523
lr_fixed_tpe_pareto,sub-05_FDSI_triangular-ramp40s_snr30dB,sub-05,triangular-ramp40s,30,1,41,0.8140969162995595,0.928986430168152
lr_fixed_tpe_pareto,sub-05_FDSI_triangular-ramp40s_snr30dB,sub-05,triangular-ramp40s,30,2,35,0.9929140832595216,0.958998441696167
lr_fixed_tpe_pareto,sub-05_FDSI_triangular-ramp40s_snr30dB,sub-05,triangular-ramp40s,30,3,30,0.9936507936507936,0.9601147174835204
lr_fixed_tpe_pareto,sub-05_FDSI_triangular-ramp40s_snr30dB,sub-05,triangular-ramp40s,30,4,31,0.995090016366612,0.9510009288787842
lr_fixed_tpe_pareto,sub-05_FDSI_triangular-ramp40s_snr30dB,sub-05,triangular-ramp40s,30,5,40,0.9938398357289528,0.9600979685783386
lr_fixed_tpe_pareto,sub-05_FDSI_triangular-ramp40s_snr30dB,sub-05,triangular-ramp40s,30,6,33,0.1827298050139275,0.7514112591743469
lr_fixed_tpe_pareto,sub-05_FDSI_triangular-ramp40s_snr30dB,sub-05,triangular-ramp40s,30,7,43,0.9930232558139536,0.9792640805244446
lr_fixed_tpe_pareto,sub-05_FDSI_triangular-ramp40s_snr30dB,sub-05,triangular-ramp40s,30,8,39,0.99197592778335,0.95736426115036
lr_fixed_tpe_pareto,sub-05_FDSI_triangular-ramp40s_snr30dB,sub-05,triangular-ramp40s,30,9,16,0.9932019034670292,0.9594794511795044
lr_fixed_tpe_pareto,sub-05_FDSI_triangular-ramp40s_snr30dB,sub-05,triangular-ramp40s,30,10,42,0.944994499449945,0.8930161595344543
lr_fixed_tpe_pareto,sub-05_FDSI_triangular-ramp40s_snr30dB,sub-05,triangular-ramp40s,30,11,36,0.8073630136986302,0.916231334209442
lr_fixed_tpe_pareto,sub-05_FDSI_triangular-ramp40s_snr25dB,sub-05,triangular-ramp40s,25,0,44,0.3280632411067193,0.8506085276603699
lr_fixed_tpe_pareto,sub-05_FDSI_triangular-ramp40s_snr25dB,sub-05,triangular-ramp40s,25,1,41,0.6614814814814814,0.9158029556274414
lr_fixed_tpe_pareto,sub-05_FDSI_triangular-ramp40s_snr25dB,sub-05,triangular-ramp40s,25,2,35,0.983170947741364,0.9347798228263856
lr_fixed_tpe_pareto,sub-05_FDSI_triangular-ramp40s_snr25dB,sub-05,triangular-ramp40s,25,3,30,0.9833465503568596,0.9381453394889832
lr_fixed_tpe_pareto,sub-05_FDSI_triangular-ramp40s_snr25dB,sub-05,triangular-ramp40s,25,4,31,0.995090016366612,0.9435530304908752
lr_fixed_tpe_pareto,sub-05_FDSI_triangular-ramp40s_snr25dB,sub-05,triangular-ramp40s,25,5,40,0.9846153846153848,0.9369849562644958
lr_fixed_tpe_pareto,sub-05_FDSI_triangular-ramp40s_snr25dB,sub-05,triangular-ramp40s,25,6,43,0.9639953542392566,0.8965592384338379
lr_fixed_tpe_pareto,sub-05_FDSI_triangular-ramp40s_snr25dB,sub-05,triangular-ramp40s,25,7,36,0.2485474499677211,0.7277660369873047
lr_fixed_tpe_pareto,sub-05_FDSI_triangular-ramp40s_snr25dB,sub-05,triangular-ramp40s,25,8,16,0.9796057104010876,0.9420775771141052
lr_fixed_tpe_pareto,sub-05_FDSI_triangular-ramp40s_snr25dB,sub-05,triangular-ramp40s,25,9,39,0.9565646594274432,0.9220067858695984
lr_fixed_tpe_pareto,sub-05_FDSI_triangular-ramp40s_snr20dB,sub-05,triangular-ramp40s,20,0,43,0.9604651162790696,0.9086048007011414
lr_fixed_tpe_pareto,sub-05_FDSI_triangular-ramp40s_snr20dB,sub-05,triangular-ramp40s,20,1,31,0.983646770237122,0.9247661232948304
lr_fixed_tpe_pareto,sub-05_FDSI_triangular-ramp40s_snr20dB,sub-05,triangular-ramp40s,20,2,44,0.992638036809816,0.9560183882713318
lr_fixed_tpe_pareto,sub-05_FDSI_triangular-ramp40s_snr15dB,sub-05,triangular-ramp40s,15,0,43,0.9802325581395348,0.9369809031486512
lr_fixed_tpe_pareto,sub-05_FDSI_triangular-ramp40s_snr15dB,sub-05,triangular-ramp40s,15,1,44,0.7314917127071823,0.8395969271659851
lr_fixed_tpe_pareto,sub-05_FDSI_triangular-ramp20s_snr30dB,sub-05,triangular-ramp20s,30,0,44,0.565677966101695,0.8894597291946411
lr_fixed_tpe_pareto,sub-05_FDSI_triangular-ramp20s_snr30dB,sub-05,triangular-ramp20s,30,1,39,0.9330783938814532,0.921659767627716
lr_fixed_tpe_pareto,sub-05_FDSI_triangular-ramp20s_snr30dB,sub-05,triangular-ramp20s,30,2,35,0.9751332149200712,0.9254344701766968
lr_fixed_tpe_pareto,sub-05_FDSI_triangular-ramp20s_snr30dB,sub-05,triangular-ramp20s,30,3,36,0.4812030075187969,0.8272761106491089
lr_fixed_tpe_pareto,sub-05_FDSI_triangular-ramp20s_snr30dB,sub-05,triangular-ramp20s,30,4,43,0.9883177570093458,0.962048590183258
lr_fixed_tpe_pareto,sub-05_FDSI_triangular-ramp20s_snr30dB,sub-05,triangular-ramp20s,30,5,31,0.9934426229508196,0.9381358027458192
lr_fixed_tpe_pareto,sub-05_FDSI_triangular-ramp20s_snr30dB,sub-05,triangular-ramp20s,30,6,40,0.9836065573770492,0.9346358776092528
lr_fixed_tpe_pareto,sub-05_FDSI_triangular-ramp20s_snr30dB,sub-05,triangular-ramp20s,30,7,34,0.8259005145797599,0.8918457627296448
lr_fixed_tpe_pareto,sub-05_FDSI_triangular-ramp20s_snr30dB,sub-05,triangular-ramp20s,30,8,42,0.8329718004338394,0.879266619682312
lr_fixed_tpe_pareto,sub-05_FDSI_triangular-ramp20s_snr30dB,sub-05,triangular-ramp20s,30,9,30,0.9792166266986412,0.9360430836677552
lr_fixed_tpe_pareto,sub-05_FDSI_triangular-ramp20s_snr30dB,sub-05,triangular-ramp20s,30,10,41,0.6159722222222223,0.898395299911499
lr_fixed_tpe_pareto,sub-05_FDSI_triangular-ramp20s_snr30dB,sub-05,triangular-ramp20s,30,11,37,0.3555979643765903,0.8562195897102356
lr_fixed_tpe_pareto,sub-05_FDSI_triangular-ramp20s_snr30dB,sub-05,triangular-ramp20s,30,12,16,0.9905149051490516,0.9522477388381958
lr_fixed_tpe_pareto,sub-05_FDSI_triangular-ramp20s_snr25dB,sub-05,triangular-ramp20s,25,0,44,0.5227272727272727,0.8941114544868469
lr_fixed_tpe_pareto,sub-05_FDSI_triangular-ramp20s_snr25dB,sub-05,triangular-ramp20s,25,1,40,0.1508485229415462,0.8922181725502014
lr_fixed_tpe_pareto,sub-05_FDSI_triangular-ramp20s_snr25dB,sub-05,triangular-ramp20s,25,2,41,0.1197604790419161,0.9039413928985596
lr_fixed_tpe_pareto,sub-05_FDSI_triangular-ramp20s_snr25dB,sub-05,triangular-ramp20s,25,3,30,0.9456434852118304,0.919230818748474
lr_fixed_tpe_pareto,sub-05_FDSI_triangular-ramp20s_snr25dB,sub-05,triangular-ramp20s,25,4,16,0.9722222222222222,0.9400253295898438
lr_fixed_tpe_pareto,sub-05_FDSI_triangular-ramp20s_snr25dB,sub-05,triangular-ramp20s,25,5,43,0.9848130841121496,0.9337964653968812
lr_fixed_tpe_pareto,sub-05_FDSI_triangular-ramp20s_snr25dB,sub-05,triangular-ramp20s,25,6,31,0.9885245901639343,0.9147510528564452
lr_fixed_tpe_pareto,sub-05_FDSI_triangular-ramp20s_snr25dB,sub-05,triangular-ramp20s,25,7,34,0.1380314502038439,0.8475465178489685
lr_fixed_tpe_pareto,sub-05_FDSI_triangular-ramp20s_snr25dB,sub-05,triangular-ramp20s,25,8,35,0.9423247559893524,0.9143869876861572
lr_fixed_tpe_pareto,sub-05_FDSI_triangular-ramp20s_snr20dB,sub-05,triangular-ramp20s,20,0,44,0.4673170731707317,0.8762086033821106
lr_fixed_tpe_pareto,sub-05_FDSI_triangular-ramp20s_snr20dB,sub-05,triangular-ramp20s,20,1,43,0.7386231038506418,0.9053331017494202
lr_fixed_tpe_pareto,sub-05_FDSI_triangular-ramp20s_snr20dB,sub-05,triangular-ramp20s,20,2,31,0.9283970707892596,0.8972914814949036
lr_fixed_tpe_pareto,sub-05_FDSI_triangular-ramp20s_snr15dB,sub-05,triangular-ramp20s,15,0,44,0.5842332613390929,0.8699116706848145
lr_fixed_tpe_pareto,sub-05_FDSI_triangular-ramp20s_snr15dB,sub-05,triangular-ramp20s,15,1,43,0.9544392523364486,0.9154157638549804
lr_fixed_tpe_pareto,sub-05_FDSI_triangular-ramp10s_snr30dB,sub-05,triangular-ramp10s,30,0,43,0.9802555168408827,0.9457822442054749
lr_fixed_tpe_pareto,sub-05_FDSI_triangular-ramp10s_snr30dB,sub-05,triangular-ramp10s,30,1,44,0.9890510948905108,0.9498065710067748
lr_fixed_tpe_pareto,sub-05_FDSI_triangular-ramp10s_snr30dB,sub-05,triangular-ramp10s,30,2,42,0.5368639667705088,0.8998861312866211
lr_fixed_tpe_pareto,sub-05_FDSI_triangular-ramp10s_snr30dB,sub-05,triangular-ramp10s,30,3,30,0.9696243005595524,0.9137802720069884
lr_fixed_tpe_pareto,sub-05_FDSI_triangular-ramp10s_snr30dB,sub-05,triangular-ramp10s,30,4,40,0.8351983723296033,0.9187013506889344
lr_fixed_tpe_pareto,sub-05_FDSI_triangular-ramp10s_snr30dB,sub-05,triangular-ramp10s,30,5,31,0.9396903015484924,0.8916271328926086
lr_fixed_tpe_pareto,sub-05_FDSI_triangular-ramp10s_snr30dB,sub-05,triangular-ramp10s,30,6,36,0.4141331142152835,0.8583683967590332
lr_fixed_tpe_pareto,sub-05_FDSI_triangular-ramp10s_snr30dB,sub-05,triangular-ramp10s,30,7,35,0.7685433422698839,0.9076974391937256
lr_fixed_tpe_pareto,sub-05_FDSI_triangular-ramp10s_snr30dB,sub-05,triangular-ramp10s,30,8,34,0.7630208333333334,0.9035961031913756
lr_fixed_tpe_pareto,sub-05_FDSI_triangular-ramp10s_snr30dB,sub-05,triangular-ramp10s,30,9,39,0.756316218418908,0.8733881115913391
lr_fixed_tpe_pareto,sub-05_FDSI_triangular-ramp10s_snr30dB,sub-05,triangular-ramp10s,30,10,41,0.2087708462013588,0.8784279227256775
lr_fixed_tpe_pareto,sub-05_FDSI_triangular-ramp10s_snr30dB,sub-05,triangular-ramp10s,30,11,33,0.0722192936215076,0.9127647280693054
lr_fixed_tpe_pareto,sub-05_FDSI_triangular-ramp10s_snr30dB,sub-05,triangular-ramp10s,30,12,16,0.9857239972807614,0.9495732188224792
lr_fixed_tpe_pareto,sub-05_FDSI_triangular-ramp10s_snr25dB,sub-05,triangular-ramp10s,25,0,43,0.9802555168408827,0.9388704895973206
lr_fixed_tpe_pareto,sub-05_FDSI_triangular-ramp10s_snr25dB,sub-05,triangular-ramp10s,25,1,35,0.808206958073149,0.9018592834472656
lr_fixed_tpe_pareto,sub-05_FDSI_triangular-ramp10s_snr25dB,sub-05,triangular-ramp10s,25,2,44,0.9756986634264884,0.9350305795669556
lr_fixed_tpe_pareto,sub-05_FDSI_triangular-ramp10s_snr25dB,sub-05,triangular-ramp10s,25,3,30,0.9330677290836652,0.8982281684875488
lr_fixed_tpe_pareto,sub-05_FDSI_triangular-ramp10s_snr25dB,sub-05,triangular-ramp10s,25,4,40,0.7180261832829808,0.8943578004837036
lr_fixed_tpe_pareto,sub-05_FDSI_triangular-ramp10s_snr25dB,sub-05,triangular-ramp10s,25,5,39,0.5463483146067416,0.8645281791687012
lr_fixed_tpe_pareto,sub-05_FDSI_triangular-ramp10s_snr25dB,sub-05,triangular-ramp10s,25,6,41,0.0989834135901551,0.8804898262023926
lr_fixed_tpe_pareto,sub-05_FDSI_triangular-ramp10s_snr25dB,sub-05,triangular-ramp10s,25,7,31,0.9097560975609756,0.887833833694458
lr_fixed_tpe_pareto,sub-05_FDSI_triangular-ramp10s_snr20dB,sub-05,triangular-ramp10s,20,0,43,0.8559814169570267,0.9183425307273864
lr_fixed_tpe_pareto,sub-05_FDSI_triangular-ramp10s_snr20dB,sub-05,triangular-ramp10s,20,1,44,0.9222488038277512,0.9015725255012512
lr_fixed_tpe_pareto,sub-05_FDSI_triangular-ramp10s_snr20dB,sub-05,triangular-ramp10s,20,2,31,0.8645579886455799,0.8856613039970398
lr_fixed_tpe_pareto,sub-05_FDSI_triangular-ramp10s_snr15dB,sub-05,triangular-ramp10s,15,0,44,0.6615384615384615,0.909363090991974
lr_fixed_tpe_pareto,sub-05_FDSI_triangular-ramp10s_snr15dB,sub-05,triangular-ramp10s,15,1,43,0.851335656213705,0.9053381085395812
lr_fixed_tpe_pareto,sub-05_FDSI_triangular-ramp10s_snr15dB,sub-05,triangular-ramp10s,15,2,31,0.7461847389558233,0.8807345628738403
lr_fixed_tpe_pareto,sub-05_FDSI_triangular-ramp5s_snr30dB,sub-05,triangular-ramp5s,30,0,44,0.944920440636475,0.9507917165756226
lr_fixed_tpe_pareto,sub-05_FDSI_triangular-ramp5s_snr30dB,sub-05,triangular-ramp5s,30,1,30,0.726332537788385,0.9202547073364258
lr_fixed_tpe_pareto,sub-05_FDSI_triangular-ramp5s_snr30dB,sub-05,triangular-ramp5s,30,2,43,0.8923976608187134,0.9424919486045836
lr_fixed_tpe_pareto,sub-05_FDSI_triangular-ramp5s_snr30dB,sub-05,triangular-ramp5s,30,3,41,0.4164882226980728,0.9246441125869752
lr_fixed_tpe_pareto,sub-05_FDSI_triangular-ramp5s_snr30dB,sub-05,triangular-ramp5s,30,4,40,0.6189024390243902,0.9336408376693726
lr_fixed_tpe_pareto,sub-05_FDSI_triangular-ramp5s_snr30dB,sub-05,triangular-ramp5s,30,5,36,0.3599274705349048,0.8626734614372253
lr_fixed_tpe_pareto,sub-05_FDSI_triangular-ramp5s_snr30dB,sub-05,triangular-ramp5s,30,6,35,0.7145374449339207,0.90825617313385
lr_fixed_tpe_pareto,sub-05_FDSI_triangular-ramp5s_snr30dB,sub-05,triangular-ramp5s,30,7,34,0.5504745470232959,0.8906956315040588
lr_fixed_tpe_pareto,sub-05_FDSI_triangular-ramp5s_snr30dB,sub-05,triangular-ramp5s,30,8,42,0.4555433589462129,0.9222442507743835
lr_fixed_tpe_pareto,sub-05_FDSI_triangular-ramp5s_snr30dB,sub-05,triangular-ramp5s,30,9,31,0.7192839707078926,0.9022938013076782
lr_fixed_tpe_pareto,sub-05_FDSI_triangular-ramp5s_snr30dB,sub-05,triangular-ramp5s,30,10,39,0.4246575342465753,0.8889983892440796
lr_fixed_tpe_pareto,sub-05_FDSI_triangular-ramp5s_snr30dB,sub-05,triangular-ramp5s,30,11,16,0.9657299520219328,0.9391042590141296
lr_fixed_tpe_pareto,sub-05_FDSI_triangular-ramp5s_snr30dB,sub-05,triangular-ramp5s,30,12,29,0.3149664929262844,0.842070460319519
lr_fixed_tpe_pareto,sub-05_FDSI_triangular-ramp5s_snr25dB,sub-05,triangular-ramp5s,25,0,44,0.8517156862745098,0.9327977895736694
lr_fixed_tpe_pareto,sub-05_FDSI_triangular-ramp5s_snr25dB,sub-05,triangular-ramp5s,25,1,43,0.8631578947368421,0.9348154067993164
lr_fixed_tpe_pareto,sub-05_FDSI_triangular-ramp5s_snr25dB,sub-05,triangular-ramp5s,25,2,30,0.7104216388225935,0.9089024066925048
lr_fixed_tpe_pareto,sub-05_FDSI_triangular-ramp5s_snr25dB,sub-05,triangular-ramp5s,25,3,41,0.4141104294478527,0.9056922793388368
lr_fixed_tpe_pareto,sub-05_FDSI_triangular-ramp5s_snr25dB,sub-05,triangular-ramp5s,25,4,40,0.6022044088176353,0.9184025526046752
lr_fixed_tpe_pareto,sub-05_FDSI_triangular-ramp5s_snr25dB,sub-05,triangular-ramp5s,25,5,42,0.354062186559679,0.8899617195129395
lr_fixed_tpe_pareto,sub-05_FDSI_triangular-ramp5s_snr25dB,sub-05,triangular-ramp5s,25,6,16,0.9376285126799178,0.919940710067749
lr_fixed_tpe_pareto,sub-05_FDSI_triangular-ramp5s_snr25dB,sub-05,triangular-ramp5s,25,7,31,0.6682926829268293,0.8939465880393982
lr_fixed_tpe_pareto,sub-05_FDSI_triangular-ramp5s_snr25dB,sub-05,triangular-ramp5s,25,8,36,0.3503019844693701,0.8589193820953369
lr_fixed_tpe_pareto,sub-05_FDSI_triangular-ramp5s_snr25dB,sub-05,triangular-ramp5s,25,9,35,0.5996457041629761,0.9048545956611632
lr_fixed_tpe_pareto,sub-05_FDSI_triangular-ramp5s_snr20dB,sub-05,triangular-ramp5s,20,0,44,0.7720588235294118,0.9265183210372924
lr_fixed_tpe_pareto,sub-05_FDSI_triangular-ramp5s_snr20dB,sub-05,triangular-ramp5s,20,1,31,0.6868442292171105,0.8994635939598083
lr_fixed_tpe_pareto,sub-05_FDSI_triangular-ramp5s_snr20dB,sub-05,triangular-ramp5s,20,2,43,0.4093567251461988,0.911890149116516
lr_fixed_tpe_pareto,sub-05_FDSI_triangular-ramp5s_snr20dB,sub-05,triangular-ramp5s,20,3,41,0.2349437458636664,0.8700193166732788
lr_fixed_tpe_pareto,sub-05_FDSI_triangular-ramp5s_snr15dB,sub-05,triangular-ramp5s,15,0,43,0.5391812865497077,0.9034096002578736
lr_fixed_tpe_pareto,sub-05_FDSI_triangular-ramp5s_snr15dB,sub-05,triangular-ramp5s,15,1,44,0.4399092970521542,0.8981845378875732
lr_fixed_tpe_roa,sub-01_FDSI_staircase_snr30dB,sub-01,staircase,30,0,28,0.9981818181818182,0.9877040386199952
lr_fixed_tpe_roa,sub-01_FDSI_staircase_snr30dB,sub-01,staircase,30,1,38,0.9938434476693052,0.984880030155182
lr_fixed_tpe_roa,sub-01_FDSI_staircase_snr30dB,sub-01,staircase,30,2,7,0.9689995302959136,0.931627869606018
lr_fixed_tpe_roa,sub-01_FDSI_staircase_snr30dB,sub-01,staircase,30,3,37,0.989247311827957,0.9354522824287416
lr_fixed_tpe_roa,sub-01_FDSI_staircase_snr30dB,sub-01,staircase,30,4,31,0.9842726081258192,0.9155762791633606
lr_fixed_tpe_roa,sub-01_FDSI_staircase_snr30dB,sub-01,staircase,30,5,35,0.9654395191585274,0.9254510402679444
lr_fixed_tpe_roa,sub-01_FDSI_staircase_snr30dB,sub-01,staircase,30,6,34,0.9949238578680204,0.960387110710144
lr_fixed_tpe_roa,sub-01_FDSI_staircase_snr30dB,sub-01,staircase,30,7,30,0.9949109414758268,0.9689950942993164
lr_fixed_tpe_roa,sub-01_FDSI_staircase_snr30dB,sub-01,staircase,30,8,36,0.9952456418383518,0.9739367365837096
lr_fixed_tpe_roa,sub-01_FDSI_staircase_snr30dB,sub-01,staircase,30,9,32,0.9946127946127946,0.9715687036514282
lr_fixed_tpe_roa,sub-01_FDSI_staircase_snr30dB,sub-01,staircase,30,10,24,0.9728230726566832,0.9324156641960144
lr_fixed_tpe_roa,sub-01_FDSI_staircase_snr30dB,sub-01,staircase,30,11,22,0.971304818624797,0.9350796937942504
lr_fixed_tpe_roa,sub-01_FDSI_staircase_snr30dB,sub-01,staircase,30,12,33,0.993006993006993,0.9651044607162476
lr_fixed_tpe_roa,sub-01_FDSI_staircase_snr30dB,sub-01,staircase,30,13,29,0.9734075448361162,0.9190142154693604
lr_fixed_tpe_roa,sub-01_FDSI_staircase_snr25dB,sub-01,staircase,25,0,28,0.9981818181818182,0.9873853325843812
lr_fixed_tpe_roa,sub-01_FDSI_staircase_snr25dB,sub-01,staircase,25,1,38,0.9938434476693052,0.9791713953018188
lr_fixed_tpe_roa,sub-01_FDSI_staircase_snr25dB,sub-01,staircase,25,2,37,0.9842845326716294,0.91148179769516
lr_fixed_tpe_roa,sub-01_FDSI_staircase_snr25dB,sub-01,staircase,25,3,31,0.2537777777777777,0.91207754611969
lr_fixed_tpe_roa,sub-01_FDSI_staircase_snr25dB,sub-01,staircase,25,4,24,0.968940654464781,0.9315034747123718
lr_fixed_tpe_roa,sub-01_FDSI_staircase_snr25dB,sub-01,staircase,25,5,32,0.9946127946127946,0.9583163261413574
lr_fixed_tpe_roa,sub-01_FDSI_staircase_snr25dB,sub-01,staircase,25,6,34,0.9891225525743292,0.93779057264328
lr_fixed_tpe_roa,sub-01_FDSI_staircase_snr25dB,sub-01,staircase,25,7,30,0.9764631043256996,0.930281698703766
lr_fixed_tpe_roa,sub-01_FDSI_staircase_snr25dB,sub-01,staircase,25,8,36,0.993660855784469,0.9698437452316284
lr_fixed_tpe_roa,sub-01_FDSI_staircase_snr25dB,sub-01,staircase,25,9,33,0.9839497557571528,0.9443988800048828
lr_fixed_tpe_roa,sub-01_FDSI_staircase_snr25dB,sub-01,staircase,25,10,35,0.9872084273890144,0.9444990158081056
lr_fixed_tpe_roa,sub-01_FDSI_staircase_snr20dB,sub-01,staircase,20,0,28,0.9981818181818182,0.98511004447937
lr_fixed_tpe_roa,sub-01_FDSI_staircase_snr20dB,sub-01,staircase,20,1,38,0.9929639401934915,0.9633800387382508
lr_fixed_tpe_roa,sub-01_FDSI_staircase_snr20dB,sub-01,staircase,20,2,37,0.958643507030604,0.9040417671203612
lr_fixed_tpe_roa,sub-01_FDSI_staircase_snr20dB,sub-01,staircase,20,3,36,0.9722882026920032,0.9313900470733644
lr_fixed_tpe_roa,sub-01_FDSI_staircase_snr20dB,sub-01,staircase,20,4,34,0.96529284164859,0.9127750992774964
lr_fixed_tpe_roa,sub-01_FDSI_staircase_snr20dB,sub-01,staircase,20,5,32,0.9946127946127946,0.9554535150527954
lr_fixed_tpe_roa,sub-01_FDSI_staircase_snr15dB,sub-01,staircase,15,0,28,0.9981818181818182,0.9817544221878052
lr_fixed_tpe_roa,sub-01_FDSI_staircase_snr15dB,sub-01,staircase,15,1,38,0.9912049252418644,0.9336064457893372
lr_fixed_tpe_roa,sub-01_FDSI_staircase_snr15dB,sub-01,staircase,15,2,36,0.9809825673534072,0.9302000999450684
lr_fixed_tpe_roa,sub-01_FDSI_staircase_snr15dB,sub-01,staircase,15,3,34,0.8924050632911392,0.8665529489517212
lr_fixed_tpe_roa,sub-01_FDSI_staircase_snr15dB,sub-01,staircase,15,4,32,0.9623402824478816,0.9249059557914734
lr_fixed_tpe_roa,sub-01_FDSI_triangular-ramp40s_snr30dB,sub-01,triangular-ramp40s,30,0,-1,0.9949494949494948,0.9880852699279784
lr_fixed_tpe_roa,sub-01_FDSI_triangular-ramp40s_snr30dB,sub-01,triangular-ramp40s,30,1,-1,0.9981167608286252,0.951076328754425
lr_fixed_tpe_roa,sub-01_FDSI_triangular-ramp40s_snr30dB,sub-01,triangular-ramp40s,30,2,-1,0.993857493857494,0.9837087988853456
lr_fixed_tpe_roa,sub-01_FDSI_triangular-ramp40s_snr30dB,sub-01,triangular-ramp40s,30,3,-1,0.9744483159117304,0.8862122893333435
lr_fixed_tpe_roa,sub-01_FDSI_triangular-ramp40s_snr30dB,sub-01,triangular-ramp40s,30,4,-1,0.9495798319327732,0.9046267867088318
lr_fixed_tpe_roa,sub-01_FDSI_triangular-ramp40s_snr30dB,sub-01,triangular-ramp40s,30,5,-1,0.992835209825998,0.9603558778762816
lr_fixed_tpe_roa,sub-01_FDSI_triangular-ramp40s_snr30dB,sub-01,triangular-ramp40s,30,6,-1,0.9933847850055126,0.978979229927063
lr_fixed_tpe_roa,sub-01_FDSI_triangular-ramp40s_snr30dB,sub-01,triangular-ramp40s,30,7,-1,0.99412915851272,0.9659169316291808
lr_fixed_tpe_roa,sub-01_FDSI_triangular-ramp40s_snr30dB,sub-01,triangular-ramp40s,30,8,-1,0.9947229551451188,0.9711523056030272
lr_fixed_tpe_roa,sub-01_FDSI_triangular-ramp40s_snr30dB,sub-01,triangular-ramp40s,30,9,-1,0.9233791748526524,0.9197468757629396
lr_fixed_tpe_roa,sub-01_FDSI_triangular-ramp40s_snr30dB,sub-01,triangular-ramp40s,30,10,-1,0.9785038693035254,0.9256022572517396
lr_fixed_tpe_roa,sub-01_FDSI_triangular-ramp40s_snr30dB,sub-01,triangular-ramp40s,30,11,-1,0.986351228389445,0.9451953172683716
lr_fixed_tpe_roa,sub-01_FDSI_triangular-ramp40s_snr30dB,sub-01,triangular-ramp40s,30,12,-1,0.9578947368421052,0.9201527237892152
lr_fixed_tpe_roa,sub-01_FDSI_triangular-ramp40s_snr30dB,sub-01,triangular-ramp40s,30,13,-1,0.985202492211838,0.9402294158935548
lr_fixed_tpe_roa,sub-01_FDSI_triangular-ramp40s_snr25dB,sub-01,triangular-ramp40s,25,0,28,0.9949494949494948,0.9875722527503968
lr_fixed_tpe_roa,sub-01_FDSI_triangular-ramp40s_snr25dB,sub-01,triangular-ramp40s,25,1,32,0.9896421845574388,0.9366087317466736
lr_fixed_tpe_roa,sub-01_FDSI_triangular-ramp40s_snr25dB,sub-01,triangular-ramp40s,25,2,38,0.993857493857494,0.9224387407302856
lr_fixed_tpe_roa,sub-01_FDSI_triangular-ramp40s_snr25dB,sub-01,triangular-ramp40s,25,3,37,0.9245939675174014,0.8778759837150574
lr_fixed_tpe_roa,sub-01_FDSI_triangular-ramp40s_snr25dB,sub-01,triangular-ramp40s,25,4,24,0.9595015576323987,0.9278769493103028
lr_fixed_tpe_roa,sub-01_FDSI_triangular-ramp40s_snr25dB,sub-01,triangular-ramp40s,25,5,34,0.9959058341862844,0.9373988509178162
lr_fixed_tpe_roa,sub-01_FDSI_triangular-ramp40s_snr25dB,sub-01,triangular-ramp40s,25,6,36,0.9933847850055126,0.969169557094574
lr_fixed_tpe_roa,sub-01_FDSI_triangular-ramp40s_snr25dB,sub-01,triangular-ramp40s,25,7,29,0.260379596678529,0.8360458612442017
lr_fixed_tpe_roa,sub-01_FDSI_triangular-ramp40s_snr25dB,sub-01,triangular-ramp40s,25,8,30,0.990325417766051,0.954261302947998
lr_fixed_tpe_roa,sub-01_FDSI_triangular-ramp40s_snr25dB,sub-01,triangular-ramp40s,25,9,35,0.942468619246862,0.9123191833496094
lr_fixed_tpe_roa,sub-01_FDSI_triangular-ramp40s_snr25dB,sub-01,triangular-ramp40s,25,10,31,0.256120527306968,0.8998269438743591
lr_fixed_tpe_roa,sub-01_FDSI_triangular-ramp40s_snr25dB,sub-01,triangular-ramp40s,25,11,33,0.7632933104631218,0.8875643610954285
lr_fixed_tpe_roa,sub-01_FDSI_triangular-ramp40s_snr20dB,sub-01,triangular-ramp40s,20,0,28,0.9957912457912458,0.9862958192825316
lr_fixed_tpe_roa,sub-01_FDSI_triangular-ramp40s_snr20dB,sub-01,triangular-ramp40s,20,1,32,0.992467043314501,0.9517163634300232
lr_fixed_tpe_roa,sub-01_FDSI_triangular-ramp40s_snr20dB,sub-01,triangular-ramp40s,20,2,38,0.9926289926289926,0.9700185656547546
lr_fixed_tpe_roa,sub-01_FDSI_triangular-ramp40s_snr20dB,sub-01,triangular-ramp40s,20,3,35,0.8034274193548387,0.8694967031478882
lr_fixed_tpe_roa,sub-01_FDSI_triangular-ramp40s_snr20dB,sub-01,triangular-ramp40s,20,4,36,0.9889746416758544,0.9624598026275636
lr_fixed_tpe_roa,sub-01_FDSI_triangular-ramp40s_snr20dB,sub-01,triangular-ramp40s,20,5,34,0.9551478083588176,0.8985023498535156
lr_fixed_tpe_roa,sub-01_FDSI_triangular-ramp40s_snr20dB,sub-01,triangular-ramp40s,20,6,37,0.9616724738675958,0.9077640771865844
lr_fixed_tpe_roa,sub-01_FDSI_triangular-ramp40s_snr15dB,sub-01,triangular-ramp40s,15,0,28,0.9957912457912458,0.9833343029022216
lr_fixed_tpe_roa,sub-01_FDSI_triangular-ramp40s_snr15dB,sub-01,triangular-ramp40s,15,1,38,0.98159509202454,0.9488401412963868
lr_fixed_tpe_roa,sub-01_FDSI_triangular-ramp40s_snr15dB,sub-01,triangular-ramp40s,15,2,34,0.8991935483870968,0.8621829152107239
lr_fixed_tpe_roa,sub-01_FDSI_triangular-ramp40s_snr15dB,sub-01,triangular-ramp40s,15,3,36,0.9702315325248072,0.927254855632782
lr_fixed_tpe_roa,sub-01_FDSI_triangular-ramp20s_snr30dB,sub-01,triangular-ramp20s,30,0,38,0.9913473423980222,0.977202296257019
lr_fixed_tpe_roa,sub-01_FDSI_triangular-ramp20s_snr30dB,sub-01,triangular-ramp20s,30,1,37,0.9873708381171068,0.9486595392227172
lr_fixed_tpe_roa,sub-01_FDSI_triangular-ramp20s_snr30dB,sub-01,triangular-ramp20s,30,2,33,0.3283683141503046,0.8863321542739868
lr_fixed_tpe_roa,sub-01_FDSI_triangular-ramp20s_snr30dB,sub-01,triangular-ramp20s,30,3,32,0.9934086629001884,0.9704020619392396
lr_fixed_tpe_roa,sub-01_FDSI_triangular-ramp20s_snr30dB,sub-01,triangular-ramp20s,30,4,28,0.9958471760797342,0.9780203700065612
lr_fixed_tpe_roa,sub-01_FDSI_triangular-ramp20s_snr30dB,sub-01,triangular-ramp20s,30,5,35,0.9832460732984292,0.9336018562316896
lr_fixed_tpe_roa,sub-01_FDSI_triangular-ramp20s_snr30dB,sub-01,triangular-ramp20s,30,6,34,0.9918781725888324,0.95205157995224
lr_fixed_tpe_roa,sub-01_FDSI_triangular-ramp20s_snr30dB,sub-01,triangular-ramp20s,30,7,24,0.990690457719162,0.94619619846344
lr_fixed_tpe_roa,sub-01_FDSI_triangular-ramp20s_snr30dB,sub-01,triangular-ramp20s,30,8,31,0.9400544959128064,0.8957644104957581
lr_fixed_tpe_roa,sub-01_FDSI_triangular-ramp20s_snr30dB,sub-01,triangular-ramp20s,30,9,29,0.1426247288503253,0.8987882733345032
lr_fixed_tpe_roa,sub-01_FDSI_triangular-ramp20s_snr30dB,sub-01,triangular-ramp20s,30,10,36,0.9934138309549944,0.9712159037590028
lr_fixed_tpe_roa,sub-01_FDSI_triangular-ramp20s_snr30dB,sub-01,triangular-ramp20s,30,11,13,0.9090909090909092,0.9044687747955322
lr_fixed_tpe_roa,sub-01_FDSI_triangular-ramp20s_snr30dB,sub-01,triangular-ramp20s,30,12,30,0.9955476402493322,0.9608836770057678
lr_fixed_tpe_roa,sub-01_FDSI_triangular-ramp20s_snr30dB,sub-01,triangular-ramp20s,30,13,22,0.9588631264023936,0.917479395866394
lr_fixed_tpe_roa,sub-01_FDSI_triangular-ramp20s_snr25dB,sub-01,triangular-ramp20s,25,0,38,0.9913473423980222,0.9752136468887328
lr_fixed_tpe_roa,sub-01_FDSI_triangular-ramp20s_snr25dB,sub-01,triangular-ramp20s,25,1,28,0.9966777408637874,0.981217920780182
lr_fixed_tpe_roa,sub-01_FDSI_triangular-ramp20s_snr25dB,sub-01,triangular-ramp20s,25,2,34,0.986815415821501,0.929377019405365
lr_fixed_tpe_roa,sub-01_FDSI_triangular-ramp20s_snr25dB,sub-01,triangular-ramp20s,25,3,35,0.9395203336809176,0.9051624536514282
lr_fixed_tpe_roa,sub-01_FDSI_triangular-ramp20s_snr25dB,sub-01,triangular-ramp20s,25,4,32,0.9905838041431262,0.9435311555862428
lr_fixed_tpe_roa,sub-01_FDSI_triangular-ramp20s_snr25dB,sub-01,triangular-ramp20s,25,5,30,0.9652715939447908,0.9292421340942384
lr_fixed_tpe_roa,sub-01_FDSI_triangular-ramp20s_snr25dB,sub-01,triangular-ramp20s,25,6,37,0.9061784897025172,0.8859492540359497
lr_fixed_tpe_roa,sub-01_FDSI_triangular-ramp20s_snr25dB,sub-01,triangular-ramp20s,25,7,36,0.9813391877058176,0.938890278339386
lr_fixed_tpe_roa,sub-01_FDSI_triangular-ramp20s_snr25dB,sub-01,triangular-ramp20s,25,8,33,0.0835536753040719,0.9003648161888123
lr_fixed_tpe_roa,sub-01_FDSI_triangular-ramp20s_snr25dB,sub-01,triangular-ramp20s,25,9,31,0.9431407942238268,0.8933064341545105
lr_fixed_tpe_roa,sub-01_FDSI_triangular-ramp20s_snr25dB,sub-01,triangular-ramp20s,25,10,24,0.9635376260667184,0.9245232343673706
lr_fixed_tpe_roa,sub-01_FDSI_triangular-ramp20s_snr20dB,sub-01,triangular-ramp20s,20,0,38,0.9901112484548824,0.9535664319992064
lr_fixed_tpe_roa,sub-01_FDSI_triangular-ramp20s_snr20dB,sub-01,triangular-ramp20s,20,1,32,0.9839924670433146,0.9415880441665648
lr_fixed_tpe_roa,sub-01_FDSI_triangular-ramp20s_snr20dB,sub-01,triangular-ramp20s,20,2,28,0.9991694352159468,0.9815306067466736
lr_fixed_tpe_roa,sub-01_FDSI_triangular-ramp20s_snr20dB,sub-01,triangular-ramp20s,20,3,36,0.9835345773874864,0.9387019276618958
lr_fixed_tpe_roa,sub-01_FDSI_triangular-ramp20s_snr20dB,sub-01,triangular-ramp20s,20,4,34,0.9456740442655936,0.8851786851882935
lr_fixed_tpe_roa,sub-01_FDSI_triangular-ramp20s_snr15dB,sub-01,triangular-ramp20s,15,0,28,0.9975083056478404,0.9812750816345216
lr_fixed_tpe_roa,sub-01_FDSI_triangular-ramp20s_snr15dB,sub-01,triangular-ramp20s,15,1,38,0.9555006180469716,0.921376407146454
lr_fixed_tpe_roa,sub-01_FDSI_triangular-ramp20s_snr15dB,sub-01,triangular-ramp20s,15,2,32,0.9511278195488722,0.9096145033836364
lr_fixed_tpe_roa,sub-01_FDSI_triangular-ramp20s_snr15dB,sub-01,triangular-ramp20s,15,3,36,0.969264544456641,0.9088521003723145
lr_fixed_tpe_roa,sub-01_FDSI_triangular-ramp10s_snr30dB,sub-01,triangular-ramp10s,30,0,-1,0.9759519038076152,0.9163370132446288
lr_fixed_tpe_roa,sub-01_FDSI_triangular-ramp10s_snr30dB,sub-01,triangular-ramp10s,30,1,-1,0.287037037037037,0.917944073677063
lr_fixed_tpe_roa,sub-01_FDSI_triangular-ramp10s_snr30dB,sub-01,triangular-ramp10s,30,2,-1,0.1739393939393939,0.9068217873573304
lr_fixed_tpe_roa,sub-01_FDSI_triangular-ramp10s_snr30dB,sub-01,triangular-ramp10s,30,3,-1,0.9966386554621848,0.9649433493614196
lr_fixed_tpe_roa,sub-01_FDSI_triangular-ramp10s_snr30dB,sub-01,triangular-ramp10s,30,4,-1,0.1016282987085906,0.9320259690284728
lr_fixed_tpe_roa,sub-01_FDSI_triangular-ramp10s_snr30dB,sub-01,triangular-ramp10s,30,5,-1,0.9815789473684212,0.9460689425468444
lr_fixed_tpe_roa,sub-01_FDSI_triangular-ramp10s_snr30dB,sub-01,triangular-ramp10s,30,6,-1,0.9975579975579976,0.9587978720664978
lr_fixed_tpe_roa,sub-01_FDSI_triangular-ramp10s_snr30dB,sub-01,triangular-ramp10s,30,7,-1,0.9874739039665972,0.951934576034546
lr_fixed_tpe_roa,sub-01_FDSI_triangular-ramp10s_snr30dB,sub-01,triangular-ramp10s,30,8,-1,0.9463452566096424,0.9200770854949952
lr_fixed_tpe_roa,sub-01_FDSI_triangular-ramp10s_snr30dB,sub-01,triangular-ramp10s,30,9,-1,0.1003003003003003,0.9142501950263976
lr_fixed_tpe_roa,sub-01_FDSI_triangular-ramp10s_snr30dB,sub-01,triangular-ramp10s,30,10,-1,0.9944567627494456,0.9674988985061646
lr_fixed_tpe_roa,sub-01_FDSI_triangular-ramp10s_snr30dB,sub-01,triangular-ramp10s,30,11,-1,0.0959409594095941,0.9273221492767334
lr_fixed_tpe_roa,sub-01_FDSI_triangular-ramp10s_snr30dB,sub-01,triangular-ramp10s,30,12,-1,0.8517699115044248,0.8987648487091064
lr_fixed_tpe_roa,sub-01_FDSI_triangular-ramp10s_snr25dB,sub-01,triangular-ramp10s,25,0,34,0.9261477045908184,0.8936362862586975
lr_fixed_tpe_roa,sub-01_FDSI_triangular-ramp10s_snr25dB,sub-01,triangular-ramp10s,25,1,28,0.9966386554621848,0.9706141352653505
lr_fixed_tpe_roa,sub-01_FDSI_triangular-ramp10s_snr25dB,sub-01,triangular-ramp10s,25,2,38,0.9755799755799756,0.9291930198669434
lr_fixed_tpe_roa,sub-01_FDSI_triangular-ramp10s_snr25dB,sub-01,triangular-ramp10s,25,3,36,0.9401330376940134,0.9206480383872986
lr_fixed_tpe_roa,sub-01_FDSI_triangular-ramp10s_snr25dB,sub-01,triangular-ramp10s,25,4,32,0.9887429643527204,0.9321733713150024
lr_fixed_tpe_roa,sub-01_FDSI_triangular-ramp10s_snr25dB,sub-01,triangular-ramp10s,25,5,30,0.0876116071428571,0.900108277797699
lr_fixed_tpe_roa,sub-01_FDSI_triangular-ramp10s_snr25dB,sub-01,triangular-ramp10s,25,6,35,0.0986159169550173,0.8803668022155762
lr_fixed_tpe_roa,sub-01_FDSI_triangular-ramp10s_snr25dB,sub-01,triangular-ramp10s,25,7,33,0.0687266915290357,0.877894937992096
lr_fixed_tpe_roa,sub-01_FDSI_triangular-ramp10s_snr25dB,sub-01,triangular-ramp10s,25,8,31,0.4081346423562412,0.9047271013259888
lr_fixed_tpe_roa,sub-01_FDSI_triangular-ramp10s_snr25dB,sub-01,triangular-ramp10s,25,9,37,0.4772209567198178,0.9202999472618104
lr_fixed_tpe_roa,sub-01_FDSI_triangular-ramp10s_snr25dB,sub-01,triangular-ramp10s,25,10,24,0.8711180124223602,0.896687924861908
lr_fixed_tpe_roa,sub-01_FDSI_triangular-ramp10s_snr20dB,sub-01,triangular-ramp10s,20,0,34,0.1754491017964072,0.8804448843002319
lr_fixed_tpe_roa,sub-01_FDSI_triangular-ramp10s_snr20dB,sub-01,triangular-ramp10s,20,1,30,0.0671336835960303,0.8884451389312744
lr_fixed_tpe_roa,sub-01_FDSI_triangular-ramp10s_snr20dB,sub-01,triangular-ramp10s,20,2,28,0.9966386554621848,0.9709742665290833
lr_fixed_tpe_roa,sub-01_FDSI_triangular-ramp10s_snr20dB,sub-01,triangular-ramp10s,20,3,36,0.8617256637168141,0.8987623453140259
lr_fixed_tpe_roa,sub-01_FDSI_triangular-ramp10s_snr20dB,sub-01,triangular-ramp10s,20,4,32,0.907563025210084,0.9075536131858826
lr_fixed_tpe_roa,sub-01_FDSI_triangular-ramp10s_snr20dB,sub-01,triangular-ramp10s,20,5,38,0.5309090909090909,0.8845683932304382
lr_fixed_tpe_roa,sub-01_FDSI_triangular-ramp10s_snr20dB,sub-01,triangular-ramp10s,20,6,35,0.1048141377209019,0.8589472770690918
lr_fixed_tpe_roa,sub-01_FDSI_triangular-ramp10s_snr20dB,sub-01,triangular-ramp10s,20,7,37,0.0689881734559789,0.9329131245613098
lr_fixed_tpe_roa,sub-01_FDSI_triangular-ramp10s_snr15dB,sub-01,triangular-ramp10s,15,0,28,0.9966386554621848,0.9750195741653442
lr_fixed_tpe_roa,sub-01_FDSI_triangular-ramp10s_snr15dB,sub-01,triangular-ramp10s,15,1,36,0.5263736263736264,0.9027822613716124
lr_fixed_tpe_roa,sub-01_FDSI_triangular-ramp10s_snr15dB,sub-01,triangular-ramp10s,15,2,38,0.5006031363088058,0.912320911884308
lr_fixed_tpe_roa,sub-01_FDSI_triangular-ramp10s_snr15dB,sub-01,triangular-ramp10s,15,3,34,0.0804953560371517,0.928932011127472
lr_fixed_tpe_roa,sub-01_FDSI_triangular-ramp5s_snr30dB,sub-01,triangular-ramp5s,30,0,-1,0.0630524454920447,0.913688600063324
lr_fixed_tpe_roa,sub-01_FDSI_triangular-ramp5s_snr30dB,sub-01,triangular-ramp5s,30,1,-1,0.9966960352422908,0.9691453576087952
lr_fixed_tpe_roa,sub-01_FDSI_triangular-ramp5s_snr30dB,sub-01,triangular-ramp5s,30,2,-1,0.9957983193277312,0.9664495587348938
lr_fixed_tpe_roa,sub-01_FDSI_triangular-ramp5s_snr30dB,sub-01,triangular-ramp5s,30,3,-1,0.0781938325991189,0.945418655872345
lr_fixed_tpe_roa,sub-01_FDSI_triangular-ramp5s_snr30dB,sub-01,triangular-ramp5s,30,4,-1,0.9666666666666668,0.9223809242248536
lr_fixed_tpe_roa,sub-01_FDSI_triangular-ramp5s_snr30dB,sub-01,triangular-ramp5s,30,5,-1,0.9149377593360996,0.9125924706459044
lr_fixed_tpe_roa,sub-01_FDSI_triangular-ramp5s_snr30dB,sub-01,triangular-ramp5s,30,6,-1,0.6845298281092013,0.9154590964317322
lr_fixed_tpe_roa,sub-01_FDSI_triangular-ramp5s_snr30dB,sub-01,triangular-ramp5s,30,7,-1,0.4631728045325779,0.8907912969589233
lr_fixed_tpe_roa,sub-01_FDSI_triangular-ramp5s_snr30dB,sub-01,triangular-ramp5s,30,8,-1,0.0672917815774958,0.908251166343689
lr_fixed_tpe_roa,sub-01_FDSI_triangular-ramp5s_snr30dB,sub-01,triangular-ramp5s,30,9,-1,0.6396292004634995,0.9155516624450684
lr_fixed_tpe_roa,sub-01_FDSI_triangular-ramp5s_snr30dB,sub-01,triangular-ramp5s,30,10,-1,0.8612181958365459,0.906687080860138
lr_fixed_tpe_roa,sub-01_FDSI_triangular-ramp5s_snr30dB,sub-01,triangular-ramp5s,30,11,-1,0.7006554989075018,0.895934522151947
lr_fixed_tpe_roa,sub-01_FDSI_triangular-ramp5s_snr30dB,sub-01,triangular-ramp5s,30,12,-1,0.0768033212247016,0.9395955801010132
lr_fixed_tpe_roa,sub-01_FDSI_triangular-ramp5s_snr30dB,sub-01,triangular-ramp5s,30,13,-1,0.0713962946226841,0.948276698589325
lr_fixed_tpe_roa,sub-01_FDSI_triangular-ramp5s_snr25dB,sub-01,triangular-ramp5s,25,0,36,0.9966960352422908,0.9581505656242372
lr_fixed_tpe_roa,sub-01_FDSI_triangular-ramp5s_snr25dB,sub-01,triangular-ramp5s,25,1,32,0.7759259259259259,0.9045397043228148
lr_fixed_tpe_roa,sub-01_FDSI_triangular-ramp5s_snr25dB,sub-01,triangular-ramp5s,25,2,28,0.9957983193277312,0.9610035419464112
lr_fixed_tpe_roa,sub-01_FDSI_triangular-ramp5s_snr25dB,sub-01,triangular-ramp5s,25,3,30,0.0749583564686285,0.9226186275482178
lr_fixed_tpe_roa,sub-01_FDSI_triangular-ramp5s_snr25dB,sub-01,triangular-ramp5s,25,4,38,0.8679012345679012,0.904901385307312
lr_fixed_tpe_roa,sub-01_FDSI_triangular-ramp5s_snr25dB,sub-01,triangular-ramp5s,25,5,37,0.1937984496124031,0.838535487651825
lr_fixed_tpe_roa,sub-01_FDSI_triangular-ramp5s_snr25dB,sub-01,triangular-ramp5s,25,6,35,0.8175257731958763,0.8924700021743774
lr_fixed_tpe_roa,sub-01_FDSI_triangular-ramp5s_snr25dB,sub-01,triangular-ramp5s,25,7,24,0.7449922958397535,0.8978134393692017
lr_fixed_tpe_roa,sub-01_FDSI_triangular-ramp5s_snr25dB,sub-01,triangular-ramp5s,25,8,34,0.5728744939271255,0.915947198867798
lr_fixed_tpe_roa,sub-01_FDSI_triangular-ramp5s_snr25dB,sub-01,triangular-ramp5s,25,9,33,0.091283863368669,0.9007917046546936
lr_fixed_tpe_roa,sub-01_FDSI_triangular-ramp5s_snr20dB,sub-01,triangular-ramp5s,20,0,32,0.7483690587138863,0.90226548910141
lr_fixed_tpe_roa,sub-01_FDSI_triangular-ramp5s_snr20dB,sub-01,triangular-ramp5s,20,1,28,0.9957983193277312,0.9613319635391236
lr_fixed_tpe_roa,sub-01_FDSI_triangular-ramp5s_snr20dB,sub-01,triangular-ramp5s,20,2,38,0.9123456790123456,0.9284859895706176
lr_fixed_tpe_roa,sub-01_FDSI_triangular-ramp5s_snr20dB,sub-01,triangular-ramp5s,20,3,36,0.4471365638766519,0.919241726398468
lr_fixed_tpe_roa,sub-01_FDSI_triangular-ramp5s_snr20dB,sub-01,triangular-ramp5s,20,4,37,0.144659377628259,0.8377771973609924
lr_fixed_tpe_roa,sub-01_FDSI_triangular-ramp5s_snr20dB,sub-01,triangular-ramp5s,20,5,34,0.5783619817997978,0.9073954224586488
lr_fixed_tpe_roa,sub-01_FDSI_triangular-ramp5s_snr15dB,sub-01,triangular-ramp5s,15,0,32,0.7316176470588235,0.8872083425521851
lr_fixed_tpe_roa,sub-01_FDSI_triangular-ramp5s_snr15dB,sub-01,triangular-ramp5s,15,1,28,0.9957983193277312,0.955203115940094
lr_fixed_tpe_roa,sub-01_FDSI_triangular-ramp5s_snr15dB,sub-01,triangular-ramp5s,15,2,38,0.5271604938271605,0.9047430753707886
lr_fixed_tpe_roa,sub-01_FDSI_triangular-ramp5s_snr15dB,sub-01,triangular-ramp5s,15,3,36,0.5297356828193832,0.9104912281036376
lr_fixed_tpe_roa,sub-02_FDSI_staircase_snr30dB,sub-02,staircase,30,0,30,0.993482983345402,0.9821211099624634
lr_fixed_tpe_roa,sub-02_FDSI_staircase_snr30dB,sub-02,staircase,30,1,33,0.8853288364249579,0.9338579177856444
lr_fixed_tpe_roa,sub-02_FDSI_staircase_snr30dB,sub-02,staircase,30,2,21,0.9944720840243229,0.9803935289382936
lr_fixed_tpe_roa,sub-02_FDSI_staircase_snr30dB,sub-02,staircase,30,3,31,0.9887133182844244,0.950989067554474
lr_fixed_tpe_roa,sub-02_FDSI_staircase_snr30dB,sub-02,staircase,30,4,26,0.954264524103832,0.8904711008071899
lr_fixed_tpe_roa,sub-02_FDSI_staircase_snr30dB,sub-02,staircase,30,5,25,0.99455205811138,0.9640405178070068
lr_fixed_tpe_roa,sub-02_FDSI_staircase_snr30dB,sub-02,staircase,30,6,16,0.9876288659793816,0.9469980001449584
lr_fixed_tpe_roa,sub-02_FDSI_staircase_snr30dB,sub-02,staircase,30,7,27,0.9935691318327974,0.9639136791229248
lr_fixed_tpe_roa,sub-02_FDSI_staircase_snr30dB,sub-02,staircase,30,8,28,0.9846461949265688,0.9491402506828308
lr_fixed_tpe_roa,sub-02_FDSI_staircase_snr30dB,sub-02,staircase,30,9,24,0.9964285714285714,0.967190682888031
lr_fixed_tpe_roa,sub-02_FDSI_staircase_snr30dB,sub-02,staircase,30,10,32,0.996031746031746,0.9673038721084596
lr_fixed_tpe_roa,sub-02_FDSI_staircase_snr30dB,sub-02,staircase,30,11,20,0.994556341861731,0.958626627922058
lr_fixed_tpe_roa,sub-02_FDSI_staircase_snr30dB,sub-02,staircase,30,12,29,0.9882271468144044,0.9444493651390076
lr_fixed_tpe_roa,sub-02_FDSI_staircase_snr30dB,sub-02,staircase,30,13,19,0.9072988811933936,0.8897428512573242
lr_fixed_tpe_roa,sub-02_FDSI_staircase_snr30dB,sub-02,staircase,30,14,22,0.9875776397515528,0.9484004378318788
lr_fixed_tpe_roa,sub-02_FDSI_staircase_snr30dB,sub-02,staircase,30,15,23,0.974108170310702,0.9310385584831238
lr_fixed_tpe_roa,sub-02_FDSI_staircase_snr30dB,sub-02,staircase,30,16,14,0.963371801304566,0.9320703148841858
lr_fixed_tpe_roa,sub-02_FDSI_staircase_snr25dB,sub-02,staircase,25,0,30,0.993482983345402,0.97687166929245
lr_fixed_tpe_roa,sub-02_FDSI_staircase_snr25dB,sub-02,staircase,25,1,21,0.9944720840243229,0.9746200442314148
lr_fixed_tpe_roa,sub-02_FDSI_staircase_snr25dB,sub-02,staircase,25,2,26,0.8897783251231527,0.8751901388168335
lr_fixed_tpe_roa,sub-02_FDSI_staircase_snr25dB,sub-02,staircase,25,3,25,0.9854721549636803,0.9493038654327391
lr_fixed_tpe_roa,sub-02_FDSI_staircase_snr25dB,sub-02,staircase,25,4,27,0.9839228295819936,0.9486311674118042
lr_fixed_tpe_roa,sub-02_FDSI_staircase_snr25dB,sub-02,staircase,25,5,24,0.9761904761904762,0.9353986978530884
lr_fixed_tpe_roa,sub-02_FDSI_staircase_snr25dB,sub-02,staircase,25,6,33,0.9831365935919056,0.9438557028770448
lr_fixed_tpe_roa,sub-02_FDSI_staircase_snr25dB,sub-02,staircase,25,7,28,0.940745672436751,0.9018990993499756
lr_fixed_tpe_roa,sub-02_FDSI_staircase_snr25dB,sub-02,staircase,25,8,20,0.985302123026674,0.9407362937927246
lr_fixed_tpe_roa,sub-02_FDSI_staircase_snr25dB,sub-02,staircase,25,9,19,0.8275132275132275,0.8586573600769043
lr_fixed_tpe_roa,sub-02_FDSI_staircase_snr20dB,sub-02,staircase,20,0,30,0.993482983345402,0.9651025533676147
lr_fixed_tpe_roa,sub-02_FDSI_staircase_snr20dB,sub-02,staircase,20,1,21,0.9944720840243229,0.9656554460525512
lr_fixed_tpe_roa,sub-02_FDSI_staircase_snr20dB,sub-02,staircase,20,2,25,0.9432367149758454,0.9242332577705384
lr_fixed_tpe_roa,sub-02_FDSI_staircase_snr20dB,sub-02,staircase,20,3,27,0.9491961414790996,0.921239733695984
lr_fixed_tpe_roa,sub-02_FDSI_staircase_snr20dB,sub-02,staircase,20,4,24,0.9916716240333135,0.9422202706336976
lr_fixed_tpe_roa,sub-02_FDSI_staircase_snr20dB,sub-02,staircase,20,5,32,0.9683544303797468,0.9341466426849364
lr_fixed_tpe_roa,sub-02_FDSI_staircase_snr15dB,sub-02,staircase,15,0,30,0.9847936278059376,0.9496138095855712
lr_fixed_tpe_roa,sub-02_FDSI_staircase_snr15dB,sub-02,staircase,15,1,24,0.3690383111806098,0.9067729115486144
lr_fixed_tpe_roa,sub-02_FDSI_staircase_snr15dB,sub-02,staircase,15,2,21,0.9872857932559423,0.9513033628463744
lr_fixed_tpe_roa,sub-02_FDSI_triangular-ramp40s_snr30dB,sub-02,triangular-ramp40s,30,0,20,0.993975903614458,0.9631802439689636
lr_fixed_tpe_roa,sub-02_FDSI_triangular-ramp40s_snr30dB,sub-02,triangular-ramp40s,30,1,30,0.994994994994995,0.972640097141266
lr_fixed_tpe_roa,sub-02_FDSI_triangular-ramp40s_snr30dB,sub-02,triangular-ramp40s,30,2,21,0.9969254419677172,0.9784899353981018
lr_fixed_tpe_roa,sub-02_FDSI_triangular-ramp40s_snr30dB,sub-02,triangular-ramp40s,30,3,24,0.9951338199513382,0.9703686237335204
lr_fixed_tpe_roa,sub-02_FDSI_triangular-ramp40s_snr30dB,sub-02,triangular-ramp40s,30,4,33,0.9952885747938752,0.9580149054527284
lr_fixed_tpe_roa,sub-02_FDSI_triangular-ramp40s_snr30dB,sub-02,triangular-ramp40s,30,5,32,0.9945175438596492,0.9653788805007936
lr_fixed_tpe_roa,sub-02_FDSI_triangular-ramp40s_snr30dB,sub-02,triangular-ramp40s,30,6,25,0.9872665534804754,0.9553304314613342
lr_fixed_tpe_roa,sub-02_FDSI_triangular-ramp40s_snr30dB,sub-02,triangular-ramp40s,30,7,22,0.9818897637795276,0.9480004906654358
lr_fixed_tpe_roa,sub-02_FDSI_triangular-ramp40s_snr30dB,sub-02,triangular-ramp40s,30,8,27,0.991906474820144,0.9645898938179016
lr_fixed_tpe_roa,sub-02_FDSI_triangular-ramp40s_snr30dB,sub-02,triangular-ramp40s,30,9,19,0.1838897721250662,0.8045381903648376
lr_fixed_tpe_roa,sub-02_FDSI_triangular-ramp40s_snr30dB,sub-02,triangular-ramp40s,30,10,28,0.9787822878228782,0.9280810952186584
lr_fixed_tpe_roa,sub-02_FDSI_triangular-ramp40s_snr30dB,sub-02,triangular-ramp40s,30,11,29,0.9884615384615384,0.949500560760498
lr_fixed_tpe_roa,sub-02_FDSI_triangular-ramp40s_snr30dB,sub-02,triangular-ramp40s,30,12,26,0.9342442356959864,0.8789710998535156
lr_fixed_tpe_roa,sub-02_FDSI_triangular-ramp40s_snr30dB,sub-02,triangular-ramp40s,30,13,23,0.977760127084988,0.9340567588806152
lr_fixed_tpe_roa,sub-02_FDSI_triangular-ramp40s_snr30dB,sub-02,triangular-ramp40s,30,14,16,0.9936079545454546,0.9466264843940736
lr_fixed_tpe_roa,sub-02_FDSI_triangular-ramp40s_snr30dB,sub-02,triangular-ramp40s,30,15,31,0.9789251844046364,0.9404580593109132
lr_fixed_tpe_roa,sub-02_FDSI_triangular-ramp40s_snr25dB,sub-02,triangular-ramp40s,25,0,20,0.9871987951807228,0.9432276487350464
lr_fixed_tpe_roa,sub-02_FDSI_triangular-ramp40s_snr25dB,sub-02,triangular-ramp40s,25,1,24,0.9910786699107867,0.957868754863739
lr_fixed_tpe_roa,sub-02_FDSI_triangular-ramp40s_snr25dB,sub-02,triangular-ramp40s,25,2,25,0.969439728353141,0.9424125552177428
lr_fixed_tpe_roa,sub-02_FDSI_triangular-ramp40s_snr25dB,sub-02,triangular-ramp40s,25,3,21,0.9938508839354344,0.9715187549591064
lr_fixed_tpe_roa,sub-02_FDSI_triangular-ramp40s_snr25dB,sub-02,triangular-ramp40s,25,4,30,0.991991991991992,0.9727333188056946
lr_fixed_tpe_roa,sub-02_FDSI_triangular-ramp40s_snr25dB,sub-02,triangular-ramp40s,25,5,27,0.9847122302158272,0.9521257877349854
lr_fixed_tpe_roa,sub-02_FDSI_triangular-ramp40s_snr25dB,sub-02,triangular-ramp40s,25,6,26,0.940721649484536,0.9037988781929016
lr_fixed_tpe_roa,sub-02_FDSI_triangular-ramp40s_snr25dB,sub-02,triangular-ramp40s,25,7,32,0.9901315789473684,0.9504945278167723
lr_fixed_tpe_roa,sub-02_FDSI_triangular-ramp40s_snr25dB,sub-02,triangular-ramp40s,25,8,33,0.9528857479387516,0.9113414883613586
lr_fixed_tpe_roa,sub-02_FDSI_triangular-ramp40s_snr25dB,sub-02,triangular-ramp40s,25,9,19,0.1533842794759825,0.8194409608840942
lr_fixed_tpe_roa,sub-02_FDSI_triangular-ramp40s_snr25dB,sub-02,triangular-ramp40s,25,10,28,0.9612546125461254,0.911415159702301
lr_fixed_tpe_roa,sub-02_FDSI_triangular-ramp40s_snr25dB,sub-02,triangular-ramp40s,25,11,22,0.945839874411303,0.914634108543396
lr_fixed_tpe_roa,sub-02_FDSI_triangular-ramp40s_snr20dB,sub-02,triangular-ramp40s,20,0,21,0.9961568024596464,0.962021827697754
lr_fixed_tpe_roa,sub-02_FDSI_triangular-ramp40s_snr20dB,sub-02,triangular-ramp40s,20,1,30,0.988988988988989,0.9642394185066224
lr_fixed_tpe_roa,sub-02_FDSI_triangular-ramp40s_snr20dB,sub-02,triangular-ramp40s,20,2,24,0.9902676399026764,0.9513141512870787
lr_fixed_tpe_roa,sub-02_FDSI_triangular-ramp40s_snr20dB,sub-02,triangular-ramp40s,20,3,27,0.9442446043165468,0.913270890712738
lr_fixed_tpe_roa,sub-02_FDSI_triangular-ramp40s_snr20dB,sub-02,triangular-ramp40s,20,4,33,0.8708920187793427,0.8930413722991943
lr_fixed_tpe_roa,sub-02_FDSI_triangular-ramp40s_snr15dB,sub-02,triangular-ramp40s,15,0,24,0.4792022792022792,0.8953157663345337
lr_fixed_tpe_roa,sub-02_FDSI_triangular-ramp40s_snr15dB,sub-02,triangular-ramp40s,15,1,30,0.982982982982983,0.941360592842102
lr_fixed_tpe_roa,sub-02_FDSI_triangular-ramp20s_snr30dB,sub-02,triangular-ramp20s,30,0,19,0.8344274252370533,0.8695158362388611
lr_fixed_tpe_roa,sub-02_FDSI_triangular-ramp20s_snr30dB,sub-02,triangular-ramp20s,30,1,24,0.993431855500821,0.977822721004486
lr_fixed_tpe_roa,sub-02_FDSI_triangular-ramp20s_snr30dB,sub-02,triangular-ramp20s,30,2,30,0.9950199203187252,0.969764769077301
lr_fixed_tpe_roa,sub-02_FDSI_triangular-ramp20s_snr30dB,sub-02,triangular-ramp20s,30,3,27,0.9955197132616488,0.9594964981079102
lr_fixed_tpe_roa,sub-02_FDSI_triangular-ramp20s_snr30dB,sub-02,triangular-ramp20s,30,4,33,0.9929906542056076,0.9544169306755066
lr_fixed_tpe_roa,sub-02_FDSI_triangular-ramp20s_snr30dB,sub-02,triangular-ramp20s,30,5,25,0.9940978077571668,0.9566863775253296
lr_fixed_tpe_roa,sub-02_FDSI_triangular-ramp20s_snr30dB,sub-02,triangular-ramp20s,30,6,21,0.9938319198149576,0.9627293348312378
lr_fixed_tpe_roa,sub-02_FDSI_triangular-ramp20s_snr30dB,sub-02,triangular-ramp20s,30,7,20,0.989481592787378,0.9496512413024902
lr_fixed_tpe_roa,sub-02_FDSI_triangular-ramp20s_snr30dB,sub-02,triangular-ramp20s,30,8,22,0.9779527559055118,0.9355310201644896
lr_fixed_tpe_roa,sub-02_FDSI_triangular-ramp20s_snr30dB,sub-02,triangular-ramp20s,30,9,14,0.8954116059379217,0.9029452800750732
lr_fixed_tpe_roa,sub-02_FDSI_triangular-ramp20s_snr30dB,sub-02,triangular-ramp20s,30,10,32,0.9933993399339934,0.9581639766693116
lr_fixed_tpe_roa,sub-02_FDSI_triangular-ramp20s_snr30dB,sub-02,triangular-ramp20s,30,11,29,0.9176356589147286,0.902458906173706
lr_fixed_tpe_roa,sub-02_FDSI_triangular-ramp20s_snr30dB,sub-02,triangular-ramp20s,30,12,16,0.987188612099644,0.944174826145172
lr_fixed_tpe_roa,sub-02_FDSI_triangular-ramp20s_snr30dB,sub-02,triangular-ramp20s,30,13,31,0.9626168224299064,0.9217485785484314
lr_fixed_tpe_roa,sub-02_FDSI_triangular-ramp20s_snr30dB,sub-02,triangular-ramp20s,30,14,28,0.9777571825764596,0.940838098526001
lr_fixed_tpe_roa,sub-02_FDSI_triangular-ramp20s_snr30dB,sub-02,triangular-ramp20s,30,15,23,0.9438652766639936,0.923688530921936
lr_fixed_tpe_roa,sub-02_FDSI_triangular-ramp20s_snr30dB,sub-02,triangular-ramp20s,30,16,26,0.6312236286919831,0.8942306041717529
lr_fixed_tpe_roa,sub-02_FDSI_triangular-ramp20s_snr25dB,sub-02,triangular-ramp20s,25,0,24,0.9926108374384236,0.9679977893829346
lr_fixed_tpe_roa,sub-02_FDSI_triangular-ramp20s_snr25dB,sub-02,triangular-ramp20s,25,1,19,0.1029850746268656,0.8687666058540344
lr_fixed_tpe_roa,sub-02_FDSI_triangular-ramp20s_snr25dB,sub-02,triangular-ramp20s,25,2,30,0.99402390438247,0.9588760137557985
lr_fixed_tpe_roa,sub-02_FDSI_triangular-ramp20s_snr25dB,sub-02,triangular-ramp20s,25,3,25,0.9738617200674536,0.9257137179374696
lr_fixed_tpe_roa,sub-02_FDSI_triangular-ramp20s_snr25dB,sub-02,triangular-ramp20s,25,4,21,0.9938319198149576,0.9531282782554626
lr_fixed_tpe_roa,sub-02_FDSI_triangular-ramp20s_snr25dB,sub-02,triangular-ramp20s,25,5,20,0.9722013523666416,0.9316602349281312
lr_fixed_tpe_roa,sub-02_FDSI_triangular-ramp20s_snr25dB,sub-02,triangular-ramp20s,25,6,32,0.9812981298129811,0.9432629942893982
lr_fixed_tpe_roa,sub-02_FDSI_triangular-ramp20s_snr25dB,sub-02,triangular-ramp20s,25,7,27,0.9793906810035844,0.9376145601272584
lr_fixed_tpe_roa,sub-02_FDSI_triangular-ramp20s_snr25dB,sub-02,triangular-ramp20s,25,8,16,0.9580668088130776,0.9194877743721008
lr_fixed_tpe_roa,sub-02_FDSI_triangular-ramp20s_snr25dB,sub-02,triangular-ramp20s,25,9,33,0.5184757505773672,0.8626969456672668
lr_fixed_tpe_roa,sub-02_FDSI_triangular-ramp20s_snr20dB,sub-02,triangular-ramp20s,20,0,24,0.9909688013136289,0.9499905705451964
lr_fixed_tpe_roa,sub-02_FDSI_triangular-ramp20s_snr20dB,sub-02,triangular-ramp20s,20,1,30,0.7966269841269841,0.8921911716461182
lr_fixed_tpe_roa,sub-02_FDSI_triangular-ramp20s_snr20dB,sub-02,triangular-ramp20s,20,2,21,0.9892058596761758,0.9484043121337892
lr_fixed_tpe_roa,sub-02_FDSI_triangular-ramp20s_snr15dB,sub-02,triangular-ramp20s,15,0,24,0.9550922213311948,0.9204155206680298
lr_fixed_tpe_roa,sub-02_FDSI_triangular-ramp20s_snr15dB,sub-02,triangular-ramp20s,15,1,30,0.9840637450199204,0.9396731853485109
lr_fixed_tpe_roa,sub-02_FDSI_triangular-ramp20s_snr15dB,sub-02,triangular-ramp20s,15,2,21,0.9745566692367,0.9355257153511048
lr_fixed_tpe_roa,sub-02_FDSI_triangular-ramp10s_snr30dB,sub-02,triangular-ramp10s,30,0,27,0.986749116607774,0.9445756673812866
lr_fixed_tpe_roa,sub-02_FDSI_triangular-ramp10s_snr30dB,sub-02,triangular-ramp10s,30,1,24,0.9909688013136289,0.944819986820221
lr_fixed_tpe_roa,sub-02_FDSI_triangular-ramp10s_snr30dB,sub-02,triangular-ramp10s,30,2,30,0.9910802775024776,0.9460361003875732
lr_fixed_tpe_roa,sub-02_FDSI_triangular-ramp10s_snr30dB,sub-02,triangular-ramp10s,30,3,21,0.994586233565352,0.9459064602851868
lr_fixed_tpe_roa,sub-02_FDSI_triangular-ramp10s_snr30dB,sub-02,triangular-ramp10s,30,4,33,0.9918604651162792,0.9411794543266296
lr_fixed_tpe_roa,sub-02_FDSI_triangular-ramp10s_snr30dB,sub-02,triangular-ramp10s,30,5,20,0.9886018237082068,0.9317135810852052
lr_fixed_tpe_roa,sub-02_FDSI_triangular-ramp10s_snr30dB,sub-02,triangular-ramp10s,30,6,32,0.9790979097909792,0.9461829662322998
lr_fixed_tpe_roa,sub-02_FDSI_triangular-ramp10s_snr30dB,sub-02,triangular-ramp10s,30,7,26,0.4948535233570863,0.8862499594688416
lr_fixed_tpe_roa,sub-02_FDSI_triangular-ramp10s_snr30dB,sub-02,triangular-ramp10s,30,8,22,0.1167070217917675,0.9013604521751404
lr_fixed_tpe_roa,sub-02_FDSI_triangular-ramp10s_snr30dB,sub-02,triangular-ramp10s,30,9,25,0.9813242784380306,0.9456135034561156
lr_fixed_tpe_roa,sub-02_FDSI_triangular-ramp10s_snr30dB,sub-02,triangular-ramp10s,30,10,16,0.9739619985925404,0.9400572776794434
lr_fixed_tpe_roa,sub-02_FDSI_triangular-ramp10s_snr30dB,sub-02,triangular-ramp10s,30,11,14,0.467101958814666,0.8656764626502991
lr_fixed_tpe_roa,sub-02_FDSI_triangular-ramp10s_snr30dB,sub-02,triangular-ramp10s,30,12,19,0.082184788157223,0.8979437351226807
lr_fixed_tpe_roa,sub-02_FDSI_triangular-ramp10s_snr30dB,sub-02,triangular-ramp10s,30,13,23,0.8836653386454183,0.8896756768226624
lr_fixed_tpe_roa,sub-02_FDSI_triangular-ramp10s_snr30dB,sub-02,triangular-ramp10s,30,14,31,0.88259526261586,0.9071006774902344
lr_fixed_tpe_roa,sub-02_FDSI_triangular-ramp10s_snr30dB,sub-02,triangular-ramp10s,30,15,29,0.585810162991371,0.909988284111023
lr_fixed_tpe_roa,sub-02_FDSI_triangular-ramp10s_snr30dB,sub-02,triangular-ramp10s,30,16,28,0.8171378091872792,0.9070027470588684
lr_fixed_tpe_roa,sub-02_FDSI_triangular-ramp10s_snr25dB,sub-02,triangular-ramp10s,25,0,27,0.96113074204947,0.9204164743423462
lr_fixed_tpe_roa,sub-02_FDSI_triangular-ramp10s_snr25dB,sub-02,triangular-ramp10s,25,1,30,0.9910802775024776,0.9398858547210692
lr_fixed_tpe_roa,sub-02_FDSI_triangular-ramp10s_snr25dB,sub-02,triangular-ramp10s,25,2,24,0.9885057471264368,0.9561877846717834
lr_fixed_tpe_roa,sub-02_FDSI_triangular-ramp10s_snr25dB,sub-02,triangular-ramp10s,25,3,33,0.9476744186046512,0.9133188724517822
lr_fixed_tpe_roa,sub-02_FDSI_triangular-ramp10s_snr25dB,sub-02,triangular-ramp10s,25,4,20,0.9696048632218844,0.912593424320221
lr_fixed_tpe_roa,sub-02_FDSI_triangular-ramp10s_snr25dB,sub-02,triangular-ramp10s,25,5,21,0.993812838360402,0.9354299902915956
lr_fixed_tpe_roa,sub-02_FDSI_triangular-ramp10s_snr25dB,sub-02,triangular-ramp10s,25,6,25,0.9144067796610168,0.9149834513664246
lr_fixed_tpe_roa,sub-02_FDSI_triangular-ramp10s_snr25dB,sub-02,triangular-ramp10s,25,7,29,0.4584,0.8496793508529663
lr_fixed_tpe_roa,sub-02_FDSI_triangular-ramp10s_snr25dB,sub-02,triangular-ramp10s,25,8,32,0.978021978021978,0.9244504570961
lr_fixed_tpe_roa,sub-02_FDSI_triangular-ramp10s_snr25dB,sub-02,triangular-ramp10s,25,9,19,0.0798575788402848,0.8802101016044617
lr_fixed_tpe_roa,sub-02_FDSI_triangular-ramp10s_snr25dB,sub-02,triangular-ramp10s,25,10,16,0.9382022471910112,0.911658525466919
lr_fixed_tpe_roa,sub-02_FDSI_triangular-ramp10s_snr20dB,sub-02,triangular-ramp10s,20,0,30,0.9841427155599604,0.9246405959129332
lr_fixed_tpe_roa,sub-02_FDSI_triangular-ramp10s_snr20dB,sub-02,triangular-ramp10s,20,1,27,0.7908208296557812,0.9026027917861938
lr_fixed_tpe_roa,sub-02_FDSI_triangular-ramp10s_snr20dB,sub-02,triangular-ramp10s,20,2,20,0.846095526914329,0.8910056352615356
lr_fixed_tpe_roa,sub-02_FDSI_triangular-ramp10s_snr20dB,sub-02,triangular-ramp10s,20,3,24,0.9681372549019608,0.9341124892234802
lr_fixed_tpe_roa,sub-02_FDSI_triangular-ramp10s_snr20dB,sub-02,triangular-ramp10s,20,4,21,0.9891724671307038,0.9266312122344972
lr_fixed_tpe_roa,sub-02_FDSI_triangular-ramp10s_snr20dB,sub-02,triangular-ramp10s,20,5,32,0.9018538713195202,0.8857439756393433
lr_fixed_tpe_roa,sub-02_FDSI_triangular-ramp10s_snr15dB,sub-02,triangular-ramp10s,15,0,21,0.9775888717156104,0.9290652275085448
lr_fixed_tpe_roa,sub-02_FDSI_triangular-ramp10s_snr15dB,sub-02,triangular-ramp10s,15,1,24,0.8873239436619719,0.9012857675552368
lr_fixed_tpe_roa,sub-02_FDSI_triangular-ramp10s_snr15dB,sub-02,triangular-ramp10s,15,2,30,0.8150346191889218,0.8722028136253357
lr_fixed_tpe_roa,sub-02_FDSI_triangular-ramp5s_snr30dB,sub-02,triangular-ramp5s,30,0,25,0.8414839797639123,0.9172295331954956
lr_fixed_tpe_roa,sub-02_FDSI_triangular-ramp5s_snr30dB,sub-02,triangular-ramp5s,30,1,24,0.9902200488997556,0.9650506377220154
lr_fixed_tpe_roa,sub-02_FDSI_triangular-ramp5s_snr30dB,sub-02,triangular-ramp5s,30,2,22,0.0779404818138875,0.9414690136909484
lr_fixed_tpe_roa,sub-02_FDSI_triangular-ramp5s_snr30dB,sub-02,triangular-ramp5s,30,3,33,0.8848413631022327,0.9289478063583374
lr_fixed_tpe_roa,sub-02_FDSI_triangular-ramp5s_snr30dB,sub-02,triangular-ramp5s,30,4,21,0.9930555555555556,0.9157334566116332
lr_fixed_tpe_roa,sub-02_FDSI_triangular-ramp5s_snr30dB,sub-02,triangular-ramp5s,30,5,32,0.9756906077348066,0.9135492444038392
lr_fixed_tpe_roa,sub-02_FDSI_triangular-ramp5s_snr30dB,sub-02,triangular-ramp5s,30,6,30,0.982982982982983,0.9081423282623292
lr_fixed_tpe_roa,sub-02_FDSI_triangular-ramp5s_snr30dB,sub-02,triangular-ramp5s,30,7,28,0.8256130790190735,0.9073784351348876
lr_fixed_tpe_roa,sub-02_FDSI_triangular-ramp5s_snr30dB,sub-02,triangular-ramp5s,30,8,15,0.5351123595505618,0.8729181289672852
lr_fixed_tpe_roa,sub-02_FDSI_triangular-ramp5s_snr30dB,sub-02,triangular-ramp5s,30,9,27,0.610912343470483,0.9164384007453918
lr_fixed_tpe_roa,sub-02_FDSI_triangular-ramp5s_snr30dB,sub-02,triangular-ramp5s,30,10,29,0.3775023832221163,0.8996366858482361
lr_fixed_tpe_roa,sub-02_FDSI_triangular-ramp5s_snr30dB,sub-02,triangular-ramp5s,30,11,20,0.9452363090772692,0.9011825323104858
lr_fixed_tpe_roa,sub-02_FDSI_triangular-ramp5s_snr30dB,sub-02,triangular-ramp5s,30,12,16,0.9607423269093504,0.9188956022262572
lr_fixed_tpe_roa,sub-02_FDSI_triangular-ramp5s_snr30dB,sub-02,triangular-ramp5s,30,13,19,0.3075409836065573,0.8478560447692871
lr_fixed_tpe_roa,sub-02_FDSI_triangular-ramp5s_snr30dB,sub-02,triangular-ramp5s,30,14,14,0.8065159574468085,0.8969929814338684
lr_fixed_tpe_roa,sub-02_FDSI_triangular-ramp5s_snr30dB,sub-02,triangular-ramp5s,30,15,31,0.6461843409316155,0.8819512724876404
lr_fixed_tpe_roa,sub-02_FDSI_triangular-ramp5s_snr30dB,sub-02,triangular-ramp5s,30,16,26,0.0803149606299212,0.8970162868499756
lr_fixed_tpe_roa,sub-02_FDSI_triangular-ramp5s_snr30dB,sub-02,triangular-ramp5s,30,17,9,0.074835207444746,0.9330244064331056
lr_fixed_tpe_roa,sub-02_FDSI_triangular-ramp5s_snr25dB,sub-02,triangular-ramp5s,25,0,25,0.7140454163162321,0.9041007161140442
lr_fixed_tpe_roa,sub-02_FDSI_triangular-ramp5s_snr25dB,sub-02,triangular-ramp5s,25,1,24,0.9797242497972424,0.9513168931007384
lr_fixed_tpe_roa,sub-02_FDSI_triangular-ramp5s_snr25dB,sub-02,triangular-ramp5s,25,2,30,0.8868868868868869,0.9112401604652404
lr_fixed_tpe_roa,sub-02_FDSI_triangular-ramp5s_snr25dB,sub-02,triangular-ramp5s,25,3,21,0.9783950617283952,0.909503161907196
lr_fixed_tpe_roa,sub-02_FDSI_triangular-ramp5s_snr25dB,sub-02,triangular-ramp5s,25,4,33,0.4309133489461358,0.8893947601318359
lr_fixed_tpe_roa,sub-02_FDSI_triangular-ramp5s_snr25dB,sub-02,triangular-ramp5s,25,5,32,0.9315673289183224,0.9012724161148072
lr_fixed_tpe_roa,sub-02_FDSI_triangular-ramp5s_snr25dB,sub-02,triangular-ramp5s,25,6,28,0.0930091185410334,0.9017320275306702
lr_fixed_tpe_roa,sub-02_FDSI_triangular-ramp5s_snr25dB,sub-02,triangular-ramp5s,25,7,27,0.6493738819320215,0.9071601629257202
lr_fixed_tpe_roa,sub-02_FDSI_triangular-ramp5s_snr25dB,sub-02,triangular-ramp5s,25,8,29,0.4,0.878707766532898
lr_fixed_tpe_roa,sub-02_FDSI_triangular-ramp5s_snr25dB,sub-02,triangular-ramp5s,25,9,20,0.7606901725431358,0.902022898197174
lr_fixed_tpe_roa,sub-02_FDSI_triangular-ramp5s_snr25dB,sub-02,triangular-ramp5s,25,10,26,0.2862232779097387,0.8234823942184448
lr_fixed_tpe_roa,sub-02_FDSI_triangular-ramp5s_snr25dB,sub-02,triangular-ramp5s,25,11,19,0.0638961038961039,0.8698564171791077
lr_fixed_tpe_roa,sub-02_FDSI_triangular-ramp5s_snr20dB,sub-02,triangular-ramp5s,20,0,24,0.916083916083916,0.9306746125221252
lr_fixed_tpe_roa,sub-02_FDSI_triangular-ramp5s_snr20dB,sub-02,triangular-ramp5s,20,1,21,0.9221879815100154,0.9022120833396912
lr_fixed_tpe_roa,sub-02_FDSI_triangular-ramp5s_snr20dB,sub-02,triangular-ramp5s,20,2,30,0.8098098098098098,0.914322316646576
lr_fixed_tpe_roa,sub-02_FDSI_triangular-ramp5s_snr20dB,sub-02,triangular-ramp5s,20,3,27,0.6475849731663685,0.8968161940574646
lr_fixed_tpe_roa,sub-02_FDSI_triangular-ramp5s_snr20dB,sub-02,triangular-ramp5s,20,4,20,0.7166416791604198,0.8867002725601196
lr_fixed_tpe_roa,sub-02_FDSI_triangular-ramp5s_snr15dB,sub-02,triangular-ramp5s,15,0,24,0.1796138302649304,0.8858041763305664
lr_fixed_tpe_roa,sub-02_FDSI_triangular-ramp5s_snr15dB,sub-02,triangular-ramp5s,15,1,21,0.8283752860411899,0.8932760953903198
lr_fixed_tpe_roa,sub-02_FDSI_triangular-ramp5s_snr15dB,sub-02,triangular-ramp5s,15,2,30,0.6606606606606606,0.9137604236602784
lr_fixed_tpe_roa,sub-03_FDSI_staircase_snr30dB,sub-03,staircase,30,0,48,0.9916603487490524,0.9555619359016418
lr_fixed_tpe_roa,sub-03_FDSI_staircase_snr30dB,sub-03,staircase,30,1,52,0.9454225352112676,0.9422562718391418
lr_fixed_tpe_roa,sub-03_FDSI_staircase_snr30dB,sub-03,staircase,30,2,49,0.9929632525410476,0.9736355543136596
lr_fixed_tpe_roa,sub-03_FDSI_staircase_snr30dB,sub-03,staircase,30,3,51,0.99323753169907,0.9776766300201416
lr_fixed_tpe_roa,sub-03_FDSI_staircase_snr30dB,sub-03,staircase,30,4,44,0.9938775510204082,0.9750544428825378
lr_fixed_tpe_roa,sub-03_FDSI_staircase_snr30dB,sub-03,staircase,30,5,46,0.9971243709561468,0.9684092402458192
lr_fixed_tpe_roa,sub-03_FDSI_staircase_snr30dB,sub-03,staircase,30,6,40,0.9987646695491044,0.987148940563202
lr_fixed_tpe_roa,sub-03_FDSI_staircase_snr30dB,sub-03,staircase,30,7,35,0.9830508474576272,0.9491699934005736
lr_fixed_tpe_roa,sub-03_FDSI_staircase_snr30dB,sub-03,staircase,30,8,50,0.9722448979591836,0.9377049207687378
lr_fixed_tpe_roa,sub-03_FDSI_staircase_snr30dB,sub-03,staircase,30,9,45,0.2340028024287716,0.8335456848144531
lr_fixed_tpe_roa,sub-03_FDSI_staircase_snr30dB,sub-03,staircase,30,10,47,0.9310600444773908,0.9017771482467652
lr_fixed_tpe_roa,sub-03_FDSI_staircase_snr25dB,sub-03,staircase,25,0,51,0.9915469146238376,0.9628403186798096
lr_fixed_tpe_roa,sub-03_FDSI_staircase_snr25dB,sub-03,staircase,25,1,52,0.9595070422535212,0.9198644161224364
lr_fixed_tpe_roa,sub-03_FDSI_staircase_snr25dB,sub-03,staircase,25,2,44,0.9904761904761904,0.9592815041542052
lr_fixed_tpe_roa,sub-03_FDSI_staircase_snr25dB,sub-03,staircase,25,3,46,0.99784327821711,0.9488167762756348
lr_fixed_tpe_roa,sub-03_FDSI_staircase_snr25dB,sub-03,staircase,25,4,48,0.9901440485216072,0.9518973231315612
lr_fixed_tpe_roa,sub-03_FDSI_staircase_snr25dB,sub-03,staircase,25,5,40,0.990117356392835,0.9848014116287231
lr_fixed_tpe_roa,sub-03_FDSI_staircase_snr25dB,sub-03,staircase,25,6,49,0.9921813917122752,0.9613300561904908
lr_fixed_tpe_roa,sub-03_FDSI_staircase_snr20dB,sub-03,staircase,20,0,44,0.9829931972789115,0.9391892552375792
lr_fixed_tpe_roa,sub-03_FDSI_staircase_snr20dB,sub-03,staircase,20,1,46,0.980603448275862,0.9239904880523682
lr_fixed_tpe_roa,sub-03_FDSI_staircase_snr20dB,sub-03,staircase,20,2,49,0.904836193447738,0.8943172097206116
lr_fixed_tpe_roa,sub-03_FDSI_staircase_snr20dB,sub-03,staircase,20,3,40,0.990117356392835,0.9805654287338256
lr_fixed_tpe_roa,sub-03_FDSI_staircase_snr20dB,sub-03,staircase,20,4,51,0.9898562975486052,0.9500481486320496
lr_fixed_tpe_roa,sub-03_FDSI_staircase_snr20dB,sub-03,staircase,20,5,52,0.9788732394366196,0.9343600273132324
lr_fixed_tpe_roa,sub-03_FDSI_staircase_snr20dB,sub-03,staircase,20,6,48,0.9704545454545456,0.9259182214736938
lr_fixed_tpe_roa,sub-03_FDSI_staircase_snr15dB,sub-03,staircase,15,0,40,0.9969116738727608,0.9724809527397156
lr_fixed_tpe_roa,sub-03_FDSI_staircase_snr15dB,sub-03,staircase,15,1,44,0.9415363698164514,0.9091323018074036
lr_fixed_tpe_roa,sub-03_FDSI_staircase_snr15dB,sub-03,staircase,15,2,52,0.9656992084432716,0.9183952808380128
lr_fixed_tpe_roa,sub-03_FDSI_triangular-ramp40s_snr30dB,sub-03,triangular-ramp40s,30,0,49,0.9372294372294372,0.8911499381065369
lr_fixed_tpe_roa,sub-03_FDSI_triangular-ramp40s_snr30dB,sub-03,triangular-ramp40s,30,1,48,0.9978880675818372,0.9613046646118164
lr_fixed_tpe_roa,sub-03_FDSI_triangular-ramp40s_snr30dB,sub-03,triangular-ramp40s,30,2,46,0.986,0.940960168838501
lr_fixed_tpe_roa,sub-03_FDSI_triangular-ramp40s_snr30dB,sub-03,triangular-ramp40s,30,3,40,0.9947780678851176,0.985125720500946
lr_fixed_tpe_roa,sub-03_FDSI_triangular-ramp40s_snr30dB,sub-03,triangular-ramp40s,30,4,52,0.9950920245398772,0.9787848591804504
lr_fixed_tpe_roa,sub-03_FDSI_triangular-ramp40s_snr30dB,sub-03,triangular-ramp40s,30,5,51,0.9976635514018692,0.9764838218688964
lr_fixed_tpe_roa,sub-03_FDSI_triangular-ramp40s_snr30dB,sub-03,triangular-ramp40s,30,6,47,0.9712230215827338,0.9280216693878174
lr_fixed_tpe_roa,sub-03_FDSI_triangular-ramp40s_snr30dB,sub-03,triangular-ramp40s,30,7,35,0.984726688102894,0.938919484615326
lr_fixed_tpe_roa,sub-03_FDSI_triangular-ramp40s_snr30dB,sub-03,triangular-ramp40s,30,8,45,0.1694915254237288,0.8368405699729919
lr_fixed_tpe_roa,sub-03_FDSI_triangular-ramp40s_snr30dB,sub-03,triangular-ramp40s,30,9,44,0.994328922495274,0.9650170803070068
lr_fixed_tpe_roa,sub-03_FDSI_triangular-ramp40s_snr30dB,sub-03,triangular-ramp40s,30,10,43,0.1903881700554528,0.8187503814697266
lr_fixed_tpe_roa,sub-03_FDSI_triangular-ramp40s_snr30dB,sub-03,triangular-ramp40s,30,11,50,0.9425675675675677,0.8949428200721741
lr_fixed_tpe_roa,sub-03_FDSI_triangular-ramp40s_snr25dB,sub-03,triangular-ramp40s,25,0,49,0.8413719185423365,0.9013159275054932
lr_fixed_tpe_roa,sub-03_FDSI_triangular-ramp40s_snr25dB,sub-03,triangular-ramp40s,25,1,48,0.9926160337552744,0.9439190626144408
lr_fixed_tpe_roa,sub-03_FDSI_triangular-ramp40s_snr25dB,sub-03,triangular-ramp40s,25,2,40,0.9947780678851176,0.9827678203582764
lr_fixed_tpe_roa,sub-03_FDSI_triangular-ramp40s_snr25dB,sub-03,triangular-ramp40s,25,3,52,0.9950920245398772,0.9677287340164183
lr_fixed_tpe_roa,sub-03_FDSI_triangular-ramp40s_snr25dB,sub-03,triangular-ramp40s,25,4,44,0.9924385633270322,0.9581475853919984
lr_fixed_tpe_roa,sub-03_FDSI_triangular-ramp40s_snr25dB,sub-03,triangular-ramp40s,25,5,46,0.994,0.950778305530548
lr_fixed_tpe_roa,sub-03_FDSI_triangular-ramp40s_snr25dB,sub-03,triangular-ramp40s,25,6,51,0.9941588785046728,0.9659680724143982
lr_fixed_tpe_roa,sub-03_FDSI_triangular-ramp40s_snr20dB,sub-03,triangular-ramp40s,20,0,48,0.943217665615142,0.9052846431732178
lr_fixed_tpe_roa,sub-03_FDSI_triangular-ramp40s_snr20dB,sub-03,triangular-ramp40s,20,1,40,0.9930374238468234,0.9757707118988036
lr_fixed_tpe_roa,sub-03_FDSI_triangular-ramp40s_snr20dB,sub-03,triangular-ramp40s,20,2,46,0.985014985014985,0.9273101687431335
lr_fixed_tpe_roa,sub-03_FDSI_triangular-ramp40s_snr20dB,sub-03,triangular-ramp40s,20,3,52,0.977914110429448,0.9564483761787416
lr_fixed_tpe_roa,sub-03_FDSI_triangular-ramp40s_snr20dB,sub-03,triangular-ramp40s,20,4,51,0.9871495327102804,0.9553794860839844
lr_fixed_tpe_roa,sub-03_FDSI_triangular-ramp40s_snr20dB,sub-03,triangular-ramp40s,20,5,49,0.973941368078176,0.934219479560852
lr_fixed_tpe_roa,sub-03_FDSI_triangular-ramp40s_snr20dB,sub-03,triangular-ramp40s,20,6,44,0.9905482041587902,0.939394474029541
lr_fixed_tpe_roa,sub-03_FDSI_triangular-ramp40s_snr15dB,sub-03,triangular-ramp40s,15,0,40,0.9947780678851176,0.9702646732330322
lr_fixed_tpe_roa,sub-03_FDSI_triangular-ramp40s_snr15dB,sub-03,triangular-ramp40s,15,1,44,0.9196597353497163,0.915907382965088
lr_fixed_tpe_roa,sub-03_FDSI_triangular-ramp40s_snr15dB,sub-03,triangular-ramp40s,15,2,52,0.8370098039215687,0.9065110683441162
lr_fixed_tpe_roa,sub-03_FDSI_triangular-ramp40s_snr15dB,sub-03,triangular-ramp40s,15,3,49,0.922077922077922,0.9068505764007568
lr_fixed_tpe_roa,sub-03_FDSI_triangular-ramp40s_snr15dB,sub-03,triangular-ramp40s,15,4,46,0.9241516966067864,0.8965080380439758
lr_fixed_tpe_roa,sub-03_FDSI_triangular-ramp20s_snr30dB,sub-03,triangular-ramp20s,30,0,48,0.9895068205666316,0.9542168378829956
lr_fixed_tpe_roa,sub-03_FDSI_triangular-ramp20s_snr30dB,sub-03,triangular-ramp20s,30,1,52,0.9962917181705808,0.9751899838447572
lr_fixed_tpe_roa,sub-03_FDSI_triangular-ramp20s_snr30dB,sub-03,triangular-ramp20s,30,2,49,0.8228260869565217,0.9270994663238524
lr_fixed_tpe_roa,sub-03_FDSI_triangular-ramp20s_snr30dB,sub-03,triangular-ramp20s,30,3,51,0.9929742388758782,0.9495571851730348
lr_fixed_tpe_roa,sub-03_FDSI_triangular-ramp20s_snr30dB,sub-03,triangular-ramp20s,30,4,40,0.9982683982683984,0.9804744720458984
lr_fixed_tpe_roa,sub-03_FDSI_triangular-ramp20s_snr30dB,sub-03,triangular-ramp20s,30,5,44,0.9962581852198316,0.951896905899048
lr_fixed_tpe_roa,sub-03_FDSI_triangular-ramp20s_snr30dB,sub-03,triangular-ramp20s,30,6,46,0.9891089108910892,0.9594192504882812
lr_fixed_tpe_roa,sub-03_FDSI_triangular-ramp20s_snr30dB,sub-03,triangular-ramp20s,30,7,35,0.985634477254589,0.9363067746162416
lr_fixed_tpe_roa,sub-03_FDSI_triangular-ramp20s_snr30dB,sub-03,triangular-ramp20s,30,8,45,0.1051703877790834,0.9115400314331056
lr_fixed_tpe_roa,sub-03_FDSI_triangular-ramp20s_snr30dB,sub-03,triangular-ramp20s,30,9,47,0.8849646821392533,0.90360426902771
lr_fixed_tpe_roa,sub-03_FDSI_triangular-ramp20s_snr30dB,sub-03,triangular-ramp20s,30,10,50,0.9605855855855856,0.9251301288604736
lr_fixed_tpe_roa,sub-03_FDSI_triangular-ramp20s_snr25dB,sub-03,triangular-ramp20s,25,0,44,0.990645463049579,0.9478257298469543
lr_fixed_tpe_roa,sub-03_FDSI_triangular-ramp20s_snr25dB,sub-03,triangular-ramp20s,25,1,52,0.8066502463054187,0.9088815450668336
lr_fixed_tpe_roa,sub-03_FDSI_triangular-ramp20s_snr25dB,sub-03,triangular-ramp20s,25,2,40,0.9982683982683984,0.9781646728515624
lr_fixed_tpe_roa,sub-03_FDSI_triangular-ramp20s_snr25dB,sub-03,triangular-ramp20s,25,3,48,0.9832109129066108,0.942252516746521
lr_fixed_tpe_roa,sub-03_FDSI_triangular-ramp20s_snr25dB,sub-03,triangular-ramp20s,25,4,46,0.988118811881188,0.9398933053016664
lr_fixed_tpe_roa,sub-03_FDSI_triangular-ramp20s_snr25dB,sub-03,triangular-ramp20s,25,5,49,0.9934711643090316,0.95302551984787
lr_fixed_tpe_roa,sub-03_FDSI_triangular-ramp20s_snr25dB,sub-03,triangular-ramp20s,25,6,51,0.9918032786885246,0.9588922262191772
lr_fixed_tpe_roa,sub-03_FDSI_triangular-ramp20s_snr25dB,sub-03,triangular-ramp20s,25,7,35,0.931364724660814,0.9059216380119324
lr_fixed_tpe_roa,sub-03_FDSI_triangular-ramp20s_snr20dB,sub-03,triangular-ramp20s,20,0,40,0.9948051948051948,0.972314178943634
lr_fixed_tpe_roa,sub-03_FDSI_triangular-ramp20s_snr20dB,sub-03,triangular-ramp20s,20,1,52,0.9493201483312732,0.9276779294013976
lr_fixed_tpe_roa,sub-03_FDSI_triangular-ramp20s_snr20dB,sub-03,triangular-ramp20s,20,2,51,0.9894613583138172,0.9465359449386596
lr_fixed_tpe_roa,sub-03_FDSI_triangular-ramp20s_snr20dB,sub-03,triangular-ramp20s,20,3,49,0.8090614886731392,0.9055962562561036
lr_fixed_tpe_roa,sub-03_FDSI_triangular-ramp20s_snr20dB,sub-03,triangular-ramp20s,20,4,44,0.9617537313432836,0.9195648431777954
lr_fixed_tpe_roa,sub-03_FDSI_triangular-ramp20s_snr20dB,sub-03,triangular-ramp20s,20,5,48,0.9257731958762888,0.8928446173667908
lr_fixed_tpe_roa,sub-03_FDSI_triangular-ramp20s_snr20dB,sub-03,triangular-ramp20s,20,6,46,0.9702970297029704,0.9128839373588562
lr_fixed_tpe_roa,sub-03_FDSI_triangular-ramp20s_snr15dB,sub-03,triangular-ramp20s,15,0,40,0.9948051948051948,0.9640578627586364
lr_fixed_tpe_roa,sub-03_FDSI_triangular-ramp20s_snr15dB,sub-03,triangular-ramp20s,15,1,49,0.7820927723840345,0.9068093299865724
lr_fixed_tpe_roa,sub-03_FDSI_triangular-ramp20s_snr15dB,sub-03,triangular-ramp20s,15,2,44,0.9384328358208956,0.9043173789978028
lr_fixed_tpe_roa,sub-03_FDSI_triangular-ramp20s_snr15dB,sub-03,triangular-ramp20s,15,3,52,0.7555282555282555,0.9028611779212952
lr_fixed_tpe_roa,sub-03_FDSI_triangular-ramp10s_snr30dB,sub-03,triangular-ramp10s,30,0,40,0.993025283347864,0.9677987694740297
lr_fixed_tpe_roa,sub-03_FDSI_triangular-ramp10s_snr30dB,sub-03,triangular-ramp10s,30,1,52,0.5176184690157959,0.9210538864135742
lr_fixed_tpe_roa,sub-03_FDSI_triangular-ramp10s_snr30dB,sub-03,triangular-ramp10s,30,2,44,0.986829727187206,0.9064311385154724
lr_fixed_tpe_roa,sub-03_FDSI_triangular-ramp10s_snr30dB,sub-03,triangular-ramp10s,30,3,35,0.938985736925515,0.9102668762207032
lr_fixed_tpe_roa,sub-03_FDSI_triangular-ramp10s_snr30dB,sub-03,triangular-ramp10s,30,4,50,0.8647727272727272,0.9090017676353456
lr_fixed_tpe_roa,sub-03_FDSI_triangular-ramp10s_snr30dB,sub-03,triangular-ramp10s,30,5,46,0.9820538384845464,0.93877774477005
lr_fixed_tpe_roa,sub-03_FDSI_triangular-ramp10s_snr30dB,sub-03,triangular-ramp10s,30,6,49,0.8067685589519651,0.9391993880271912
lr_fixed_tpe_roa,sub-03_FDSI_triangular-ramp10s_snr30dB,sub-03,triangular-ramp10s,30,7,47,0.6291079812206573,0.8694689869880676
lr_fixed_tpe_roa,sub-03_FDSI_triangular-ramp10s_snr30dB,sub-03,triangular-ramp10s,30,8,48,0.9833159541188738,0.9445553421974182
lr_fixed_tpe_roa,sub-03_FDSI_triangular-ramp10s_snr30dB,sub-03,triangular-ramp10s,30,9,43,0.072039072039072,0.8652008175849915
lr_fixed_tpe_roa,sub-03_FDSI_triangular-ramp10s_snr30dB,sub-03,triangular-ramp10s,30,10,51,0.8959537572254336,0.9085932374000548
lr_fixed_tpe_roa,sub-03_FDSI_triangular-ramp10s_snr25dB,sub-03,triangular-ramp10s,25,0,51,0.9907300115874856,0.9529590010643004
lr_fixed_tpe_roa,sub-03_FDSI_triangular-ramp10s_snr25dB,sub-03,triangular-ramp10s,25,1,40,0.993025283347864,0.9673492312431335
lr_fixed_tpe_roa,sub-03_FDSI_triangular-ramp10s_snr25dB,sub-03,triangular-ramp10s,25,2,44,0.9755409219190968,0.8956206440925598
lr_fixed_tpe_roa,sub-03_FDSI_triangular-ramp10s_snr25dB,sub-03,triangular-ramp10s,25,3,50,0.7626546681664792,0.8735735416412354
lr_fixed_tpe_roa,sub-03_FDSI_triangular-ramp10s_snr25dB,sub-03,triangular-ramp10s,25,4,52,0.9610705596107056,0.9306769371032716
lr_fixed_tpe_roa,sub-03_FDSI_triangular-ramp10s_snr25dB,sub-03,triangular-ramp10s,25,5,46,0.9680957128614156,0.917349338531494
lr_fixed_tpe_roa,sub-03_FDSI_triangular-ramp10s_snr25dB,sub-03,triangular-ramp10s,25,6,48,0.6785109983079526,0.8884932994842529
lr_fixed_tpe_roa,sub-03_FDSI_triangular-ramp10s_snr25dB,sub-03,triangular-ramp10s,25,7,49,0.9857612267250822,0.940639853477478
lr_fixed_tpe_roa,sub-03_FDSI_triangular-ramp10s_snr20dB,sub-03,triangular-ramp10s,20,0,40,0.993025283347864,0.9656870365142822
lr_fixed_tpe_roa,sub-03_FDSI_triangular-ramp10s_snr20dB,sub-03,triangular-ramp10s,20,1,52,0.8467153284671532,0.917026162147522
lr_fixed_tpe_roa,sub-03_FDSI_triangular-ramp10s_snr20dB,sub-03,triangular-ramp10s,20,2,46,0.9164179104477612,0.9014466404914856
lr_fixed_tpe_roa,sub-03_FDSI_triangular-ramp10s_snr20dB,sub-03,triangular-ramp10s,20,3,49,0.7399347116430903,0.913297474384308
lr_fixed_tpe_roa,sub-03_FDSI_triangular-ramp10s_snr20dB,sub-03,triangular-ramp10s,20,4,44,0.93414863593603,0.8896278738975525
lr_fixed_tpe_roa,sub-03_FDSI_triangular-ramp10s_snr20dB,sub-03,triangular-ramp10s,20,5,51,0.9942062572421784,0.937444031238556
lr_fixed_tpe_roa,sub-03_FDSI_triangular-ramp10s_snr20dB,sub-03,triangular-ramp10s,20,6,48,0.1340559041642897,0.8722031116485596
lr_fixed_tpe_roa,sub-03_FDSI_triangular-ramp10s_snr15dB,sub-03,triangular-ramp10s,15,0,40,0.992153443766347,0.9564038515090942
lr_fixed_tpe_roa,sub-03_FDSI_triangular-ramp10s_snr15dB,sub-03,triangular-ramp10s,15,1,52,0.7335766423357665,0.9031264781951904
lr_fixed_tpe_roa,sub-03_FDSI_triangular-ramp10s_snr15dB,sub-03,triangular-ramp10s,15,2,49,0.663471778487753,0.9007349610328674
lr_fixed_tpe_roa,sub-03_FDSI_triangular-ramp5s_snr30dB,sub-03,triangular-ramp5s,30,0,52,0.9951159951159952,0.9632508158683776
lr_fixed_tpe_roa,sub-03_FDSI_triangular-ramp5s_snr30dB,sub-03,triangular-ramp5s,30,1,48,0.1855533465871438,0.8663501143455505
lr_fixed_tpe_roa,sub-03_FDSI_triangular-ramp5s_snr30dB,sub-03,triangular-ramp5s,30,2,40,0.9948141745894556,0.9646334052085876
lr_fixed_tpe_roa,sub-03_FDSI_triangular-ramp5s_snr30dB,sub-03,triangular-ramp5s,30,3,51,0.9871345029239766,0.9435023665428162
lr_fixed_tpe_roa,sub-03_FDSI_triangular-ramp5s_snr30dB,sub-03,triangular-ramp5s,30,4,46,0.8908908908908909,0.91268390417099
lr_fixed_tpe_roa,sub-03_FDSI_triangular-ramp5s_snr30dB,sub-03,triangular-ramp5s,30,5,49,0.7192982456140351,0.9311246871948242
lr_fixed_tpe_roa,sub-03_FDSI_triangular-ramp5s_snr30dB,sub-03,triangular-ramp5s,30,6,44,0.7565055762081785,0.8972275853157043
lr_fixed_tpe_roa,sub-03_FDSI_triangular-ramp5s_snr30dB,sub-03,triangular-ramp5s,30,7,47,0.4210526315789473,0.8773484230041504
lr_fixed_tpe_roa,sub-03_FDSI_triangular-ramp5s_snr30dB,sub-03,triangular-ramp5s,30,8,45,0.0600686498855835,0.9354916214942932
lr_fixed_tpe_roa,sub-03_FDSI_triangular-ramp5s_snr30dB,sub-03,triangular-ramp5s,30,9,50,0.6917885264341957,0.8873760104179382
lr_fixed_tpe_roa,sub-03_FDSI_triangular-ramp5s_snr30dB,sub-03,triangular-ramp5s,30,10,35,0.5885167464114832,0.9110717177391052
lr_fixed_tpe_roa,sub-03_FDSI_triangular-ramp5s_snr25dB,sub-03,triangular-ramp5s,25,0,52,0.9865689865689866,0.9481826424598694
lr_fixed_tpe_roa,sub-03_FDSI_triangular-ramp5s_snr25dB,sub-03,triangular-ramp5s,25,1,40,0.9948141745894556,0.964240312576294
lr_fixed_tpe_roa,sub-03_FDSI_triangular-ramp5s_snr25dB,sub-03,triangular-ramp5s,25,2,48,0.5707070707070707,0.8706881403923035
lr_fixed_tpe_roa,sub-03_FDSI_triangular-ramp5s_snr25dB,sub-03,triangular-ramp5s,25,3,46,0.7737737737737738,0.916498064994812
lr_fixed_tpe_roa,sub-03_FDSI_triangular-ramp5s_snr25dB,sub-03,triangular-ramp5s,25,4,44,0.7334575955265611,0.8818618655204773
lr_fixed_tpe_roa,sub-03_FDSI_triangular-ramp5s_snr25dB,sub-03,triangular-ramp5s,25,5,49,0.6856516976998904,0.9277876019477844
lr_fixed_tpe_roa,sub-03_FDSI_triangular-ramp5s_snr25dB,sub-03,triangular-ramp5s,25,6,51,0.9567251461988304,0.9322724342346193
lr_fixed_tpe_roa,sub-03_FDSI_triangular-ramp5s_snr25dB,sub-03,triangular-ramp5s,25,7,35,0.5558213716108453,0.893397331237793
lr_fixed_tpe_roa,sub-03_FDSI_triangular-ramp5s_snr20dB,sub-03,triangular-ramp5s,20,0,52,0.9426129426129426,0.9307318329811096
lr_fixed_tpe_roa,sub-03_FDSI_triangular-ramp5s_snr20dB,sub-03,triangular-ramp5s,20,1,40,0.9948141745894556,0.9466307759284972
lr_fixed_tpe_roa,sub-03_FDSI_triangular-ramp5s_snr20dB,sub-03,triangular-ramp5s,20,2,49,0.7010869565217391,0.90678209066391
lr_fixed_tpe_roa,sub-03_FDSI_triangular-ramp5s_snr20dB,sub-03,triangular-ramp5s,20,3,44,0.6828811973807296,0.9027455449104308
lr_fixed_tpe_roa,sub-03_FDSI_triangular-ramp5s_snr20dB,sub-03,triangular-ramp5s,20,4,46,0.7047047047047047,0.9168521761894226
lr_fixed_tpe_roa,sub-03_FDSI_triangular-ramp5s_snr20dB,sub-03,triangular-ramp5s,20,5,51,0.9649122807017544,0.930539846420288
lr_fixed_tpe_roa,sub-03_FDSI_triangular-ramp5s_snr20dB,sub-03,triangular-ramp5s,20,6,48,0.1260239445494644,0.8637703657150269
lr_fixed_tpe_roa,sub-03_FDSI_triangular-ramp5s_snr15dB,sub-03,triangular-ramp5s,15,0,52,0.8465286236297198,0.9043407440185548
lr_fixed_tpe_roa,sub-03_FDSI_triangular-ramp5s_snr15dB,sub-03,triangular-ramp5s,15,1,40,0.9853068280034571,0.9452396035194396
lr_fixed_tpe_roa,sub-03_FDSI_triangular-ramp5s_snr15dB,sub-03,triangular-ramp5s,15,2,51,0.9064327485380116,0.8945901989936829
lr_fixed_tpe_roa,sub-03_FDSI_triangular-ramp5s_snr15dB,sub-03,triangular-ramp5s,15,3,46,0.6606965174129353,0.9005195498466492
lr_fixed_tpe_roa,sub-04_FDSI_staircase_snr30dB,sub-04,staircase,30,0,50,0.9791044776119404,0.9471112489700316
lr_fixed_tpe_roa,sub-04_FDSI_staircase_snr30dB,sub-04,staircase,30,1,44,0.9895765472312704,0.9467943906784058
lr_fixed_tpe_roa,sub-04_FDSI_staircase_snr30dB,sub-04,staircase,30,2,41,0.9927007299270072,0.9837521314620972
lr_fixed_tpe_roa,sub-04_FDSI_staircase_snr30dB,sub-04,staircase,30,3,53,0.9759336099585062,0.9171337485313416
lr_fixed_tpe_roa,sub-04_FDSI_staircase_snr30dB,sub-04,staircase,30,4,23,0.9818273599192328,0.9384332299232484
lr_fixed_tpe_roa,sub-04_FDSI_staircase_snr30dB,sub-04,staircase,30,5,48,0.9957386363636364,0.9593684673309326
lr_fixed_tpe_roa,sub-04_FDSI_staircase_snr30dB,sub-04,staircase,30,6,51,0.9867807153965784,0.9510515928268432
lr_fixed_tpe_roa,sub-04_FDSI_staircase_snr30dB,sub-04,staircase,30,7,54,0.9939810834049873,0.9579765796661376
lr_fixed_tpe_roa,sub-04_FDSI_staircase_snr30dB,sub-04,staircase,30,8,42,0.9488459139114162,0.8892943263053894
lr_fixed_tpe_roa,sub-04_FDSI_staircase_snr30dB,sub-04,staircase,30,9,49,0.9933920704845814,0.95944344997406
lr_fixed_tpe_roa,sub-04_FDSI_staircase_snr30dB,sub-04,staircase,30,10,37,0.927787406123628,0.9070603847503662
lr_fixed_tpe_roa,sub-04_FDSI_staircase_snr25dB,sub-04,staircase,25,0,51,0.4949061662198391,0.9066906571388244
lr_fixed_tpe_roa,sub-04_FDSI_staircase_snr25dB,sub-04,staircase,25,1,44,0.978515625,0.925395965576172
lr_fixed_tpe_roa,sub-04_FDSI_staircase_snr25dB,sub-04,staircase,25,2,53,0.3146067415730337,0.8643267154693604
lr_fixed_tpe_roa,sub-04_FDSI_staircase_snr25dB,sub-04,staircase,25,3,41,0.9927007299270072,0.984904646873474
lr_fixed_tpe_roa,sub-04_FDSI_staircase_snr25dB,sub-04,staircase,25,4,48,0.9936079545454546,0.952761173248291
lr_fixed_tpe_roa,sub-04_FDSI_staircase_snr25dB,sub-04,staircase,25,5,50,0.9842223891810667,0.945440113544464
lr_fixed_tpe_roa,sub-04_FDSI_staircase_snr25dB,sub-04,staircase,25,6,49,0.9838472834067548,0.9501641988754272
lr_fixed_tpe_roa,sub-04_FDSI_staircase_snr25dB,sub-04,staircase,25,7,54,0.9836629406706792,0.94059956073761
lr_fixed_tpe_roa,sub-04_FDSI_staircase_snr25dB,sub-04,staircase,25,8,42,0.990642545227698,0.953201413154602
lr_fixed_tpe_roa,sub-04_FDSI_staircase_snr20dB,sub-04,staircase,20,0,41,0.9975669099756692,0.982049524784088
lr_fixed_tpe_roa,sub-04_FDSI_staircase_snr20dB,sub-04,staircase,20,1,48,0.9794034090909092,0.93767511844635
lr_fixed_tpe_roa,sub-04_FDSI_staircase_snr20dB,sub-04,staircase,20,2,42,0.9706799750467872,0.9271773099899292
lr_fixed_tpe_roa,sub-04_FDSI_staircase_snr20dB,sub-04,staircase,20,3,49,0.9640234948604992,0.926033079624176
lr_fixed_tpe_roa,sub-04_FDSI_staircase_snr15dB,sub-04,staircase,15,0,41,0.995742092457421,0.9771844148635864
lr_fixed_tpe_roa,sub-04_FDSI_triangular-ramp40s_snr30dB,sub-04,triangular-ramp40s,30,0,42,0.9948006932409011,0.969229519367218
lr_fixed_tpe_roa,sub-04_FDSI_triangular-ramp40s_snr30dB,sub-04,triangular-ramp40s,30,1,33,0.973444613050076,0.9316199421882628
lr_fixed_tpe_roa,sub-04_FDSI_triangular-ramp40s_snr30dB,sub-04,triangular-ramp40s,30,2,50,0.9917184265010353,0.9480466842651368
lr_fixed_tpe_roa,sub-04_FDSI_triangular-ramp40s_snr30dB,sub-04,triangular-ramp40s,30,3,51,0.990374331550802,0.9492809176445008
lr_fixed_tpe_roa,sub-04_FDSI_triangular-ramp40s_snr30dB,sub-04,triangular-ramp40s,30,4,49,0.98989898989899,0.9667450785636902
lr_fixed_tpe_roa,sub-04_FDSI_triangular-ramp40s_snr30dB,sub-04,triangular-ramp40s,30,5,48,0.9940769990128332,0.9607807397842408
lr_fixed_tpe_roa,sub-04_FDSI_triangular-ramp40s_snr30dB,sub-04,triangular-ramp40s,30,6,41,0.9957264957264956,0.9854351282119752
lr_fixed_tpe_roa,sub-04_FDSI_triangular-ramp40s_snr30dB,sub-04,triangular-ramp40s,30,7,44,0.9882988298829884,0.9497249126434326
lr_fixed_tpe_roa,sub-04_FDSI_triangular-ramp40s_snr30dB,sub-04,triangular-ramp40s,30,8,54,0.9665071770334928,0.9103914499282836
lr_fixed_tpe_roa,sub-04_FDSI_triangular-ramp40s_snr30dB,sub-04,triangular-ramp40s,30,9,17,0.939799331103679,0.9263613820075988
lr_fixed_tpe_roa,sub-04_FDSI_triangular-ramp40s_snr30dB,sub-04,triangular-ramp40s,30,10,53,0.9813519813519812,0.9491363763809204
lr_fixed_tpe_roa,sub-04_FDSI_triangular-ramp40s_snr25dB,sub-04,triangular-ramp40s,25,0,42,0.9904679376083187,0.955697774887085
lr_fixed_tpe_roa,sub-04_FDSI_triangular-ramp40s_snr25dB,sub-04,triangular-ramp40s,25,1,41,0.9931623931623932,0.9856860041618348
lr_fixed_tpe_roa,sub-04_FDSI_triangular-ramp40s_snr25dB,sub-04,triangular-ramp40s,25,2,48,0.9940769990128332,0.951132833957672
lr_fixed_tpe_roa,sub-04_FDSI_triangular-ramp40s_snr25dB,sub-04,triangular-ramp40s,25,3,49,0.9848484848484848,0.9510470032691956
lr_fixed_tpe_roa,sub-04_FDSI_triangular-ramp40s_snr25dB,sub-04,triangular-ramp40s,25,4,44,0.981998199819982,0.9239813685417176
lr_fixed_tpe_roa,sub-04_FDSI_triangular-ramp40s_snr25dB,sub-04,triangular-ramp40s,25,5,50,0.9865702479338844,0.9440259337425232
lr_fixed_tpe_roa,sub-04_FDSI_triangular-ramp40s_snr25dB,sub-04,triangular-ramp40s,25,6,51,0.5549577248270561,0.902179479598999
lr_fixed_tpe_roa,sub-04_FDSI_triangular-ramp40s_snr25dB,sub-04,triangular-ramp40s,25,7,54,0.985645933014354,0.9499223828315736
lr_fixed_tpe_roa,sub-04_FDSI_triangular-ramp40s_snr20dB,sub-04,triangular-ramp40s,20,0,42,0.962738301559792,0.9256379008293152
lr_fixed_tpe_roa,sub-04_FDSI_triangular-ramp40s_snr20dB,sub-04,triangular-ramp40s,20,1,41,0.9931623931623932,0.9830317497253418
lr_fixed_tpe_roa,sub-04_FDSI_triangular-ramp40s_snr20dB,sub-04,triangular-ramp40s,20,2,44,0.933869526362824,0.9021397233009338
lr_fixed_tpe_roa,sub-04_FDSI_triangular-ramp40s_snr20dB,sub-04,triangular-ramp40s,20,3,48,0.9733464955577492,0.936661958694458
lr_fixed_tpe_roa,sub-04_FDSI_triangular-ramp40s_snr15dB,sub-04,triangular-ramp40s,15,0,41,0.9931623931623932,0.9740478992462158
lr_fixed_tpe_roa,sub-04_FDSI_triangular-ramp20s_snr30dB,sub-04,triangular-ramp20s,30,0,48,0.9970267591674926,0.9617214798927308
lr_fixed_tpe_roa,sub-04_FDSI_triangular-ramp20s_snr30dB,sub-04,triangular-ramp20s,30,1,41,0.9932318104906938,0.9795365333557128
lr_fixed_tpe_roa,sub-04_FDSI_triangular-ramp20s_snr30dB,sub-04,triangular-ramp20s,30,2,50,0.9782833505687694,0.9401896595954896
lr_fixed_tpe_roa,sub-04_FDSI_triangular-ramp20s_snr30dB,sub-04,triangular-ramp20s,30,3,42,0.9956896551724138,0.9601845741271972
lr_fixed_tpe_roa,sub-04_FDSI_triangular-ramp20s_snr30dB,sub-04,triangular-ramp20s,30,4,49,0.9928571428571428,0.9645556211471558
lr_fixed_tpe_roa,sub-04_FDSI_triangular-ramp20s_snr30dB,sub-04,triangular-ramp20s,30,5,44,0.9918478260869564,0.9355835318565368
lr_fixed_tpe_roa,sub-04_FDSI_triangular-ramp20s_snr30dB,sub-04,triangular-ramp20s,30,6,23,0.9733333333333334,0.9347704648971558
lr_fixed_tpe_roa,sub-04_FDSI_triangular-ramp20s_snr30dB,sub-04,triangular-ramp20s,30,7,37,0.8159362549800797,0.8879062533378601
lr_fixed_tpe_roa,sub-04_FDSI_triangular-ramp20s_snr30dB,sub-04,triangular-ramp20s,30,8,53,0.9826388888888888,0.9366742372512816
lr_fixed_tpe_roa,sub-04_FDSI_triangular-ramp20s_snr30dB,sub-04,triangular-ramp20s,30,9,51,0.9827956989247312,0.9296343922615052
lr_fixed_tpe_roa,sub-04_FDSI_triangular-ramp20s_snr30dB,sub-04,triangular-ramp20s,30,10,17,0.9630624580255204,0.9310932755470276
lr_fixed_tpe_roa,sub-04_FDSI_triangular-ramp20s_snr30dB,sub-04,triangular-ramp20s,30,11,54,0.9867310012062728,0.9500743746757508
lr_fixed_tpe_roa,sub-04_FDSI_triangular-ramp20s_snr25dB,sub-04,triangular-ramp20s,25,0,41,0.9949238578680204,0.9806504249572754
lr_fixed_tpe_roa,sub-04_FDSI_triangular-ramp20s_snr25dB,sub-04,triangular-ramp20s,25,1,51,0.2745098039215686,0.9035136103630066
lr_fixed_tpe_roa,sub-04_FDSI_triangular-ramp20s_snr25dB,sub-04,triangular-ramp20s,25,2,54,0.9180722891566264,0.9030767679214478
lr_fixed_tpe_roa,sub-04_FDSI_triangular-ramp20s_snr25dB,sub-04,triangular-ramp20s,25,3,42,0.9948275862068966,0.9420761466026306
lr_fixed_tpe_roa,sub-04_FDSI_triangular-ramp20s_snr25dB,sub-04,triangular-ramp20s,25,4,48,0.8615232443125618,0.9283840656280518
lr_fixed_tpe_roa,sub-04_FDSI_triangular-ramp20s_snr25dB,sub-04,triangular-ramp20s,25,5,50,0.9724208375893768,0.9430945515632628
lr_fixed_tpe_roa,sub-04_FDSI_triangular-ramp20s_snr25dB,sub-04,triangular-ramp20s,25,6,49,0.9806122448979592,0.9426340460777284
lr_fixed_tpe_roa,sub-04_FDSI_triangular-ramp20s_snr25dB,sub-04,triangular-ramp20s,25,7,44,0.9547101449275364,0.9180243015289308
lr_fixed_tpe_roa,sub-04_FDSI_triangular-ramp20s_snr25dB,sub-04,triangular-ramp20s,25,8,53,0.9436133486766398,0.9155921339988708
lr_fixed_tpe_roa,sub-04_FDSI_triangular-ramp20s_snr20dB,sub-04,triangular-ramp20s,20,0,48,0.9584158415841584,0.926203191280365
lr_fixed_tpe_roa,sub-04_FDSI_triangular-ramp20s_snr20dB,sub-04,triangular-ramp20s,20,1,41,0.9949238578680204,0.97672039270401
lr_fixed_tpe_roa,sub-04_FDSI_triangular-ramp20s_snr20dB,sub-04,triangular-ramp20s,20,2,42,0.9422413793103448,0.9038538932800292
lr_fixed_tpe_roa,sub-04_FDSI_triangular-ramp20s_snr15dB,sub-04,triangular-ramp20s,15,0,41,0.9949238578680204,0.9704355597496032
lr_fixed_tpe_roa,sub-04_FDSI_triangular-ramp10s_snr30dB,sub-04,triangular-ramp10s,30,0,49,0.9939024390243902,0.9547479152679444
lr_fixed_tpe_roa,sub-04_FDSI_triangular-ramp10s_snr30dB,sub-04,triangular-ramp10s,30,1,41,0.9965811965811966,0.9646286964416504
lr_fixed_tpe_roa,sub-04_FDSI_triangular-ramp10s_snr30dB,sub-04,triangular-ramp10s,30,2,48,0.8170974155069582,0.924229621887207
lr_fixed_tpe_roa,sub-04_FDSI_triangular-ramp10s_snr30dB,sub-04,triangular-ramp10s,30,3,51,0.284375,0.8768755197525024
lr_fixed_tpe_roa,sub-04_FDSI_triangular-ramp10s_snr30dB,sub-04,triangular-ramp10s,30,4,42,0.971379011274935,0.8917475342750549
lr_fixed_tpe_roa,sub-04_FDSI_triangular-ramp10s_snr30dB,sub-04,triangular-ramp10s,30,5,47,0.0594594594594594,0.9222103953361512
lr_fixed_tpe_roa,sub-04_FDSI_triangular-ramp10s_snr30dB,sub-04,triangular-ramp10s,30,6,50,0.9352306182531894,0.9169393181800842
lr_fixed_tpe_roa,sub-04_FDSI_triangular-ramp10s_snr30dB,sub-04,triangular-ramp10s,30,7,44,0.9181654676258992,0.9092209935188292
lr_fixed_tpe_roa,sub-04_FDSI_triangular-ramp10s_snr30dB,sub-04,triangular-ramp10s,30,8,17,0.9566088117489988,0.9323714971542358
lr_fixed_tpe_roa,sub-04_FDSI_triangular-ramp10s_snr30dB,sub-04,triangular-ramp10s,30,9,53,0.948512585812357,0.910724401473999
lr_fixed_tpe_roa,sub-04_FDSI_triangular-ramp10s_snr30dB,sub-04,triangular-ramp10s,30,10,54,0.9903846153846154,0.9410436153411864
lr_fixed_tpe_roa,sub-04_FDSI_triangular-ramp10s_snr30dB,sub-04,triangular-ramp10s,30,11,33,0.9258698940998488,0.9095810055732728
lr_fixed_tpe_roa,sub-04_FDSI_triangular-ramp10s_snr25dB,sub-04,triangular-ramp10s,25,0,54,0.8084606345475911,0.8845277428627014
lr_fixed_tpe_roa,sub-04_FDSI_triangular-ramp10s_snr25dB,sub-04,triangular-ramp10s,25,1,49,0.972560975609756,0.92503023147583
lr_fixed_tpe_roa,sub-04_FDSI_triangular-ramp10s_snr25dB,sub-04,triangular-ramp10s,25,2,41,0.9965811965811966,0.9704973101615906
lr_fixed_tpe_roa,sub-04_FDSI_triangular-ramp10s_snr25dB,sub-04,triangular-ramp10s,25,3,42,0.9731136166522116,0.919646143913269
lr_fixed_tpe_roa,sub-04_FDSI_triangular-ramp10s_snr25dB,sub-04,triangular-ramp10s,25,4,50,0.9077526987242396,0.9013602137565612
lr_fixed_tpe_roa,sub-04_FDSI_triangular-ramp10s_snr25dB,sub-04,triangular-ramp10s,25,5,44,0.8680430879712747,0.9005426168441772
lr_fixed_tpe_roa,sub-04_FDSI_triangular-ramp10s_snr25dB,sub-04,triangular-ramp10s,25,6,51,0.4326476443264764,0.8598246574401855
lr_fixed_tpe_roa,sub-04_FDSI_triangular-ramp10s_snr25dB,sub-04,triangular-ramp10s,25,7,48,0.985089463220676,0.9334920048713684
lr_fixed_tpe_roa,sub-04_FDSI_triangular-ramp10s_snr20dB,sub-04,triangular-ramp10s,20,0,41,0.9914529914529916,0.970024585723877
lr_fixed_tpe_roa,sub-04_FDSI_triangular-ramp10s_snr20dB,sub-04,triangular-ramp10s,20,1,49,0.8564206268958544,0.8871383666992188
lr_fixed_tpe_roa,sub-04_FDSI_triangular-ramp10s_snr20dB,sub-04,triangular-ramp10s,20,2,42,0.9141370338248048,0.8964146375656128
lr_fixed_tpe_roa,sub-04_FDSI_triangular-ramp10s_snr20dB,sub-04,triangular-ramp10s,20,3,50,0.8385565052231719,0.8809126615524292
lr_fixed_tpe_roa,sub-04_FDSI_triangular-ramp10s_snr20dB,sub-04,triangular-ramp10s,20,4,48,0.791459781529295,0.8840519189834595
lr_fixed_tpe_roa,sub-04_FDSI_triangular-ramp10s_snr15dB,sub-04,triangular-ramp10s,15,0,41,0.9914529914529916,0.9666318893432616
lr_fixed_tpe_roa,sub-04_FDSI_triangular-ramp5s_snr30dB,sub-04,triangular-ramp5s,30,0,50,0.88,0.9192609190940856
lr_fixed_tpe_roa,sub-04_FDSI_triangular-ramp5s_snr30dB,sub-04,triangular-ramp5s,30,1,42,0.7977332170880558,0.9172706007957458
lr_fixed_tpe_roa,sub-04_FDSI_triangular-ramp5s_snr30dB,sub-04,triangular-ramp5s,30,2,48,0.9811881188118812,0.9372382760047911
lr_fixed_tpe_roa,sub-04_FDSI_triangular-ramp5s_snr30dB,sub-04,triangular-ramp5s,30,3,44,0.7714543812104788,0.908056378364563
lr_fixed_tpe_roa,sub-04_FDSI_triangular-ramp5s_snr30dB,sub-04,triangular-ramp5s,30,4,41,0.9966159052453468,0.96254163980484
lr_fixed_tpe_roa,sub-04_FDSI_triangular-ramp5s_snr30dB,sub-04,triangular-ramp5s,30,5,23,0.9291121816930488,0.915333330631256
lr_fixed_tpe_roa,sub-04_FDSI_triangular-ramp5s_snr30dB,sub-04,triangular-ramp5s,30,6,49,0.8470111448834853,0.9184585809707642
lr_fixed_tpe_roa,sub-04_FDSI_triangular-ramp5s_snr30dB,sub-04,triangular-ramp5s,30,7,54,0.6850961538461539,0.921854555606842
lr_fixed_tpe_roa,sub-04_FDSI_triangular-ramp5s_snr30dB,sub-04,triangular-ramp5s,30,8,53,0.8484162895927602,0.890984058380127
lr_fixed_tpe_roa,sub-04_FDSI_triangular-ramp5s_snr30dB,sub-04,triangular-ramp5s,30,9,47,0.0633879781420765,0.9206113219261168
lr_fixed_tpe_roa,sub-04_FDSI_triangular-ramp5s_snr30dB,sub-04,triangular-ramp5s,30,10,51,0.6019629225736096,0.9085102081298828
lr_fixed_tpe_roa,sub-04_FDSI_triangular-ramp5s_snr25dB,sub-04,triangular-ramp5s,25,0,42,0.7166521360069747,0.918937921524048
lr_fixed_tpe_roa,sub-04_FDSI_triangular-ramp5s_snr25dB,sub-04,triangular-ramp5s,25,1,48,0.8821782178217822,0.9273887276649476
lr_fixed_tpe_roa,sub-04_FDSI_triangular-ramp5s_snr25dB,sub-04,triangular-ramp5s,25,2,44,0.6972972972972973,0.9098406434059144
lr_fixed_tpe_roa,sub-04_FDSI_triangular-ramp5s_snr25dB,sub-04,triangular-ramp5s,25,3,41,0.9966159052453468,0.9539400339126588
lr_fixed_tpe_roa,sub-04_FDSI_triangular-ramp5s_snr25dB,sub-04,triangular-ramp5s,25,4,54,0.4874551971326165,0.8923320174217224
lr_fixed_tpe_roa,sub-04_FDSI_triangular-ramp5s_snr25dB,sub-04,triangular-ramp5s,25,5,50,0.6784232365145229,0.9192583560943604
lr_fixed_tpe_roa,sub-04_FDSI_triangular-ramp5s_snr25dB,sub-04,triangular-ramp5s,25,6,53,0.8042035398230089,0.8693390488624573
lr_fixed_tpe_roa,sub-04_FDSI_triangular-ramp5s_snr25dB,sub-04,triangular-ramp5s,25,7,49,0.7894736842105263,0.9063652753829956
lr_fixed_tpe_roa,sub-04_FDSI_triangular-ramp5s_snr25dB,sub-04,triangular-ramp5s,25,8,51,0.6127292340884574,0.8917264342308044
lr_fixed_tpe_roa,sub-04_FDSI_triangular-ramp5s_snr20dB,sub-04,triangular-ramp5s,20,0,41,0.9966159052453468,0.9508998394012452
lr_fixed_tpe_roa,sub-04_FDSI_triangular-ramp5s_snr20dB,sub-04,triangular-ramp5s,20,1,48,0.7861386138613862,0.9090226888656616
lr_fixed_tpe_roa,sub-04_FDSI_triangular-ramp5s_snr20dB,sub-04,triangular-ramp5s,20,2,42,0.6268526591107236,0.9033323526382446
lr_fixed_tpe_roa,sub-04_FDSI_triangular-ramp5s_snr15dB,sub-04,triangular-ramp5s,15,0,41,0.9949238578680204,0.9466137886047364
lr_fixed_tpe_roa,sub-05_FDSI_staircase_snr30dB,sub-05,staircase,30,0,35,0.9917144678138942,0.9574298858642578
lr_fixed_tpe_roa,sub-05_FDSI_staircase_snr30dB,sub-05,staircase,30,1,31,0.9952885747938752,0.9609577059745787
lr_fixed_tpe_roa,sub-05_FDSI_staircase_snr30dB,sub-05,staircase,30,2,44,0.9991204925241864,0.9792850613594056
lr_fixed_tpe_roa,sub-05_FDSI_staircase_snr30dB,sub-05,staircase,30,3,43,0.9908256880733946,0.9790650010108948
lr_fixed_tpe_roa,sub-05_FDSI_staircase_snr30dB,sub-05,staircase,30,4,42,0.9568,0.9078555703163148
lr_fixed_tpe_roa,sub-05_FDSI_staircase_snr30dB,sub-05,staircase,30,5,30,0.9918414918414918,0.9418744444847108
lr_fixed_tpe_roa,sub-05_FDSI_staircase_snr30dB,sub-05,staircase,30,6,40,0.9926470588235294,0.9523722529411316
lr_fixed_tpe_roa,sub-05_FDSI_staircase_snr30dB,sub-05,staircase,30,7,36,0.8569562377531026,0.9328583478927612
lr_fixed_tpe_roa,sub-05_FDSI_staircase_snr30dB,sub-05,staircase,30,8,41,0.6942148760330579,0.912440299987793
lr_fixed_tpe_roa,sub-05_FDSI_staircase_snr30dB,sub-05,staircase,30,9,16,0.9853157121879588,0.9554874300956726
lr_fixed_tpe_roa,sub-05_FDSI_staircase_snr30dB,sub-05,staircase,30,10,37,0.9549428379287156,0.9231069684028624
lr_fixed_tpe_roa,sub-05_FDSI_staircase_snr30dB,sub-05,staircase,30,11,39,0.98429693076374,0.9465959072113036
lr_fixed_tpe_roa,sub-05_FDSI_staircase_snr30dB,sub-05,staircase,30,12,34,0.9799749687108886,0.9456565976142884
lr_fixed_tpe_roa,sub-05_FDSI_staircase_snr30dB,sub-05,staircase,30,13,33,0.9275274056029232,0.9085423350334167
lr_fixed_tpe_roa,sub-05_FDSI_staircase_snr25dB,sub-05,staircase,25,0,31,0.9905771495877504,0.9461999535560608
lr_fixed_tpe_roa,sub-05_FDSI_staircase_snr25dB,sub-05,staircase,25,1,44,0.9991204925241864,0.970290184020996
lr_fixed_tpe_roa,sub-05_FDSI_staircase_snr25dB,sub-05,staircase,25,2,42,0.895617529880478,0.8792209029197693
lr_fixed_tpe_roa,sub-05_FDSI_staircase_snr25dB,sub-05,staircase,25,3,40,0.9882352941176472,0.941402554512024
lr_fixed_tpe_roa,sub-05_FDSI_staircase_snr25dB,sub-05,staircase,25,4,30,0.986013986013986,0.9384040236473083
lr_fixed_tpe_roa,sub-05_FDSI_staircase_snr25dB,sub-05,staircase,25,5,43,0.962468723936614,0.8967449069023132
lr_fixed_tpe_roa,sub-05_FDSI_staircase_snr25dB,sub-05,staircase,25,6,41,0.5714978187106156,0.8946040868759155
lr_fixed_tpe_roa,sub-05_FDSI_staircase_snr25dB,sub-05,staircase,25,7,36,0.8439947780678851,0.921830713748932
lr_fixed_tpe_roa,sub-05_FDSI_staircase_snr25dB,sub-05,staircase,25,8,35,0.980242192479286,0.9376298189163208
lr_fixed_tpe_roa,sub-05_FDSI_staircase_snr25dB,sub-05,staircase,25,9,16,0.972099853157122,0.9343804121017456
lr_fixed_tpe_roa,sub-05_FDSI_staircase_snr20dB,sub-05,staircase,20,0,31,0.9688051795173632,0.9243341684341432
lr_fixed_tpe_roa,sub-05_FDSI_staircase_snr20dB,sub-05,staircase,20,1,43,0.9933277731442868,0.9600151777267456
lr_fixed_tpe_roa,sub-05_FDSI_staircase_snr20dB,sub-05,staircase,20,2,44,0.968365553602812,0.8738258481025696
lr_fixed_tpe_roa,sub-05_FDSI_staircase_snr15dB,sub-05,staircase,15,0,31,0.9128145114101814,0.8924351930618286
lr_fixed_tpe_roa,sub-05_FDSI_staircase_snr15dB,sub-05,staircase,15,1,43,0.9833194328607172,0.9343147277832032
lr_fixed_tpe_roa,sub-05_FDSI_staircase_snr15dB,sub-05,staircase,15,2,44,0.927320490367776,0.8605952858924866
lr_fixed_tpe_roa,sub-05_FDSI_triangular-ramp40s_snr30dB,sub-05,triangular-ramp40s,30,0,44,0.6544117647058824,0.9444742202758788
lr_fixed_tpe_roa,sub-05_FDSI_triangular-ramp40s_snr30dB,sub-05,triangular-ramp40s,30,1,41,0.9820485744456178,0.943334698677063
lr_fixed_tpe_roa,sub-05_FDSI_triangular-ramp40s_snr30dB,sub-05,triangular-ramp40s,30,2,35,0.991142604074402,0.9587522149086
lr_fixed_tpe_roa,sub-05_FDSI_triangular-ramp40s_snr30dB,sub-05,triangular-ramp40s,30,3,30,0.9912698412698412,0.95657080411911
lr_fixed_tpe_roa,sub-05_FDSI_triangular-ramp40s_snr30dB,sub-05,triangular-ramp40s,30,4,31,0.9959083469721768,0.9545134902000428
lr_fixed_tpe_roa,sub-05_FDSI_triangular-ramp40s_snr30dB,sub-05,triangular-ramp40s,30,5,40,0.9928131416837782,0.9629761576652528
lr_fixed_tpe_roa,sub-05_FDSI_triangular-ramp40s_snr30dB,sub-05,triangular-ramp40s,30,6,33,0.2417982989064398,0.7504591941833496
lr_fixed_tpe_roa,sub-05_FDSI_triangular-ramp40s_snr30dB,sub-05,triangular-ramp40s,30,7,43,0.9930232558139536,0.9791498184204102
lr_fixed_tpe_roa,sub-05_FDSI_triangular-ramp40s_snr30dB,sub-05,triangular-ramp40s,30,8,39,0.99197592778335,0.9537333250045776
lr_fixed_tpe_roa,sub-05_FDSI_triangular-ramp40s_snr30dB,sub-05,triangular-ramp40s,30,9,16,0.9857239972807614,0.9528239369392396
lr_fixed_tpe_roa,sub-05_FDSI_triangular-ramp40s_snr30dB,sub-05,triangular-ramp40s,30,10,42,0.9701986754966888,0.9154320955276488
lr_fixed_tpe_roa,sub-05_FDSI_triangular-ramp40s_snr30dB,sub-05,triangular-ramp40s,30,11,36,0.8981818181818182,0.9276625514030457
lr_fixed_tpe_roa,sub-05_FDSI_triangular-ramp40s_snr25dB,sub-05,triangular-ramp40s,25,0,44,0.2302158273381295,0.8891262412071228
lr_fixed_tpe_roa,sub-05_FDSI_triangular-ramp40s_snr25dB,sub-05,triangular-ramp40s,25,1,41,0.6355810616929699,0.9160390496253968
lr_fixed_tpe_roa,sub-05_FDSI_triangular-ramp40s_snr25dB,sub-05,triangular-ramp40s,25,2,35,0.9805137289636848,0.9333713054656982
lr_fixed_tpe_roa,sub-05_FDSI_triangular-ramp40s_snr25dB,sub-05,triangular-ramp40s,25,3,30,0.984126984126984,0.9315783977508544
lr_fixed_tpe_roa,sub-05_FDSI_triangular-ramp40s_snr25dB,sub-05,triangular-ramp40s,25,4,31,0.9942716857610474,0.9408376812934875
lr_fixed_tpe_roa,sub-05_FDSI_triangular-ramp40s_snr25dB,sub-05,triangular-ramp40s,25,5,40,0.9856262833675564,0.9403172731399536
lr_fixed_tpe_roa,sub-05_FDSI_triangular-ramp40s_snr25dB,sub-05,triangular-ramp40s,25,6,43,0.9767441860465116,0.9155873656272888
lr_fixed_tpe_roa,sub-05_FDSI_triangular-ramp40s_snr25dB,sub-05,triangular-ramp40s,25,7,36,0.7596759675967597,0.8986557126045227
lr_fixed_tpe_roa,sub-05_FDSI_triangular-ramp40s_snr25dB,sub-05,triangular-ramp40s,25,8,16,0.9592114208021754,0.9347811341285706
lr_fixed_tpe_roa,sub-05_FDSI_triangular-ramp40s_snr25dB,sub-05,triangular-ramp40s,25,9,39,0.962,0.9179282784461976
lr_fixed_tpe_roa,sub-05_FDSI_triangular-ramp40s_snr20dB,sub-05,triangular-ramp40s,20,0,43,0.9709302325581396,0.932413935661316
lr_fixed_tpe_roa,sub-05_FDSI_triangular-ramp40s_snr20dB,sub-05,triangular-ramp40s,20,1,31,0.9746524938675388,0.9177448749542236
lr_fixed_tpe_roa,sub-05_FDSI_triangular-ramp40s_snr20dB,sub-05,triangular-ramp40s,20,2,44,0.9877300613496932,0.9569216966629028
lr_fixed_tpe_roa,sub-05_FDSI_triangular-ramp40s_snr15dB,sub-05,triangular-ramp40s,15,0,43,0.972093023255814,0.935519814491272
lr_fixed_tpe_roa,sub-05_FDSI_triangular-ramp40s_snr15dB,sub-05,triangular-ramp40s,15,1,44,0.9293544457978076,0.8568534851074219
lr_fixed_tpe_roa,sub-05_FDSI_triangular-ramp20s_snr30dB,sub-05,triangular-ramp20s,30,0,44,0.7118437118437119,0.9375351071357728
lr_fixed_tpe_roa,sub-05_FDSI_triangular-ramp20s_snr30dB,sub-05,triangular-ramp20s,30,1,39,0.9760479041916168,0.924672305583954
lr_fixed_tpe_roa,sub-05_FDSI_triangular-ramp20s_snr30dB,sub-05,triangular-ramp20s,30,2,35,0.9840142095914742,0.935299038887024
lr_fixed_tpe_roa,sub-05_FDSI_triangular-ramp20s_snr30dB,sub-05,triangular-ramp20s,30,3,36,0.7780821917808219,0.9004800319671631
lr_fixed_tpe_roa,sub-05_FDSI_triangular-ramp20s_snr30dB,sub-05,triangular-ramp20s,30,4,43,0.9883177570093458,0.9725233912467957
lr_fixed_tpe_roa,sub-05_FDSI_triangular-ramp20s_snr30dB,sub-05,triangular-ramp20s,30,5,31,0.9918032786885246,0.9380668997764589
lr_fixed_tpe_roa,sub-05_FDSI_triangular-ramp20s_snr30dB,sub-05,triangular-ramp20s,30,6,40,0.992798353909465,0.9567373394966124
lr_fixed_tpe_roa,sub-05_FDSI_triangular-ramp20s_snr30dB,sub-05,triangular-ramp20s,30,7,34,0.9497835497835496,0.9158623814582824
lr_fixed_tpe_roa,sub-05_FDSI_triangular-ramp20s_snr30dB,sub-05,triangular-ramp20s,30,8,42,0.9620958751393534,0.9246933460235596
lr_fixed_tpe_roa,sub-05_FDSI_triangular-ramp20s_snr30dB,sub-05,triangular-ramp20s,30,9,30,0.988009592326139,0.9373429417610168
lr_fixed_tpe_roa,sub-05_FDSI_triangular-ramp20s_snr30dB,sub-05,triangular-ramp20s,30,10,41,0.6172248803827751,0.912720501422882
lr_fixed_tpe_roa,sub-05_FDSI_triangular-ramp20s_snr30dB,sub-05,triangular-ramp20s,30,11,37,0.5627864344637947,0.8931572437286377
lr_fixed_tpe_roa,sub-05_FDSI_triangular-ramp20s_snr30dB,sub-05,triangular-ramp20s,30,12,16,0.9871273712737128,0.9487119317054749
lr_fixed_tpe_roa,sub-05_FDSI_triangular-ramp20s_snr25dB,sub-05,triangular-ramp20s,25,0,44,0.6996336996336996,0.929961919784546
lr_fixed_tpe_roa,sub-05_FDSI_triangular-ramp20s_snr25dB,sub-05,triangular-ramp20s,25,1,40,0.9732510288065844,0.930150270462036
lr_fixed_tpe_roa,sub-05_FDSI_triangular-ramp20s_snr25dB,sub-05,triangular-ramp20s,25,2,41,0.5667107001321003,0.8891516923904419
lr_fixed_tpe_roa,sub-05_FDSI_triangular-ramp20s_snr25dB,sub-05,triangular-ramp20s,25,3,30,0.9480415667466028,0.9177513122558594
lr_fixed_tpe_roa,sub-05_FDSI_triangular-ramp20s_snr25dB,sub-05,triangular-ramp20s,25,4,16,0.9600271002710028,0.9359670281410216
lr_fixed_tpe_roa,sub-05_FDSI_triangular-ramp20s_snr25dB,sub-05,triangular-ramp20s,25,5,43,0.9883177570093458,0.9585422873497008
lr_fixed_tpe_roa,sub-05_FDSI_triangular-ramp20s_snr25dB,sub-05,triangular-ramp20s,25,6,31,0.9836065573770492,0.9151267409324646
lr_fixed_tpe_roa,sub-05_FDSI_triangular-ramp20s_snr25dB,sub-05,triangular-ramp20s,25,7,34,0.8122308354866494,0.8881692886352539
lr_fixed_tpe_roa,sub-05_FDSI_triangular-ramp20s_snr25dB,sub-05,triangular-ramp20s,25,8,35,0.9680567879325644,0.924697756767273
lr_fixed_tpe_roa,sub-05_FDSI_triangular-ramp20s_snr20dB,sub-05,triangular-ramp20s,20,0,44,0.628668171557562,0.8867579102516174
lr_fixed_tpe_roa,sub-05_FDSI_triangular-ramp20s_snr20dB,sub-05,triangular-ramp20s,20,1,43,0.9742990654205608,0.9220672249794006
lr_fixed_tpe_roa,sub-05_FDSI_triangular-ramp20s_snr20dB,sub-05,triangular-ramp20s,20,2,31,0.9426229508196722,0.8924974799156189
lr_fixed_tpe_roa,sub-05_FDSI_triangular-ramp20s_snr15dB,sub-05,triangular-ramp20s,15,0,44,0.7360774818401937,0.9033219218254088
lr_fixed_tpe_roa,sub-05_FDSI_triangular-ramp20s_snr15dB,sub-05,triangular-ramp20s,15,1,43,0.9649532710280374,0.925903618335724
lr_fixed_tpe_roa,sub-05_FDSI_triangular-ramp10s_snr30dB,sub-05,triangular-ramp10s,30,0,43,0.994192799070848,0.9637466073036194
lr_fixed_tpe_roa,sub-05_FDSI_triangular-ramp10s_snr30dB,sub-05,triangular-ramp10s,30,1,44,0.9951338199513382,0.9678989052772522
lr_fixed_tpe_roa,sub-05_FDSI_triangular-ramp10s_snr30dB,sub-05,triangular-ramp10s,30,2,42,0.6680988184747583,0.8905389308929443
lr_fixed_tpe_roa,sub-05_FDSI_triangular-ramp10s_snr30dB,sub-05,triangular-ramp10s,30,3,30,0.9792166266986412,0.9188159108161926
lr_fixed_tpe_roa,sub-05_FDSI_triangular-ramp10s_snr30dB,sub-05,triangular-ramp10s,30,4,40,0.9619341563786008,0.9383127689361572
lr_fixed_tpe_roa,sub-05_FDSI_triangular-ramp10s_snr30dB,sub-05,triangular-ramp10s,30,5,31,0.960880195599022,0.8839202523231506
lr_fixed_tpe_roa,sub-05_FDSI_triangular-ramp10s_snr30dB,sub-05,triangular-ramp10s,30,6,36,0.2172131147540983,0.8548039197921753
lr_fixed_tpe_roa,sub-05_FDSI_triangular-ramp10s_snr30dB,sub-05,triangular-ramp10s,30,7,35,0.8830357142857143,0.900127649307251
lr_fixed_tpe_roa,sub-05_FDSI_triangular-ramp10s_snr30dB,sub-05,triangular-ramp10s,30,8,34,0.9503916449086162,0.9192420840263368
lr_fixed_tpe_roa,sub-05_FDSI_triangular-ramp10s_snr30dB,sub-05,triangular-ramp10s,30,9,39,0.7235462345090562,0.8713458180427551
lr_fixed_tpe_roa,sub-05_FDSI_triangular-ramp10s_snr30dB,sub-05,triangular-ramp10s,30,10,41,0.4815521628498728,0.8965041041374207
lr_fixed_tpe_roa,sub-05_FDSI_triangular-ramp10s_snr30dB,sub-05,triangular-ramp10s,30,11,33,0.0804232804232804,0.9103517532348632
lr_fixed_tpe_roa,sub-05_FDSI_triangular-ramp10s_snr30dB,sub-05,triangular-ramp10s,30,12,16,0.9877634262406526,0.9486857056617736
lr_fixed_tpe_roa,sub-05_FDSI_triangular-ramp10s_snr25dB,sub-05,triangular-ramp10s,25,0,43,0.989547038327526,0.9572353363037108
lr_fixed_tpe_roa,sub-05_FDSI_triangular-ramp10s_snr25dB,sub-05,triangular-ramp10s,25,1,35,0.8919642857142858,0.8956935405731201
lr_fixed_tpe_roa,sub-05_FDSI_triangular-ramp10s_snr25dB,sub-05,triangular-ramp10s,25,2,44,0.9829683698296836,0.9521211981773376
lr_fixed_tpe_roa,sub-05_FDSI_triangular-ramp10s_snr25dB,sub-05,triangular-ramp10s,25,3,30,0.9290271132376396,0.9027211666107178
lr_fixed_tpe_roa,sub-05_FDSI_triangular-ramp10s_snr25dB,sub-05,triangular-ramp10s,25,4,40,0.9271047227926078,0.90543931722641
lr_fixed_tpe_roa,sub-05_FDSI_triangular-ramp10s_snr25dB,sub-05,triangular-ramp10s,25,5,39,0.7374658158614403,0.8574361205101013
lr_fixed_tpe_roa,sub-05_FDSI_triangular-ramp10s_snr25dB,sub-05,triangular-ramp10s,25,6,41,0.0718085106382978,0.8761698007583618
lr_fixed_tpe_roa,sub-05_FDSI_triangular-ramp10s_snr25dB,sub-05,triangular-ramp10s,25,7,31,0.9225753871230644,0.8838992714881897
lr_fixed_tpe_roa,sub-05_FDSI_triangular-ramp10s_snr20dB,sub-05,triangular-ramp10s,20,0,43,0.9709639953542392,0.9286873936653136
lr_fixed_tpe_roa,sub-05_FDSI_triangular-ramp10s_snr20dB,sub-05,triangular-ramp10s,20,1,44,0.9552599758162033,0.9178707599639891
lr_fixed_tpe_roa,sub-05_FDSI_triangular-ramp10s_snr20dB,sub-05,triangular-ramp10s,20,2,31,0.8804878048780488,0.8742901682853699
lr_fixed_tpe_roa,sub-05_FDSI_triangular-ramp10s_snr15dB,sub-05,triangular-ramp10s,15,0,44,0.6982035928143713,0.9136872887611388
lr_fixed_tpe_roa,sub-05_FDSI_triangular-ramp10s_snr15dB,sub-05,triangular-ramp10s,15,1,43,0.9198606271777005,0.9073578715324402
lr_fixed_tpe_roa,sub-05_FDSI_triangular-ramp10s_snr15dB,sub-05,triangular-ramp10s,15,2,31,0.6986410871302957,0.8766917586326599
lr_fixed_tpe_roa,sub-05_FDSI_triangular-ramp5s_snr30dB,sub-05,triangular-ramp5s,30,0,44,0.993872549019608,0.961410105228424
lr_fixed_tpe_roa,sub-05_FDSI_triangular-ramp5s_snr30dB,sub-05,triangular-ramp5s,30,1,30,0.7287191726332538,0.9134198427200316
lr_fixed_tpe_roa,sub-05_FDSI_triangular-ramp5s_snr30dB,sub-05,triangular-ramp5s,30,2,43,0.9801169590643276,0.9582539796829224
lr_fixed_tpe_roa,sub-05_FDSI_triangular-ramp5s_snr30dB,sub-05,triangular-ramp5s,30,3,41,0.3963675213675213,0.9156325459480286
lr_fixed_tpe_roa,sub-05_FDSI_triangular-ramp5s_snr30dB,sub-05,triangular-ramp5s,30,4,40,0.7416073245167853,0.9267160296440125
lr_fixed_tpe_roa,sub-05_FDSI_triangular-ramp5s_snr30dB,sub-05,triangular-ramp5s,30,5,36,0.3280254777070063,0.8307710886001587
lr_fixed_tpe_roa,sub-05_FDSI_triangular-ramp5s_snr30dB,sub-05,triangular-ramp5s,30,6,35,0.7575221238938054,0.9041057229042052
lr_fixed_tpe_roa,sub-05_FDSI_triangular-ramp5s_snr30dB,sub-05,triangular-ramp5s,30,7,34,0.5863557858376511,0.8802993297576904
lr_fixed_tpe_roa,sub-05_FDSI_triangular-ramp5s_snr30dB,sub-05,triangular-ramp5s,30,8,42,0.4657836644591611,0.9220489859580994
lr_fixed_tpe_roa,sub-05_FDSI_triangular-ramp5s_snr30dB,sub-05,triangular-ramp5s,30,9,31,0.6794141578519122,0.8961257338523865
lr_fixed_tpe_roa,sub-05_FDSI_triangular-ramp5s_snr30dB,sub-05,triangular-ramp5s,30,10,39,0.4168918918918919,0.8634999394416809
lr_fixed_tpe_roa,sub-05_FDSI_triangular-ramp5s_snr30dB,sub-05,triangular-ramp5s,30,11,16,0.9609321453050036,0.9363876581192015
lr_fixed_tpe_roa,sub-05_FDSI_triangular-ramp5s_snr30dB,sub-05,triangular-ramp5s,30,12,29,0.1741130091984231,0.7896087169647217
lr_fixed_tpe_roa,sub-05_FDSI_triangular-ramp5s_snr25dB,sub-05,triangular-ramp5s,25,0,44,0.9865196078431372,0.9495009183883668
lr_fixed_tpe_roa,sub-05_FDSI_triangular-ramp5s_snr25dB,sub-05,triangular-ramp5s,25,1,43,0.9660818713450292,0.943952739238739
lr_fixed_tpe_roa,sub-05_FDSI_triangular-ramp5s_snr25dB,sub-05,triangular-ramp5s,25,2,30,0.6770087509944311,0.9073718786239624
lr_fixed_tpe_roa,sub-05_FDSI_triangular-ramp5s_snr25dB,sub-05,triangular-ramp5s,25,3,41,0.4237623762376237,0.8863300085067749
lr_fixed_tpe_roa,sub-05_FDSI_triangular-ramp5s_snr25dB,sub-05,triangular-ramp5s,25,4,40,0.67472306143001,0.9093871116638184
lr_fixed_tpe_roa,sub-05_FDSI_triangular-ramp5s_snr25dB,sub-05,triangular-ramp5s,25,5,42,0.2947269303201507,0.780616044998169
lr_fixed_tpe_roa,sub-05_FDSI_triangular-ramp5s_snr25dB,sub-05,triangular-ramp5s,25,6,16,0.9335161069225496,0.9113160371780396
lr_fixed_tpe_roa,sub-05_FDSI_triangular-ramp5s_snr25dB,sub-05,triangular-ramp5s,25,7,31,0.640194489465154,0.8899833559989929
lr_fixed_tpe_roa,sub-05_FDSI_triangular-ramp5s_snr25dB,sub-05,triangular-ramp5s,25,8,36,0.2722308892355694,0.8467026352882385
lr_fixed_tpe_roa,sub-05_FDSI_triangular-ramp5s_snr25dB,sub-05,triangular-ramp5s,25,9,35,0.6076173604960142,0.8927057981491089
lr_fixed_tpe_roa,sub-05_FDSI_triangular-ramp5s_snr20dB,sub-05,triangular-ramp5s,20,0,44,0.9068627450980392,0.9254031777381896
lr_fixed_tpe_roa,sub-05_FDSI_triangular-ramp5s_snr20dB,sub-05,triangular-ramp5s,20,1,31,0.6376811594202898,0.894252598285675
lr_fixed_tpe_roa,sub-05_FDSI_triangular-ramp5s_snr20dB,sub-05,triangular-ramp5s,20,2,43,0.4385964912280701,0.9024763703346252
lr_fixed_tpe_roa,sub-05_FDSI_triangular-ramp5s_snr20dB,sub-05,triangular-ramp5s,20,3,41,0.1616613418530351,0.87327641248703
lr_fixed_tpe_roa,sub-05_FDSI_triangular-ramp5s_snr15dB,sub-05,triangular-ramp5s,15,0,43,0.5426900584795321,0.9021865725517272
lr_fixed_tpe_roa,sub-05_FDSI_triangular-ramp5s_snr15dB,sub-05,triangular-ramp5s,15,1,44,0.4770642201834862,0.8916283845901489
lr_relerror_tpe_sv_median,sub-01_FDSI_staircase_snr30dB,sub-01,staircase,30,0,28,0.9981818181818182,0.9798912405967712
lr_relerror_tpe_sv_median,sub-01_FDSI_staircase_snr30dB,sub-01,staircase,30,1,38,0.9938434476693052,0.9737337231636048
lr_relerror_tpe_sv_median,sub-01_FDSI_staircase_snr30dB,sub-01,staircase,30,2,7,0.9154532644434008,0.9088324904441832
lr_relerror_tpe_sv_median,sub-01_FDSI_staircase_snr30dB,sub-01,staircase,30,3,37,0.9793559042113956,0.9385635256767272
lr_relerror_tpe_sv_median,sub-01_FDSI_staircase_snr30dB,sub-01,staircase,30,4,31,0.5205479452054794,0.9068364500999452
lr_relerror_tpe_sv_median,sub-01_FDSI_staircase_snr30dB,sub-01,staircase,30,5,35,0.899338721528288,0.9046862125396729
lr_relerror_tpe_sv_median,sub-01_FDSI_staircase_snr30dB,sub-01,staircase,30,6,34,0.9870036101083032,0.9507638216018676
lr_relerror_tpe_sv_median,sub-01_FDSI_staircase_snr30dB,sub-01,staircase,30,7,30,0.5941968040370059,0.9145469665527344
lr_relerror_tpe_sv_median,sub-01_FDSI_staircase_snr30dB,sub-01,staircase,30,8,36,0.991283676703645,0.961009442806244
lr_relerror_tpe_sv_median,sub-01_FDSI_staircase_snr30dB,sub-01,staircase,30,9,32,0.9865591397849462,0.9542708992958068
lr_relerror_tpe_sv_median,sub-01_FDSI_staircase_snr30dB,sub-01,staircase,30,10,24,0.9109513274336284,0.9036317467689514
lr_relerror_tpe_sv_median,sub-01_FDSI_staircase_snr30dB,sub-01,staircase,30,11,22,0.4250996015936255,0.8907756805419922
lr_relerror_tpe_sv_median,sub-01_FDSI_staircase_snr30dB,sub-01,staircase,30,12,33,0.3433091064557503,0.9180902242660522
lr_relerror_tpe_sv_median,sub-01_FDSI_staircase_snr30dB,sub-01,staircase,30,13,29,0.3886693017127799,0.9096794128417968
lr_relerror_tpe_sv_median,sub-01_FDSI_staircase_snr25dB,sub-01,staircase,25,0,28,0.9981818181818182,0.9853787422180176
lr_relerror_tpe_sv_median,sub-01_FDSI_staircase_snr25dB,sub-01,staircase,25,1,38,0.992084432717678,0.9649349451065063
lr_relerror_tpe_sv_median,sub-01_FDSI_staircase_snr25dB,sub-01,staircase,25,2,37,0.9498355263157896,0.9221978783607484
lr_relerror_tpe_sv_median,sub-01_FDSI_staircase_snr25dB,sub-01,staircase,25,3,31,0.4910802775024777,0.8863574266433716
lr_relerror_tpe_sv_median,sub-01_FDSI_staircase_snr25dB,sub-01,staircase,25,4,24,0.4143730886850152,0.8978177309036255
lr_relerror_tpe_sv_median,sub-01_FDSI_staircase_snr25dB,sub-01,staircase,25,5,32,0.5913297613248905,0.9009987711906432
lr_relerror_tpe_sv_median,sub-01_FDSI_staircase_snr25dB,sub-01,staircase,25,6,34,0.9389312977099236,0.9350777864456176
lr_relerror_tpe_sv_median,sub-01_FDSI_staircase_snr25dB,sub-01,staircase,25,7,30,0.8420745920745921,0.90395849943161
lr_relerror_tpe_sv_median,sub-01_FDSI_staircase_snr25dB,sub-01,staircase,25,8,36,0.9881141045958796,0.9514654278755188
lr_relerror_tpe_sv_median,sub-01_FDSI_staircase_snr25dB,sub-01,staircase,25,9,33,0.3273365511189118,0.909067451953888
lr_relerror_tpe_sv_median,sub-01_FDSI_staircase_snr25dB,sub-01,staircase,25,10,35,0.8314532183145322,0.8895345330238342
lr_relerror_tpe_sv_median,sub-01_FDSI_staircase_snr20dB,sub-01,staircase,20,0,28,0.9981818181818182,0.978583037853241
lr_relerror_tpe_sv_median,sub-01_FDSI_staircase_snr20dB,sub-01,staircase,20,1,38,0.9912049252418644,0.942108690738678
lr_relerror_tpe_sv_median,sub-01_FDSI_staircase_snr20dB,sub-01,staircase,20,2,37,0.4969287469287469,0.8784269690513611
lr_relerror_tpe_sv_median,sub-01_FDSI_staircase_snr20dB,sub-01,staircase,20,3,36,0.9619651347068146,0.926667332649231
lr_relerror_tpe_sv_median,sub-01_FDSI_staircase_snr20dB,sub-01,staircase,20,4,34,0.8350383631713555,0.9058200120925904
lr_relerror_tpe_sv_median,sub-01_FDSI_staircase_snr20dB,sub-01,staircase,20,5,32,0.697320021019443,0.9002329707145691
lr_relerror_tpe_sv_median,sub-01_FDSI_staircase_snr15dB,sub-01,staircase,15,0,28,0.9981818181818182,0.9753817915916444
lr_relerror_tpe_sv_median,sub-01_FDSI_staircase_snr15dB,sub-01,staircase,15,1,38,0.9482909728308502,0.9068850874900818
lr_relerror_tpe_sv_median,sub-01_FDSI_staircase_snr15dB,sub-01,staircase,15,2,36,0.9445324881141046,0.9182175993919371
lr_relerror_tpe_sv_median,sub-01_FDSI_staircase_snr15dB,sub-01,staircase,15,3,34,0.3495454545454545,0.8533351421356201
lr_relerror_tpe_sv_median,sub-01_FDSI_staircase_snr15dB,sub-01,staircase,15,4,32,0.3772055317119694,0.8797025084495544
lr_relerror_tpe_sv_median,sub-01_FDSI_triangular-ramp40s_snr30dB,sub-01,triangular-ramp40s,30,0,28,0.9949494949494948,0.9839770793914796
lr_relerror_tpe_sv_median,sub-01_FDSI_triangular-ramp40s_snr30dB,sub-01,triangular-ramp40s,30,1,32,0.9839924670433146,0.940256893634796
lr_relerror_tpe_sv_median,sub-01_FDSI_triangular-ramp40s_snr30dB,sub-01,triangular-ramp40s,30,2,38,0.9926289926289926,0.9747610688209534
lr_relerror_tpe_sv_median,sub-01_FDSI_triangular-ramp40s_snr30dB,sub-01,triangular-ramp40s,30,3,37,0.953810623556582,0.9088372588157654
lr_relerror_tpe_sv_median,sub-01_FDSI_triangular-ramp40s_snr30dB,sub-01,triangular-ramp40s,30,4,35,0.2701331642358909,0.8821837902069092
lr_relerror_tpe_sv_median,sub-01_FDSI_triangular-ramp40s_snr30dB,sub-01,triangular-ramp40s,30,5,34,0.9867482161060144,0.9524538516998292
lr_relerror_tpe_sv_median,sub-01_FDSI_triangular-ramp40s_snr30dB,sub-01,triangular-ramp40s,30,6,36,0.9922822491730982,0.969179093837738
lr_relerror_tpe_sv_median,sub-01_FDSI_triangular-ramp40s_snr30dB,sub-01,triangular-ramp40s,30,7,33,0.6060842433697348,0.9281567335128784
lr_relerror_tpe_sv_median,sub-01_FDSI_triangular-ramp40s_snr30dB,sub-01,triangular-ramp40s,30,8,30,0.7541218637992831,0.9093456268310548
lr_relerror_tpe_sv_median,sub-01_FDSI_triangular-ramp40s_snr30dB,sub-01,triangular-ramp40s,30,9,7,0.4140066698427823,0.8588816523551941
lr_relerror_tpe_sv_median,sub-01_FDSI_triangular-ramp40s_snr30dB,sub-01,triangular-ramp40s,30,10,29,0.4667931688804554,0.9091582894325256
lr_relerror_tpe_sv_median,sub-01_FDSI_triangular-ramp40s_snr30dB,sub-01,triangular-ramp40s,30,11,31,0.8243451463790447,0.896636962890625
lr_relerror_tpe_sv_median,sub-01_FDSI_triangular-ramp40s_snr30dB,sub-01,triangular-ramp40s,30,12,22,0.5455600696459664,0.8663410544395447
lr_relerror_tpe_sv_median,sub-01_FDSI_triangular-ramp40s_snr30dB,sub-01,triangular-ramp40s,30,13,24,0.9439688715953308,0.9110247492790222
lr_relerror_tpe_sv_median,sub-01_FDSI_triangular-ramp40s_snr25dB,sub-01,triangular-ramp40s,25,0,28,0.9949494949494948,0.9850666522979736
lr_relerror_tpe_sv_median,sub-01_FDSI_triangular-ramp40s_snr25dB,sub-01,triangular-ramp40s,25,1,32,0.935754189944134,0.9252094030380248
lr_relerror_tpe_sv_median,sub-01_FDSI_triangular-ramp40s_snr25dB,sub-01,triangular-ramp40s,25,2,38,0.9852579852579852,0.9406776428222656
lr_relerror_tpe_sv_median,sub-01_FDSI_triangular-ramp40s_snr25dB,sub-01,triangular-ramp40s,25,3,37,0.9085714285714286,0.8994156122207642
lr_relerror_tpe_sv_median,sub-01_FDSI_triangular-ramp40s_snr25dB,sub-01,triangular-ramp40s,25,4,24,0.3474128827877508,0.8993561267852783
lr_relerror_tpe_sv_median,sub-01_FDSI_triangular-ramp40s_snr25dB,sub-01,triangular-ramp40s,25,5,34,0.8975563909774437,0.9239078164100648
lr_relerror_tpe_sv_median,sub-01_FDSI_triangular-ramp40s_snr25dB,sub-01,triangular-ramp40s,25,6,36,0.9867695700110254,0.9550889134407043
lr_relerror_tpe_sv_median,sub-01_FDSI_triangular-ramp40s_snr25dB,sub-01,triangular-ramp40s,25,7,29,0.4261682242990654,0.888367772102356
lr_relerror_tpe_sv_median,sub-01_FDSI_triangular-ramp40s_snr25dB,sub-01,triangular-ramp40s,25,8,30,0.5156146179401994,0.9026778936386108
lr_relerror_tpe_sv_median,sub-01_FDSI_triangular-ramp40s_snr25dB,sub-01,triangular-ramp40s,25,9,35,0.3789253314724354,0.8616084456443787
lr_relerror_tpe_sv_median,sub-01_FDSI_triangular-ramp40s_snr25dB,sub-01,triangular-ramp40s,25,10,31,0.4933333333333333,0.8743964433670044
lr_relerror_tpe_sv_median,sub-01_FDSI_triangular-ramp40s_snr25dB,sub-01,triangular-ramp40s,25,11,33,0.4135200974421437,0.8914161324501038
lr_relerror_tpe_sv_median,sub-01_FDSI_triangular-ramp40s_snr20dB,sub-01,triangular-ramp40s,20,0,28,0.9957912457912458,0.9869441390037536
lr_relerror_tpe_sv_median,sub-01_FDSI_triangular-ramp40s_snr20dB,sub-01,triangular-ramp40s,20,1,32,0.9737089201877934,0.9332962036132812
lr_relerror_tpe_sv_median,sub-01_FDSI_triangular-ramp40s_snr20dB,sub-01,triangular-ramp40s,20,2,38,0.9889434889434888,0.9513909816741944
lr_relerror_tpe_sv_median,sub-01_FDSI_triangular-ramp40s_snr20dB,sub-01,triangular-ramp40s,20,3,35,0.2848443843031123,0.8420166969299316
lr_relerror_tpe_sv_median,sub-01_FDSI_triangular-ramp40s_snr20dB,sub-01,triangular-ramp40s,20,4,36,0.980154355016538,0.9376767873764038
lr_relerror_tpe_sv_median,sub-01_FDSI_triangular-ramp40s_snr20dB,sub-01,triangular-ramp40s,20,5,34,0.8240574506283662,0.886533796787262
lr_relerror_tpe_sv_median,sub-01_FDSI_triangular-ramp40s_snr20dB,sub-01,triangular-ramp40s,20,6,37,0.4761904761904761,0.8703804016113281
lr_relerror_tpe_sv_median,sub-01_FDSI_triangular-ramp40s_snr15dB,sub-01,triangular-ramp40s,15,0,28,0.9957912457912458,0.9823008179664612
lr_relerror_tpe_sv_median,sub-01_FDSI_triangular-ramp40s_snr15dB,sub-01,triangular-ramp40s,15,1,38,0.9558823529411764,0.9181279540061952
lr_relerror_tpe_sv_median,sub-01_FDSI_triangular-ramp40s_snr15dB,sub-01,triangular-ramp40s,15,2,34,0.2573616018845701,0.8747498989105225
lr_relerror_tpe_sv_median,sub-01_FDSI_triangular-ramp40s_snr15dB,sub-01,triangular-ramp40s,15,3,36,0.9361233480176212,0.91414475440979
lr_relerror_tpe_sv_median,sub-01_FDSI_triangular-ramp20s_snr30dB,sub-01,triangular-ramp20s,30,0,38,0.9888751545117428,0.967091143131256
lr_relerror_tpe_sv_median,sub-01_FDSI_triangular-ramp20s_snr30dB,sub-01,triangular-ramp20s,30,1,37,0.9736238532110092,0.9270094633102416
lr_relerror_tpe_sv_median,sub-01_FDSI_triangular-ramp20s_snr30dB,sub-01,triangular-ramp20s,30,2,33,0.1500824628916987,0.9314365386962892
lr_relerror_tpe_sv_median,sub-01_FDSI_triangular-ramp20s_snr30dB,sub-01,triangular-ramp20s,30,3,32,0.9887005649717514,0.960771381855011
lr_relerror_tpe_sv_median,sub-01_FDSI_triangular-ramp20s_snr30dB,sub-01,triangular-ramp20s,30,4,28,0.9958471760797342,0.9870455861091614
lr_relerror_tpe_sv_median,sub-01_FDSI_triangular-ramp20s_snr30dB,sub-01,triangular-ramp20s,30,5,35,0.9386694386694386,0.9129271507263184
lr_relerror_tpe_sv_median,sub-01_FDSI_triangular-ramp20s_snr30dB,sub-01,triangular-ramp20s,30,6,34,0.9848178137651822,0.9452926516532898
lr_relerror_tpe_sv_median,sub-01_FDSI_triangular-ramp20s_snr30dB,sub-01,triangular-ramp20s,30,7,24,0.2149882903981264,0.9205591082572936
lr_relerror_tpe_sv_median,sub-01_FDSI_triangular-ramp20s_snr30dB,sub-01,triangular-ramp20s,30,8,31,0.5289079229122056,0.9094335436820984
lr_relerror_tpe_sv_median,sub-01_FDSI_triangular-ramp20s_snr30dB,sub-01,triangular-ramp20s,30,9,29,0.3992560446373218,0.907318353652954
lr_relerror_tpe_sv_median,sub-01_FDSI_triangular-ramp20s_snr30dB,sub-01,triangular-ramp20s,30,10,36,0.9879253567508232,0.954749882221222
lr_relerror_tpe_sv_median,sub-01_FDSI_triangular-ramp20s_snr30dB,sub-01,triangular-ramp20s,30,11,13,0.8538812785388128,0.8721356987953186
lr_relerror_tpe_sv_median,sub-01_FDSI_triangular-ramp20s_snr30dB,sub-01,triangular-ramp20s,30,12,30,0.5751905751905751,0.9150153994560242
lr_relerror_tpe_sv_median,sub-01_FDSI_triangular-ramp20s_snr30dB,sub-01,triangular-ramp20s,30,13,22,0.9187592319054652,0.895862877368927
lr_relerror_tpe_sv_median,sub-01_FDSI_triangular-ramp20s_snr25dB,sub-01,triangular-ramp20s,25,0,38,0.9913473423980222,0.9558603763580322
lr_relerror_tpe_sv_median,sub-01_FDSI_triangular-ramp20s_snr25dB,sub-01,triangular-ramp20s,25,1,28,0.9966777408637874,0.9874390363693236
lr_relerror_tpe_sv_median,sub-01_FDSI_triangular-ramp20s_snr25dB,sub-01,triangular-ramp20s,25,2,34,0.9516288252714707,0.9281435608863832
lr_relerror_tpe_sv_median,sub-01_FDSI_triangular-ramp20s_snr25dB,sub-01,triangular-ramp20s,25,3,35,0.1708126036484245,0.9135017395019532
lr_relerror_tpe_sv_median,sub-01_FDSI_triangular-ramp20s_snr25dB,sub-01,triangular-ramp20s,25,4,32,0.6751937984496124,0.9336126446723938
lr_relerror_tpe_sv_median,sub-01_FDSI_triangular-ramp20s_snr25dB,sub-01,triangular-ramp20s,25,5,30,0.4531147540983606,0.879813551902771
lr_relerror_tpe_sv_median,sub-01_FDSI_triangular-ramp20s_snr25dB,sub-01,triangular-ramp20s,25,6,37,0.1673582295988935,0.8750132322311401
lr_relerror_tpe_sv_median,sub-01_FDSI_triangular-ramp20s_snr25dB,sub-01,triangular-ramp20s,25,7,36,0.9758507135016464,0.933870017528534
lr_relerror_tpe_sv_median,sub-01_FDSI_triangular-ramp20s_snr25dB,sub-01,triangular-ramp20s,25,8,33,0.1357442348008385,0.8825910687446594
lr_relerror_tpe_sv_median,sub-01_FDSI_triangular-ramp20s_snr25dB,sub-01,triangular-ramp20s,25,9,31,0.535966149506347,0.8935568332672119
lr_relerror_tpe_sv_median,sub-01_FDSI_triangular-ramp20s_snr25dB,sub-01,triangular-ramp20s,25,10,24,0.1495628163828808,0.8946066498756409
lr_relerror_tpe_sv_median,sub-01_FDSI_triangular-ramp20s_snr20dB,sub-01,triangular-ramp20s,20,0,38,0.9728059332509272,0.9291604161262512
lr_relerror_tpe_sv_median,sub-01_FDSI_triangular-ramp20s_snr20dB,sub-01,triangular-ramp20s,20,1,32,0.9662288930581614,0.9228923320770264
lr_relerror_tpe_sv_median,sub-01_FDSI_triangular-ramp20s_snr20dB,sub-01,triangular-ramp20s,20,2,28,0.9991694352159468,0.9841524362564088
lr_relerror_tpe_sv_median,sub-01_FDSI_triangular-ramp20s_snr20dB,sub-01,triangular-ramp20s,20,3,36,0.9353070175438596,0.904519259929657
lr_relerror_tpe_sv_median,sub-01_FDSI_triangular-ramp20s_snr20dB,sub-01,triangular-ramp20s,20,4,34,0.1985737794843664,0.8992193937301636
lr_relerror_tpe_sv_median,sub-01_FDSI_triangular-ramp20s_snr15dB,sub-01,triangular-ramp20s,15,0,28,0.9975083056478404,0.9825431108474731
lr_relerror_tpe_sv_median,sub-01_FDSI_triangular-ramp20s_snr15dB,sub-01,triangular-ramp20s,15,1,38,0.91389913899139,0.8928157091140747
lr_relerror_tpe_sv_median,sub-01_FDSI_triangular-ramp20s_snr15dB,sub-01,triangular-ramp20s,15,2,32,0.6073903002309469,0.8947979807853699
lr_relerror_tpe_sv_median,sub-01_FDSI_triangular-ramp20s_snr15dB,sub-01,triangular-ramp20s,15,3,36,0.1907246376811594,0.9028308987617492
lr_relerror_tpe_sv_median,sub-01_FDSI_triangular-ramp10s_snr30dB,sub-01,triangular-ramp10s,30,0,34,0.096938775510204,0.9540519714355468
lr_relerror_tpe_sv_median,sub-01_FDSI_triangular-ramp10s_snr30dB,sub-01,triangular-ramp10s,30,1,37,0.1207764198418404,0.9323862195014954
lr_relerror_tpe_sv_median,sub-01_FDSI_triangular-ramp10s_snr30dB,sub-01,triangular-ramp10s,30,2,33,0.1339612768184196,0.913091778755188
lr_relerror_tpe_sv_median,sub-01_FDSI_triangular-ramp10s_snr30dB,sub-01,triangular-ramp10s,30,3,28,0.9949579831932772,0.9811932444572448
lr_relerror_tpe_sv_median,sub-01_FDSI_triangular-ramp10s_snr30dB,sub-01,triangular-ramp10s,30,4,32,0.1034482758620689,0.916608452796936
lr_relerror_tpe_sv_median,sub-01_FDSI_triangular-ramp10s_snr30dB,sub-01,triangular-ramp10s,30,5,30,0.2798216276477146,0.9059728980064392
lr_relerror_tpe_sv_median,sub-01_FDSI_triangular-ramp10s_snr30dB,sub-01,triangular-ramp10s,30,6,38,0.9878048780487804,0.938952088356018
lr_relerror_tpe_sv_median,sub-01_FDSI_triangular-ramp10s_snr30dB,sub-01,triangular-ramp10s,30,7,35,0.9444444444444444,0.9260624051094056
lr_relerror_tpe_sv_median,sub-01_FDSI_triangular-ramp10s_snr30dB,sub-01,triangular-ramp10s,30,8,24,0.0975832193342453,0.9370694160461426
lr_relerror_tpe_sv_median,sub-01_FDSI_triangular-ramp10s_snr30dB,sub-01,triangular-ramp10s,30,9,31,0.4541095890410959,0.923223078250885
lr_relerror_tpe_sv_median,sub-01_FDSI_triangular-ramp10s_snr30dB,sub-01,triangular-ramp10s,30,10,36,0.991130820399113,0.9520122408866882
lr_relerror_tpe_sv_median,sub-01_FDSI_triangular-ramp10s_snr30dB,sub-01,triangular-ramp10s,30,11,29,0.3550331525015069,0.9072301387786864
lr_relerror_tpe_sv_median,sub-01_FDSI_triangular-ramp10s_snr30dB,sub-01,triangular-ramp10s,30,12,22,0.8341968911917098,0.8802001476287842
lr_relerror_tpe_sv_median,sub-01_FDSI_triangular-ramp10s_snr25dB,sub-01,triangular-ramp10s,25,0,34,0.908820614469772,0.8990681767463684
lr_relerror_tpe_sv_median,sub-01_FDSI_triangular-ramp10s_snr25dB,sub-01,triangular-ramp10s,25,1,28,0.9966386554621848,0.9827799201011658
lr_relerror_tpe_sv_median,sub-01_FDSI_triangular-ramp10s_snr25dB,sub-01,triangular-ramp10s,25,2,38,0.9408926417370326,0.8946388959884644
lr_relerror_tpe_sv_median,sub-01_FDSI_triangular-ramp10s_snr25dB,sub-01,triangular-ramp10s,25,3,36,0.8991130820399114,0.9047433137893676
lr_relerror_tpe_sv_median,sub-01_FDSI_triangular-ramp10s_snr25dB,sub-01,triangular-ramp10s,25,4,32,0.9719887955182072,0.9208235144615172
lr_relerror_tpe_sv_median,sub-01_FDSI_triangular-ramp10s_snr25dB,sub-01,triangular-ramp10s,25,5,30,0.115319389485585,0.9004051089286804
lr_relerror_tpe_sv_median,sub-01_FDSI_triangular-ramp10s_snr25dB,sub-01,triangular-ramp10s,25,6,35,0.5372384937238494,0.8865872025489807
lr_relerror_tpe_sv_median,sub-01_FDSI_triangular-ramp10s_snr25dB,sub-01,triangular-ramp10s,25,7,33,0.0825013137151865,0.8852581977844238
lr_relerror_tpe_sv_median,sub-01_FDSI_triangular-ramp10s_snr25dB,sub-01,triangular-ramp10s,25,8,31,0.4269125683060109,0.8966795802116394
lr_relerror_tpe_sv_median,sub-01_FDSI_triangular-ramp10s_snr25dB,sub-01,triangular-ramp10s,25,9,37,0.0671834625322997,0.8585655689239502
lr_relerror_tpe_sv_median,sub-01_FDSI_triangular-ramp10s_snr25dB,sub-01,triangular-ramp10s,25,10,24,0.2582205029013539,0.8720966577529907
lr_relerror_tpe_sv_median,sub-01_FDSI_triangular-ramp10s_snr20dB,sub-01,triangular-ramp10s,20,0,34,0.1300211416490486,0.9142245650291444
lr_relerror_tpe_sv_median,sub-01_FDSI_triangular-ramp10s_snr20dB,sub-01,triangular-ramp10s,20,1,30,0.1409036860879904,0.8685832619667053
lr_relerror_tpe_sv_median,sub-01_FDSI_triangular-ramp10s_snr20dB,sub-01,triangular-ramp10s,20,2,28,0.9966386554621848,0.9695021510124208
lr_relerror_tpe_sv_median,sub-01_FDSI_triangular-ramp10s_snr20dB,sub-01,triangular-ramp10s,20,3,36,0.7244174265450861,0.9062905311584472
lr_relerror_tpe_sv_median,sub-01_FDSI_triangular-ramp10s_snr20dB,sub-01,triangular-ramp10s,20,4,32,0.6771406127258445,0.9032025337219238
lr_relerror_tpe_sv_median,sub-01_FDSI_triangular-ramp10s_snr20dB,sub-01,triangular-ramp10s,20,5,38,0.5317073170731708,0.9109079837799072
lr_relerror_tpe_sv_median,sub-01_FDSI_triangular-ramp10s_snr20dB,sub-01,triangular-ramp10s,20,6,35,0.4348171701112877,0.8351382613182068
lr_relerror_tpe_sv_median,sub-01_FDSI_triangular-ramp10s_snr20dB,sub-01,triangular-ramp10s,20,7,37,0.0792556857339765,0.8458584547042847
lr_relerror_tpe_sv_median,sub-01_FDSI_triangular-ramp10s_snr15dB,sub-01,triangular-ramp10s,15,0,28,0.9966386554621848,0.9793449640274048
lr_relerror_tpe_sv_median,sub-01_FDSI_triangular-ramp10s_snr15dB,sub-01,triangular-ramp10s,15,1,36,0.0604099244875943,0.952587902545929
lr_relerror_tpe_sv_median,sub-01_FDSI_triangular-ramp10s_snr15dB,sub-01,triangular-ramp10s,15,2,38,0.5614457831325301,0.8817101120948792
lr_relerror_tpe_sv_median,sub-01_FDSI_triangular-ramp10s_snr15dB,sub-01,triangular-ramp10s,15,3,34,0.2521915037086986,0.8414425253868103
lr_relerror_tpe_sv_median,sub-01_FDSI_triangular-ramp5s_snr30dB,sub-01,triangular-ramp5s,30,0,32,0.1271084337349397,0.91547292470932
lr_relerror_tpe_sv_median,sub-01_FDSI_triangular-ramp5s_snr30dB,sub-01,triangular-ramp5s,30,1,36,0.9944933920704846,0.9571012258529664
lr_relerror_tpe_sv_median,sub-01_FDSI_triangular-ramp5s_snr30dB,sub-01,triangular-ramp5s,30,2,28,0.9957983193277312,0.9837421178817748
lr_relerror_tpe_sv_median,sub-01_FDSI_triangular-ramp5s_snr30dB,sub-01,triangular-ramp5s,30,3,30,0.264855687606112,0.8865710496902466
lr_relerror_tpe_sv_median,sub-01_FDSI_triangular-ramp5s_snr30dB,sub-01,triangular-ramp5s,30,4,38,0.9395061728395062,0.9340590834617616
lr_relerror_tpe_sv_median,sub-01_FDSI_triangular-ramp5s_snr30dB,sub-01,triangular-ramp5s,30,5,35,0.1036131774707757,0.9308854341506958
lr_relerror_tpe_sv_median,sub-01_FDSI_triangular-ramp5s_snr30dB,sub-01,triangular-ramp5s,30,6,34,0.9504048582995952,0.9165624976158142
lr_relerror_tpe_sv_median,sub-01_FDSI_triangular-ramp5s_snr30dB,sub-01,triangular-ramp5s,30,7,31,0.4668035592060233,0.8993130922317505
lr_relerror_tpe_sv_median,sub-01_FDSI_triangular-ramp5s_snr30dB,sub-01,triangular-ramp5s,30,8,33,0.1653247450348899,0.9006024599075317
lr_relerror_tpe_sv_median,sub-01_FDSI_triangular-ramp5s_snr30dB,sub-01,triangular-ramp5s,30,9,37,0.7384259259259259,0.9130162000656128
lr_relerror_tpe_sv_median,sub-01_FDSI_triangular-ramp5s_snr30dB,sub-01,triangular-ramp5s,30,10,24,0.8351309707241911,0.9188995361328124
lr_relerror_tpe_sv_median,sub-01_FDSI_triangular-ramp5s_snr30dB,sub-01,triangular-ramp5s,30,11,22,0.736231884057971,0.8782074451446533
lr_relerror_tpe_sv_median,sub-01_FDSI_triangular-ramp5s_snr30dB,sub-01,triangular-ramp5s,30,12,29,0.372121966397013,0.8979415893554688
lr_relerror_tpe_sv_median,sub-01_FDSI_triangular-ramp5s_snr30dB,sub-01,triangular-ramp5s,30,13,27,0.0747126436781609,0.9318292140960692
lr_relerror_tpe_sv_median,sub-01_FDSI_triangular-ramp5s_snr25dB,sub-01,triangular-ramp5s,25,0,36,0.9845814977973568,0.9458609819412231
lr_relerror_tpe_sv_median,sub-01_FDSI_triangular-ramp5s_snr25dB,sub-01,triangular-ramp5s,25,1,32,0.0678210678210678,0.9646105766296388
lr_relerror_tpe_sv_median,sub-01_FDSI_triangular-ramp5s_snr25dB,sub-01,triangular-ramp5s,25,2,28,0.9957983193277312,0.9797683954238892
lr_relerror_tpe_sv_median,sub-01_FDSI_triangular-ramp5s_snr25dB,sub-01,triangular-ramp5s,25,3,30,0.2867256637168142,0.8831980228424072
lr_relerror_tpe_sv_median,sub-01_FDSI_triangular-ramp5s_snr25dB,sub-01,triangular-ramp5s,25,4,38,0.800982800982801,0.9118881225585938
lr_relerror_tpe_sv_median,sub-01_FDSI_triangular-ramp5s_snr25dB,sub-01,triangular-ramp5s,25,5,37,0.0926331145149525,0.8919771313667297
lr_relerror_tpe_sv_median,sub-01_FDSI_triangular-ramp5s_snr25dB,sub-01,triangular-ramp5s,25,6,35,0.7458677685950413,0.9040338397026062
lr_relerror_tpe_sv_median,sub-01_FDSI_triangular-ramp5s_snr25dB,sub-01,triangular-ramp5s,25,7,24,0.1041382446566621,0.921342670917511
lr_relerror_tpe_sv_median,sub-01_FDSI_triangular-ramp5s_snr25dB,sub-01,triangular-ramp5s,25,8,34,0.2158543117300482,0.920613706111908
lr_relerror_tpe_sv_median,sub-01_FDSI_triangular-ramp5s_snr25dB,sub-01,triangular-ramp5s,25,9,33,0.3705738705738706,0.8671218156814575
lr_relerror_tpe_sv_median,sub-01_FDSI_triangular-ramp5s_snr20dB,sub-01,triangular-ramp5s,20,0,32,0.7787037037037037,0.9146912693977356
lr_relerror_tpe_sv_median,sub-01_FDSI_triangular-ramp5s_snr20dB,sub-01,triangular-ramp5s,20,1,28,0.9957983193277312,0.9851835370063782
lr_relerror_tpe_sv_median,sub-01_FDSI_triangular-ramp5s_snr20dB,sub-01,triangular-ramp5s,20,2,38,0.9704069050554872,0.9187638759613036
lr_relerror_tpe_sv_median,sub-01_FDSI_triangular-ramp5s_snr20dB,sub-01,triangular-ramp5s,20,3,36,0.5594713656387665,0.9194743037223816
lr_relerror_tpe_sv_median,sub-01_FDSI_triangular-ramp5s_snr20dB,sub-01,triangular-ramp5s,20,4,37,0.0627202255109231,0.8690279722213745
lr_relerror_tpe_sv_median,sub-01_FDSI_triangular-ramp5s_snr20dB,sub-01,triangular-ramp5s,20,5,34,0.0668341708542713,0.9495641589164734
lr_relerror_tpe_sv_median,sub-01_FDSI_triangular-ramp5s_snr15dB,sub-01,triangular-ramp5s,15,0,32,0.7240437158469946,0.8894007205963135
lr_relerror_tpe_sv_median,sub-01_FDSI_triangular-ramp5s_snr15dB,sub-01,triangular-ramp5s,15,1,28,0.9957983193277312,0.9824959635734558
lr_relerror_tpe_sv_median,sub-01_FDSI_triangular-ramp5s_snr15dB,sub-01,triangular-ramp5s,15,2,38,0.6493827160493827,0.9187005162239076
lr_relerror_tpe_sv_median,sub-01_FDSI_triangular-ramp5s_snr15dB,sub-01,triangular-ramp5s,15,3,36,0.5921052631578947,0.8950099945068359
lr_relerror_tpe_sv_median,sub-02_FDSI_staircase_snr30dB,sub-02,staircase,30,0,30,0.99275887038378,0.9721719622612
lr_relerror_tpe_sv_median,sub-02_FDSI_staircase_snr30dB,sub-02,staircase,30,1,33,0.2594594594594595,0.8147469162940979
lr_relerror_tpe_sv_median,sub-02_FDSI_staircase_snr30dB,sub-02,staircase,30,2,21,0.9933665008291874,0.9709411859512328
lr_relerror_tpe_sv_median,sub-02_FDSI_staircase_snr30dB,sub-02,staircase,30,3,31,0.6213176218532405,0.897585928440094
lr_relerror_tpe_sv_median,sub-02_FDSI_staircase_snr30dB,sub-02,staircase,30,4,26,0.757679180887372,0.8819402456283569
lr_relerror_tpe_sv_median,sub-02_FDSI_staircase_snr30dB,sub-02,staircase,30,5,25,0.9800362976406534,0.939965546131134
lr_relerror_tpe_sv_median,sub-02_FDSI_staircase_snr30dB,sub-02,staircase,30,6,16,0.7441091360066143,0.8947958946228027
lr_relerror_tpe_sv_median,sub-02_FDSI_staircase_snr30dB,sub-02,staircase,30,7,27,0.9858520900321543,0.9475978016853333
lr_relerror_tpe_sv_median,sub-02_FDSI_staircase_snr30dB,sub-02,staircase,30,8,28,0.2875337707448861,0.8758676648139954
lr_relerror_tpe_sv_median,sub-02_FDSI_staircase_snr30dB,sub-02,staircase,30,9,24,0.9922619047619048,0.9558508396148682
lr_relerror_tpe_sv_median,sub-02_FDSI_staircase_snr30dB,sub-02,staircase,30,10,32,0.9920760697305864,0.9552279710769652
lr_relerror_tpe_sv_median,sub-02_FDSI_staircase_snr30dB,sub-02,staircase,30,11,20,0.9836779107725788,0.942189395427704
lr_relerror_tpe_sv_median,sub-02_FDSI_staircase_snr30dB,sub-02,staircase,30,12,29,0.6516276413478013,0.9005969166755676
lr_relerror_tpe_sv_median,sub-02_FDSI_staircase_snr30dB,sub-02,staircase,30,13,19,0.6143455985095482,0.8475937843322754
lr_relerror_tpe_sv_median,sub-02_FDSI_staircase_snr30dB,sub-02,staircase,30,14,22,0.3061521659992719,0.9075656533241272
lr_relerror_tpe_sv_median,sub-02_FDSI_staircase_snr30dB,sub-02,staircase,30,15,23,0.8798024149286499,0.8840631246566772
lr_relerror_tpe_sv_median,sub-02_FDSI_staircase_snr30dB,sub-02,staircase,30,16,14,0.44212271973466,0.8908030390739441
lr_relerror_tpe_sv_median,sub-02_FDSI_staircase_snr25dB,sub-02,staircase,25,0,30,0.991310644460536,0.9640425443649292
lr_relerror_tpe_sv_median,sub-02_FDSI_staircase_snr25dB,sub-02,staircase,25,1,21,0.9911748483177054,0.9617445468902588
lr_relerror_tpe_sv_median,sub-02_FDSI_staircase_snr25dB,sub-02,staircase,25,2,26,0.373031893419459,0.8358455300331116
lr_relerror_tpe_sv_median,sub-02_FDSI_staircase_snr25dB,sub-02,staircase,25,3,25,0.9492753623188406,0.9189023375511168
lr_relerror_tpe_sv_median,sub-02_FDSI_staircase_snr25dB,sub-02,staircase,25,4,27,0.9691318327974277,0.9338394403457642
lr_relerror_tpe_sv_median,sub-02_FDSI_staircase_snr25dB,sub-02,staircase,25,5,24,0.9476502082093992,0.925640881061554
lr_relerror_tpe_sv_median,sub-02_FDSI_staircase_snr25dB,sub-02,staircase,25,6,33,0.9638047138047138,0.9274012446403505
lr_relerror_tpe_sv_median,sub-02_FDSI_staircase_snr25dB,sub-02,staircase,25,7,28,0.171912832929782,0.8766653537750244
lr_relerror_tpe_sv_median,sub-02_FDSI_staircase_snr25dB,sub-02,staircase,25,8,20,0.950516585100598,0.93290376663208
lr_relerror_tpe_sv_median,sub-02_FDSI_staircase_snr25dB,sub-02,staircase,25,9,19,0.2942789968652037,0.8308610320091248
lr_relerror_tpe_sv_median,sub-02_FDSI_staircase_snr20dB,sub-02,staircase,20,0,30,0.9869659666908036,0.9550594091415404
lr_relerror_tpe_sv_median,sub-02_FDSI_staircase_snr20dB,sub-02,staircase,20,1,21,0.7555354722096701,0.925644040107727
lr_relerror_tpe_sv_median,sub-02_FDSI_staircase_snr20dB,sub-02,staircase,20,2,25,0.8385780885780886,0.8783239722251892
lr_relerror_tpe_sv_median,sub-02_FDSI_staircase_snr20dB,sub-02,staircase,20,3,27,0.3330501274426508,0.8433991074562073
lr_relerror_tpe_sv_median,sub-02_FDSI_staircase_snr20dB,sub-02,staircase,20,4,24,0.6803594351732991,0.9090560078620912
lr_relerror_tpe_sv_median,sub-02_FDSI_staircase_snr20dB,sub-02,staircase,20,5,32,0.7853333333333333,0.8943471908569336
lr_relerror_tpe_sv_median,sub-02_FDSI_staircase_snr15dB,sub-02,staircase,15,0,30,0.9775687409551376,0.9332481026649476
lr_relerror_tpe_sv_median,sub-02_FDSI_staircase_snr15dB,sub-02,staircase,15,1,24,0.5787019043917606,0.9002963304519653
lr_relerror_tpe_sv_median,sub-02_FDSI_staircase_snr15dB,sub-02,staircase,15,2,21,0.8624571708272148,0.9232925176620485
lr_relerror_tpe_sv_median,sub-02_FDSI_triangular-ramp40s_snr30dB,sub-02,triangular-ramp40s,30,0,20,0.9879518072289156,0.9478491544723512
lr_relerror_tpe_sv_median,sub-02_FDSI_triangular-ramp40s_snr30dB,sub-02,triangular-ramp40s,30,1,30,0.991991991991992,0.9553590416908264
lr_relerror_tpe_sv_median,sub-02_FDSI_triangular-ramp40s_snr30dB,sub-02,triangular-ramp40s,30,2,21,0.9969254419677172,0.9735772013664246
lr_relerror_tpe_sv_median,sub-02_FDSI_triangular-ramp40s_snr30dB,sub-02,triangular-ramp40s,30,3,24,0.994322789943228,0.9589458703994752
lr_relerror_tpe_sv_median,sub-02_FDSI_triangular-ramp40s_snr30dB,sub-02,triangular-ramp40s,30,4,33,0.994110718492344,0.9399259090423584
lr_relerror_tpe_sv_median,sub-02_FDSI_triangular-ramp40s_snr30dB,sub-02,triangular-ramp40s,30,5,32,0.9869138495092692,0.947877049446106
lr_relerror_tpe_sv_median,sub-02_FDSI_triangular-ramp40s_snr30dB,sub-02,triangular-ramp40s,30,6,25,0.9575911789652248,0.9358159899711608
lr_relerror_tpe_sv_median,sub-02_FDSI_triangular-ramp40s_snr30dB,sub-02,triangular-ramp40s,30,7,22,0.36654620547238,0.8965699076652527
lr_relerror_tpe_sv_median,sub-02_FDSI_triangular-ramp40s_snr30dB,sub-02,triangular-ramp40s,30,8,27,0.9802158273381296,0.9413472414016724
lr_relerror_tpe_sv_median,sub-02_FDSI_triangular-ramp40s_snr30dB,sub-02,triangular-ramp40s,30,9,19,0.1740523224773091,0.8690904974937439
lr_relerror_tpe_sv_median,sub-02_FDSI_triangular-ramp40s_snr30dB,sub-02,triangular-ramp40s,30,10,28,0.1849015317286652,0.8992031216621399
lr_relerror_tpe_sv_median,sub-02_FDSI_triangular-ramp40s_snr30dB,sub-02,triangular-ramp40s,30,11,29,0.6154440154440154,0.8941077589988708
lr_relerror_tpe_sv_median,sub-02_FDSI_triangular-ramp40s_snr30dB,sub-02,triangular-ramp40s,30,12,26,0.4148367952522255,0.8400848507881165
lr_relerror_tpe_sv_median,sub-02_FDSI_triangular-ramp40s_snr30dB,sub-02,triangular-ramp40s,30,13,23,0.8520754716981133,0.8911292552947998
lr_relerror_tpe_sv_median,sub-02_FDSI_triangular-ramp40s_snr30dB,sub-02,triangular-ramp40s,30,14,16,0.9417543859649122,0.918886661529541
lr_relerror_tpe_sv_median,sub-02_FDSI_triangular-ramp40s_snr30dB,sub-02,triangular-ramp40s,30,15,31,0.5897832817337462,0.8529499769210815
lr_relerror_tpe_sv_median,sub-02_FDSI_triangular-ramp40s_snr25dB,sub-02,triangular-ramp40s,25,0,20,0.9563581640331076,0.9291908740997314
lr_relerror_tpe_sv_median,sub-02_FDSI_triangular-ramp40s_snr25dB,sub-02,triangular-ramp40s,25,1,24,0.9781199351701784,0.9454314112663268
lr_relerror_tpe_sv_median,sub-02_FDSI_triangular-ramp40s_snr25dB,sub-02,triangular-ramp40s,25,2,25,0.9135180520570948,0.9040151238441468
lr_relerror_tpe_sv_median,sub-02_FDSI_triangular-ramp40s_snr25dB,sub-02,triangular-ramp40s,25,3,21,0.9915449654112222,0.9617742300033568
lr_relerror_tpe_sv_median,sub-02_FDSI_triangular-ramp40s_snr25dB,sub-02,triangular-ramp40s,25,4,30,0.98998998998999,0.9564152359962464
lr_relerror_tpe_sv_median,sub-02_FDSI_triangular-ramp40s_snr25dB,sub-02,triangular-ramp40s,25,5,27,0.9444444444444444,0.9249677658081056
lr_relerror_tpe_sv_median,sub-02_FDSI_triangular-ramp40s_snr25dB,sub-02,triangular-ramp40s,25,6,26,0.3822414726583649,0.8386946320533752
lr_relerror_tpe_sv_median,sub-02_FDSI_triangular-ramp40s_snr25dB,sub-02,triangular-ramp40s,25,7,32,0.9546436285097192,0.9271841049194336
lr_relerror_tpe_sv_median,sub-02_FDSI_triangular-ramp40s_snr25dB,sub-02,triangular-ramp40s,25,8,33,0.9120370370370372,0.8932616114616394
lr_relerror_tpe_sv_median,sub-02_FDSI_triangular-ramp40s_snr25dB,sub-02,triangular-ramp40s,25,9,19,0.1640506329113924,0.8254455327987671
lr_relerror_tpe_sv_median,sub-02_FDSI_triangular-ramp40s_snr25dB,sub-02,triangular-ramp40s,25,10,28,0.2132752992383025,0.8801549673080444
lr_relerror_tpe_sv_median,sub-02_FDSI_triangular-ramp40s_snr25dB,sub-02,triangular-ramp40s,25,11,22,0.2776375567895002,0.8849084973335266
lr_relerror_tpe_sv_median,sub-02_FDSI_triangular-ramp40s_snr20dB,sub-02,triangular-ramp40s,20,0,21,0.9787234042553192,0.9457537531852722
lr_relerror_tpe_sv_median,sub-02_FDSI_triangular-ramp40s_snr20dB,sub-02,triangular-ramp40s,20,1,30,0.981981981981982,0.9486352205276488
lr_relerror_tpe_sv_median,sub-02_FDSI_triangular-ramp40s_snr20dB,sub-02,triangular-ramp40s,20,2,24,0.730553827006845,0.91125750541687
lr_relerror_tpe_sv_median,sub-02_FDSI_triangular-ramp40s_snr20dB,sub-02,triangular-ramp40s,20,3,27,0.3704856787048567,0.8409023284912109
lr_relerror_tpe_sv_median,sub-02_FDSI_triangular-ramp40s_snr20dB,sub-02,triangular-ramp40s,20,4,33,0.2855051244509516,0.8578522801399231
lr_relerror_tpe_sv_median,sub-02_FDSI_triangular-ramp40s_snr15dB,sub-02,triangular-ramp40s,15,0,24,0.6059113300492611,0.905913233757019
lr_relerror_tpe_sv_median,sub-02_FDSI_triangular-ramp40s_snr15dB,sub-02,triangular-ramp40s,15,1,30,0.9640718562874252,0.9269979596138
lr_relerror_tpe_sv_median,sub-02_FDSI_triangular-ramp20s_snr30dB,sub-02,triangular-ramp20s,30,0,19,0.3033405172413793,0.8676509261131287
lr_relerror_tpe_sv_median,sub-02_FDSI_triangular-ramp20s_snr30dB,sub-02,triangular-ramp20s,30,1,24,0.9080633006782216,0.962453067302704
lr_relerror_tpe_sv_median,sub-02_FDSI_triangular-ramp20s_snr30dB,sub-02,triangular-ramp20s,30,2,30,0.9870517928286852,0.9490313529968262
lr_relerror_tpe_sv_median,sub-02_FDSI_triangular-ramp20s_snr30dB,sub-02,triangular-ramp20s,30,3,27,0.9793906810035844,0.9380115270614624
lr_relerror_tpe_sv_median,sub-02_FDSI_triangular-ramp20s_snr30dB,sub-02,triangular-ramp20s,30,4,33,0.9813084112149532,0.9197174906730652
lr_relerror_tpe_sv_median,sub-02_FDSI_triangular-ramp20s_snr30dB,sub-02,triangular-ramp20s,30,5,25,0.967116357504216,0.9210150837898254
lr_relerror_tpe_sv_median,sub-02_FDSI_triangular-ramp20s_snr30dB,sub-02,triangular-ramp20s,30,6,21,0.9907478797224364,0.956068992614746
lr_relerror_tpe_sv_median,sub-02_FDSI_triangular-ramp20s_snr30dB,sub-02,triangular-ramp20s,30,7,20,0.9722222222222222,0.940410017967224
lr_relerror_tpe_sv_median,sub-02_FDSI_triangular-ramp20s_snr30dB,sub-02,triangular-ramp20s,30,8,22,0.3704301075268817,0.9192518591880798
lr_relerror_tpe_sv_median,sub-02_FDSI_triangular-ramp20s_snr30dB,sub-02,triangular-ramp20s,30,9,14,0.2095238095238095,0.8779833912849426
lr_relerror_tpe_sv_median,sub-02_FDSI_triangular-ramp20s_snr30dB,sub-02,triangular-ramp20s,30,10,32,0.9868852459016394,0.9471803903579712
lr_relerror_tpe_sv_median,sub-02_FDSI_triangular-ramp20s_snr30dB,sub-02,triangular-ramp20s,30,11,29,0.4207920792079208,0.8599060773849487
lr_relerror_tpe_sv_median,sub-02_FDSI_triangular-ramp20s_snr30dB,sub-02,triangular-ramp20s,30,12,16,0.9659090909090908,0.9285142421722412
lr_relerror_tpe_sv_median,sub-02_FDSI_triangular-ramp20s_snr30dB,sub-02,triangular-ramp20s,30,13,31,0.6083333333333333,0.8722355961799622
lr_relerror_tpe_sv_median,sub-02_FDSI_triangular-ramp20s_snr30dB,sub-02,triangular-ramp20s,30,14,28,0.841025641025641,0.8993321061134338
lr_relerror_tpe_sv_median,sub-02_FDSI_triangular-ramp20s_snr30dB,sub-02,triangular-ramp20s,30,15,23,0.8345697329376854,0.889182984828949
lr_relerror_tpe_sv_median,sub-02_FDSI_triangular-ramp20s_snr30dB,sub-02,triangular-ramp20s,30,16,26,0.4050785973397823,0.8585668802261353
lr_relerror_tpe_sv_median,sub-02_FDSI_triangular-ramp20s_snr25dB,sub-02,triangular-ramp20s,25,0,24,0.8561253561253561,0.94691801071167
lr_relerror_tpe_sv_median,sub-02_FDSI_triangular-ramp20s_snr25dB,sub-02,triangular-ramp20s,25,1,19,0.1685698749320282,0.8443366885185242
lr_relerror_tpe_sv_median,sub-02_FDSI_triangular-ramp20s_snr25dB,sub-02,triangular-ramp20s,25,2,30,0.9751243781094528,0.9382365345954896
lr_relerror_tpe_sv_median,sub-02_FDSI_triangular-ramp20s_snr25dB,sub-02,triangular-ramp20s,25,3,25,0.8554913294797688,0.8713808655738831
lr_relerror_tpe_sv_median,sub-02_FDSI_triangular-ramp20s_snr25dB,sub-02,triangular-ramp20s,25,4,21,0.9861218195836546,0.9413644671440125
lr_relerror_tpe_sv_median,sub-02_FDSI_triangular-ramp20s_snr25dB,sub-02,triangular-ramp20s,25,5,20,0.93562874251497,0.9126998782157898
lr_relerror_tpe_sv_median,sub-02_FDSI_triangular-ramp20s_snr25dB,sub-02,triangular-ramp20s,25,6,32,0.969532100108814,0.9282670021057128
lr_relerror_tpe_sv_median,sub-02_FDSI_triangular-ramp20s_snr25dB,sub-02,triangular-ramp20s,25,7,27,0.9390681003584228,0.9124339818954468
lr_relerror_tpe_sv_median,sub-02_FDSI_triangular-ramp20s_snr25dB,sub-02,triangular-ramp20s,25,8,16,0.9143054595715272,0.9019734859466552
lr_relerror_tpe_sv_median,sub-02_FDSI_triangular-ramp20s_snr25dB,sub-02,triangular-ramp20s,25,9,33,0.1036703155183515,0.90493506193161
lr_relerror_tpe_sv_median,sub-02_FDSI_triangular-ramp20s_snr20dB,sub-02,triangular-ramp20s,20,0,24,0.7206982543640897,0.9260333776474
lr_relerror_tpe_sv_median,sub-02_FDSI_triangular-ramp20s_snr20dB,sub-02,triangular-ramp20s,20,1,30,0.1627463445645263,0.8319658637046814
lr_relerror_tpe_sv_median,sub-02_FDSI_triangular-ramp20s_snr20dB,sub-02,triangular-ramp20s,20,2,21,0.9739663093415007,0.9419330358505248
lr_relerror_tpe_sv_median,sub-02_FDSI_triangular-ramp20s_snr15dB,sub-02,triangular-ramp20s,15,0,24,0.6493356441363374,0.9082500338554382
lr_relerror_tpe_sv_median,sub-02_FDSI_triangular-ramp20s_snr15dB,sub-02,triangular-ramp20s,15,1,30,0.9594059405940594,0.915864109992981
lr_relerror_tpe_sv_median,sub-02_FDSI_triangular-ramp20s_snr15dB,sub-02,triangular-ramp20s,15,2,21,0.408704352176088,0.8925790786743164
lr_relerror_tpe_sv_median,sub-02_FDSI_triangular-ramp10s_snr30dB,sub-02,triangular-ramp10s,30,0,27,0.9319787985865724,0.915410578250885
lr_relerror_tpe_sv_median,sub-02_FDSI_triangular-ramp10s_snr30dB,sub-02,triangular-ramp10s,30,1,24,0.971264367816092,0.9262340664863586
lr_relerror_tpe_sv_median,sub-02_FDSI_triangular-ramp10s_snr30dB,sub-02,triangular-ramp10s,30,2,30,0.9890981169474728,0.957226574420929
lr_relerror_tpe_sv_median,sub-02_FDSI_triangular-ramp10s_snr30dB,sub-02,triangular-ramp10s,30,3,21,0.9930394431554525,0.9581661224365234
lr_relerror_tpe_sv_median,sub-02_FDSI_triangular-ramp10s_snr30dB,sub-02,triangular-ramp10s,30,4,33,0.9256678281068524,0.9107217788696288
lr_relerror_tpe_sv_median,sub-02_FDSI_triangular-ramp10s_snr30dB,sub-02,triangular-ramp10s,30,5,20,0.9779635258358662,0.9246996641159058
lr_relerror_tpe_sv_median,sub-02_FDSI_triangular-ramp10s_snr30dB,sub-02,triangular-ramp10s,30,6,32,0.9703947368421052,0.9228031039237976
lr_relerror_tpe_sv_median,sub-02_FDSI_triangular-ramp10s_snr30dB,sub-02,triangular-ramp10s,30,7,26,0.2412823397075365,0.8229806423187256
lr_relerror_tpe_sv_median,sub-02_FDSI_triangular-ramp10s_snr30dB,sub-02,triangular-ramp10s,30,8,22,0.1299760191846523,0.9121383428573608
lr_relerror_tpe_sv_median,sub-02_FDSI_triangular-ramp10s_snr30dB,sub-02,triangular-ramp10s,30,9,25,0.8955857385398981,0.9004614949226379
lr_relerror_tpe_sv_median,sub-02_FDSI_triangular-ramp10s_snr30dB,sub-02,triangular-ramp10s,30,10,16,0.9585674157303372,0.922808051109314
lr_relerror_tpe_sv_median,sub-02_FDSI_triangular-ramp10s_snr30dB,sub-02,triangular-ramp10s,30,11,14,0.4406947890818858,0.8746314644813538
lr_relerror_tpe_sv_median,sub-02_FDSI_triangular-ramp10s_snr30dB,sub-02,triangular-ramp10s,30,12,19,0.248,0.8624916076660156
lr_relerror_tpe_sv_median,sub-02_FDSI_triangular-ramp10s_snr30dB,sub-02,triangular-ramp10s,30,13,23,0.870398773006135,0.8948012590408325
lr_relerror_tpe_sv_median,sub-02_FDSI_triangular-ramp10s_snr30dB,sub-02,triangular-ramp10s,30,14,31,0.0679199514857489,0.8907657861709595
lr_relerror_tpe_sv_median,sub-02_FDSI_triangular-ramp10s_snr30dB,sub-02,triangular-ramp10s,30,15,29,0.2519561815336463,0.8780062198638916
lr_relerror_tpe_sv_median,sub-02_FDSI_triangular-ramp10s_snr30dB,sub-02,triangular-ramp10s,30,16,28,0.5138396025550035,0.892124354839325
lr_relerror_tpe_sv_median,sub-02_FDSI_triangular-ramp10s_snr25dB,sub-02,triangular-ramp10s,25,0,27,0.6961506961506961,0.8771384358406067
lr_relerror_tpe_sv_median,sub-02_FDSI_triangular-ramp10s_snr25dB,sub-02,triangular-ramp10s,25,1,30,0.9821782178217822,0.9403400421142578
lr_relerror_tpe_sv_median,sub-02_FDSI_triangular-ramp10s_snr25dB,sub-02,triangular-ramp10s,25,2,24,0.7542262678803641,0.9108999371528624
lr_relerror_tpe_sv_median,sub-02_FDSI_triangular-ramp10s_snr25dB,sub-02,triangular-ramp10s,25,3,33,0.8709677419354839,0.8854016661643982
lr_relerror_tpe_sv_median,sub-02_FDSI_triangular-ramp10s_snr25dB,sub-02,triangular-ramp10s,25,4,20,0.9074355083459787,0.9050627946853638
lr_relerror_tpe_sv_median,sub-02_FDSI_triangular-ramp10s_snr25dB,sub-02,triangular-ramp10s,25,5,21,0.98306389530408,0.9503768086433412
lr_relerror_tpe_sv_median,sub-02_FDSI_triangular-ramp10s_snr25dB,sub-02,triangular-ramp10s,25,6,25,0.1015283842794759,0.7472484111785889
lr_relerror_tpe_sv_median,sub-02_FDSI_triangular-ramp10s_snr25dB,sub-02,triangular-ramp10s,25,7,29,0.1980676328502415,0.7847578525543213
lr_relerror_tpe_sv_median,sub-02_FDSI_triangular-ramp10s_snr25dB,sub-02,triangular-ramp10s,25,8,32,0.952637244348762,0.9243201613426208
lr_relerror_tpe_sv_median,sub-02_FDSI_triangular-ramp10s_snr25dB,sub-02,triangular-ramp10s,25,9,19,0.2693194925028835,0.8422355055809021
lr_relerror_tpe_sv_median,sub-02_FDSI_triangular-ramp10s_snr25dB,sub-02,triangular-ramp10s,25,10,16,0.9082696316886728,0.8987255692481995
lr_relerror_tpe_sv_median,sub-02_FDSI_triangular-ramp10s_snr20dB,sub-02,triangular-ramp10s,20,0,30,0.9605133267522212,0.9256883263587952
lr_relerror_tpe_sv_median,sub-02_FDSI_triangular-ramp10s_snr20dB,sub-02,triangular-ramp10s,20,1,27,0.4416607015032212,0.8058562278747559
lr_relerror_tpe_sv_median,sub-02_FDSI_triangular-ramp10s_snr20dB,sub-02,triangular-ramp10s,20,2,20,0.7635135135135135,0.8578137159347534
lr_relerror_tpe_sv_median,sub-02_FDSI_triangular-ramp10s_snr20dB,sub-02,triangular-ramp10s,20,3,24,0.616923956546598,0.9134200811386108
lr_relerror_tpe_sv_median,sub-02_FDSI_triangular-ramp10s_snr20dB,sub-02,triangular-ramp10s,20,4,21,0.955487336914812,0.9312283396720886
lr_relerror_tpe_sv_median,sub-02_FDSI_triangular-ramp10s_snr20dB,sub-02,triangular-ramp10s,20,5,32,0.8769230769230769,0.8956288695335388
lr_relerror_tpe_sv_median,sub-02_FDSI_triangular-ramp10s_snr15dB,sub-02,triangular-ramp10s,15,0,21,0.5644820295983086,0.9111872911453248
lr_relerror_tpe_sv_median,sub-02_FDSI_triangular-ramp10s_snr15dB,sub-02,triangular-ramp10s,15,1,24,0.6224852071005917,0.8896776437759399
lr_relerror_tpe_sv_median,sub-02_FDSI_triangular-ramp10s_snr15dB,sub-02,triangular-ramp10s,15,2,30,0.6396917148362236,0.8689048886299133
lr_relerror_tpe_sv_median,sub-02_FDSI_triangular-ramp5s_snr30dB,sub-02,triangular-ramp5s,30,0,25,0.730185497470489,0.913708746433258
lr_relerror_tpe_sv_median,sub-02_FDSI_triangular-ramp5s_snr30dB,sub-02,triangular-ramp5s,30,1,24,0.965434083601286,0.9499747157096864
lr_relerror_tpe_sv_median,sub-02_FDSI_triangular-ramp5s_snr30dB,sub-02,triangular-ramp5s,30,2,22,0.245631067961165,0.9046285152435304
lr_relerror_tpe_sv_median,sub-02_FDSI_triangular-ramp5s_snr30dB,sub-02,triangular-ramp5s,30,3,33,0.84192037470726,0.9303989410400392
lr_relerror_tpe_sv_median,sub-02_FDSI_triangular-ramp5s_snr30dB,sub-02,triangular-ramp5s,30,4,21,0.9915123456790124,0.9535612463951112
lr_relerror_tpe_sv_median,sub-02_FDSI_triangular-ramp5s_snr30dB,sub-02,triangular-ramp5s,30,5,32,0.977924944812362,0.9484467506408693
lr_relerror_tpe_sv_median,sub-02_FDSI_triangular-ramp5s_snr30dB,sub-02,triangular-ramp5s,30,6,30,0.984984984984985,0.9418310523033142
lr_relerror_tpe_sv_median,sub-02_FDSI_triangular-ramp5s_snr30dB,sub-02,triangular-ramp5s,30,7,28,0.7700091996320148,0.8913374543190002
lr_relerror_tpe_sv_median,sub-02_FDSI_triangular-ramp5s_snr30dB,sub-02,triangular-ramp5s,30,8,15,0.6102169349195241,0.8878910541534424
lr_relerror_tpe_sv_median,sub-02_FDSI_triangular-ramp5s_snr30dB,sub-02,triangular-ramp5s,30,9,27,0.682468694096601,0.918868124485016
lr_relerror_tpe_sv_median,sub-02_FDSI_triangular-ramp5s_snr30dB,sub-02,triangular-ramp5s,30,10,29,0.3813708260105448,0.8834589123725891
lr_relerror_tpe_sv_median,sub-02_FDSI_triangular-ramp5s_snr30dB,sub-02,triangular-ramp5s,30,11,20,0.9362340585146288,0.9268218278884888
lr_relerror_tpe_sv_median,sub-02_FDSI_triangular-ramp5s_snr30dB,sub-02,triangular-ramp5s,30,12,16,0.94822695035461,0.9236947298049928
lr_relerror_tpe_sv_median,sub-02_FDSI_triangular-ramp5s_snr30dB,sub-02,triangular-ramp5s,30,13,19,0.4248798076923077,0.887056827545166
lr_relerror_tpe_sv_median,sub-02_FDSI_triangular-ramp5s_snr30dB,sub-02,triangular-ramp5s,30,14,14,0.5043630017452007,0.8523665070533752
lr_relerror_tpe_sv_median,sub-02_FDSI_triangular-ramp5s_snr30dB,sub-02,triangular-ramp5s,30,15,31,0.1518661518661518,0.8794763684272766
lr_relerror_tpe_sv_median,sub-02_FDSI_triangular-ramp5s_snr30dB,sub-02,triangular-ramp5s,30,16,26,0.3382838283828382,0.8656885027885437
lr_relerror_tpe_sv_median,sub-02_FDSI_triangular-ramp5s_snr30dB,sub-02,triangular-ramp5s,30,17,9,0.100633914421553,0.909633457660675
lr_relerror_tpe_sv_median,sub-02_FDSI_triangular-ramp5s_snr25dB,sub-02,triangular-ramp5s,25,0,25,0.6630252100840336,0.8938205242156982
lr_relerror_tpe_sv_median,sub-02_FDSI_triangular-ramp5s_snr25dB,sub-02,triangular-ramp5s,25,1,24,0.7352555701179554,0.9211339354515076
lr_relerror_tpe_sv_median,sub-02_FDSI_triangular-ramp5s_snr25dB,sub-02,triangular-ramp5s,25,2,30,0.963,0.9281054139137268
lr_relerror_tpe_sv_median,sub-02_FDSI_triangular-ramp5s_snr25dB,sub-02,triangular-ramp5s,25,3,21,0.9686544342507644,0.9390959143638612
lr_relerror_tpe_sv_median,sub-02_FDSI_triangular-ramp5s_snr25dB,sub-02,triangular-ramp5s,25,4,33,0.4402298850574712,0.8811708092689514
lr_relerror_tpe_sv_median,sub-02_FDSI_triangular-ramp5s_snr25dB,sub-02,triangular-ramp5s,25,5,32,0.943661971830986,0.920638382434845
lr_relerror_tpe_sv_median,sub-02_FDSI_triangular-ramp5s_snr25dB,sub-02,triangular-ramp5s,25,6,28,0.379746835443038,0.8630777597427368
lr_relerror_tpe_sv_median,sub-02_FDSI_triangular-ramp5s_snr25dB,sub-02,triangular-ramp5s,25,7,27,0.6457960644007156,0.9140447974205016
lr_relerror_tpe_sv_median,sub-02_FDSI_triangular-ramp5s_snr25dB,sub-02,triangular-ramp5s,25,8,29,0.3231292517006803,0.8338741064071655
lr_relerror_tpe_sv_median,sub-02_FDSI_triangular-ramp5s_snr25dB,sub-02,triangular-ramp5s,25,9,20,0.8508245877061469,0.9122613072395324
lr_relerror_tpe_sv_median,sub-02_FDSI_triangular-ramp5s_snr25dB,sub-02,triangular-ramp5s,25,10,26,0.2871564778463264,0.844932496547699
lr_relerror_tpe_sv_median,sub-02_FDSI_triangular-ramp5s_snr25dB,sub-02,triangular-ramp5s,25,11,19,0.2363213038416763,0.8512862920761108
lr_relerror_tpe_sv_median,sub-02_FDSI_triangular-ramp5s_snr20dB,sub-02,triangular-ramp5s,20,0,24,0.557628979143798,0.9081709384918212
lr_relerror_tpe_sv_median,sub-02_FDSI_triangular-ramp5s_snr20dB,sub-02,triangular-ramp5s,20,1,21,0.8745620182200421,0.9173988103866576
lr_relerror_tpe_sv_median,sub-02_FDSI_triangular-ramp5s_snr20dB,sub-02,triangular-ramp5s,20,2,30,0.8706467661691543,0.9213045239448548
lr_relerror_tpe_sv_median,sub-02_FDSI_triangular-ramp5s_snr20dB,sub-02,triangular-ramp5s,20,3,27,0.5910714285714286,0.8918526768684387
lr_relerror_tpe_sv_median,sub-02_FDSI_triangular-ramp5s_snr20dB,sub-02,triangular-ramp5s,20,4,20,0.712789827973074,0.8900027275085449
lr_relerror_tpe_sv_median,sub-02_FDSI_triangular-ramp5s_snr15dB,sub-02,triangular-ramp5s,15,0,24,0.5372254954472415,0.9028544425964355
lr_relerror_tpe_sv_median,sub-02_FDSI_triangular-ramp5s_snr15dB,sub-02,triangular-ramp5s,15,1,21,0.7152439024390244,0.8895910382270813
lr_relerror_tpe_sv_median,sub-02_FDSI_triangular-ramp5s_snr15dB,sub-02,triangular-ramp5s,15,2,30,0.7793240556660039,0.9054589867591858
lr_relerror_tpe_sv_median,sub-03_FDSI_staircase_snr30dB,sub-03,staircase,30,0,48,0.9633233532934132,0.929168462753296
lr_relerror_tpe_sv_median,sub-03_FDSI_staircase_snr30dB,sub-03,staircase,30,1,52,0.97273526824978,0.943333625793457
lr_relerror_tpe_sv_median,sub-03_FDSI_staircase_snr30dB,sub-03,staircase,30,2,49,0.9890539483971852,0.9554261565208436
lr_relerror_tpe_sv_median,sub-03_FDSI_staircase_snr30dB,sub-03,staircase,30,3,51,0.99323753169907,0.9693087339401244
lr_relerror_tpe_sv_median,sub-03_FDSI_staircase_snr30dB,sub-03,staircase,30,4,44,0.991156462585034,0.95657217502594
lr_relerror_tpe_sv_median,sub-03_FDSI_staircase_snr30dB,sub-03,staircase,30,5,46,0.99568655643422,0.9630456566810608
lr_relerror_tpe_sv_median,sub-03_FDSI_staircase_snr30dB,sub-03,staircase,30,6,40,0.9987646695491044,0.9856533408164978
lr_relerror_tpe_sv_median,sub-03_FDSI_staircase_snr30dB,sub-03,staircase,30,7,35,0.9514124293785312,0.9244654178619384
lr_relerror_tpe_sv_median,sub-03_FDSI_staircase_snr30dB,sub-03,staircase,30,8,50,0.9274061990212072,0.9166858792304992
lr_relerror_tpe_sv_median,sub-03_FDSI_staircase_snr30dB,sub-03,staircase,30,9,45,0.1548731642189586,0.9037261009216307
lr_relerror_tpe_sv_median,sub-03_FDSI_staircase_snr30dB,sub-03,staircase,30,10,47,0.3403816400206292,0.8816812634468079
lr_relerror_tpe_sv_median,sub-03_FDSI_staircase_snr25dB,sub-03,staircase,25,0,51,0.9864864864864864,0.9478310346603394
lr_relerror_tpe_sv_median,sub-03_FDSI_staircase_snr25dB,sub-03,staircase,25,1,52,0.9639401934916448,0.9342525601387024
lr_relerror_tpe_sv_median,sub-03_FDSI_staircase_snr25dB,sub-03,staircase,25,2,44,0.9727891156462584,0.9359425902366638
lr_relerror_tpe_sv_median,sub-03_FDSI_staircase_snr25dB,sub-03,staircase,25,3,46,0.9856218547807332,0.9528964757919312
lr_relerror_tpe_sv_median,sub-03_FDSI_staircase_snr25dB,sub-03,staircase,25,4,48,0.9720121028744326,0.9338159561157228
lr_relerror_tpe_sv_median,sub-03_FDSI_staircase_snr25dB,sub-03,staircase,25,5,40,0.990117356392835,0.9829275012016296
lr_relerror_tpe_sv_median,sub-03_FDSI_staircase_snr25dB,sub-03,staircase,25,6,49,0.9766536964980544,0.9391069412231444
lr_relerror_tpe_sv_median,sub-03_FDSI_staircase_snr20dB,sub-03,staircase,20,0,44,0.9346938775510204,0.8953242897987366
lr_relerror_tpe_sv_median,sub-03_FDSI_staircase_snr20dB,sub-03,staircase,20,1,46,0.9599141016463852,0.9270995259284972
lr_relerror_tpe_sv_median,sub-03_FDSI_staircase_snr20dB,sub-03,staircase,20,2,49,0.3308391234633885,0.901674747467041
lr_relerror_tpe_sv_median,sub-03_FDSI_staircase_snr20dB,sub-03,staircase,20,3,40,0.9894996911673872,0.97893887758255
lr_relerror_tpe_sv_median,sub-03_FDSI_staircase_snr20dB,sub-03,staircase,20,4,51,0.9755686604886268,0.9398112297058104
lr_relerror_tpe_sv_median,sub-03_FDSI_staircase_snr20dB,sub-03,staircase,20,5,52,0.9674582233948988,0.9300719499588012
lr_relerror_tpe_sv_median,sub-03_FDSI_staircase_snr20dB,sub-03,staircase,20,6,48,0.9007462686567164,0.9001767635345459
lr_relerror_tpe_sv_median,sub-03_FDSI_staircase_snr15dB,sub-03,staircase,15,0,40,0.9962940086473132,0.9708822965621948
lr_relerror_tpe_sv_median,sub-03_FDSI_staircase_snr15dB,sub-03,staircase,15,1,44,0.8252688172043011,0.8429847359657288
lr_relerror_tpe_sv_median,sub-03_FDSI_staircase_snr15dB,sub-03,staircase,15,2,52,0.911944202266783,0.9117681384086608
lr_relerror_tpe_sv_median,sub-03_FDSI_triangular-ramp40s_snr30dB,sub-03,triangular-ramp40s,30,0,49,0.3261868300153139,0.9440328478813172
lr_relerror_tpe_sv_median,sub-03_FDSI_triangular-ramp40s_snr30dB,sub-03,triangular-ramp40s,30,1,48,0.9936708860759492,0.9524961709976196
lr_relerror_tpe_sv_median,sub-03_FDSI_triangular-ramp40s_snr30dB,sub-03,triangular-ramp40s,30,2,46,0.967,0.9297968745231628
lr_relerror_tpe_sv_median,sub-03_FDSI_triangular-ramp40s_snr30dB,sub-03,triangular-ramp40s,30,3,40,0.9947780678851176,0.9834368228912354
lr_relerror_tpe_sv_median,sub-03_FDSI_triangular-ramp40s_snr30dB,sub-03,triangular-ramp40s,30,4,52,0.9901840490797544,0.9633023738861084
lr_relerror_tpe_sv_median,sub-03_FDSI_triangular-ramp40s_snr30dB,sub-03,triangular-ramp40s,30,5,51,0.9976635514018692,0.9704920649528505
lr_relerror_tpe_sv_median,sub-03_FDSI_triangular-ramp40s_snr30dB,sub-03,triangular-ramp40s,30,6,47,0.5940928270042194,0.8685216903686523
lr_relerror_tpe_sv_median,sub-03_FDSI_triangular-ramp40s_snr30dB,sub-03,triangular-ramp40s,30,7,35,0.9144684252597922,0.9060314297676086
lr_relerror_tpe_sv_median,sub-03_FDSI_triangular-ramp40s_snr30dB,sub-03,triangular-ramp40s,30,8,45,0.1400611620795107,0.9122095108032228
lr_relerror_tpe_sv_median,sub-03_FDSI_triangular-ramp40s_snr30dB,sub-03,triangular-ramp40s,30,9,44,0.963855421686747,0.9465739130973816
lr_relerror_tpe_sv_median,sub-03_FDSI_triangular-ramp40s_snr30dB,sub-03,triangular-ramp40s,30,10,43,0.1532934131736527,0.8817694783210754
lr_relerror_tpe_sv_median,sub-03_FDSI_triangular-ramp40s_snr30dB,sub-03,triangular-ramp40s,30,11,50,0.1981195433176628,0.8939045667648315
lr_relerror_tpe_sv_median,sub-03_FDSI_triangular-ramp40s_snr25dB,sub-03,triangular-ramp40s,25,0,49,0.3624521072796935,0.920380711555481
lr_relerror_tpe_sv_median,sub-03_FDSI_triangular-ramp40s_snr25dB,sub-03,triangular-ramp40s,25,1,48,0.9726027397260274,0.9376817345619202
lr_relerror_tpe_sv_median,sub-03_FDSI_triangular-ramp40s_snr25dB,sub-03,triangular-ramp40s,25,2,40,0.9947780678851176,0.9809865951538086
lr_relerror_tpe_sv_median,sub-03_FDSI_triangular-ramp40s_snr25dB,sub-03,triangular-ramp40s,25,3,52,0.9840490797546012,0.952538788318634
lr_relerror_tpe_sv_median,sub-03_FDSI_triangular-ramp40s_snr25dB,sub-03,triangular-ramp40s,25,4,44,0.9583718778908418,0.928821623325348
lr_relerror_tpe_sv_median,sub-03_FDSI_triangular-ramp40s_snr25dB,sub-03,triangular-ramp40s,25,5,46,0.986,0.956799566745758
lr_relerror_tpe_sv_median,sub-03_FDSI_triangular-ramp40s_snr25dB,sub-03,triangular-ramp40s,25,6,51,0.9929906542056076,0.9570804834365844
lr_relerror_tpe_sv_median,sub-03_FDSI_triangular-ramp40s_snr20dB,sub-03,triangular-ramp40s,20,0,48,0.9230769230769232,0.900569498538971
lr_relerror_tpe_sv_median,sub-03_FDSI_triangular-ramp40s_snr20dB,sub-03,triangular-ramp40s,20,1,40,0.9921671018276762,0.9728052616119384
lr_relerror_tpe_sv_median,sub-03_FDSI_triangular-ramp40s_snr20dB,sub-03,triangular-ramp40s,20,2,46,0.9621513944223108,0.9318892359733582
lr_relerror_tpe_sv_median,sub-03_FDSI_triangular-ramp40s_snr20dB,sub-03,triangular-ramp40s,20,3,52,0.9656441717791412,0.9323636889457704
lr_relerror_tpe_sv_median,sub-03_FDSI_triangular-ramp40s_snr20dB,sub-03,triangular-ramp40s,20,4,51,0.9836639439906651,0.9464240074157716
lr_relerror_tpe_sv_median,sub-03_FDSI_triangular-ramp40s_snr20dB,sub-03,triangular-ramp40s,20,5,49,0.9272727272727272,0.9173353910446168
lr_relerror_tpe_sv_median,sub-03_FDSI_triangular-ramp40s_snr20dB,sub-03,triangular-ramp40s,20,6,44,0.941564561734213,0.9039658904075624
lr_relerror_tpe_sv_median,sub-03_FDSI_triangular-ramp40s_snr15dB,sub-03,triangular-ramp40s,15,0,40,0.9930374238468234,0.9657050967216492
lr_relerror_tpe_sv_median,sub-03_FDSI_triangular-ramp40s_snr15dB,sub-03,triangular-ramp40s,15,1,44,0.7662337662337663,0.8476540446281433
lr_relerror_tpe_sv_median,sub-03_FDSI_triangular-ramp40s_snr15dB,sub-03,triangular-ramp40s,15,2,52,0.8887530562347188,0.9190208315849304
lr_relerror_tpe_sv_median,sub-03_FDSI_triangular-ramp40s_snr15dB,sub-03,triangular-ramp40s,15,3,49,0.7959798994974875,0.8746259808540344
lr_relerror_tpe_sv_median,sub-03_FDSI_triangular-ramp40s_snr15dB,sub-03,triangular-ramp40s,15,4,46,0.282983970406905,0.8990488052368164
lr_relerror_tpe_sv_median,sub-03_FDSI_triangular-ramp20s_snr30dB,sub-03,triangular-ramp20s,30,0,48,0.9522821576763484,0.910862684249878
lr_relerror_tpe_sv_median,sub-03_FDSI_triangular-ramp20s_snr30dB,sub-03,triangular-ramp20s,30,1,52,0.992583436341162,0.9558494687080384
lr_relerror_tpe_sv_median,sub-03_FDSI_triangular-ramp20s_snr30dB,sub-03,triangular-ramp20s,30,2,49,0.8632938643702907,0.9170396327972412
lr_relerror_tpe_sv_median,sub-03_FDSI_triangular-ramp20s_snr30dB,sub-03,triangular-ramp20s,30,3,51,0.9638694638694638,0.9277858138084412
lr_relerror_tpe_sv_median,sub-03_FDSI_triangular-ramp20s_snr30dB,sub-03,triangular-ramp20s,30,4,40,0.9982683982683984,0.9846042990684508
lr_relerror_tpe_sv_median,sub-03_FDSI_triangular-ramp20s_snr30dB,sub-03,triangular-ramp20s,30,5,44,0.9860335195530726,0.939369797706604
lr_relerror_tpe_sv_median,sub-03_FDSI_triangular-ramp20s_snr30dB,sub-03,triangular-ramp20s,30,6,46,0.99009900990099,0.956249177455902
lr_relerror_tpe_sv_median,sub-03_FDSI_triangular-ramp20s_snr30dB,sub-03,triangular-ramp20s,30,7,35,0.911412609736632,0.8959192633628845
lr_relerror_tpe_sv_median,sub-03_FDSI_triangular-ramp20s_snr30dB,sub-03,triangular-ramp20s,30,8,45,0.1421052631578947,0.8990404605865479
lr_relerror_tpe_sv_median,sub-03_FDSI_triangular-ramp20s_snr30dB,sub-03,triangular-ramp20s,30,9,47,0.5207692307692308,0.859961748123169
lr_relerror_tpe_sv_median,sub-03_FDSI_triangular-ramp20s_snr30dB,sub-03,triangular-ramp20s,30,10,50,0.9049723756906076,0.8879327774047852
lr_relerror_tpe_sv_median,sub-03_FDSI_triangular-ramp20s_snr25dB,sub-03,triangular-ramp20s,25,0,44,0.9645852749301024,0.9163009524345398
lr_relerror_tpe_sv_median,sub-03_FDSI_triangular-ramp20s_snr25dB,sub-03,triangular-ramp20s,25,1,52,0.584349593495935,0.9217906594276428
lr_relerror_tpe_sv_median,sub-03_FDSI_triangular-ramp20s_snr25dB,sub-03,triangular-ramp20s,25,2,40,0.9982683982683984,0.9785342812538148
lr_relerror_tpe_sv_median,sub-03_FDSI_triangular-ramp20s_snr25dB,sub-03,triangular-ramp20s,25,3,48,0.940020682523268,0.9148441553115844
lr_relerror_tpe_sv_median,sub-03_FDSI_triangular-ramp20s_snr25dB,sub-03,triangular-ramp20s,25,4,46,0.9714285714285714,0.9356531500816344
lr_relerror_tpe_sv_median,sub-03_FDSI_triangular-ramp20s_snr25dB,sub-03,triangular-ramp20s,25,5,49,0.9696312364425164,0.9233632683753968
lr_relerror_tpe_sv_median,sub-03_FDSI_triangular-ramp20s_snr25dB,sub-03,triangular-ramp20s,25,6,51,0.9859484777517564,0.945432424545288
lr_relerror_tpe_sv_median,sub-03_FDSI_triangular-ramp20s_snr25dB,sub-03,triangular-ramp20s,25,7,35,0.8064263322884012,0.8717539310455322
lr_relerror_tpe_sv_median,sub-03_FDSI_triangular-ramp20s_snr20dB,sub-03,triangular-ramp20s,20,0,40,0.9948051948051948,0.9667786359786988
lr_relerror_tpe_sv_median,sub-03_FDSI_triangular-ramp20s_snr20dB,sub-03,triangular-ramp20s,20,1,52,0.9666666666666668,0.909529149532318
lr_relerror_tpe_sv_median,sub-03_FDSI_triangular-ramp20s_snr20dB,sub-03,triangular-ramp20s,20,2,51,0.977855477855478,0.9400162100791932
lr_relerror_tpe_sv_median,sub-03_FDSI_triangular-ramp20s_snr20dB,sub-03,triangular-ramp20s,20,3,49,0.6621359223300971,0.8920730352401733
lr_relerror_tpe_sv_median,sub-03_FDSI_triangular-ramp20s_snr20dB,sub-03,triangular-ramp20s,20,4,44,0.6748511904761905,0.8672700524330139
lr_relerror_tpe_sv_median,sub-03_FDSI_triangular-ramp20s_snr20dB,sub-03,triangular-ramp20s,20,5,48,0.7954545454545454,0.8540298342704773
lr_relerror_tpe_sv_median,sub-03_FDSI_triangular-ramp20s_snr20dB,sub-03,triangular-ramp20s,20,6,46,0.167835941716136,0.9238876700401306
lr_relerror_tpe_sv_median,sub-03_FDSI_triangular-ramp20s_snr15dB,sub-03,triangular-ramp20s,15,0,40,0.9922077922077922,0.9583274126052856
lr_relerror_tpe_sv_median,sub-03_FDSI_triangular-ramp20s_snr15dB,sub-03,triangular-ramp20s,15,1,49,0.5537340619307832,0.8675348162651062
lr_relerror_tpe_sv_median,sub-03_FDSI_triangular-ramp20s_snr15dB,sub-03,triangular-ramp20s,15,2,44,0.7788719785138765,0.8442503213882446
lr_relerror_tpe_sv_median,sub-03_FDSI_triangular-ramp20s_snr15dB,sub-03,triangular-ramp20s,15,3,52,0.8899755501222494,0.891060471534729
lr_relerror_tpe_sv_median,sub-03_FDSI_triangular-ramp10s_snr30dB,sub-03,triangular-ramp10s,30,0,40,0.993025283347864,0.9839152693748474
lr_relerror_tpe_sv_median,sub-03_FDSI_triangular-ramp10s_snr30dB,sub-03,triangular-ramp10s,30,1,52,0.5759416767922235,0.9145246744155884
lr_relerror_tpe_sv_median,sub-03_FDSI_triangular-ramp10s_snr30dB,sub-03,triangular-ramp10s,30,2,44,0.7822706065318819,0.9060608148574828
lr_relerror_tpe_sv_median,sub-03_FDSI_triangular-ramp10s_snr30dB,sub-03,triangular-ramp10s,30,3,35,0.1002055498458376,0.9072651267051696
lr_relerror_tpe_sv_median,sub-03_FDSI_triangular-ramp10s_snr30dB,sub-03,triangular-ramp10s,30,4,50,0.8308740068104427,0.8843837976455688
lr_relerror_tpe_sv_median,sub-03_FDSI_triangular-ramp10s_snr30dB,sub-03,triangular-ramp10s,30,5,46,0.9820538384845464,0.93190598487854
lr_relerror_tpe_sv_median,sub-03_FDSI_triangular-ramp10s_snr30dB,sub-03,triangular-ramp10s,30,6,49,0.7074829931972789,0.9237995147705078
lr_relerror_tpe_sv_median,sub-03_FDSI_triangular-ramp10s_snr30dB,sub-03,triangular-ramp10s,30,7,47,0.1414342629482071,0.8378233313560486
lr_relerror_tpe_sv_median,sub-03_FDSI_triangular-ramp10s_snr30dB,sub-03,triangular-ramp10s,30,8,48,0.9376299376299376,0.9225249886512756
lr_relerror_tpe_sv_median,sub-03_FDSI_triangular-ramp10s_snr30dB,sub-03,triangular-ramp10s,30,9,43,0.1339829476248477,0.8240035176277161
lr_relerror_tpe_sv_median,sub-03_FDSI_triangular-ramp10s_snr30dB,sub-03,triangular-ramp10s,30,10,51,0.5129434324065196,0.8672820329666138
lr_relerror_tpe_sv_median,sub-03_FDSI_triangular-ramp10s_snr25dB,sub-03,triangular-ramp10s,25,0,51,0.9942062572421784,0.9505716562271118
lr_relerror_tpe_sv_median,sub-03_FDSI_triangular-ramp10s_snr25dB,sub-03,triangular-ramp10s,25,1,40,0.993025283347864,0.9788052439689636
lr_relerror_tpe_sv_median,sub-03_FDSI_triangular-ramp10s_snr25dB,sub-03,triangular-ramp10s,25,2,44,0.8464163822525598,0.8795356750488281
lr_relerror_tpe_sv_median,sub-03_FDSI_triangular-ramp10s_snr25dB,sub-03,triangular-ramp10s,25,3,50,0.6719101123595506,0.8570265769958496
lr_relerror_tpe_sv_median,sub-03_FDSI_triangular-ramp10s_snr25dB,sub-03,triangular-ramp10s,25,4,52,0.9343065693430656,0.9177696108818054
lr_relerror_tpe_sv_median,sub-03_FDSI_triangular-ramp10s_snr25dB,sub-03,triangular-ramp10s,25,5,46,0.9322033898305084,0.9119666218757628
lr_relerror_tpe_sv_median,sub-03_FDSI_triangular-ramp10s_snr25dB,sub-03,triangular-ramp10s,25,6,48,0.7476099426386233,0.8845805525779724
lr_relerror_tpe_sv_median,sub-03_FDSI_triangular-ramp10s_snr25dB,sub-03,triangular-ramp10s,25,7,49,0.9420131291028446,0.9204952120780944
lr_relerror_tpe_sv_median,sub-03_FDSI_triangular-ramp10s_snr20dB,sub-03,triangular-ramp10s,20,0,40,0.992153443766347,0.97101092338562
lr_relerror_tpe_sv_median,sub-03_FDSI_triangular-ramp10s_snr20dB,sub-03,triangular-ramp10s,20,1,52,0.8681983071342201,0.8998021483421326
lr_relerror_tpe_sv_median,sub-03_FDSI_triangular-ramp10s_snr20dB,sub-03,triangular-ramp10s,20,2,46,0.2227602905569007,0.9178439378738404
lr_relerror_tpe_sv_median,sub-03_FDSI_triangular-ramp10s_snr20dB,sub-03,triangular-ramp10s,20,3,49,0.789815817984832,0.8881196975708008
lr_relerror_tpe_sv_median,sub-03_FDSI_triangular-ramp10s_snr20dB,sub-03,triangular-ramp10s,20,4,44,0.7762923351158645,0.8632743954658508
lr_relerror_tpe_sv_median,sub-03_FDSI_triangular-ramp10s_snr20dB,sub-03,triangular-ramp10s,20,5,51,0.9814814814814816,0.940341591835022
lr_relerror_tpe_sv_median,sub-03_FDSI_triangular-ramp10s_snr20dB,sub-03,triangular-ramp10s,20,6,48,0.7130350194552529,0.8789034485816956
lr_relerror_tpe_sv_median,sub-03_FDSI_triangular-ramp10s_snr15dB,sub-03,triangular-ramp10s,15,0,40,0.989537925021796,0.96141117811203
lr_relerror_tpe_sv_median,sub-03_FDSI_triangular-ramp10s_snr15dB,sub-03,triangular-ramp10s,15,1,52,0.7256317689530686,0.8822188973426819
lr_relerror_tpe_sv_median,sub-03_FDSI_triangular-ramp10s_snr15dB,sub-03,triangular-ramp10s,15,2,49,0.5657492354740061,0.8771618008613586
lr_relerror_tpe_sv_median,sub-03_FDSI_triangular-ramp5s_snr30dB,sub-03,triangular-ramp5s,30,0,52,0.9914529914529916,0.946742832660675
lr_relerror_tpe_sv_median,sub-03_FDSI_triangular-ramp5s_snr30dB,sub-03,triangular-ramp5s,30,1,48,0.4233870967741935,0.890546977519989
lr_relerror_tpe_sv_median,sub-03_FDSI_triangular-ramp5s_snr30dB,sub-03,triangular-ramp5s,30,2,40,0.9948141745894556,0.9770228862762452
lr_relerror_tpe_sv_median,sub-03_FDSI_triangular-ramp5s_snr30dB,sub-03,triangular-ramp5s,30,3,51,0.991812865497076,0.9573572278022766
lr_relerror_tpe_sv_median,sub-03_FDSI_triangular-ramp5s_snr30dB,sub-03,triangular-ramp5s,30,4,46,0.8758758758758759,0.9299206137657166
lr_relerror_tpe_sv_median,sub-03_FDSI_triangular-ramp5s_snr30dB,sub-03,triangular-ramp5s,30,5,49,0.7152245345016429,0.9225585460662842
lr_relerror_tpe_sv_median,sub-03_FDSI_triangular-ramp5s_snr30dB,sub-03,triangular-ramp5s,30,6,44,0.7212732919254659,0.9123311042785645
lr_relerror_tpe_sv_median,sub-03_FDSI_triangular-ramp5s_snr30dB,sub-03,triangular-ramp5s,30,7,47,0.0825565912117177,0.8842074871063232
lr_relerror_tpe_sv_median,sub-03_FDSI_triangular-ramp5s_snr30dB,sub-03,triangular-ramp5s,30,8,45,0.2369093231162196,0.8994810581207275
lr_relerror_tpe_sv_median,sub-03_FDSI_triangular-ramp5s_snr30dB,sub-03,triangular-ramp5s,30,9,50,0.0784313725490196,0.8954235315322876
lr_relerror_tpe_sv_median,sub-03_FDSI_triangular-ramp5s_snr30dB,sub-03,triangular-ramp5s,30,10,35,0.6921850079744817,0.903152346611023
lr_relerror_tpe_sv_median,sub-03_FDSI_triangular-ramp5s_snr25dB,sub-03,triangular-ramp5s,25,0,52,0.9755799755799756,0.9380269646644592
lr_relerror_tpe_sv_median,sub-03_FDSI_triangular-ramp5s_snr25dB,sub-03,triangular-ramp5s,25,1,40,0.993085566119274,0.972338318824768
lr_relerror_tpe_sv_median,sub-03_FDSI_triangular-ramp5s_snr25dB,sub-03,triangular-ramp5s,25,2,48,0.4436256448047163,0.8727670907974243
lr_relerror_tpe_sv_median,sub-03_FDSI_triangular-ramp5s_snr25dB,sub-03,triangular-ramp5s,25,3,46,0.7897897897897898,0.9231873750686646
lr_relerror_tpe_sv_median,sub-03_FDSI_triangular-ramp5s_snr25dB,sub-03,triangular-ramp5s,25,4,44,0.7144006436041834,0.9087669849395752
lr_relerror_tpe_sv_median,sub-03_FDSI_triangular-ramp5s_snr25dB,sub-03,triangular-ramp5s,25,5,49,0.6703176341730559,0.9184367060661316
lr_relerror_tpe_sv_median,sub-03_FDSI_triangular-ramp5s_snr25dB,sub-03,triangular-ramp5s,25,6,51,0.9766081871345028,0.9475093483924866
lr_relerror_tpe_sv_median,sub-03_FDSI_triangular-ramp5s_snr25dB,sub-03,triangular-ramp5s,25,7,35,0.6281847133757962,0.8788966536521912
lr_relerror_tpe_sv_median,sub-03_FDSI_triangular-ramp5s_snr20dB,sub-03,triangular-ramp5s,20,0,52,0.926829268292683,0.9198041558265686
lr_relerror_tpe_sv_median,sub-03_FDSI_triangular-ramp5s_snr20dB,sub-03,triangular-ramp5s,20,1,40,0.9956784788245462,0.9648257493972778
lr_relerror_tpe_sv_median,sub-03_FDSI_triangular-ramp5s_snr20dB,sub-03,triangular-ramp5s,20,2,49,0.5629477993858751,0.9094807505607604
lr_relerror_tpe_sv_median,sub-03_FDSI_triangular-ramp5s_snr20dB,sub-03,triangular-ramp5s,20,3,44,0.6765498652291105,0.902991533279419
lr_relerror_tpe_sv_median,sub-03_FDSI_triangular-ramp5s_snr20dB,sub-03,triangular-ramp5s,20,4,46,0.776,0.9113492965698242
lr_relerror_tpe_sv_median,sub-03_FDSI_triangular-ramp5s_snr20dB,sub-03,triangular-ramp5s,20,5,51,0.9789473684210528,0.9410579800605774
lr_relerror_tpe_sv_median,sub-03_FDSI_triangular-ramp5s_snr20dB,sub-03,triangular-ramp5s,20,6,48,0.306640625,0.8889410495758057
lr_relerror_tpe_sv_median,sub-03_FDSI_triangular-ramp5s_snr15dB,sub-03,triangular-ramp5s,15,0,52,0.7946537059538274,0.897627055644989
lr_relerror_tpe_sv_median,sub-03_FDSI_triangular-ramp5s_snr15dB,sub-03,triangular-ramp5s,15,1,40,0.9844425237683664,0.951688289642334
lr_relerror_tpe_sv_median,sub-03_FDSI_triangular-ramp5s_snr15dB,sub-03,triangular-ramp5s,15,2,51,0.9159859976662778,0.9109820127487184
lr_relerror_tpe_sv_median,sub-03_FDSI_triangular-ramp5s_snr15dB,sub-03,triangular-ramp5s,15,3,46,0.3969716919025675,0.8747541308403015
lr_relerror_tpe_sv_median,sub-04_FDSI_staircase_snr30dB,sub-04,staircase,30,0,50,0.7473560517038778,0.9150224924087524
lr_relerror_tpe_sv_median,sub-04_FDSI_staircase_snr30dB,sub-04,staircase,30,1,44,0.966796875,0.9380412697792052
lr_relerror_tpe_sv_median,sub-04_FDSI_staircase_snr30dB,sub-04,staircase,30,2,41,0.9927007299270072,0.9785946607589722
lr_relerror_tpe_sv_median,sub-04_FDSI_staircase_snr30dB,sub-04,staircase,30,3,53,0.4717698154180239,0.8499011397361755
lr_relerror_tpe_sv_median,sub-04_FDSI_staircase_snr30dB,sub-04,staircase,30,4,23,0.9455095862764884,0.9287170171737672
lr_relerror_tpe_sv_median,sub-04_FDSI_staircase_snr30dB,sub-04,staircase,30,5,48,0.984375,0.9443787336349488
lr_relerror_tpe_sv_median,sub-04_FDSI_staircase_snr30dB,sub-04,staircase,30,6,51,0.5763490241102182,0.9229832291603088
lr_relerror_tpe_sv_median,sub-04_FDSI_staircase_snr30dB,sub-04,staircase,30,7,54,0.9519392917369308,0.9309126734733582
lr_relerror_tpe_sv_median,sub-04_FDSI_staircase_snr30dB,sub-04,staircase,30,8,42,0.9104477611940298,0.8850671648979187
lr_relerror_tpe_sv_median,sub-04_FDSI_staircase_snr30dB,sub-04,staircase,30,9,49,0.972834067547724,0.9390316009521484
lr_relerror_tpe_sv_median,sub-04_FDSI_staircase_snr30dB,sub-04,staircase,30,10,37,0.2867298578199052,0.8764500021934509
lr_relerror_tpe_sv_median,sub-04_FDSI_staircase_snr25dB,sub-04,staircase,25,0,51,0.4438473938742611,0.8934307098388672
lr_relerror_tpe_sv_median,sub-04_FDSI_staircase_snr25dB,sub-04,staircase,25,1,44,0.9438347320852164,0.9119746088981628
lr_relerror_tpe_sv_median,sub-04_FDSI_staircase_snr25dB,sub-04,staircase,25,2,53,0.3657587548638132,0.8190664649009705
lr_relerror_tpe_sv_median,sub-04_FDSI_staircase_snr25dB,sub-04,staircase,25,3,41,0.9927007299270072,0.9792277216911316
lr_relerror_tpe_sv_median,sub-04_FDSI_staircase_snr25dB,sub-04,staircase,25,4,48,0.9673295454545454,0.9303953051567078
lr_relerror_tpe_sv_median,sub-04_FDSI_staircase_snr25dB,sub-04,staircase,25,5,50,0.6956521739130435,0.9093626141548156
lr_relerror_tpe_sv_median,sub-04_FDSI_staircase_snr25dB,sub-04,staircase,25,6,49,0.9662261380323054,0.9329078793525696
lr_relerror_tpe_sv_median,sub-04_FDSI_staircase_snr25dB,sub-04,staircase,25,7,54,0.9541206457094308,0.9247301816940308
lr_relerror_tpe_sv_median,sub-04_FDSI_staircase_snr25dB,sub-04,staircase,25,8,42,0.9725514660012476,0.9312044978141784
lr_relerror_tpe_sv_median,sub-04_FDSI_staircase_snr20dB,sub-04,staircase,20,0,41,0.9975669099756692,0.9808746576309204
lr_relerror_tpe_sv_median,sub-04_FDSI_staircase_snr20dB,sub-04,staircase,20,1,48,0.9474431818181818,0.9326618313789368
lr_relerror_tpe_sv_median,sub-04_FDSI_staircase_snr20dB,sub-04,staircase,20,2,42,0.9396766169154228,0.910872757434845
lr_relerror_tpe_sv_median,sub-04_FDSI_staircase_snr20dB,sub-04,staircase,20,3,49,0.8863801893663511,0.9062054753303528
lr_relerror_tpe_sv_median,sub-04_FDSI_staircase_snr15dB,sub-04,staircase,15,0,41,0.995742092457421,0.9796504974365234
lr_relerror_tpe_sv_median,sub-04_FDSI_triangular-ramp40s_snr30dB,sub-04,triangular-ramp40s,30,0,42,0.9913344887348352,0.9583303928375244
lr_relerror_tpe_sv_median,sub-04_FDSI_triangular-ramp40s_snr30dB,sub-04,triangular-ramp40s,30,1,33,0.8421052631578947,0.8943296074867249
lr_relerror_tpe_sv_median,sub-04_FDSI_triangular-ramp40s_snr30dB,sub-04,triangular-ramp40s,30,2,50,0.7079091620986687,0.9122536182403564
lr_relerror_tpe_sv_median,sub-04_FDSI_triangular-ramp40s_snr30dB,sub-04,triangular-ramp40s,30,3,51,0.9224489795918368,0.9268541932106018
lr_relerror_tpe_sv_median,sub-04_FDSI_triangular-ramp40s_snr30dB,sub-04,triangular-ramp40s,30,4,49,0.9818365287588294,0.9503931403160096
lr_relerror_tpe_sv_median,sub-04_FDSI_triangular-ramp40s_snr30dB,sub-04,triangular-ramp40s,30,5,48,0.9861796643632774,0.9503042101860046
lr_relerror_tpe_sv_median,sub-04_FDSI_triangular-ramp40s_snr30dB,sub-04,triangular-ramp40s,30,6,41,0.9957264957264956,0.984386146068573
lr_relerror_tpe_sv_median,sub-04_FDSI_triangular-ramp40s_snr30dB,sub-04,triangular-ramp40s,30,7,44,0.971274685816876,0.9385101795196532
lr_relerror_tpe_sv_median,sub-04_FDSI_triangular-ramp40s_snr30dB,sub-04,triangular-ramp40s,30,8,54,0.926056338028169,0.9122556447982788
lr_relerror_tpe_sv_median,sub-04_FDSI_triangular-ramp40s_snr30dB,sub-04,triangular-ramp40s,30,9,17,0.8984635938543755,0.9083513617515564
lr_relerror_tpe_sv_median,sub-04_FDSI_triangular-ramp40s_snr30dB,sub-04,triangular-ramp40s,30,10,53,0.8800880088008801,0.9118862748146056
lr_relerror_tpe_sv_median,sub-04_FDSI_triangular-ramp40s_snr25dB,sub-04,triangular-ramp40s,25,0,42,0.9826689774696707,0.944583773612976
lr_relerror_tpe_sv_median,sub-04_FDSI_triangular-ramp40s_snr25dB,sub-04,triangular-ramp40s,25,1,41,0.9931623931623932,0.9847054481506348
lr_relerror_tpe_sv_median,sub-04_FDSI_triangular-ramp40s_snr25dB,sub-04,triangular-ramp40s,25,2,48,0.9763546798029556,0.9293980598449708
lr_relerror_tpe_sv_median,sub-04_FDSI_triangular-ramp40s_snr25dB,sub-04,triangular-ramp40s,25,3,49,0.9626262626262626,0.9346563220024108
lr_relerror_tpe_sv_median,sub-04_FDSI_triangular-ramp40s_snr25dB,sub-04,triangular-ramp40s,25,4,44,0.3378859857482185,0.9055896401405334
lr_relerror_tpe_sv_median,sub-04_FDSI_triangular-ramp40s_snr25dB,sub-04,triangular-ramp40s,25,5,50,0.7718855218855218,0.9104486107826232
lr_relerror_tpe_sv_median,sub-04_FDSI_triangular-ramp40s_snr25dB,sub-04,triangular-ramp40s,25,6,51,0.5779376498800959,0.895143449306488
lr_relerror_tpe_sv_median,sub-04_FDSI_triangular-ramp40s_snr25dB,sub-04,triangular-ramp40s,25,7,54,0.9539551357733176,0.9218445420265198
lr_relerror_tpe_sv_median,sub-04_FDSI_triangular-ramp40s_snr20dB,sub-04,triangular-ramp40s,20,0,42,0.9306759098786828,0.9098172783851624
lr_relerror_tpe_sv_median,sub-04_FDSI_triangular-ramp40s_snr20dB,sub-04,triangular-ramp40s,20,1,41,0.9931623931623932,0.9821359515190125
lr_relerror_tpe_sv_median,sub-04_FDSI_triangular-ramp40s_snr20dB,sub-04,triangular-ramp40s,20,2,44,0.3162241887905604,0.8858727216720581
lr_relerror_tpe_sv_median,sub-04_FDSI_triangular-ramp40s_snr20dB,sub-04,triangular-ramp40s,20,3,48,0.9418145956607497,0.9234073758125304
lr_relerror_tpe_sv_median,sub-04_FDSI_triangular-ramp40s_snr15dB,sub-04,triangular-ramp40s,15,0,41,0.9931623931623932,0.9723060727119446
lr_relerror_tpe_sv_median,sub-04_FDSI_triangular-ramp20s_snr30dB,sub-04,triangular-ramp20s,30,0,48,0.9910802775024776,0.9529099464416504
lr_relerror_tpe_sv_median,sub-04_FDSI_triangular-ramp20s_snr30dB,sub-04,triangular-ramp20s,30,1,41,0.9932318104906938,0.9886767268180848
lr_relerror_tpe_sv_median,sub-04_FDSI_triangular-ramp20s_snr30dB,sub-04,triangular-ramp20s,30,2,50,0.7179282868525897,0.8923782110214233
lr_relerror_tpe_sv_median,sub-04_FDSI_triangular-ramp20s_snr30dB,sub-04,triangular-ramp20s,30,3,42,0.9879310344827588,0.9423313736915588
lr_relerror_tpe_sv_median,sub-04_FDSI_triangular-ramp20s_snr30dB,sub-04,triangular-ramp20s,30,4,49,0.9816326530612244,0.9374202489852904
lr_relerror_tpe_sv_median,sub-04_FDSI_triangular-ramp20s_snr30dB,sub-04,triangular-ramp20s,30,5,44,0.9597135183527306,0.9098957180976868
lr_relerror_tpe_sv_median,sub-04_FDSI_triangular-ramp20s_snr30dB,sub-04,triangular-ramp20s,30,6,23,0.9305263157894736,0.921345591545105
lr_relerror_tpe_sv_median,sub-04_FDSI_triangular-ramp20s_snr30dB,sub-04,triangular-ramp20s,30,7,37,0.1356589147286821,0.8892107009887695
lr_relerror_tpe_sv_median,sub-04_FDSI_triangular-ramp20s_snr30dB,sub-04,triangular-ramp20s,30,8,53,0.907103825136612,0.9045018553733826
lr_relerror_tpe_sv_median,sub-04_FDSI_triangular-ramp20s_snr30dB,sub-04,triangular-ramp20s,30,9,51,0.8198874296435272,0.9003623723983765
lr_relerror_tpe_sv_median,sub-04_FDSI_triangular-ramp20s_snr30dB,sub-04,triangular-ramp20s,30,10,17,0.935483870967742,0.91185200214386
lr_relerror_tpe_sv_median,sub-04_FDSI_triangular-ramp20s_snr30dB,sub-04,triangular-ramp20s,30,11,54,0.9509569377990432,0.9074491262435912
lr_relerror_tpe_sv_median,sub-04_FDSI_triangular-ramp20s_snr25dB,sub-04,triangular-ramp20s,25,0,41,0.9949238578680204,0.9859586358070374
lr_relerror_tpe_sv_median,sub-04_FDSI_triangular-ramp20s_snr25dB,sub-04,triangular-ramp20s,25,1,51,0.3850847457627118,0.8824979662895203
lr_relerror_tpe_sv_median,sub-04_FDSI_triangular-ramp20s_snr25dB,sub-04,triangular-ramp20s,25,2,54,0.6701461377870563,0.854020357131958
lr_relerror_tpe_sv_median,sub-04_FDSI_triangular-ramp20s_snr25dB,sub-04,triangular-ramp20s,25,3,42,0.9706896551724138,0.9206648468971252
lr_relerror_tpe_sv_median,sub-04_FDSI_triangular-ramp20s_snr25dB,sub-04,triangular-ramp20s,25,4,48,0.4879564879564879,0.9153273105621338
lr_relerror_tpe_sv_median,sub-04_FDSI_triangular-ramp20s_snr25dB,sub-04,triangular-ramp20s,25,5,50,0.7822719449225474,0.9005094170570374
lr_relerror_tpe_sv_median,sub-04_FDSI_triangular-ramp20s_snr25dB,sub-04,triangular-ramp20s,25,6,49,0.9337410805300712,0.9096686244010924
lr_relerror_tpe_sv_median,sub-04_FDSI_triangular-ramp20s_snr25dB,sub-04,triangular-ramp20s,25,7,44,0.8873994638069705,0.8928220868110657
lr_relerror_tpe_sv_median,sub-04_FDSI_triangular-ramp20s_snr25dB,sub-04,triangular-ramp20s,25,8,53,0.8562367864693446,0.8745172023773193
lr_relerror_tpe_sv_median,sub-04_FDSI_triangular-ramp20s_snr20dB,sub-04,triangular-ramp20s,20,0,48,0.9297029702970298,0.910241961479187
lr_relerror_tpe_sv_median,sub-04_FDSI_triangular-ramp20s_snr20dB,sub-04,triangular-ramp20s,20,1,41,0.994077834179357,0.9790850281715392
lr_relerror_tpe_sv_median,sub-04_FDSI_triangular-ramp20s_snr20dB,sub-04,triangular-ramp20s,20,2,42,0.8969957081545065,0.8864694237709045
lr_relerror_tpe_sv_median,sub-04_FDSI_triangular-ramp20s_snr15dB,sub-04,triangular-ramp20s,15,0,41,0.9949238578680204,0.9708462357521056
lr_relerror_tpe_sv_median,sub-04_FDSI_triangular-ramp10s_snr30dB,sub-04,triangular-ramp10s,30,0,49,0.950253807106599,0.9133158922195436
lr_relerror_tpe_sv_median,sub-04_FDSI_triangular-ramp10s_snr30dB,sub-04,triangular-ramp10s,30,1,41,0.9965811965811966,0.9810551404953004
lr_relerror_tpe_sv_median,sub-04_FDSI_triangular-ramp10s_snr30dB,sub-04,triangular-ramp10s,30,2,48,0.7922465208747514,0.9012380838394164
lr_relerror_tpe_sv_median,sub-04_FDSI_triangular-ramp10s_snr30dB,sub-04,triangular-ramp10s,30,3,51,0.5249632892804699,0.8787638545036316
lr_relerror_tpe_sv_median,sub-04_FDSI_triangular-ramp10s_snr30dB,sub-04,triangular-ramp10s,30,4,42,0.8848484848484849,0.8908566236495972
lr_relerror_tpe_sv_median,sub-04_FDSI_triangular-ramp10s_snr30dB,sub-04,triangular-ramp10s,30,5,47,0.1051733939738487,0.8952096104621887
lr_relerror_tpe_sv_median,sub-04_FDSI_triangular-ramp10s_snr30dB,sub-04,triangular-ramp10s,30,6,50,0.7756521739130435,0.8899451494216919
lr_relerror_tpe_sv_median,sub-04_FDSI_triangular-ramp10s_snr30dB,sub-04,triangular-ramp10s,30,7,44,0.9086021505376344,0.9004238843917847
lr_relerror_tpe_sv_median,sub-04_FDSI_triangular-ramp10s_snr30dB,sub-04,triangular-ramp10s,30,8,17,0.9267155229846769,0.9155064821243286
lr_relerror_tpe_sv_median,sub-04_FDSI_triangular-ramp10s_snr30dB,sub-04,triangular-ramp10s,30,9,53,0.8943355119825708,0.8878293633460999
lr_relerror_tpe_sv_median,sub-04_FDSI_triangular-ramp10s_snr30dB,sub-04,triangular-ramp10s,30,10,54,0.9481132075471698,0.912578284740448
lr_relerror_tpe_sv_median,sub-04_FDSI_triangular-ramp10s_snr30dB,sub-04,triangular-ramp10s,30,11,33,0.1486920605782469,0.8891612887382507
lr_relerror_tpe_sv_median,sub-04_FDSI_triangular-ramp10s_snr25dB,sub-04,triangular-ramp10s,25,0,54,0.3484602917341977,0.8224136233329773
lr_relerror_tpe_sv_median,sub-04_FDSI_triangular-ramp10s_snr25dB,sub-04,triangular-ramp10s,25,1,49,0.8136958710976838,0.8983182907104492
lr_relerror_tpe_sv_median,sub-04_FDSI_triangular-ramp10s_snr25dB,sub-04,triangular-ramp10s,25,2,41,0.9965811965811966,0.97596675157547
lr_relerror_tpe_sv_median,sub-04_FDSI_triangular-ramp10s_snr25dB,sub-04,triangular-ramp10s,25,3,42,0.9254119687771032,0.9030268788337708
lr_relerror_tpe_sv_median,sub-04_FDSI_triangular-ramp10s_snr25dB,sub-04,triangular-ramp10s,25,4,50,0.7301724137931035,0.8628426194190979
lr_relerror_tpe_sv_median,sub-04_FDSI_triangular-ramp10s_snr25dB,sub-04,triangular-ramp10s,25,5,44,0.1062562065541211,0.9358974695205688
lr_relerror_tpe_sv_median,sub-04_FDSI_triangular-ramp10s_snr25dB,sub-04,triangular-ramp10s,25,6,51,0.4421518054532056,0.8444110155105591
lr_relerror_tpe_sv_median,sub-04_FDSI_triangular-ramp10s_snr25dB,sub-04,triangular-ramp10s,25,7,48,0.9304174950298212,0.9252398014068604
lr_relerror_tpe_sv_median,sub-04_FDSI_triangular-ramp10s_snr20dB,sub-04,triangular-ramp10s,20,0,41,0.9914529914529916,0.9802136421203612
lr_relerror_tpe_sv_median,sub-04_FDSI_triangular-ramp10s_snr20dB,sub-04,triangular-ramp10s,20,1,49,0.0838709677419354,0.9267835021018982
lr_relerror_tpe_sv_median,sub-04_FDSI_triangular-ramp10s_snr20dB,sub-04,triangular-ramp10s,20,2,42,0.8694900605012964,0.8769139647483826
lr_relerror_tpe_sv_median,sub-04_FDSI_triangular-ramp10s_snr20dB,sub-04,triangular-ramp10s,20,3,50,0.7203619909502262,0.850897490978241
lr_relerror_tpe_sv_median,sub-04_FDSI_triangular-ramp10s_snr20dB,sub-04,triangular-ramp10s,20,4,48,0.6782522343594836,0.8898969888687134
lr_relerror_tpe_sv_median,sub-04_FDSI_triangular-ramp10s_snr15dB,sub-04,triangular-ramp10s,15,0,41,0.9914529914529916,0.9731104969978333
lr_relerror_tpe_sv_median,sub-04_FDSI_triangular-ramp5s_snr30dB,sub-04,triangular-ramp5s,30,0,50,0.8492307692307692,0.9163995981216432
lr_relerror_tpe_sv_median,sub-04_FDSI_triangular-ramp5s_snr30dB,sub-04,triangular-ramp5s,30,1,42,0.940714908456844,0.9193742871284484
lr_relerror_tpe_sv_median,sub-04_FDSI_triangular-ramp5s_snr30dB,sub-04,triangular-ramp5s,30,2,48,0.9445544554455444,0.93257075548172
lr_relerror_tpe_sv_median,sub-04_FDSI_triangular-ramp5s_snr30dB,sub-04,triangular-ramp5s,30,3,44,0.7581227436823105,0.9285377860069276
lr_relerror_tpe_sv_median,sub-04_FDSI_triangular-ramp5s_snr30dB,sub-04,triangular-ramp5s,30,4,41,0.9966159052453468,0.9845908284187316
lr_relerror_tpe_sv_median,sub-04_FDSI_triangular-ramp5s_snr30dB,sub-04,triangular-ramp5s,30,5,23,0.8843771507226428,0.910075843334198
lr_relerror_tpe_sv_median,sub-04_FDSI_triangular-ramp5s_snr30dB,sub-04,triangular-ramp5s,30,6,49,0.7878172588832487,0.9102947115898132
lr_relerror_tpe_sv_median,sub-04_FDSI_triangular-ramp5s_snr30dB,sub-04,triangular-ramp5s,30,7,54,0.8561320754716981,0.9203032851219176
lr_relerror_tpe_sv_median,sub-04_FDSI_triangular-ramp5s_snr30dB,sub-04,triangular-ramp5s,30,8,53,0.9010011123470524,0.9024866223335266
lr_relerror_tpe_sv_median,sub-04_FDSI_triangular-ramp5s_snr30dB,sub-04,triangular-ramp5s,30,9,47,0.1166390270867882,0.9048742055892944
lr_relerror_tpe_sv_median,sub-04_FDSI_triangular-ramp5s_snr30dB,sub-04,triangular-ramp5s,30,10,51,0.5422661870503597,0.8818886876106262
lr_relerror_tpe_sv_median,sub-04_FDSI_triangular-ramp5s_snr25dB,sub-04,triangular-ramp5s,25,0,42,0.877177700348432,0.9068758487701416
lr_relerror_tpe_sv_median,sub-04_FDSI_triangular-ramp5s_snr25dB,sub-04,triangular-ramp5s,25,1,48,0.8792079207920792,0.9229586124420166
lr_relerror_tpe_sv_median,sub-04_FDSI_triangular-ramp5s_snr25dB,sub-04,triangular-ramp5s,25,2,44,0.7027506654835848,0.9027090668678284
lr_relerror_tpe_sv_median,sub-04_FDSI_triangular-ramp5s_snr25dB,sub-04,triangular-ramp5s,25,3,41,0.9966159052453468,0.9827563762664796
lr_relerror_tpe_sv_median,sub-04_FDSI_triangular-ramp5s_snr25dB,sub-04,triangular-ramp5s,25,4,54,0.3307839388145315,0.8409363031387329
lr_relerror_tpe_sv_median,sub-04_FDSI_triangular-ramp5s_snr25dB,sub-04,triangular-ramp5s,25,5,50,0.8220858895705522,0.9028960466384888
lr_relerror_tpe_sv_median,sub-04_FDSI_triangular-ramp5s_snr25dB,sub-04,triangular-ramp5s,25,6,53,0.8231511254019293,0.8874467611312866
lr_relerror_tpe_sv_median,sub-04_FDSI_triangular-ramp5s_snr25dB,sub-04,triangular-ramp5s,25,7,49,0.766497461928934,0.9097465872764589
lr_relerror_tpe_sv_median,sub-04_FDSI_triangular-ramp5s_snr25dB,sub-04,triangular-ramp5s,25,8,51,0.5662222222222222,0.8815073370933533
lr_relerror_tpe_sv_median,sub-04_FDSI_triangular-ramp5s_snr20dB,sub-04,triangular-ramp5s,20,0,41,0.9966159052453468,0.9781523942947388
lr_relerror_tpe_sv_median,sub-04_FDSI_triangular-ramp5s_snr20dB,sub-04,triangular-ramp5s,20,1,48,0.801980198019802,0.9104836583137512
lr_relerror_tpe_sv_median,sub-04_FDSI_triangular-ramp5s_snr20dB,sub-04,triangular-ramp5s,20,2,42,0.7389418907198613,0.8946846723556519
lr_relerror_tpe_sv_median,sub-04_FDSI_triangular-ramp5s_snr15dB,sub-04,triangular-ramp5s,15,0,41,0.9966159052453468,0.9680150747299194
lr_relerror_tpe_sv_median,sub-05_FDSI_staircase_snr30dB,sub-05,staircase,30,0,35,0.9719923615531508,0.9382968544960022
lr_relerror_tpe_sv_median,sub-05_FDSI_staircase_snr30dB,sub-05,staircase,30,1,31,0.978798586572438,0.947270691394806
lr_relerror_tpe_sv_median,sub-05_FDSI_staircase_snr30dB,sub-05,staircase,30,2,44,0.9956024626209324,0.9645230770111084
lr_relerror_tpe_sv_median,sub-05_FDSI_staircase_snr30dB,sub-05,staircase,30,3,43,0.987489574645538,0.965765655040741
lr_relerror_tpe_sv_median,sub-05_FDSI_staircase_snr30dB,sub-05,staircase,30,4,42,0.2538619979402677,0.902096152305603
lr_relerror_tpe_sv_median,sub-05_FDSI_staircase_snr30dB,sub-05,staircase,30,5,30,0.9633933759442184,0.923043429851532
lr_relerror_tpe_sv_median,sub-05_FDSI_staircase_snr30dB,sub-05,staircase,30,6,40,0.9640498899486428,0.9197342991828918
lr_relerror_tpe_sv_median,sub-05_FDSI_staircase_snr30dB,sub-05,staircase,30,7,36,0.5341786108048512,0.9163798093795776
lr_relerror_tpe_sv_median,sub-05_FDSI_staircase_snr30dB,sub-05,staircase,30,8,41,0.5306807286673059,0.8895626068115234
lr_relerror_tpe_sv_median,sub-05_FDSI_staircase_snr30dB,sub-05,staircase,30,9,16,0.9794520547945206,0.9416525959968568
lr_relerror_tpe_sv_median,sub-05_FDSI_staircase_snr30dB,sub-05,staircase,30,10,37,0.5177615571776155,0.8528968095779419
lr_relerror_tpe_sv_median,sub-05_FDSI_staircase_snr30dB,sub-05,staircase,30,11,39,0.6495983935742972,0.8851065635681152
lr_relerror_tpe_sv_median,sub-05_FDSI_staircase_snr30dB,sub-05,staircase,30,12,34,0.92643391521197,0.9177098870277404
lr_relerror_tpe_sv_median,sub-05_FDSI_staircase_snr30dB,sub-05,staircase,30,13,33,0.2121332275971451,0.8618483543395996
lr_relerror_tpe_sv_median,sub-05_FDSI_staircase_snr25dB,sub-05,staircase,25,0,31,0.9647058823529412,0.926974594593048
lr_relerror_tpe_sv_median,sub-05_FDSI_staircase_snr25dB,sub-05,staircase,25,1,44,0.9885764499121266,0.9555452466011048
lr_relerror_tpe_sv_median,sub-05_FDSI_staircase_snr25dB,sub-05,staircase,25,2,42,0.2271617000488519,0.8217571377754211
lr_relerror_tpe_sv_median,sub-05_FDSI_staircase_snr25dB,sub-05,staircase,25,3,40,0.9388048956083512,0.9025400280952454
lr_relerror_tpe_sv_median,sub-05_FDSI_staircase_snr25dB,sub-05,staircase,25,4,30,0.9540964555490994,0.9143344163894652
lr_relerror_tpe_sv_median,sub-05_FDSI_staircase_snr25dB,sub-05,staircase,25,5,43,0.9508333333333332,0.916936993598938
lr_relerror_tpe_sv_median,sub-05_FDSI_staircase_snr25dB,sub-05,staircase,25,6,41,0.5444602948169281,0.8691138029098511
lr_relerror_tpe_sv_median,sub-05_FDSI_staircase_snr25dB,sub-05,staircase,25,7,36,0.5145046524356869,0.9023714661598206
lr_relerror_tpe_sv_median,sub-05_FDSI_staircase_snr25dB,sub-05,staircase,25,8,35,0.9181991122384274,0.906757354736328
lr_relerror_tpe_sv_median,sub-05_FDSI_staircase_snr25dB,sub-05,staircase,25,9,16,0.9442815249266864,0.9229002594947816
lr_relerror_tpe_sv_median,sub-05_FDSI_staircase_snr20dB,sub-05,staircase,20,0,31,0.8957234915055653,0.8952399492263794
lr_relerror_tpe_sv_median,sub-05_FDSI_staircase_snr20dB,sub-05,staircase,20,1,43,0.9774812343619684,0.9346357583999634
lr_relerror_tpe_sv_median,sub-05_FDSI_staircase_snr20dB,sub-05,staircase,20,2,44,0.951048951048951,0.9195689558982848
lr_relerror_tpe_sv_median,sub-05_FDSI_staircase_snr15dB,sub-05,staircase,15,0,31,0.3310931899641577,0.8402587175369263
lr_relerror_tpe_sv_median,sub-05_FDSI_staircase_snr15dB,sub-05,staircase,15,1,43,0.962468723936614,0.913984715938568
lr_relerror_tpe_sv_median,sub-05_FDSI_staircase_snr15dB,sub-05,staircase,15,2,44,0.8666666666666667,0.9004647135734558
lr_relerror_tpe_sv_median,sub-05_FDSI_triangular-ramp40s_snr30dB,sub-05,triangular-ramp40s,30,0,44,0.940389294403893,0.9095305800437928
lr_relerror_tpe_sv_median,sub-05_FDSI_triangular-ramp40s_snr30dB,sub-05,triangular-ramp40s,30,1,41,0.4759647935003385,0.9134523868560792
lr_relerror_tpe_sv_median,sub-05_FDSI_triangular-ramp40s_snr30dB,sub-05,triangular-ramp40s,30,2,35,0.9601769911504424,0.9310545325279236
lr_relerror_tpe_sv_median,sub-05_FDSI_triangular-ramp40s_snr30dB,sub-05,triangular-ramp40s,30,3,30,0.9650793650793652,0.9378306269645692
lr_relerror_tpe_sv_median,sub-05_FDSI_triangular-ramp40s_snr30dB,sub-05,triangular-ramp40s,30,4,31,0.9779050736497544,0.9354742765426636
lr_relerror_tpe_sv_median,sub-05_FDSI_triangular-ramp40s_snr30dB,sub-05,triangular-ramp40s,30,5,40,0.9753846153846154,0.9400173425674438
lr_relerror_tpe_sv_median,sub-05_FDSI_triangular-ramp40s_snr30dB,sub-05,triangular-ramp40s,30,6,33,0.1335559265442404,0.8733823299407959
lr_relerror_tpe_sv_median,sub-05_FDSI_triangular-ramp40s_snr30dB,sub-05,triangular-ramp40s,30,7,43,0.9883720930232558,0.953340709209442
lr_relerror_tpe_sv_median,sub-05_FDSI_triangular-ramp40s_snr30dB,sub-05,triangular-ramp40s,30,8,39,0.9357351509250244,0.9173179864883424
lr_relerror_tpe_sv_median,sub-05_FDSI_triangular-ramp40s_snr30dB,sub-05,triangular-ramp40s,30,9,16,0.9768864717878992,0.9460641145706176
lr_relerror_tpe_sv_median,sub-05_FDSI_triangular-ramp40s_snr30dB,sub-05,triangular-ramp40s,30,10,42,0.8845738942826321,0.8870879411697388
lr_relerror_tpe_sv_median,sub-05_FDSI_triangular-ramp40s_snr30dB,sub-05,triangular-ramp40s,30,11,36,0.5427910562837317,0.9122122526168824
lr_relerror_tpe_sv_median,sub-05_FDSI_triangular-ramp40s_snr25dB,sub-05,triangular-ramp40s,25,0,44,0.3530927835051546,0.9139956831932068
lr_relerror_tpe_sv_median,sub-05_FDSI_triangular-ramp40s_snr25dB,sub-05,triangular-ramp40s,25,1,41,0.4593175853018372,0.8839588761329651
lr_relerror_tpe_sv_median,sub-05_FDSI_triangular-ramp40s_snr25dB,sub-05,triangular-ramp40s,25,2,35,0.9055604589585172,0.8982668519020081
lr_relerror_tpe_sv_median,sub-05_FDSI_triangular-ramp40s_snr25dB,sub-05,triangular-ramp40s,25,3,30,0.9222919937205653,0.9028303027153016
lr_relerror_tpe_sv_median,sub-05_FDSI_triangular-ramp40s_snr25dB,sub-05,triangular-ramp40s,25,4,31,0.9549918166939444,0.9154123663902284
lr_relerror_tpe_sv_median,sub-05_FDSI_triangular-ramp40s_snr25dB,sub-05,triangular-ramp40s,25,5,40,0.9317718940936864,0.9065197110176086
lr_relerror_tpe_sv_median,sub-05_FDSI_triangular-ramp40s_snr25dB,sub-05,triangular-ramp40s,25,6,43,0.9466975666280416,0.9191884994506836
lr_relerror_tpe_sv_median,sub-05_FDSI_triangular-ramp40s_snr25dB,sub-05,triangular-ramp40s,25,7,36,0.2856213402732596,0.8316704630851746
lr_relerror_tpe_sv_median,sub-05_FDSI_triangular-ramp40s_snr25dB,sub-05,triangular-ramp40s,25,8,16,0.9307065217391304,0.9265704154968262
lr_relerror_tpe_sv_median,sub-05_FDSI_triangular-ramp40s_snr25dB,sub-05,triangular-ramp40s,25,9,39,0.458602466236054,0.8633902668952942
lr_relerror_tpe_sv_median,sub-05_FDSI_triangular-ramp40s_snr20dB,sub-05,triangular-ramp40s,20,0,43,0.8862068965517241,0.8890841007232666
lr_relerror_tpe_sv_median,sub-05_FDSI_triangular-ramp40s_snr20dB,sub-05,triangular-ramp40s,20,1,31,0.926948051948052,0.8813309669494629
lr_relerror_tpe_sv_median,sub-05_FDSI_triangular-ramp40s_snr20dB,sub-05,triangular-ramp40s,20,2,44,0.95985401459854,0.9250771999359132
lr_relerror_tpe_sv_median,sub-05_FDSI_triangular-ramp40s_snr15dB,sub-05,triangular-ramp40s,15,0,43,0.9511627906976744,0.9166094660758972
lr_relerror_tpe_sv_median,sub-05_FDSI_triangular-ramp40s_snr15dB,sub-05,triangular-ramp40s,15,1,44,0.8458904109589042,0.8888716697692871
lr_relerror_tpe_sv_median,sub-05_FDSI_triangular-ramp20s_snr30dB,sub-05,triangular-ramp20s,30,0,44,0.9598051157125456,0.9142932891845704
lr_relerror_tpe_sv_median,sub-05_FDSI_triangular-ramp20s_snr30dB,sub-05,triangular-ramp20s,30,1,39,0.5973509933774834,0.8597870469093323
lr_relerror_tpe_sv_median,sub-05_FDSI_triangular-ramp20s_snr30dB,sub-05,triangular-ramp20s,30,2,35,0.9223300970873788,0.889491081237793
lr_relerror_tpe_sv_median,sub-05_FDSI_triangular-ramp20s_snr30dB,sub-05,triangular-ramp20s,30,3,36,0.4241531664212076,0.8837389945983887
lr_relerror_tpe_sv_median,sub-05_FDSI_triangular-ramp20s_snr30dB,sub-05,triangular-ramp20s,30,4,43,0.985981308411215,0.9460753798484802
lr_relerror_tpe_sv_median,sub-05_FDSI_triangular-ramp20s_snr30dB,sub-05,triangular-ramp20s,30,5,31,0.9672935404742437,0.9245315790176392
lr_relerror_tpe_sv_median,sub-05_FDSI_triangular-ramp20s_snr30dB,sub-05,triangular-ramp20s,30,6,40,0.9487179487179488,0.9258317351341248
lr_relerror_tpe_sv_median,sub-05_FDSI_triangular-ramp20s_snr30dB,sub-05,triangular-ramp20s,30,7,34,0.8939655172413793,0.8904691934585571
lr_relerror_tpe_sv_median,sub-05_FDSI_triangular-ramp20s_snr30dB,sub-05,triangular-ramp20s,30,8,42,0.6815165876777252,0.8711545467376709
lr_relerror_tpe_sv_median,sub-05_FDSI_triangular-ramp20s_snr30dB,sub-05,triangular-ramp20s,30,9,30,0.9488817891373802,0.9225049018859864
lr_relerror_tpe_sv_median,sub-05_FDSI_triangular-ramp20s_snr30dB,sub-05,triangular-ramp20s,30,10,41,0.4535554131966688,0.8780551552772522
lr_relerror_tpe_sv_median,sub-05_FDSI_triangular-ramp20s_snr30dB,sub-05,triangular-ramp20s,30,11,37,0.3434920634920635,0.8455773591995239
lr_relerror_tpe_sv_median,sub-05_FDSI_triangular-ramp20s_snr30dB,sub-05,triangular-ramp20s,30,12,16,0.9749322493224932,0.9361815452575684
lr_relerror_tpe_sv_median,sub-05_FDSI_triangular-ramp20s_snr25dB,sub-05,triangular-ramp20s,25,0,44,0.9200968523002422,0.9107205867767334
lr_relerror_tpe_sv_median,sub-05_FDSI_triangular-ramp20s_snr25dB,sub-05,triangular-ramp20s,25,1,40,0.1664588528678304,0.8934897780418396
lr_relerror_tpe_sv_median,sub-05_FDSI_triangular-ramp20s_snr25dB,sub-05,triangular-ramp20s,25,2,41,0.3603437691835482,0.8409756422042847
lr_relerror_tpe_sv_median,sub-05_FDSI_triangular-ramp20s_snr25dB,sub-05,triangular-ramp20s,25,3,30,0.8777777777777778,0.8792110085487366
lr_relerror_tpe_sv_median,sub-05_FDSI_triangular-ramp20s_snr25dB,sub-05,triangular-ramp20s,25,4,16,0.943127962085308,0.9170551300048828
lr_relerror_tpe_sv_median,sub-05_FDSI_triangular-ramp20s_snr25dB,sub-05,triangular-ramp20s,25,5,43,0.9696969696969696,0.9261564612388612
lr_relerror_tpe_sv_median,sub-05_FDSI_triangular-ramp20s_snr25dB,sub-05,triangular-ramp20s,25,6,31,0.9371941272430668,0.8868532776832581
lr_relerror_tpe_sv_median,sub-05_FDSI_triangular-ramp20s_snr25dB,sub-05,triangular-ramp20s,25,7,34,0.6874487284659557,0.8621253371238708
lr_relerror_tpe_sv_median,sub-05_FDSI_triangular-ramp20s_snr25dB,sub-05,triangular-ramp20s,25,8,35,0.8508239375542064,0.8766661882400513
lr_relerror_tpe_sv_median,sub-05_FDSI_triangular-ramp20s_snr20dB,sub-05,triangular-ramp20s,20,0,44,0.2849740932642487,0.8763890862464905
lr_relerror_tpe_sv_median,sub-05_FDSI_triangular-ramp20s_snr20dB,sub-05,triangular-ramp20s,20,1,43,0.8629032258064516,0.8801220059394836
lr_relerror_tpe_sv_median,sub-05_FDSI_triangular-ramp20s_snr20dB,sub-05,triangular-ramp20s,20,2,31,0.7916666666666666,0.8546007871627808
lr_relerror_tpe_sv_median,sub-05_FDSI_triangular-ramp20s_snr15dB,sub-05,triangular-ramp20s,15,0,44,0.8154205607476636,0.8628056645393372
lr_relerror_tpe_sv_median,sub-05_FDSI_triangular-ramp20s_snr15dB,sub-05,triangular-ramp20s,15,1,43,0.922093023255814,0.9041748642921448
lr_relerror_tpe_sv_median,sub-05_FDSI_triangular-ramp10s_snr30dB,sub-05,triangular-ramp10s,30,0,43,0.983739837398374,0.9383817315101624
lr_relerror_tpe_sv_median,sub-05_FDSI_triangular-ramp10s_snr30dB,sub-05,triangular-ramp10s,30,1,44,0.9793187347931872,0.9314435720443726
lr_relerror_tpe_sv_median,sub-05_FDSI_triangular-ramp10s_snr30dB,sub-05,triangular-ramp10s,30,2,42,0.3035870516185476,0.8367886543273926
lr_relerror_tpe_sv_median,sub-05_FDSI_triangular-ramp10s_snr30dB,sub-05,triangular-ramp10s,30,3,30,0.920255183413078,0.8956451416015625
lr_relerror_tpe_sv_median,sub-05_FDSI_triangular-ramp10s_snr30dB,sub-05,triangular-ramp10s,30,4,40,0.8781218781218781,0.8833991885185242
lr_relerror_tpe_sv_median,sub-05_FDSI_triangular-ramp10s_snr30dB,sub-05,triangular-ramp10s,30,5,31,0.8888888888888888,0.8950202465057373
lr_relerror_tpe_sv_median,sub-05_FDSI_triangular-ramp10s_snr30dB,sub-05,triangular-ramp10s,30,6,36,0.3598881900768693,0.8555245995521545
lr_relerror_tpe_sv_median,sub-05_FDSI_triangular-ramp10s_snr30dB,sub-05,triangular-ramp10s,30,7,35,0.6981292517006803,0.890509307384491
lr_relerror_tpe_sv_median,sub-05_FDSI_triangular-ramp10s_snr30dB,sub-05,triangular-ramp10s,30,8,34,0.8586296617519514,0.8840435147285461
lr_relerror_tpe_sv_median,sub-05_FDSI_triangular-ramp10s_snr30dB,sub-05,triangular-ramp10s,30,9,39,0.4344262295081967,0.8625458478927612
lr_relerror_tpe_sv_median,sub-05_FDSI_triangular-ramp10s_snr30dB,sub-05,triangular-ramp10s,30,10,41,0.4032974001268231,0.8689571619033813
lr_relerror_tpe_sv_median,sub-05_FDSI_triangular-ramp10s_snr30dB,sub-05,triangular-ramp10s,30,11,33,0.1921348314606741,0.8652844429016113
lr_relerror_tpe_sv_median,sub-05_FDSI_triangular-ramp10s_snr30dB,sub-05,triangular-ramp10s,30,12,16,0.9775662814411964,0.9345842599868774
lr_relerror_tpe_sv_median,sub-05_FDSI_triangular-ramp10s_snr25dB,sub-05,triangular-ramp10s,25,0,43,0.9732868757259,0.931659460067749
lr_relerror_tpe_sv_median,sub-05_FDSI_triangular-ramp10s_snr25dB,sub-05,triangular-ramp10s,25,1,35,0.8090586145648313,0.8665621876716614
lr_relerror_tpe_sv_median,sub-05_FDSI_triangular-ramp10s_snr25dB,sub-05,triangular-ramp10s,25,2,44,0.9589371980676328,0.916322946548462
lr_relerror_tpe_sv_median,sub-05_FDSI_triangular-ramp10s_snr25dB,sub-05,triangular-ramp10s,25,3,30,0.8547619047619047,0.877422034740448
lr_relerror_tpe_sv_median,sub-05_FDSI_triangular-ramp10s_snr25dB,sub-05,triangular-ramp10s,25,4,40,0.8042813455657493,0.8563888669013977
lr_relerror_tpe_sv_median,sub-05_FDSI_triangular-ramp10s_snr25dB,sub-05,triangular-ramp10s,25,5,39,0.4965603502188868,0.8392926454544067
lr_relerror_tpe_sv_median,sub-05_FDSI_triangular-ramp10s_snr25dB,sub-05,triangular-ramp10s,25,6,41,0.167420814479638,0.8766657710075378
lr_relerror_tpe_sv_median,sub-05_FDSI_triangular-ramp10s_snr25dB,sub-05,triangular-ramp10s,25,7,31,0.810566037735849,0.8415365219116211
lr_relerror_tpe_sv_median,sub-05_FDSI_triangular-ramp10s_snr20dB,sub-05,triangular-ramp10s,20,0,43,0.8954703832752613,0.9017879962921144
lr_relerror_tpe_sv_median,sub-05_FDSI_triangular-ramp10s_snr20dB,sub-05,triangular-ramp10s,20,1,44,0.8966745843230404,0.8957081437110901
lr_relerror_tpe_sv_median,sub-05_FDSI_triangular-ramp10s_snr20dB,sub-05,triangular-ramp10s,20,2,31,0.7700374531835206,0.863317608833313
lr_relerror_tpe_sv_median,sub-05_FDSI_triangular-ramp10s_snr15dB,sub-05,triangular-ramp10s,15,0,44,0.8007202881152461,0.8853241801261902
lr_relerror_tpe_sv_median,sub-05_FDSI_triangular-ramp10s_snr15dB,sub-05,triangular-ramp10s,15,1,43,0.910776361529548,0.901129961013794
lr_relerror_tpe_sv_median,sub-05_FDSI_triangular-ramp10s_snr15dB,sub-05,triangular-ramp10s,15,2,31,0.5992481203007519,0.8533650040626526
lr_relerror_tpe_sv_median,sub-05_FDSI_triangular-ramp5s_snr30dB,sub-05,triangular-ramp5s,30,0,44,0.9791921664626684,0.9473611116409302
lr_relerror_tpe_sv_median,sub-05_FDSI_triangular-ramp5s_snr30dB,sub-05,triangular-ramp5s,30,1,30,0.7776012708498808,0.9176571369171144
lr_relerror_tpe_sv_median,sub-05_FDSI_triangular-ramp5s_snr30dB,sub-05,triangular-ramp5s,30,2,43,0.9847953216374268,0.937785267829895
lr_relerror_tpe_sv_median,sub-05_FDSI_triangular-ramp5s_snr30dB,sub-05,triangular-ramp5s,30,3,41,0.436418359668924,0.8888105750083923
lr_relerror_tpe_sv_median,sub-05_FDSI_triangular-ramp5s_snr30dB,sub-05,triangular-ramp5s,30,4,40,0.6998992950654582,0.903265118598938
lr_relerror_tpe_sv_median,sub-05_FDSI_triangular-ramp5s_snr30dB,sub-05,triangular-ramp5s,30,5,36,0.3781763826606876,0.8925173282623291
lr_relerror_tpe_sv_median,sub-05_FDSI_triangular-ramp5s_snr30dB,sub-05,triangular-ramp5s,30,6,35,0.4529540481400437,0.8619824051856995
lr_relerror_tpe_sv_median,sub-05_FDSI_triangular-ramp5s_snr30dB,sub-05,triangular-ramp5s,30,7,34,0.4614197530864197,0.8866685628890991
lr_relerror_tpe_sv_median,sub-05_FDSI_triangular-ramp5s_snr30dB,sub-05,triangular-ramp5s,30,8,42,0.104871447902571,0.9049067497253418
lr_relerror_tpe_sv_median,sub-05_FDSI_triangular-ramp5s_snr30dB,sub-05,triangular-ramp5s,30,9,31,0.8752978554408261,0.914826512336731
lr_relerror_tpe_sv_median,sub-05_FDSI_triangular-ramp5s_snr30dB,sub-05,triangular-ramp5s,30,10,39,0.4312908982748364,0.8748247027397156
lr_relerror_tpe_sv_median,sub-05_FDSI_triangular-ramp5s_snr30dB,sub-05,triangular-ramp5s,30,11,16,0.9547635366689512,0.9278514981269836
lr_relerror_tpe_sv_median,sub-05_FDSI_triangular-ramp5s_snr30dB,sub-05,triangular-ramp5s,30,12,29,0.1779318313113807,0.8605596423149109
lr_relerror_tpe_sv_median,sub-05_FDSI_triangular-ramp5s_snr25dB,sub-05,triangular-ramp5s,25,0,44,0.971813725490196,0.938427746295929
lr_relerror_tpe_sv_median,sub-05_FDSI_triangular-ramp5s_snr25dB,sub-05,triangular-ramp5s,25,1,43,0.9649122807017544,0.9246743321418762
lr_relerror_tpe_sv_median,sub-05_FDSI_triangular-ramp5s_snr25dB,sub-05,triangular-ramp5s,25,2,30,0.7114467408585056,0.901788294315338
lr_relerror_tpe_sv_median,sub-05_FDSI_triangular-ramp5s_snr25dB,sub-05,triangular-ramp5s,25,3,41,0.2014519056261343,0.8697364926338196
lr_relerror_tpe_sv_median,sub-05_FDSI_triangular-ramp5s_snr25dB,sub-05,triangular-ramp5s,25,4,40,0.6258776328986961,0.8786967992782593
lr_relerror_tpe_sv_median,sub-05_FDSI_triangular-ramp5s_snr25dB,sub-05,triangular-ramp5s,25,5,42,0.0970588235294117,0.8932409286499023
lr_relerror_tpe_sv_median,sub-05_FDSI_triangular-ramp5s_snr25dB,sub-05,triangular-ramp5s,25,6,16,0.9048596851471596,0.9098392724990844
lr_relerror_tpe_sv_median,sub-05_FDSI_triangular-ramp5s_snr25dB,sub-05,triangular-ramp5s,25,7,31,0.7046347211311862,0.8908596038818359
lr_relerror_tpe_sv_median,sub-05_FDSI_triangular-ramp5s_snr25dB,sub-05,triangular-ramp5s,25,8,36,0.4227450980392156,0.8673469424247742
lr_relerror_tpe_sv_median,sub-05_FDSI_triangular-ramp5s_snr25dB,sub-05,triangular-ramp5s,25,9,35,0.6220264317180617,0.9114714860916138
lr_relerror_tpe_sv_median,sub-05_FDSI_triangular-ramp5s_snr20dB,sub-05,triangular-ramp5s,20,0,44,0.920343137254902,0.9175803661346436
lr_relerror_tpe_sv_median,sub-05_FDSI_triangular-ramp5s_snr20dB,sub-05,triangular-ramp5s,20,1,31,0.6942266571632216,0.8531580567359924
lr_relerror_tpe_sv_median,sub-05_FDSI_triangular-ramp5s_snr20dB,sub-05,triangular-ramp5s,20,2,43,0.5327102803738317,0.8869423270225525
lr_relerror_tpe_sv_median,sub-05_FDSI_triangular-ramp5s_snr20dB,sub-05,triangular-ramp5s,20,3,41,0.3783977110157367,0.8486555814743042
lr_relerror_tpe_sv_median,sub-05_FDSI_triangular-ramp5s_snr15dB,sub-05,triangular-ramp5s,15,0,43,0.6732788798133023,0.8842787742614746
lr_relerror_tpe_sv_median,sub-05_FDSI_triangular-ramp5s_snr15dB,sub-05,triangular-ramp5s,15,1,44,0.3914342629482071,0.8748453259468079
lr_relerror_tpe_pareto,sub-01_FDSI_staircase_snr30dB,sub-01,staircase,30,0,28,0.9981818181818182,0.9814924001693726
lr_relerror_tpe_pareto,sub-01_FDSI_staircase_snr30dB,sub-01,staircase,30,1,38,0.9938434476693052,0.9737551212310792
lr_relerror_tpe_pareto,sub-01_FDSI_staircase_snr30dB,sub-01,staircase,30,2,7,0.9126350399248472,0.9092546105384828
lr_relerror_tpe_pareto,sub-01_FDSI_staircase_snr30dB,sub-01,staircase,30,3,37,0.9785301403798512,0.9371745586395264
lr_relerror_tpe_pareto,sub-01_FDSI_staircase_snr30dB,sub-01,staircase,30,4,31,0.51386787695411,0.9065069556236268
lr_relerror_tpe_pareto,sub-01_FDSI_staircase_snr30dB,sub-01,staircase,30,5,35,0.8968312453942521,0.9049564003944396
lr_relerror_tpe_pareto,sub-01_FDSI_staircase_snr30dB,sub-01,staircase,30,6,34,0.9884309472161966,0.949897825717926
lr_relerror_tpe_pareto,sub-01_FDSI_staircase_snr30dB,sub-01,staircase,30,7,30,0.5873949579831933,0.913947343826294
lr_relerror_tpe_pareto,sub-01_FDSI_staircase_snr30dB,sub-01,staircase,30,8,36,0.9920760697305864,0.9606502652168274
lr_relerror_tpe_pareto,sub-01_FDSI_staircase_snr30dB,sub-01,staircase,30,9,32,0.9872225958305312,0.9544618129730223
lr_relerror_tpe_pareto,sub-01_FDSI_staircase_snr30dB,sub-01,staircase,30,10,24,0.3763910969793322,0.8968630433082581
lr_relerror_tpe_pareto,sub-01_FDSI_staircase_snr30dB,sub-01,staircase,30,11,22,0.4500611496127191,0.8924983143806458
lr_relerror_tpe_pareto,sub-01_FDSI_staircase_snr30dB,sub-01,staircase,30,12,33,0.3150105708245243,0.9163991808891296
lr_relerror_tpe_pareto,sub-01_FDSI_staircase_snr30dB,sub-01,staircase,30,13,29,0.3871391076115485,0.9088623523712158
lr_relerror_tpe_pareto,sub-01_FDSI_staircase_snr25dB,sub-01,staircase,25,0,28,0.9981818181818182,0.985606014728546
lr_relerror_tpe_pareto,sub-01_FDSI_staircase_snr25dB,sub-01,staircase,25,1,38,0.992084432717678,0.964661419391632
lr_relerror_tpe_pareto,sub-01_FDSI_staircase_snr25dB,sub-01,staircase,25,2,37,0.9474116680361544,0.9206607937812804
lr_relerror_tpe_pareto,sub-01_FDSI_staircase_snr25dB,sub-01,staircase,25,3,31,0.4882793017456359,0.8874925374984741
lr_relerror_tpe_pareto,sub-01_FDSI_staircase_snr25dB,sub-01,staircase,25,4,24,0.4220430107526882,0.8985254764556885
lr_relerror_tpe_pareto,sub-01_FDSI_staircase_snr25dB,sub-01,staircase,25,5,32,0.5739299610894941,0.902239978313446
lr_relerror_tpe_pareto,sub-01_FDSI_staircase_snr25dB,sub-01,staircase,25,6,34,0.9449093444909344,0.9343205690383912
lr_relerror_tpe_pareto,sub-01_FDSI_staircase_snr25dB,sub-01,staircase,25,7,30,0.8424737456242707,0.907349407672882
lr_relerror_tpe_pareto,sub-01_FDSI_staircase_snr25dB,sub-01,staircase,25,8,36,0.9881141045958796,0.9515860676765442
lr_relerror_tpe_pareto,sub-01_FDSI_staircase_snr25dB,sub-01,staircase,25,9,33,0.2941924544298431,0.9092841148376464
lr_relerror_tpe_pareto,sub-01_FDSI_staircase_snr25dB,sub-01,staircase,25,10,35,0.8287989382879893,0.8895770907402039
lr_relerror_tpe_pareto,sub-01_FDSI_staircase_snr20dB,sub-01,staircase,20,0,28,0.9981818181818182,0.978911280632019
lr_relerror_tpe_pareto,sub-01_FDSI_staircase_snr20dB,sub-01,staircase,20,1,38,0.992084432717678,0.9418908953666688
lr_relerror_tpe_pareto,sub-01_FDSI_staircase_snr20dB,sub-01,staircase,20,2,37,0.4965859714463066,0.8797886371612549
lr_relerror_tpe_pareto,sub-01_FDSI_staircase_snr20dB,sub-01,staircase,20,3,36,0.9659270998415214,0.92573881149292
lr_relerror_tpe_pareto,sub-01_FDSI_staircase_snr20dB,sub-01,staircase,20,4,34,0.8484650555192684,0.9072738885879515
lr_relerror_tpe_pareto,sub-01_FDSI_staircase_snr20dB,sub-01,staircase,20,5,32,0.6933962264150944,0.8984905481338501
lr_relerror_tpe_pareto,sub-01_FDSI_staircase_snr15dB,sub-01,staircase,15,0,28,0.9981818181818182,0.9754178524017334
lr_relerror_tpe_pareto,sub-01_FDSI_staircase_snr15dB,sub-01,staircase,15,1,38,0.9517966695880806,0.9063894748687744
lr_relerror_tpe_pareto,sub-01_FDSI_staircase_snr15dB,sub-01,staircase,15,2,36,0.9429477020602218,0.9175606966018676
lr_relerror_tpe_pareto,sub-01_FDSI_staircase_snr15dB,sub-01,staircase,15,3,34,0.3540626418520199,0.8545029163360596
lr_relerror_tpe_pareto,sub-01_FDSI_staircase_snr15dB,sub-01,staircase,15,4,32,0.3928057553956834,0.8794475197792053
lr_relerror_tpe_pareto,sub-01_FDSI_triangular-ramp40s_snr30dB,sub-01,triangular-ramp40s,30,0,28,0.9949494949494948,0.985556662082672
lr_relerror_tpe_pareto,sub-01_FDSI_triangular-ramp40s_snr30dB,sub-01,triangular-ramp40s,30,1,32,0.9821092278719398,0.9410694241523744
lr_relerror_tpe_pareto,sub-01_FDSI_triangular-ramp40s_snr30dB,sub-01,triangular-ramp40s,30,2,38,0.993857493857494,0.9750230312347412
lr_relerror_tpe_pareto,sub-01_FDSI_triangular-ramp40s_snr30dB,sub-01,triangular-ramp40s,30,3,37,0.953810623556582,0.9079365730285645
lr_relerror_tpe_pareto,sub-01_FDSI_triangular-ramp40s_snr30dB,sub-01,triangular-ramp40s,30,4,35,0.2802340702210663,0.8977808952331543
lr_relerror_tpe_pareto,sub-01_FDSI_triangular-ramp40s_snr30dB,sub-01,triangular-ramp40s,30,5,34,0.9867482161060144,0.9519051313400269
lr_relerror_tpe_pareto,sub-01_FDSI_triangular-ramp40s_snr30dB,sub-01,triangular-ramp40s,30,6,36,0.9922822491730982,0.968658685684204
lr_relerror_tpe_pareto,sub-01_FDSI_triangular-ramp40s_snr30dB,sub-01,triangular-ramp40s,30,7,33,0.6115444617784711,0.9289788007736206
lr_relerror_tpe_pareto,sub-01_FDSI_triangular-ramp40s_snr30dB,sub-01,triangular-ramp40s,30,8,30,0.7535816618911175,0.9083594679832458
lr_relerror_tpe_pareto,sub-01_FDSI_triangular-ramp40s_snr30dB,sub-01,triangular-ramp40s,30,9,7,0.8585397653194263,0.8940153121948242
lr_relerror_tpe_pareto,sub-01_FDSI_triangular-ramp40s_snr30dB,sub-01,triangular-ramp40s,30,10,29,0.4802333117303953,0.910170078277588
lr_relerror_tpe_pareto,sub-01_FDSI_triangular-ramp40s_snr30dB,sub-01,triangular-ramp40s,30,11,31,0.8325581395348837,0.896782636642456
lr_relerror_tpe_pareto,sub-01_FDSI_triangular-ramp40s_snr30dB,sub-01,triangular-ramp40s,30,12,22,0.5502336448598131,0.8658207058906555
lr_relerror_tpe_pareto,sub-01_FDSI_triangular-ramp40s_snr30dB,sub-01,triangular-ramp40s,30,13,24,0.9431464174454828,0.9114991426467896
lr_relerror_tpe_pareto,sub-01_FDSI_triangular-ramp40s_snr25dB,sub-01,triangular-ramp40s,25,0,28,0.9949494949494948,0.985328733921051
lr_relerror_tpe_pareto,sub-01_FDSI_triangular-ramp40s_snr25dB,sub-01,triangular-ramp40s,25,1,32,0.9404651162790698,0.9227179288864136
lr_relerror_tpe_pareto,sub-01_FDSI_triangular-ramp40s_snr25dB,sub-01,triangular-ramp40s,25,2,38,0.9877149877149876,0.93982195854187
lr_relerror_tpe_pareto,sub-01_FDSI_triangular-ramp40s_snr25dB,sub-01,triangular-ramp40s,25,3,37,0.8902857142857142,0.9003782272338867
lr_relerror_tpe_pareto,sub-01_FDSI_triangular-ramp40s_snr25dB,sub-01,triangular-ramp40s,25,4,24,0.3607696419027258,0.896877646446228
lr_relerror_tpe_pareto,sub-01_FDSI_triangular-ramp40s_snr25dB,sub-01,triangular-ramp40s,25,5,34,0.918426103646833,0.9257753491401672
lr_relerror_tpe_pareto,sub-01_FDSI_triangular-ramp40s_snr25dB,sub-01,triangular-ramp40s,25,6,36,0.9867695700110254,0.9545992016792296
lr_relerror_tpe_pareto,sub-01_FDSI_triangular-ramp40s_snr25dB,sub-01,triangular-ramp40s,25,7,29,0.4352495262160454,0.8932626247406006
lr_relerror_tpe_pareto,sub-01_FDSI_triangular-ramp40s_snr25dB,sub-01,triangular-ramp40s,25,8,30,0.5364061456245826,0.9001856446266174
lr_relerror_tpe_pareto,sub-01_FDSI_triangular-ramp40s_snr25dB,sub-01,triangular-ramp40s,25,9,35,0.3335607094133697,0.857982337474823
lr_relerror_tpe_pareto,sub-01_FDSI_triangular-ramp40s_snr25dB,sub-01,triangular-ramp40s,25,10,31,0.4996505939902166,0.8715638518333435
lr_relerror_tpe_pareto,sub-01_FDSI_triangular-ramp40s_snr25dB,sub-01,triangular-ramp40s,25,11,33,0.4906291834002677,0.8925801515579224
lr_relerror_tpe_pareto,sub-01_FDSI_triangular-ramp40s_snr20dB,sub-01,triangular-ramp40s,20,0,28,0.9957912457912458,0.987206757068634
lr_relerror_tpe_pareto,sub-01_FDSI_triangular-ramp40s_snr20dB,sub-01,triangular-ramp40s,20,1,32,0.9719101123595506,0.9318526983261108
lr_relerror_tpe_pareto,sub-01_FDSI_triangular-ramp40s_snr20dB,sub-01,triangular-ramp40s,20,2,38,0.9889434889434888,0.9515746235847472
lr_relerror_tpe_pareto,sub-01_FDSI_triangular-ramp40s_snr20dB,sub-01,triangular-ramp40s,20,3,35,0.2924335378323108,0.8387490510940552
lr_relerror_tpe_pareto,sub-01_FDSI_triangular-ramp40s_snr20dB,sub-01,triangular-ramp40s,20,4,36,0.9834619625137816,0.9363502860069276
lr_relerror_tpe_pareto,sub-01_FDSI_triangular-ramp40s_snr20dB,sub-01,triangular-ramp40s,20,5,34,0.8776091081593927,0.8924890756607056
lr_relerror_tpe_pareto,sub-01_FDSI_triangular-ramp40s_snr20dB,sub-01,triangular-ramp40s,20,6,37,0.4753401360544217,0.8702167272567749
lr_relerror_tpe_pareto,sub-01_FDSI_triangular-ramp40s_snr15dB,sub-01,triangular-ramp40s,15,0,28,0.9957912457912458,0.9823415875434875
lr_relerror_tpe_pareto,sub-01_FDSI_triangular-ramp40s_snr15dB,sub-01,triangular-ramp40s,15,1,38,0.95593635250918,0.9152984023094176
lr_relerror_tpe_pareto,sub-01_FDSI_triangular-ramp40s_snr15dB,sub-01,triangular-ramp40s,15,2,34,0.2628470171293561,0.8727547526359558
lr_relerror_tpe_pareto,sub-01_FDSI_triangular-ramp40s_snr15dB,sub-01,triangular-ramp40s,15,3,36,0.935022026431718,0.9123193025588988
lr_relerror_tpe_pareto,sub-01_FDSI_triangular-ramp20s_snr30dB,sub-01,triangular-ramp20s,30,0,38,0.9876390605686032,0.9657710194587708
lr_relerror_tpe_pareto,sub-01_FDSI_triangular-ramp20s_snr30dB,sub-01,triangular-ramp20s,30,1,37,0.970183486238532,0.9244062900543212
lr_relerror_tpe_pareto,sub-01_FDSI_triangular-ramp20s_snr30dB,sub-01,triangular-ramp20s,30,2,33,0.159978009895547,0.9265032410621644
lr_relerror_tpe_pareto,sub-01_FDSI_triangular-ramp20s_snr30dB,sub-01,triangular-ramp20s,30,3,32,0.9896421845574388,0.9592793583869934
lr_relerror_tpe_pareto,sub-01_FDSI_triangular-ramp20s_snr30dB,sub-01,triangular-ramp20s,30,4,28,0.9958471760797342,0.9871451258659364
lr_relerror_tpe_pareto,sub-01_FDSI_triangular-ramp20s_snr30dB,sub-01,triangular-ramp20s,30,5,35,0.9232365145228216,0.9092382192611694
lr_relerror_tpe_pareto,sub-01_FDSI_triangular-ramp20s_snr30dB,sub-01,triangular-ramp20s,30,6,34,0.9777777777777776,0.9441162943840028
lr_relerror_tpe_pareto,sub-01_FDSI_triangular-ramp20s_snr30dB,sub-01,triangular-ramp20s,30,7,24,0.2190431519699812,0.9162506461143494
lr_relerror_tpe_pareto,sub-01_FDSI_triangular-ramp20s_snr30dB,sub-01,triangular-ramp20s,30,8,31,0.5289906943450251,0.9094194769859314
lr_relerror_tpe_pareto,sub-01_FDSI_triangular-ramp20s_snr30dB,sub-01,triangular-ramp20s,30,9,29,0.392483056069008,0.9037453532218932
lr_relerror_tpe_pareto,sub-01_FDSI_triangular-ramp20s_snr30dB,sub-01,triangular-ramp20s,30,10,36,0.9879253567508232,0.9537455439567566
lr_relerror_tpe_pareto,sub-01_FDSI_triangular-ramp20s_snr30dB,sub-01,triangular-ramp20s,30,11,13,0.8425504229017566,0.8734484910964966
lr_relerror_tpe_pareto,sub-01_FDSI_triangular-ramp20s_snr30dB,sub-01,triangular-ramp20s,30,12,30,0.5771109560362875,0.9131262898445128
lr_relerror_tpe_pareto,sub-01_FDSI_triangular-ramp20s_snr30dB,sub-01,triangular-ramp20s,30,13,22,0.9062038404726735,0.8957706689834595
lr_relerror_tpe_pareto,sub-01_FDSI_triangular-ramp20s_snr25dB,sub-01,triangular-ramp20s,25,0,38,0.9901112484548824,0.9544363617897034
lr_relerror_tpe_pareto,sub-01_FDSI_triangular-ramp20s_snr25dB,sub-01,triangular-ramp20s,25,1,28,0.9966777408637874,0.9874653816223145
lr_relerror_tpe_pareto,sub-01_FDSI_triangular-ramp20s_snr25dB,sub-01,triangular-ramp20s,25,2,34,0.953373015873016,0.9283646941184998
lr_relerror_tpe_pareto,sub-01_FDSI_triangular-ramp20s_snr25dB,sub-01,triangular-ramp20s,25,3,35,0.1713169642857142,0.9076603651046752
lr_relerror_tpe_pareto,sub-01_FDSI_triangular-ramp20s_snr25dB,sub-01,triangular-ramp20s,25,4,32,0.6669242658423493,0.9334933161735536
lr_relerror_tpe_pareto,sub-01_FDSI_triangular-ramp20s_snr25dB,sub-01,triangular-ramp20s,25,5,30,0.4601063829787234,0.8861497044563293
lr_relerror_tpe_pareto,sub-01_FDSI_triangular-ramp20s_snr25dB,sub-01,triangular-ramp20s,25,6,37,0.0858294930875576,0.9324500560760498
lr_relerror_tpe_pareto,sub-01_FDSI_triangular-ramp20s_snr25dB,sub-01,triangular-ramp20s,25,7,36,0.9714599341383096,0.9327756762504578
lr_relerror_tpe_pareto,sub-01_FDSI_triangular-ramp20s_snr25dB,sub-01,triangular-ramp20s,25,8,33,0.1323914181057038,0.880229115486145
lr_relerror_tpe_pareto,sub-01_FDSI_triangular-ramp20s_snr25dB,sub-01,triangular-ramp20s,25,9,31,0.5338028169014084,0.8902983665466309
lr_relerror_tpe_pareto,sub-01_FDSI_triangular-ramp20s_snr25dB,sub-01,triangular-ramp20s,25,10,24,0.1523239760699493,0.8998901844024658
lr_relerror_tpe_pareto,sub-01_FDSI_triangular-ramp20s_snr20dB,sub-01,triangular-ramp20s,20,0,38,0.9728059332509272,0.9275132417678832
lr_relerror_tpe_pareto,sub-01_FDSI_triangular-ramp20s_snr20dB,sub-01,triangular-ramp20s,20,1,32,0.9624765478424016,0.9221231937408448
lr_relerror_tpe_pareto,sub-01_FDSI_triangular-ramp20s_snr20dB,sub-01,triangular-ramp20s,20,2,28,0.9991694352159468,0.9840218424797058
lr_relerror_tpe_pareto,sub-01_FDSI_triangular-ramp20s_snr20dB,sub-01,triangular-ramp20s,20,3,36,0.9353070175438596,0.901097059249878
lr_relerror_tpe_pareto,sub-01_FDSI_triangular-ramp20s_snr20dB,sub-01,triangular-ramp20s,20,4,34,0.2006597031335898,0.8940066695213318
lr_relerror_tpe_pareto,sub-01_FDSI_triangular-ramp20s_snr15dB,sub-01,triangular-ramp20s,15,0,28,0.9975083056478404,0.9823034405708312
lr_relerror_tpe_pareto,sub-01_FDSI_triangular-ramp20s_snr15dB,sub-01,triangular-ramp20s,15,1,38,0.9125615763546798,0.8915138244628906
lr_relerror_tpe_pareto,sub-01_FDSI_triangular-ramp20s_snr15dB,sub-01,triangular-ramp20s,15,2,32,0.6058282208588958,0.8920634388923645
lr_relerror_tpe_pareto,sub-01_FDSI_triangular-ramp20s_snr15dB,sub-01,triangular-ramp20s,15,3,36,0.1880046136101499,0.899650514125824
lr_relerror_tpe_pareto,sub-01_FDSI_triangular-ramp10s_snr30dB,sub-01,triangular-ramp10s,30,0,34,0.0981093510475217,0.9507927894592284
lr_relerror_tpe_pareto,sub-01_FDSI_triangular-ramp10s_snr30dB,sub-01,triangular-ramp10s,30,1,37,0.1207764198418404,0.9282423853874208
lr_relerror_tpe_pareto,sub-01_FDSI_triangular-ramp10s_snr30dB,sub-01,triangular-ramp10s,30,2,33,0.1830910070005385,0.9029402136802672
lr_relerror_tpe_pareto,sub-01_FDSI_triangular-ramp10s_snr30dB,sub-01,triangular-ramp10s,30,3,28,0.9949579831932772,0.979623794555664
lr_relerror_tpe_pareto,sub-01_FDSI_triangular-ramp10s_snr30dB,sub-01,triangular-ramp10s,30,4,32,0.1031161473087818,0.9132571816444396
lr_relerror_tpe_pareto,sub-01_FDSI_triangular-ramp10s_snr30dB,sub-01,triangular-ramp10s,30,5,30,0.3196480938416422,0.9087124466896056
lr_relerror_tpe_pareto,sub-01_FDSI_triangular-ramp10s_snr30dB,sub-01,triangular-ramp10s,30,6,38,0.9865853658536584,0.9361214637756348
lr_relerror_tpe_pareto,sub-01_FDSI_triangular-ramp10s_snr30dB,sub-01,triangular-ramp10s,30,7,35,0.9317953861584756,0.9258170127868652
lr_relerror_tpe_pareto,sub-01_FDSI_triangular-ramp10s_snr30dB,sub-01,triangular-ramp10s,30,8,24,0.2019093078758949,0.8988441824913025
lr_relerror_tpe_pareto,sub-01_FDSI_triangular-ramp10s_snr30dB,sub-01,triangular-ramp10s,30,9,31,0.4619047619047619,0.9178547859191896
lr_relerror_tpe_pareto,sub-01_FDSI_triangular-ramp10s_snr30dB,sub-01,triangular-ramp10s,30,10,36,0.9900221729490022,0.9509763717651368
lr_relerror_tpe_pareto,sub-01_FDSI_triangular-ramp10s_snr30dB,sub-01,triangular-ramp10s,30,11,29,0.3486404833836858,0.9082736372947692
lr_relerror_tpe_pareto,sub-01_FDSI_triangular-ramp10s_snr30dB,sub-01,triangular-ramp10s,30,12,22,0.8303703703703704,0.8790950179100037
lr_relerror_tpe_pareto,sub-01_FDSI_triangular-ramp10s_snr25dB,sub-01,triangular-ramp10s,25,0,34,0.9068384539147673,0.8999249935150146
lr_relerror_tpe_pareto,sub-01_FDSI_triangular-ramp10s_snr25dB,sub-01,triangular-ramp10s,25,1,28,0.9966386554621848,0.9818996787071228
lr_relerror_tpe_pareto,sub-01_FDSI_triangular-ramp10s_snr25dB,sub-01,triangular-ramp10s,25,2,38,0.9266826923076924,0.8899432420730591
lr_relerror_tpe_pareto,sub-01_FDSI_triangular-ramp10s_snr25dB,sub-01,triangular-ramp10s,25,3,36,0.8891352549889135,0.9006102681159973
lr_relerror_tpe_pareto,sub-01_FDSI_triangular-ramp10s_snr25dB,sub-01,triangular-ramp10s,25,4,32,0.9637546468401488,0.9196430444717408
lr_relerror_tpe_pareto,sub-01_FDSI_triangular-ramp10s_snr25dB,sub-01,triangular-ramp10s,25,5,30,0.1532677848467322,0.8924069404602051
lr_relerror_tpe_pareto,sub-01_FDSI_triangular-ramp10s_snr25dB,sub-01,triangular-ramp10s,25,6,35,0.5173267326732673,0.878637433052063
lr_relerror_tpe_pareto,sub-01_FDSI_triangular-ramp10s_snr25dB,sub-01,triangular-ramp10s,25,7,33,0.0726607422895974,0.8857226371765137
lr_relerror_tpe_pareto,sub-01_FDSI_triangular-ramp10s_snr25dB,sub-01,triangular-ramp10s,25,8,31,0.4289617486338797,0.8970597982406616
lr_relerror_tpe_pareto,sub-01_FDSI_triangular-ramp10s_snr25dB,sub-01,triangular-ramp10s,25,9,37,0.0713822193380921,0.8597655892372131
lr_relerror_tpe_pareto,sub-01_FDSI_triangular-ramp10s_snr25dB,sub-01,triangular-ramp10s,25,10,24,0.2708333333333333,0.8710219860076904
lr_relerror_tpe_pareto,sub-01_FDSI_triangular-ramp10s_snr20dB,sub-01,triangular-ramp10s,20,0,34,0.1354497354497354,0.9101582169532776
lr_relerror_tpe_pareto,sub-01_FDSI_triangular-ramp10s_snr20dB,sub-01,triangular-ramp10s,20,1,30,0.206721623335447,0.8587892651557922
lr_relerror_tpe_pareto,sub-01_FDSI_triangular-ramp10s_snr20dB,sub-01,triangular-ramp10s,20,2,28,0.9966386554621848,0.96867573261261
lr_relerror_tpe_pareto,sub-01_FDSI_triangular-ramp10s_snr20dB,sub-01,triangular-ramp10s,20,3,36,0.0668508287292817,0.9532378315925598
lr_relerror_tpe_pareto,sub-01_FDSI_triangular-ramp10s_snr20dB,sub-01,triangular-ramp10s,20,4,32,0.6734854445318647,0.9065197706222534
lr_relerror_tpe_pareto,sub-01_FDSI_triangular-ramp10s_snr20dB,sub-01,triangular-ramp10s,20,5,38,0.5780487804878048,0.9118384122848512
lr_relerror_tpe_pareto,sub-01_FDSI_triangular-ramp10s_snr20dB,sub-01,triangular-ramp10s,20,6,35,0.4286865431103948,0.8302435278892517
lr_relerror_tpe_pareto,sub-01_FDSI_triangular-ramp10s_snr20dB,sub-01,triangular-ramp10s,20,7,37,0.1276935355147645,0.8659977316856384
lr_relerror_tpe_pareto,sub-01_FDSI_triangular-ramp10s_snr15dB,sub-01,triangular-ramp10s,15,0,28,0.9966386554621848,0.9789887070655824
lr_relerror_tpe_pareto,sub-01_FDSI_triangular-ramp10s_snr15dB,sub-01,triangular-ramp10s,15,1,36,0.059967585089141,0.9510893821716307
lr_relerror_tpe_pareto,sub-01_FDSI_triangular-ramp10s_snr15dB,sub-01,triangular-ramp10s,15,2,38,0.5254041570438799,0.8576449155807495
lr_relerror_tpe_pareto,sub-01_FDSI_triangular-ramp10s_snr15dB,sub-01,triangular-ramp10s,15,3,34,0.0847176079734219,0.9049700498580932
lr_relerror_tpe_pareto,sub-01_FDSI_triangular-ramp5s_snr30dB,sub-01,triangular-ramp5s,30,0,32,0.2109275730622617,0.9047012329101562
lr_relerror_tpe_pareto,sub-01_FDSI_triangular-ramp5s_snr30dB,sub-01,triangular-ramp5s,30,1,36,0.9955947136563876,0.9558609127998352
lr_relerror_tpe_pareto,sub-01_FDSI_triangular-ramp5s_snr30dB,sub-01,triangular-ramp5s,30,2,28,0.9957983193277312,0.9823818802833556
lr_relerror_tpe_pareto,sub-01_FDSI_triangular-ramp5s_snr30dB,sub-01,triangular-ramp5s,30,3,30,0.3933376040999359,0.9088643193244934
lr_relerror_tpe_pareto,sub-01_FDSI_triangular-ramp5s_snr30dB,sub-01,triangular-ramp5s,30,4,38,0.9617283950617284,0.9294098615646362
lr_relerror_tpe_pareto,sub-01_FDSI_triangular-ramp5s_snr30dB,sub-01,triangular-ramp5s,30,5,35,0.2132784958871915,0.8986939191818237
lr_relerror_tpe_pareto,sub-01_FDSI_triangular-ramp5s_snr30dB,sub-01,triangular-ramp5s,30,6,34,0.9453993933265924,0.918009638786316
lr_relerror_tpe_pareto,sub-01_FDSI_triangular-ramp5s_snr30dB,sub-01,triangular-ramp5s,30,7,31,0.4670292318150917,0.8950207829475403
lr_relerror_tpe_pareto,sub-01_FDSI_triangular-ramp5s_snr30dB,sub-01,triangular-ramp5s,30,8,33,0.203972088030059,0.8959093689918518
lr_relerror_tpe_pareto,sub-01_FDSI_triangular-ramp5s_snr30dB,sub-01,triangular-ramp5s,30,9,37,0.7468208092485549,0.914648175239563
lr_relerror_tpe_pareto,sub-01_FDSI_triangular-ramp5s_snr30dB,sub-01,triangular-ramp5s,30,10,24,0.8211256746337703,0.916719913482666
lr_relerror_tpe_pareto,sub-01_FDSI_triangular-ramp5s_snr30dB,sub-01,triangular-ramp5s,30,11,22,0.7375,0.8832939863204956
lr_relerror_tpe_pareto,sub-01_FDSI_triangular-ramp5s_snr30dB,sub-01,triangular-ramp5s,30,12,29,0.3878711307643714,0.8974798321723938
lr_relerror_tpe_pareto,sub-01_FDSI_triangular-ramp5s_snr30dB,sub-01,triangular-ramp5s,30,13,27,0.1415646620542842,0.8740900754928589
lr_relerror_tpe_pareto,sub-01_FDSI_triangular-ramp5s_snr25dB,sub-01,triangular-ramp5s,25,0,36,0.9834801762114538,0.9438844323158264
lr_relerror_tpe_pareto,sub-01_FDSI_triangular-ramp5s_snr25dB,sub-01,triangular-ramp5s,25,1,32,0.8022492970946579,0.9328312873840332
lr_relerror_tpe_pareto,sub-01_FDSI_triangular-ramp5s_snr25dB,sub-01,triangular-ramp5s,25,2,28,0.9957983193277312,0.988569438457489
lr_relerror_tpe_pareto,sub-01_FDSI_triangular-ramp5s_snr25dB,sub-01,triangular-ramp5s,25,3,30,0.2927553444180522,0.8827300667762756
lr_relerror_tpe_pareto,sub-01_FDSI_triangular-ramp5s_snr25dB,sub-01,triangular-ramp5s,25,4,38,0.8041871921182266,0.9110152125358582
lr_relerror_tpe_pareto,sub-01_FDSI_triangular-ramp5s_snr25dB,sub-01,triangular-ramp5s,25,5,37,0.0891445003594536,0.8570660352706909
lr_relerror_tpe_pareto,sub-01_FDSI_triangular-ramp5s_snr25dB,sub-01,triangular-ramp5s,25,6,35,0.1067907995618838,0.9205490350723268
lr_relerror_tpe_pareto,sub-01_FDSI_triangular-ramp5s_snr25dB,sub-01,triangular-ramp5s,25,7,24,0.104524886877828,0.9195074439048768
lr_relerror_tpe_pareto,sub-01_FDSI_triangular-ramp5s_snr25dB,sub-01,triangular-ramp5s,25,8,34,0.2436548223350254,0.9159971475601196
lr_relerror_tpe_pareto,sub-01_FDSI_triangular-ramp5s_snr25dB,sub-01,triangular-ramp5s,25,9,33,0.3516949152542373,0.8428233861923218
lr_relerror_tpe_pareto,sub-01_FDSI_triangular-ramp5s_snr20dB,sub-01,triangular-ramp5s,20,0,32,0.6567901234567901,0.9070727825164796
lr_relerror_tpe_pareto,sub-01_FDSI_triangular-ramp5s_snr20dB,sub-01,triangular-ramp5s,20,1,28,0.9957983193277312,0.9852975010871888
lr_relerror_tpe_pareto,sub-01_FDSI_triangular-ramp5s_snr20dB,sub-01,triangular-ramp5s,20,2,38,0.8816276202219482,0.9122158288955688
lr_relerror_tpe_pareto,sub-01_FDSI_triangular-ramp5s_snr20dB,sub-01,triangular-ramp5s,20,3,36,0.5583700440528634,0.919866979122162
lr_relerror_tpe_pareto,sub-01_FDSI_triangular-ramp5s_snr20dB,sub-01,triangular-ramp5s,20,4,37,0.0601398601398601,0.8654210567474365
lr_relerror_tpe_pareto,sub-01_FDSI_triangular-ramp5s_snr20dB,sub-01,triangular-ramp5s,20,5,34,0.0710685483870967,0.9433334469795228
lr_relerror_tpe_pareto,sub-01_FDSI_triangular-ramp5s_snr15dB,sub-01,triangular-ramp5s,15,0,32,0.7372262773722628,0.8849698305130005
lr_relerror_tpe_pareto,sub-01_FDSI_triangular-ramp5s_snr15dB,sub-01,triangular-ramp5s,15,1,28,0.9957983193277312,0.982431173324585
lr_relerror_tpe_pareto,sub-01_FDSI_triangular-ramp5s_snr15dB,sub-01,triangular-ramp5s,15,2,38,0.6189889025893958,0.9226309657096864
lr_relerror_tpe_pareto,sub-01_FDSI_triangular-ramp5s_snr15dB,sub-01,triangular-ramp5s,15,3,36,0.5737704918032787,0.8967839479446411
lr_relerror_tpe_pareto,sub-02_FDSI_staircase_snr30dB,sub-02,staircase,30,0,30,0.99275887038378,0.9722387790679932
lr_relerror_tpe_pareto,sub-02_FDSI_staircase_snr30dB,sub-02,staircase,30,1,33,0.2600451467268623,0.8244190812110901
lr_relerror_tpe_pareto,sub-02_FDSI_staircase_snr30dB,sub-02,staircase,30,2,21,0.9933665008291874,0.971016526222229
lr_relerror_tpe_pareto,sub-02_FDSI_staircase_snr30dB,sub-02,staircase,30,3,31,0.5628647214854111,0.8949661254882812
lr_relerror_tpe_pareto,sub-02_FDSI_staircase_snr30dB,sub-02,staircase,30,4,26,0.6943521594684385,0.881515383720398
lr_relerror_tpe_pareto,sub-02_FDSI_staircase_snr30dB,sub-02,staircase,30,5,25,0.9758162031438936,0.9393908977508544
lr_relerror_tpe_pareto,sub-02_FDSI_staircase_snr30dB,sub-02,staircase,30,6,16,0.71875,0.8938827514648438
lr_relerror_tpe_pareto,sub-02_FDSI_staircase_snr30dB,sub-02,staircase,30,7,27,0.9845659163987138,0.9473279714584352
lr_relerror_tpe_pareto,sub-02_FDSI_staircase_snr30dB,sub-02,staircase,30,8,28,0.3066821166473542,0.8726890683174133
lr_relerror_tpe_pareto,sub-02_FDSI_staircase_snr30dB,sub-02,staircase,30,9,24,0.9904761904761904,0.9560465216636658
lr_relerror_tpe_pareto,sub-02_FDSI_staircase_snr30dB,sub-02,staircase,30,10,32,0.9920760697305864,0.9553649425506592
lr_relerror_tpe_pareto,sub-02_FDSI_staircase_snr30dB,sub-02,staircase,30,11,20,0.9831338411316648,0.9419046640396118
lr_relerror_tpe_pareto,sub-02_FDSI_staircase_snr30dB,sub-02,staircase,30,12,29,0.6533180778032036,0.9001639485359192
lr_relerror_tpe_pareto,sub-02_FDSI_staircase_snr30dB,sub-02,staircase,30,13,19,0.6186046511627907,0.8490250706672668
lr_relerror_tpe_pareto,sub-02_FDSI_staircase_snr30dB,sub-02,staircase,30,14,22,0.2992355296687295,0.9071337580680848
lr_relerror_tpe_pareto,sub-02_FDSI_staircase_snr30dB,sub-02,staircase,30,15,23,0.8753432180120813,0.8835694193840027
lr_relerror_tpe_pareto,sub-02_FDSI_staircase_snr30dB,sub-02,staircase,30,16,14,0.4416361822414366,0.8894747495651245
lr_relerror_tpe_pareto,sub-02_FDSI_staircase_snr25dB,sub-02,staircase,25,0,30,0.991310644460536,0.963618278503418
lr_relerror_tpe_pareto,sub-02_FDSI_staircase_snr25dB,sub-02,staircase,25,1,21,0.990623276337562,0.9616777896881104
lr_relerror_tpe_pareto,sub-02_FDSI_staircase_snr25dB,sub-02,staircase,25,2,26,0.3833878887070376,0.8340352177619934
lr_relerror_tpe_pareto,sub-02_FDSI_staircase_snr25dB,sub-02,staircase,25,3,25,0.9486714975845412,0.9179159998893738
lr_relerror_tpe_pareto,sub-02_FDSI_staircase_snr25dB,sub-02,staircase,25,4,27,0.9678456591639872,0.933151364326477
lr_relerror_tpe_pareto,sub-02_FDSI_staircase_snr25dB,sub-02,staircase,25,5,24,0.942296252230815,0.9259225130081176
lr_relerror_tpe_pareto,sub-02_FDSI_staircase_snr25dB,sub-02,staircase,25,6,33,0.9638047138047138,0.9270074367523192
lr_relerror_tpe_pareto,sub-02_FDSI_staircase_snr25dB,sub-02,staircase,25,7,28,0.1722604124545086,0.8773473501205444
lr_relerror_tpe_pareto,sub-02_FDSI_staircase_snr25dB,sub-02,staircase,25,8,20,0.9526916802610114,0.9317920207977296
lr_relerror_tpe_pareto,sub-02_FDSI_staircase_snr25dB,sub-02,staircase,25,9,19,0.3953391593841032,0.838179349899292
lr_relerror_tpe_pareto,sub-02_FDSI_staircase_snr20dB,sub-02,staircase,20,0,30,0.9869659666908036,0.955140233039856
lr_relerror_tpe_pareto,sub-02_FDSI_staircase_snr20dB,sub-02,staircase,20,1,21,0.7595454545454545,0.9253363609313964
lr_relerror_tpe_pareto,sub-02_FDSI_staircase_snr20dB,sub-02,staircase,20,2,25,0.847457627118644,0.8803081512451172
lr_relerror_tpe_pareto,sub-02_FDSI_staircase_snr20dB,sub-02,staircase,20,3,27,0.3487068965517241,0.8367668986320496
lr_relerror_tpe_pareto,sub-02_FDSI_staircase_snr20dB,sub-02,staircase,20,4,24,0.6816816816816816,0.9103317856788636
lr_relerror_tpe_pareto,sub-02_FDSI_staircase_snr20dB,sub-02,staircase,20,5,32,0.7990591397849462,0.8938664793968201
lr_relerror_tpe_pareto,sub-02_FDSI_staircase_snr15dB,sub-02,staircase,15,0,30,0.9768451519536904,0.9337201118469238
lr_relerror_tpe_pareto,sub-02_FDSI_staircase_snr15dB,sub-02,staircase,15,1,24,0.5773993808049536,0.8992297649383545
lr_relerror_tpe_pareto,sub-02_FDSI_staircase_snr15dB,sub-02,staircase,15,2,21,0.9036697247706422,0.9263272881507874
lr_relerror_tpe_pareto,sub-02_FDSI_triangular-ramp40s_snr30dB,sub-02,triangular-ramp40s,30,0,20,0.983433734939759,0.947713315486908
lr_relerror_tpe_pareto,sub-02_FDSI_triangular-ramp40s_snr30dB,sub-02,triangular-ramp40s,30,1,30,0.991991991991992,0.9543216824531556
lr_relerror_tpe_pareto,sub-02_FDSI_triangular-ramp40s_snr30dB,sub-02,triangular-ramp40s,30,2,21,0.9969254419677172,0.973290205001831
lr_relerror_tpe_pareto,sub-02_FDSI_triangular-ramp40s_snr30dB,sub-02,triangular-ramp40s,30,3,24,0.994322789943228,0.9581629037857056
lr_relerror_tpe_pareto,sub-02_FDSI_triangular-ramp40s_snr30dB,sub-02,triangular-ramp40s,30,4,33,0.994110718492344,0.9399957060813904
lr_relerror_tpe_pareto,sub-02_FDSI_triangular-ramp40s_snr30dB,sub-02,triangular-ramp40s,30,5,32,0.984766050054407,0.9479026198387146
lr_relerror_tpe_pareto,sub-02_FDSI_triangular-ramp40s_snr30dB,sub-02,triangular-ramp40s,30,6,25,0.9567430025445292,0.9344819784164428
lr_relerror_tpe_pareto,sub-02_FDSI_triangular-ramp40s_snr30dB,sub-02,triangular-ramp40s,30,7,22,0.343798250128667,0.8980616331100464
lr_relerror_tpe_pareto,sub-02_FDSI_triangular-ramp40s_snr30dB,sub-02,triangular-ramp40s,30,8,27,0.9802158273381296,0.9397753477096558
lr_relerror_tpe_pareto,sub-02_FDSI_triangular-ramp40s_snr30dB,sub-02,triangular-ramp40s,30,9,19,0.192056583242655,0.8599069118499756
lr_relerror_tpe_pareto,sub-02_FDSI_triangular-ramp40s_snr30dB,sub-02,triangular-ramp40s,30,10,28,0.1846726982437466,0.890256941318512
lr_relerror_tpe_pareto,sub-02_FDSI_triangular-ramp40s_snr30dB,sub-02,triangular-ramp40s,30,11,29,0.6349453978159126,0.8937508463859558
lr_relerror_tpe_pareto,sub-02_FDSI_triangular-ramp40s_snr30dB,sub-02,triangular-ramp40s,30,12,26,0.4102413184226015,0.8363779783248901
lr_relerror_tpe_pareto,sub-02_FDSI_triangular-ramp40s_snr30dB,sub-02,triangular-ramp40s,30,13,23,0.8409260642270351,0.8889390230178833
lr_relerror_tpe_pareto,sub-02_FDSI_triangular-ramp40s_snr30dB,sub-02,triangular-ramp40s,30,14,16,0.9460028050490884,0.919336199760437
lr_relerror_tpe_pareto,sub-02_FDSI_triangular-ramp40s_snr30dB,sub-02,triangular-ramp40s,30,15,31,0.5807453416149069,0.8540789484977722
lr_relerror_tpe_pareto,sub-02_FDSI_triangular-ramp40s_snr25dB,sub-02,triangular-ramp40s,25,0,20,0.9586466165413534,0.9274590611457824
lr_relerror_tpe_pareto,sub-02_FDSI_triangular-ramp40s_snr25dB,sub-02,triangular-ramp40s,25,1,24,0.9805510534846028,0.9440548419952391
lr_relerror_tpe_pareto,sub-02_FDSI_triangular-ramp40s_snr25dB,sub-02,triangular-ramp40s,25,2,25,0.9125315391084944,0.9018057584762572
lr_relerror_tpe_pareto,sub-02_FDSI_triangular-ramp40s_snr25dB,sub-02,triangular-ramp40s,25,3,21,0.9915449654112222,0.961732804775238
lr_relerror_tpe_pareto,sub-02_FDSI_triangular-ramp40s_snr25dB,sub-02,triangular-ramp40s,25,4,30,0.987987987987988,0.95624041557312
lr_relerror_tpe_pareto,sub-02_FDSI_triangular-ramp40s_snr25dB,sub-02,triangular-ramp40s,25,5,27,0.9435483870967742,0.9233856797218324
lr_relerror_tpe_pareto,sub-02_FDSI_triangular-ramp40s_snr25dB,sub-02,triangular-ramp40s,25,6,26,0.3953616786305908,0.8337981700897217
lr_relerror_tpe_pareto,sub-02_FDSI_triangular-ramp40s_snr25dB,sub-02,triangular-ramp40s,25,7,32,0.9535637149028078,0.9276947975158693
lr_relerror_tpe_pareto,sub-02_FDSI_triangular-ramp40s_snr25dB,sub-02,triangular-ramp40s,25,8,33,0.919392523364486,0.8967899084091187
lr_relerror_tpe_pareto,sub-02_FDSI_triangular-ramp40s_snr25dB,sub-02,triangular-ramp40s,25,9,19,0.1496488384656942,0.8213744759559631
lr_relerror_tpe_pareto,sub-02_FDSI_triangular-ramp40s_snr25dB,sub-02,triangular-ramp40s,25,10,28,0.221012520413718,0.8776921629905701
lr_relerror_tpe_pareto,sub-02_FDSI_triangular-ramp40s_snr25dB,sub-02,triangular-ramp40s,25,11,22,0.2862208713272543,0.884099543094635
lr_relerror_tpe_pareto,sub-02_FDSI_triangular-ramp40s_snr20dB,sub-02,triangular-ramp40s,20,0,21,0.9847094801223242,0.9459463953971864
lr_relerror_tpe_pareto,sub-02_FDSI_triangular-ramp40s_snr20dB,sub-02,triangular-ramp40s,20,1,30,0.977977977977978,0.9486168026924132
lr_relerror_tpe_pareto,sub-02_FDSI_triangular-ramp40s_snr20dB,sub-02,triangular-ramp40s,20,2,24,0.7300995024875622,0.9102854132652284
lr_relerror_tpe_pareto,sub-02_FDSI_triangular-ramp40s_snr20dB,sub-02,triangular-ramp40s,20,3,27,0.3837939698492462,0.837774932384491
lr_relerror_tpe_pareto,sub-02_FDSI_triangular-ramp40s_snr20dB,sub-02,triangular-ramp40s,20,4,33,0.2957957957957958,0.8579740524291992
lr_relerror_tpe_pareto,sub-02_FDSI_triangular-ramp40s_snr15dB,sub-02,triangular-ramp40s,15,0,24,0.6047278724573941,0.9064573645591736
lr_relerror_tpe_pareto,sub-02_FDSI_triangular-ramp40s_snr15dB,sub-02,triangular-ramp40s,15,1,30,0.9610778443113772,0.9260590076446532
lr_relerror_tpe_pareto,sub-02_FDSI_triangular-ramp20s_snr30dB,sub-02,triangular-ramp20s,30,0,19,0.3136288998357964,0.8714597821235657
lr_relerror_tpe_pareto,sub-02_FDSI_triangular-ramp20s_snr30dB,sub-02,triangular-ramp20s,30,1,24,0.8569395017793594,0.9500683546066284
lr_relerror_tpe_pareto,sub-02_FDSI_triangular-ramp20s_snr30dB,sub-02,triangular-ramp20s,30,2,30,0.9870517928286852,0.9465878009796144
lr_relerror_tpe_pareto,sub-02_FDSI_triangular-ramp20s_snr30dB,sub-02,triangular-ramp20s,30,3,27,0.9802867383512543,0.9338959455490112
lr_relerror_tpe_pareto,sub-02_FDSI_triangular-ramp20s_snr30dB,sub-02,triangular-ramp20s,30,4,33,0.9813084112149532,0.9181309342384338
lr_relerror_tpe_pareto,sub-02_FDSI_triangular-ramp20s_snr30dB,sub-02,triangular-ramp20s,30,5,25,0.9637742207245156,0.9169068336486816
lr_relerror_tpe_pareto,sub-02_FDSI_triangular-ramp20s_snr30dB,sub-02,triangular-ramp20s,30,6,21,0.989976869699306,0.9543115496635436
lr_relerror_tpe_pareto,sub-02_FDSI_triangular-ramp20s_snr30dB,sub-02,triangular-ramp20s,30,7,20,0.972972972972973,0.9375102519989014
lr_relerror_tpe_pareto,sub-02_FDSI_triangular-ramp20s_snr30dB,sub-02,triangular-ramp20s,30,8,22,0.3838992332968237,0.919577181339264
lr_relerror_tpe_pareto,sub-02_FDSI_triangular-ramp20s_snr30dB,sub-02,triangular-ramp20s,30,9,14,0.2195436934997847,0.8711735606193542
lr_relerror_tpe_pareto,sub-02_FDSI_triangular-ramp20s_snr30dB,sub-02,triangular-ramp20s,30,10,32,0.9847161572052402,0.9456285238265992
lr_relerror_tpe_pareto,sub-02_FDSI_triangular-ramp20s_snr30dB,sub-02,triangular-ramp20s,30,11,29,0.4200140944326991,0.8514474034309387
lr_relerror_tpe_pareto,sub-02_FDSI_triangular-ramp20s_snr30dB,sub-02,triangular-ramp20s,30,12,16,0.9637526652452024,0.927428126335144
lr_relerror_tpe_pareto,sub-02_FDSI_triangular-ramp20s_snr30dB,sub-02,triangular-ramp20s,30,13,31,0.5676691729323309,0.8655579686164856
lr_relerror_tpe_pareto,sub-02_FDSI_triangular-ramp20s_snr30dB,sub-02,triangular-ramp20s,30,14,28,0.8163606010016694,0.8941569328308105
lr_relerror_tpe_pareto,sub-02_FDSI_triangular-ramp20s_snr30dB,sub-02,triangular-ramp20s,30,15,23,0.8302583025830258,0.8854184746742249
lr_relerror_tpe_pareto,sub-02_FDSI_triangular-ramp20s_snr30dB,sub-02,triangular-ramp20s,30,16,26,0.4137720901889092,0.8539252877235413
lr_relerror_tpe_pareto,sub-02_FDSI_triangular-ramp20s_snr25dB,sub-02,triangular-ramp20s,25,0,24,0.8484419263456091,0.9434401392936708
lr_relerror_tpe_pareto,sub-02_FDSI_triangular-ramp20s_snr25dB,sub-02,triangular-ramp20s,25,1,19,0.2225305216426193,0.8450613021850586
lr_relerror_tpe_pareto,sub-02_FDSI_triangular-ramp20s_snr25dB,sub-02,triangular-ramp20s,25,2,30,0.9681908548707754,0.9362981915473938
lr_relerror_tpe_pareto,sub-02_FDSI_triangular-ramp20s_snr25dB,sub-02,triangular-ramp20s,25,3,25,0.7943089430894309,0.8600218892097473
lr_relerror_tpe_pareto,sub-02_FDSI_triangular-ramp20s_snr25dB,sub-02,triangular-ramp20s,25,4,21,0.9853508095605242,0.9399741291999816
lr_relerror_tpe_pareto,sub-02_FDSI_triangular-ramp20s_snr25dB,sub-02,triangular-ramp20s,25,5,20,0.9273952095808384,0.9106140732765198
lr_relerror_tpe_pareto,sub-02_FDSI_triangular-ramp20s_snr25dB,sub-02,triangular-ramp20s,25,6,32,0.9664138678223184,0.9254286289215088
lr_relerror_tpe_pareto,sub-02_FDSI_triangular-ramp20s_snr25dB,sub-02,triangular-ramp20s,25,7,27,0.9364937388193202,0.909155249595642
lr_relerror_tpe_pareto,sub-02_FDSI_triangular-ramp20s_snr25dB,sub-02,triangular-ramp20s,25,8,16,0.906960716747071,0.9000482559204102
lr_relerror_tpe_pareto,sub-02_FDSI_triangular-ramp20s_snr25dB,sub-02,triangular-ramp20s,25,9,33,0.1976573938506588,0.8179004788398743
lr_relerror_tpe_pareto,sub-02_FDSI_triangular-ramp20s_snr20dB,sub-02,triangular-ramp20s,20,0,24,0.7997293640054127,0.9302272200584412
lr_relerror_tpe_pareto,sub-02_FDSI_triangular-ramp20s_snr20dB,sub-02,triangular-ramp20s,20,1,30,0.732421875,0.8548448085784912
lr_relerror_tpe_pareto,sub-02_FDSI_triangular-ramp20s_snr20dB,sub-02,triangular-ramp20s,20,2,21,0.9762452107279692,0.944057285785675
lr_relerror_tpe_pareto,sub-02_FDSI_triangular-ramp20s_snr15dB,sub-02,triangular-ramp20s,15,0,24,0.6408934707903781,0.9068213701248168
lr_relerror_tpe_pareto,sub-02_FDSI_triangular-ramp20s_snr15dB,sub-02,triangular-ramp20s,15,1,30,0.9554455445544554,0.9146873950958252
lr_relerror_tpe_pareto,sub-02_FDSI_triangular-ramp20s_snr15dB,sub-02,triangular-ramp20s,15,2,21,0.4044154540893126,0.8934115767478943
lr_relerror_tpe_pareto,sub-02_FDSI_triangular-ramp10s_snr30dB,sub-02,triangular-ramp10s,30,0,27,0.9063604240282686,0.9169644713401794
lr_relerror_tpe_pareto,sub-02_FDSI_triangular-ramp10s_snr30dB,sub-02,triangular-ramp10s,30,1,24,0.9638752052545156,0.9250515699386596
lr_relerror_tpe_pareto,sub-02_FDSI_triangular-ramp10s_snr30dB,sub-02,triangular-ramp10s,30,2,30,0.9890981169474728,0.9553534388542176
lr_relerror_tpe_pareto,sub-02_FDSI_triangular-ramp10s_snr30dB,sub-02,triangular-ramp10s,30,3,21,0.9930394431554525,0.9547893404960632
lr_relerror_tpe_pareto,sub-02_FDSI_triangular-ramp10s_snr30dB,sub-02,triangular-ramp10s,30,4,33,0.9152148664343788,0.9096254110336304
lr_relerror_tpe_pareto,sub-02_FDSI_triangular-ramp10s_snr30dB,sub-02,triangular-ramp10s,30,5,20,0.9711246200607904,0.9241970181465148
lr_relerror_tpe_pareto,sub-02_FDSI_triangular-ramp10s_snr30dB,sub-02,triangular-ramp10s,30,6,32,0.9682017543859648,0.9216790199279784
lr_relerror_tpe_pareto,sub-02_FDSI_triangular-ramp10s_snr30dB,sub-02,triangular-ramp10s,30,7,26,0.3109292811221508,0.822986364364624
lr_relerror_tpe_pareto,sub-02_FDSI_triangular-ramp10s_snr30dB,sub-02,triangular-ramp10s,30,8,22,0.176183504148365,0.9025999903678894
lr_relerror_tpe_pareto,sub-02_FDSI_triangular-ramp10s_snr30dB,sub-02,triangular-ramp10s,30,9,25,0.8685326547921968,0.898145318031311
lr_relerror_tpe_pareto,sub-02_FDSI_triangular-ramp10s_snr30dB,sub-02,triangular-ramp10s,30,10,16,0.9578651685393258,0.91981840133667
lr_relerror_tpe_pareto,sub-02_FDSI_triangular-ramp10s_snr30dB,sub-02,triangular-ramp10s,30,11,14,0.5391211146838156,0.8702470064163208
lr_relerror_tpe_pareto,sub-02_FDSI_triangular-ramp10s_snr30dB,sub-02,triangular-ramp10s,30,12,19,0.2638492290119931,0.8503404259681702
lr_relerror_tpe_pareto,sub-02_FDSI_triangular-ramp10s_snr30dB,sub-02,triangular-ramp10s,30,13,23,0.8377558756633814,0.8858280181884766
lr_relerror_tpe_pareto,sub-02_FDSI_triangular-ramp10s_snr30dB,sub-02,triangular-ramp10s,30,14,31,0.5813084112149532,0.8452378511428833
lr_relerror_tpe_pareto,sub-02_FDSI_triangular-ramp10s_snr30dB,sub-02,triangular-ramp10s,30,15,29,0.1353427895981087,0.8545833826065063
lr_relerror_tpe_pareto,sub-02_FDSI_triangular-ramp10s_snr30dB,sub-02,triangular-ramp10s,30,16,28,0.517664023071377,0.8898754715919495
lr_relerror_tpe_pareto,sub-02_FDSI_triangular-ramp10s_snr25dB,sub-02,triangular-ramp10s,25,0,27,0.6856392294220666,0.8779337406158447
lr_relerror_tpe_pareto,sub-02_FDSI_triangular-ramp10s_snr25dB,sub-02,triangular-ramp10s,25,1,30,0.9792079207920792,0.937938928604126
lr_relerror_tpe_pareto,sub-02_FDSI_triangular-ramp10s_snr25dB,sub-02,triangular-ramp10s,25,2,24,0.7357774968394437,0.9096282720565796
lr_relerror_tpe_pareto,sub-02_FDSI_triangular-ramp10s_snr25dB,sub-02,triangular-ramp10s,25,3,33,0.881336405529954,0.8826737999916077
lr_relerror_tpe_pareto,sub-02_FDSI_triangular-ramp10s_snr25dB,sub-02,triangular-ramp10s,25,4,20,0.9067475360121304,0.903574764728546
lr_relerror_tpe_pareto,sub-02_FDSI_triangular-ramp10s_snr25dB,sub-02,triangular-ramp10s,25,5,21,0.9837962962962964,0.9488192200660706
lr_relerror_tpe_pareto,sub-02_FDSI_triangular-ramp10s_snr25dB,sub-02,triangular-ramp10s,25,6,25,0.1641541038525963,0.732840359210968
lr_relerror_tpe_pareto,sub-02_FDSI_triangular-ramp10s_snr25dB,sub-02,triangular-ramp10s,25,7,29,0.1093366093366093,0.7960227131843567
lr_relerror_tpe_pareto,sub-02_FDSI_triangular-ramp10s_snr25dB,sub-02,triangular-ramp10s,25,8,32,0.9455128205128204,0.922075629234314
lr_relerror_tpe_pareto,sub-02_FDSI_triangular-ramp10s_snr25dB,sub-02,triangular-ramp10s,25,9,19,0.2753291356611334,0.8439198136329651
lr_relerror_tpe_pareto,sub-02_FDSI_triangular-ramp10s_snr25dB,sub-02,triangular-ramp10s,25,10,16,0.9033379694019472,0.8970137238502502
lr_relerror_tpe_pareto,sub-02_FDSI_triangular-ramp10s_snr20dB,sub-02,triangular-ramp10s,20,0,30,0.9565217391304348,0.9248706102371216
lr_relerror_tpe_pareto,sub-02_FDSI_triangular-ramp10s_snr20dB,sub-02,triangular-ramp10s,20,1,27,0.2204620462046204,0.7671664357185364
lr_relerror_tpe_pareto,sub-02_FDSI_triangular-ramp10s_snr20dB,sub-02,triangular-ramp10s,20,2,20,0.7535687453042825,0.8604908585548401
lr_relerror_tpe_pareto,sub-02_FDSI_triangular-ramp10s_snr20dB,sub-02,triangular-ramp10s,20,3,24,0.6342028985507246,0.9118682146072388
lr_relerror_tpe_pareto,sub-02_FDSI_triangular-ramp10s_snr20dB,sub-02,triangular-ramp10s,20,4,21,0.9577248270561108,0.930215299129486
lr_relerror_tpe_pareto,sub-02_FDSI_triangular-ramp10s_snr20dB,sub-02,triangular-ramp10s,20,5,32,0.8697863682604272,0.8919564485549927
lr_relerror_tpe_pareto,sub-02_FDSI_triangular-ramp10s_snr15dB,sub-02,triangular-ramp10s,15,0,21,0.560486001056524,0.9096502661705016
lr_relerror_tpe_pareto,sub-02_FDSI_triangular-ramp10s_snr15dB,sub-02,triangular-ramp10s,15,1,24,0.6319237641453246,0.8876796960830688
lr_relerror_tpe_pareto,sub-02_FDSI_triangular-ramp10s_snr15dB,sub-02,triangular-ramp10s,15,2,30,0.6108986615678776,0.8640701174736023
lr_relerror_tpe_pareto,sub-02_FDSI_triangular-ramp5s_snr30dB,sub-02,triangular-ramp5s,30,0,25,0.6947723440134908,0.9112805128097534
lr_relerror_tpe_pareto,sub-02_FDSI_triangular-ramp5s_snr30dB,sub-02,triangular-ramp5s,30,1,24,0.968573730862208,0.9480122923851012
lr_relerror_tpe_pareto,sub-02_FDSI_triangular-ramp5s_snr30dB,sub-02,triangular-ramp5s,30,2,22,0.2520721599219893,0.9021550416946412
lr_relerror_tpe_pareto,sub-02_FDSI_triangular-ramp5s_snr30dB,sub-02,triangular-ramp5s,30,3,33,0.8502923976608188,0.9255771636962892
lr_relerror_tpe_pareto,sub-02_FDSI_triangular-ramp5s_snr30dB,sub-02,triangular-ramp5s,30,4,21,0.9891975308641976,0.9517663717269896
lr_relerror_tpe_pareto,sub-02_FDSI_triangular-ramp5s_snr30dB,sub-02,triangular-ramp5s,30,5,32,0.977924944812362,0.9445537328720092
lr_relerror_tpe_pareto,sub-02_FDSI_triangular-ramp5s_snr30dB,sub-02,triangular-ramp5s,30,6,30,0.984984984984985,0.938875138759613
lr_relerror_tpe_pareto,sub-02_FDSI_triangular-ramp5s_snr30dB,sub-02,triangular-ramp5s,30,7,28,0.763302752293578,0.8899715542793274
lr_relerror_tpe_pareto,sub-02_FDSI_triangular-ramp5s_snr30dB,sub-02,triangular-ramp5s,30,8,15,0.5928770949720671,0.8902629017829895
lr_relerror_tpe_pareto,sub-02_FDSI_triangular-ramp5s_snr30dB,sub-02,triangular-ramp5s,30,9,27,0.6878354203935599,0.91078782081604
lr_relerror_tpe_pareto,sub-02_FDSI_triangular-ramp5s_snr30dB,sub-02,triangular-ramp5s,30,10,29,0.3664921465968586,0.869583785533905
lr_relerror_tpe_pareto,sub-02_FDSI_triangular-ramp5s_snr30dB,sub-02,triangular-ramp5s,30,11,20,0.931784107946027,0.925936996936798
lr_relerror_tpe_pareto,sub-02_FDSI_triangular-ramp5s_snr30dB,sub-02,triangular-ramp5s,30,12,16,0.943342776203966,0.9212918877601624
lr_relerror_tpe_pareto,sub-02_FDSI_triangular-ramp5s_snr30dB,sub-02,triangular-ramp5s,30,13,19,0.4396014943960149,0.8895552754402161
lr_relerror_tpe_pareto,sub-02_FDSI_triangular-ramp5s_snr30dB,sub-02,triangular-ramp5s,30,14,14,0.5906398104265402,0.8642348051071167
lr_relerror_tpe_pareto,sub-02_FDSI_triangular-ramp5s_snr30dB,sub-02,triangular-ramp5s,30,15,31,0.2126634549208534,0.8741980791091919
lr_relerror_tpe_pareto,sub-02_FDSI_triangular-ramp5s_snr30dB,sub-02,triangular-ramp5s,30,16,26,0.3840399002493765,0.8683176636695862
lr_relerror_tpe_pareto,sub-02_FDSI_triangular-ramp5s_snr30dB,sub-02,triangular-ramp5s,30,17,9,0.120627261761158,0.8984796404838562
lr_relerror_tpe_pareto,sub-02_FDSI_triangular-ramp5s_snr25dB,sub-02,triangular-ramp5s,25,0,25,0.6142857142857143,0.9037132859230042
lr_relerror_tpe_pareto,sub-02_FDSI_triangular-ramp5s_snr25dB,sub-02,triangular-ramp5s,25,1,24,0.796950796950797,0.9223869442939758
lr_relerror_tpe_pareto,sub-02_FDSI_triangular-ramp5s_snr25dB,sub-02,triangular-ramp5s,25,2,30,0.962,0.9257103204727172
lr_relerror_tpe_pareto,sub-02_FDSI_triangular-ramp5s_snr25dB,sub-02,triangular-ramp5s,25,3,21,0.9651250947687642,0.934715986251831
lr_relerror_tpe_pareto,sub-02_FDSI_triangular-ramp5s_snr25dB,sub-02,triangular-ramp5s,25,4,33,0.479020979020979,0.8760837912559509
lr_relerror_tpe_pareto,sub-02_FDSI_triangular-ramp5s_snr25dB,sub-02,triangular-ramp5s,25,5,32,0.945945945945946,0.9168120622634888
lr_relerror_tpe_pareto,sub-02_FDSI_triangular-ramp5s_snr25dB,sub-02,triangular-ramp5s,25,6,28,0.3889283179559971,0.8565797805786133
lr_relerror_tpe_pareto,sub-02_FDSI_triangular-ramp5s_snr25dB,sub-02,triangular-ramp5s,25,7,27,0.6717352415026834,0.903222680091858
lr_relerror_tpe_pareto,sub-02_FDSI_triangular-ramp5s_snr25dB,sub-02,triangular-ramp5s,25,8,29,0.1773002014775016,0.8322996497154236
lr_relerror_tpe_pareto,sub-02_FDSI_triangular-ramp5s_snr25dB,sub-02,triangular-ramp5s,25,9,20,0.8478260869565217,0.9100285172462464
lr_relerror_tpe_pareto,sub-02_FDSI_triangular-ramp5s_snr25dB,sub-02,triangular-ramp5s,25,10,26,0.2700892857142857,0.841449499130249
lr_relerror_tpe_pareto,sub-02_FDSI_triangular-ramp5s_snr25dB,sub-02,triangular-ramp5s,25,11,19,0.2406542056074766,0.8493495583534241
lr_relerror_tpe_pareto,sub-02_FDSI_triangular-ramp5s_snr20dB,sub-02,triangular-ramp5s,20,0,24,0.5878754171301446,0.904519498348236
lr_relerror_tpe_pareto,sub-02_FDSI_triangular-ramp5s_snr20dB,sub-02,triangular-ramp5s,20,1,21,0.9014492753623188,0.9192672967910768
lr_relerror_tpe_pareto,sub-02_FDSI_triangular-ramp5s_snr20dB,sub-02,triangular-ramp5s,20,2,30,0.863681592039801,0.9203776717185974
lr_relerror_tpe_pareto,sub-02_FDSI_triangular-ramp5s_snr20dB,sub-02,triangular-ramp5s,20,3,27,0.6041108132260947,0.8874721527099609
lr_relerror_tpe_pareto,sub-02_FDSI_triangular-ramp5s_snr20dB,sub-02,triangular-ramp5s,20,4,20,0.7008227374719521,0.8891356587409973
lr_relerror_tpe_pareto,sub-02_FDSI_triangular-ramp5s_snr15dB,sub-02,triangular-ramp5s,15,0,24,0.5550708833151581,0.9013800024986268
lr_relerror_tpe_pareto,sub-02_FDSI_triangular-ramp5s_snr15dB,sub-02,triangular-ramp5s,15,1,21,0.6894894894894895,0.8859749436378479
lr_relerror_tpe_pareto,sub-02_FDSI_triangular-ramp5s_snr15dB,sub-02,triangular-ramp5s,15,2,30,0.7773359840954275,0.9034676551818848
lr_relerror_tpe_pareto,sub-03_FDSI_staircase_snr30dB,sub-03,staircase,30,0,48,0.9611360239162928,0.92773699760437
lr_relerror_tpe_pareto,sub-03_FDSI_staircase_snr30dB,sub-03,staircase,30,1,52,0.9639718804920914,0.9430001378059388
lr_relerror_tpe_pareto,sub-03_FDSI_staircase_snr30dB,sub-03,staircase,30,2,49,0.9890539483971852,0.9548603892326356
lr_relerror_tpe_pareto,sub-03_FDSI_staircase_snr30dB,sub-03,staircase,30,3,51,0.99323753169907,0.969258427619934
lr_relerror_tpe_pareto,sub-03_FDSI_staircase_snr30dB,sub-03,staircase,30,4,44,0.992517006802721,0.956201195716858
lr_relerror_tpe_pareto,sub-03_FDSI_staircase_snr30dB,sub-03,staircase,30,5,46,0.99568655643422,0.9625068306922911
lr_relerror_tpe_pareto,sub-03_FDSI_staircase_snr30dB,sub-03,staircase,30,6,40,0.9987646695491044,0.9858858585357666
lr_relerror_tpe_pareto,sub-03_FDSI_staircase_snr30dB,sub-03,staircase,30,7,35,0.95313382269904,0.9236594438552856
lr_relerror_tpe_pareto,sub-03_FDSI_staircase_snr30dB,sub-03,staircase,30,8,50,0.9193154034229828,0.9152069687843324
lr_relerror_tpe_pareto,sub-03_FDSI_staircase_snr30dB,sub-03,staircase,30,9,45,0.188586714222024,0.8919216394424438
lr_relerror_tpe_pareto,sub-03_FDSI_staircase_snr30dB,sub-03,staircase,30,10,47,0.3698630136986301,0.8742473125457764
lr_relerror_tpe_pareto,sub-03_FDSI_staircase_snr25dB,sub-03,staircase,25,0,51,0.9839662447257383,0.94860178232193
lr_relerror_tpe_pareto,sub-03_FDSI_staircase_snr25dB,sub-03,staircase,25,1,52,0.9648506151142356,0.932759165763855
lr_relerror_tpe_pareto,sub-03_FDSI_staircase_snr25dB,sub-03,staircase,25,2,44,0.9714285714285714,0.9373016953468324
lr_relerror_tpe_pareto,sub-03_FDSI_staircase_snr25dB,sub-03,staircase,25,3,46,0.9856218547807332,0.952770471572876
lr_relerror_tpe_pareto,sub-03_FDSI_staircase_snr25dB,sub-03,staircase,25,4,48,0.9727891156462584,0.932159960269928
lr_relerror_tpe_pareto,sub-03_FDSI_staircase_snr25dB,sub-03,staircase,25,5,40,0.990117356392835,0.983122169971466
lr_relerror_tpe_pareto,sub-03_FDSI_staircase_snr25dB,sub-03,staircase,25,6,49,0.9789719626168224,0.938589572906494
lr_relerror_tpe_pareto,sub-03_FDSI_staircase_snr20dB,sub-03,staircase,20,0,44,0.9272108843537415,0.8972132802009583
lr_relerror_tpe_pareto,sub-03_FDSI_staircase_snr20dB,sub-03,staircase,20,1,46,0.9584824624194704,0.9278180599212646
lr_relerror_tpe_pareto,sub-03_FDSI_staircase_snr20dB,sub-03,staircase,20,2,49,0.8044444444444444,0.9033977389335632
lr_relerror_tpe_pareto,sub-03_FDSI_staircase_snr20dB,sub-03,staircase,20,3,40,0.9894996911673872,0.9790791273117064
lr_relerror_tpe_pareto,sub-03_FDSI_staircase_snr20dB,sub-03,staircase,20,4,51,0.979746835443038,0.9403329491615297
lr_relerror_tpe_pareto,sub-03_FDSI_staircase_snr20dB,sub-03,staircase,20,5,52,0.9683377308707124,0.9306238293647766
lr_relerror_tpe_pareto,sub-03_FDSI_staircase_snr20dB,sub-03,staircase,20,6,48,0.8932542624166049,0.9001402854919434
lr_relerror_tpe_pareto,sub-03_FDSI_staircase_snr15dB,sub-03,staircase,15,0,40,0.9962940086473132,0.970768392086029
lr_relerror_tpe_pareto,sub-03_FDSI_staircase_snr15dB,sub-03,staircase,15,1,44,0.8128772635814889,0.8440113663673401
lr_relerror_tpe_pareto,sub-03_FDSI_staircase_snr15dB,sub-03,staircase,15,2,52,0.9104347826086956,0.9094194173812866
lr_relerror_tpe_pareto,sub-03_FDSI_triangular-ramp40s_snr30dB,sub-03,triangular-ramp40s,30,0,49,0.930032292787944,0.931276559829712
lr_relerror_tpe_pareto,sub-03_FDSI_triangular-ramp40s_snr30dB,sub-03,triangular-ramp40s,30,1,48,0.9926160337552744,0.9508522152900696
lr_relerror_tpe_pareto,sub-03_FDSI_triangular-ramp40s_snr30dB,sub-03,triangular-ramp40s,30,2,46,0.964,0.9301677942276
lr_relerror_tpe_pareto,sub-03_FDSI_triangular-ramp40s_snr30dB,sub-03,triangular-ramp40s,30,3,40,0.9947780678851176,0.9835388660430908
lr_relerror_tpe_pareto,sub-03_FDSI_triangular-ramp40s_snr30dB,sub-03,triangular-ramp40s,30,4,52,0.9914110429447852,0.9628902673721312
lr_relerror_tpe_pareto,sub-03_FDSI_triangular-ramp40s_snr30dB,sub-03,triangular-ramp40s,30,5,51,0.9976635514018692,0.9704355597496032
lr_relerror_tpe_pareto,sub-03_FDSI_triangular-ramp40s_snr30dB,sub-03,triangular-ramp40s,30,6,47,0.576214405360134,0.8601029515266418
lr_relerror_tpe_pareto,sub-03_FDSI_triangular-ramp40s_snr30dB,sub-03,triangular-ramp40s,30,7,35,0.9109149277688604,0.9069881439208984
lr_relerror_tpe_pareto,sub-03_FDSI_triangular-ramp40s_snr30dB,sub-03,triangular-ramp40s,30,8,45,0.1413708690330477,0.9127846360206604
lr_relerror_tpe_pareto,sub-03_FDSI_triangular-ramp40s_snr30dB,sub-03,triangular-ramp40s,30,9,44,0.9710550887021476,0.9469556212425232
lr_relerror_tpe_pareto,sub-03_FDSI_triangular-ramp40s_snr30dB,sub-03,triangular-ramp40s,30,10,43,0.1516786570743405,0.8825477957725525
lr_relerror_tpe_pareto,sub-03_FDSI_triangular-ramp40s_snr30dB,sub-03,triangular-ramp40s,30,11,50,0.2138533960995292,0.8879383206367493
lr_relerror_tpe_pareto,sub-03_FDSI_triangular-ramp40s_snr25dB,sub-03,triangular-ramp40s,25,0,49,0.3162719633307869,0.9227834939956664
lr_relerror_tpe_pareto,sub-03_FDSI_triangular-ramp40s_snr25dB,sub-03,triangular-ramp40s,25,1,48,0.9704952581664912,0.93717360496521
lr_relerror_tpe_pareto,sub-03_FDSI_triangular-ramp40s_snr25dB,sub-03,triangular-ramp40s,25,2,40,0.9947780678851176,0.980912744998932
lr_relerror_tpe_pareto,sub-03_FDSI_triangular-ramp40s_snr25dB,sub-03,triangular-ramp40s,25,3,52,0.9840490797546012,0.952624261379242
lr_relerror_tpe_pareto,sub-03_FDSI_triangular-ramp40s_snr25dB,sub-03,triangular-ramp40s,25,4,44,0.952161913523459,0.927548348903656
lr_relerror_tpe_pareto,sub-03_FDSI_triangular-ramp40s_snr25dB,sub-03,triangular-ramp40s,25,5,46,0.985,0.9560684561729432
lr_relerror_tpe_pareto,sub-03_FDSI_triangular-ramp40s_snr25dB,sub-03,triangular-ramp40s,25,6,51,0.991822429906542,0.9570541381835938
lr_relerror_tpe_pareto,sub-03_FDSI_triangular-ramp40s_snr20dB,sub-03,triangular-ramp40s,20,0,48,0.917981072555205,0.900894582271576
lr_relerror_tpe_pareto,sub-03_FDSI_triangular-ramp40s_snr20dB,sub-03,triangular-ramp40s,20,1,40,0.9921671018276762,0.9726414680480956
lr_relerror_tpe_pareto,sub-03_FDSI_triangular-ramp40s_snr20dB,sub-03,triangular-ramp40s,20,2,46,0.9611553784860558,0.9313115477561952
lr_relerror_tpe_pareto,sub-03_FDSI_triangular-ramp40s_snr20dB,sub-03,triangular-ramp40s,20,3,52,0.9644171779141104,0.932387113571167
lr_relerror_tpe_pareto,sub-03_FDSI_triangular-ramp40s_snr20dB,sub-03,triangular-ramp40s,20,4,51,0.9871645274212368,0.944166898727417
lr_relerror_tpe_pareto,sub-03_FDSI_triangular-ramp40s_snr20dB,sub-03,triangular-ramp40s,20,5,49,0.9188900747065102,0.9173592329025269
lr_relerror_tpe_pareto,sub-03_FDSI_triangular-ramp40s_snr20dB,sub-03,triangular-ramp40s,20,6,44,0.938737040527804,0.9039970636367798
lr_relerror_tpe_pareto,sub-03_FDSI_triangular-ramp40s_snr15dB,sub-03,triangular-ramp40s,15,0,40,0.9930374238468234,0.9655088782310486
lr_relerror_tpe_pareto,sub-03_FDSI_triangular-ramp40s_snr15dB,sub-03,triangular-ramp40s,15,1,44,0.339572192513369,0.843845784664154
lr_relerror_tpe_pareto,sub-03_FDSI_triangular-ramp40s_snr15dB,sub-03,triangular-ramp40s,15,2,52,0.902200488997555,0.914788544178009
lr_relerror_tpe_pareto,sub-03_FDSI_triangular-ramp40s_snr15dB,sub-03,triangular-ramp40s,15,3,49,0.7931726907630522,0.8698599934577942
lr_relerror_tpe_pareto,sub-03_FDSI_triangular-ramp40s_snr15dB,sub-03,triangular-ramp40s,15,4,46,0.2692778457772338,0.904387354850769
lr_relerror_tpe_pareto,sub-03_FDSI_triangular-ramp20s_snr30dB,sub-03,triangular-ramp20s,30,0,48,0.9443298969072164,0.904751181602478
lr_relerror_tpe_pareto,sub-03_FDSI_triangular-ramp20s_snr30dB,sub-03,triangular-ramp20s,30,1,52,0.9901112484548824,0.9545549154281616
lr_relerror_tpe_pareto,sub-03_FDSI_triangular-ramp20s_snr30dB,sub-03,triangular-ramp20s,30,2,49,0.8436830835117773,0.9160853624343872
lr_relerror_tpe_pareto,sub-03_FDSI_triangular-ramp20s_snr30dB,sub-03,triangular-ramp20s,30,3,51,0.9627906976744186,0.924743354320526
lr_relerror_tpe_pareto,sub-03_FDSI_triangular-ramp20s_snr30dB,sub-03,triangular-ramp20s,30,4,40,0.9974025974025974,0.9842301607131958
lr_relerror_tpe_pareto,sub-03_FDSI_triangular-ramp20s_snr30dB,sub-03,triangular-ramp20s,30,5,44,0.9860074626865672,0.9411348104476928
lr_relerror_tpe_pareto,sub-03_FDSI_triangular-ramp20s_snr30dB,sub-03,triangular-ramp20s,30,6,46,0.986138613861386,0.9553384780883788
lr_relerror_tpe_pareto,sub-03_FDSI_triangular-ramp20s_snr30dB,sub-03,triangular-ramp20s,30,7,35,0.9002394253790902,0.8968886137008667
lr_relerror_tpe_pareto,sub-03_FDSI_triangular-ramp20s_snr30dB,sub-03,triangular-ramp20s,30,8,45,0.1530791788856305,0.8956592679023743
lr_relerror_tpe_pareto,sub-03_FDSI_triangular-ramp20s_snr30dB,sub-03,triangular-ramp20s,30,9,47,0.510670731707317,0.8569822907447815
lr_relerror_tpe_pareto,sub-03_FDSI_triangular-ramp20s_snr30dB,sub-03,triangular-ramp20s,30,10,50,0.9015486725663716,0.8837244510650635
lr_relerror_tpe_pareto,sub-03_FDSI_triangular-ramp20s_snr25dB,sub-03,triangular-ramp20s,25,0,44,0.9655172413793104,0.9162842631340028
lr_relerror_tpe_pareto,sub-03_FDSI_triangular-ramp20s_snr25dB,sub-03,triangular-ramp20s,25,1,52,0.5781563126252505,0.9116592407226562
lr_relerror_tpe_pareto,sub-03_FDSI_triangular-ramp20s_snr25dB,sub-03,triangular-ramp20s,25,2,40,0.9982683982683984,0.978418231010437
lr_relerror_tpe_pareto,sub-03_FDSI_triangular-ramp20s_snr25dB,sub-03,triangular-ramp20s,25,3,48,0.9257731958762888,0.9141695499420166
lr_relerror_tpe_pareto,sub-03_FDSI_triangular-ramp20s_snr25dB,sub-03,triangular-ramp20s,25,4,46,0.9694581280788176,0.9354026913642884
lr_relerror_tpe_pareto,sub-03_FDSI_triangular-ramp20s_snr25dB,sub-03,triangular-ramp20s,25,5,49,0.968512486427796,0.9224454164505004
lr_relerror_tpe_pareto,sub-03_FDSI_triangular-ramp20s_snr25dB,sub-03,triangular-ramp20s,25,6,51,0.9847775175644028,0.9443659782409668
lr_relerror_tpe_pareto,sub-03_FDSI_triangular-ramp20s_snr25dB,sub-03,triangular-ramp20s,25,7,35,0.7963836477987422,0.8734492659568787
lr_relerror_tpe_pareto,sub-03_FDSI_triangular-ramp20s_snr20dB,sub-03,triangular-ramp20s,20,0,40,0.9948051948051948,0.9665416479110718
lr_relerror_tpe_pareto,sub-03_FDSI_triangular-ramp20s_snr20dB,sub-03,triangular-ramp20s,20,1,52,0.9642416769420468,0.9064467549324036
lr_relerror_tpe_pareto,sub-03_FDSI_triangular-ramp20s_snr20dB,sub-03,triangular-ramp20s,20,2,51,0.9789473684210528,0.9421786665916444
lr_relerror_tpe_pareto,sub-03_FDSI_triangular-ramp20s_snr20dB,sub-03,triangular-ramp20s,20,3,49,0.3742038216560509,0.8813756704330444
lr_relerror_tpe_pareto,sub-03_FDSI_triangular-ramp20s_snr20dB,sub-03,triangular-ramp20s,20,4,44,0.5966029723991507,0.8569436073303223
lr_relerror_tpe_pareto,sub-03_FDSI_triangular-ramp20s_snr20dB,sub-03,triangular-ramp20s,20,5,48,0.7830188679245284,0.8557919263839722
lr_relerror_tpe_pareto,sub-03_FDSI_triangular-ramp20s_snr20dB,sub-03,triangular-ramp20s,20,6,46,0.1868250539956803,0.9168519377708436
lr_relerror_tpe_pareto,sub-03_FDSI_triangular-ramp20s_snr15dB,sub-03,triangular-ramp20s,15,0,40,0.9913419913419912,0.9575999975204468
lr_relerror_tpe_pareto,sub-03_FDSI_triangular-ramp20s_snr15dB,sub-03,triangular-ramp20s,15,1,49,0.539366515837104,0.8613518476486206
lr_relerror_tpe_pareto,sub-03_FDSI_triangular-ramp20s_snr15dB,sub-03,triangular-ramp20s,15,2,44,0.7692307692307693,0.8351876735687256
lr_relerror_tpe_pareto,sub-03_FDSI_triangular-ramp20s_snr15dB,sub-03,triangular-ramp20s,15,3,52,0.8599269183922046,0.8847314715385437
lr_relerror_tpe_pareto,sub-03_FDSI_triangular-ramp10s_snr30dB,sub-03,triangular-ramp10s,30,0,40,0.993025283347864,0.983061909675598
lr_relerror_tpe_pareto,sub-03_FDSI_triangular-ramp10s_snr30dB,sub-03,triangular-ramp10s,30,1,52,0.5625759416767923,0.911168336868286
lr_relerror_tpe_pareto,sub-03_FDSI_triangular-ramp10s_snr30dB,sub-03,triangular-ramp10s,30,2,44,0.7954186413902053,0.9027304649353028
lr_relerror_tpe_pareto,sub-03_FDSI_triangular-ramp10s_snr30dB,sub-03,triangular-ramp10s,30,3,35,0.1112860892388451,0.8930141925811768
lr_relerror_tpe_pareto,sub-03_FDSI_triangular-ramp10s_snr30dB,sub-03,triangular-ramp10s,30,4,50,0.8231292517006803,0.8822492361068726
lr_relerror_tpe_pareto,sub-03_FDSI_triangular-ramp10s_snr30dB,sub-03,triangular-ramp10s,30,5,46,0.9810568295114656,0.9320610165596008
lr_relerror_tpe_pareto,sub-03_FDSI_triangular-ramp10s_snr30dB,sub-03,triangular-ramp10s,30,6,49,0.7137367915465899,0.916943371295929
lr_relerror_tpe_pareto,sub-03_FDSI_triangular-ramp10s_snr30dB,sub-03,triangular-ramp10s,30,7,47,0.4914383561643836,0.8358105421066284
lr_relerror_tpe_pareto,sub-03_FDSI_triangular-ramp10s_snr30dB,sub-03,triangular-ramp10s,30,8,48,0.912008281573499,0.918278694152832
lr_relerror_tpe_pareto,sub-03_FDSI_triangular-ramp10s_snr30dB,sub-03,triangular-ramp10s,30,9,43,0.0570418980312973,0.915909707546234
lr_relerror_tpe_pareto,sub-03_FDSI_triangular-ramp10s_snr30dB,sub-03,triangular-ramp10s,30,10,51,0.7655719139297849,0.8826340436935425
lr_relerror_tpe_pareto,sub-03_FDSI_triangular-ramp10s_snr25dB,sub-03,triangular-ramp10s,25,0,51,0.993047508690614,0.9506250619888306
lr_relerror_tpe_pareto,sub-03_FDSI_triangular-ramp10s_snr25dB,sub-03,triangular-ramp10s,25,1,40,0.993025283347864,0.9781047105789183
lr_relerror_tpe_pareto,sub-03_FDSI_triangular-ramp10s_snr25dB,sub-03,triangular-ramp10s,25,2,44,0.8384353741496599,0.8776156306266785
lr_relerror_tpe_pareto,sub-03_FDSI_triangular-ramp10s_snr25dB,sub-03,triangular-ramp10s,25,3,50,0.6670403587443946,0.8615243434906006
lr_relerror_tpe_pareto,sub-03_FDSI_triangular-ramp10s_snr25dB,sub-03,triangular-ramp10s,25,4,52,0.9257907542579076,0.9182993173599244
lr_relerror_tpe_pareto,sub-03_FDSI_triangular-ramp10s_snr25dB,sub-03,triangular-ramp10s,25,5,46,0.9282153539381854,0.9127861857414246
lr_relerror_tpe_pareto,sub-03_FDSI_triangular-ramp10s_snr25dB,sub-03,triangular-ramp10s,25,6,48,0.7708333333333334,0.8917807936668396
lr_relerror_tpe_pareto,sub-03_FDSI_triangular-ramp10s_snr25dB,sub-03,triangular-ramp10s,25,7,49,0.9409190371991248,0.918732225894928
lr_relerror_tpe_pareto,sub-03_FDSI_triangular-ramp10s_snr20dB,sub-03,triangular-ramp10s,20,0,40,0.992153443766347,0.9704118371009828
lr_relerror_tpe_pareto,sub-03_FDSI_triangular-ramp10s_snr20dB,sub-03,triangular-ramp10s,20,1,52,0.8619854721549637,0.895955502986908
lr_relerror_tpe_pareto,sub-03_FDSI_triangular-ramp10s_snr20dB,sub-03,triangular-ramp10s,20,2,46,0.2485101311084624,0.9020915031433104
lr_relerror_tpe_pareto,sub-03_FDSI_triangular-ramp10s_snr20dB,sub-03,triangular-ramp10s,20,3,49,0.5634995296331138,0.8722137212753296
lr_relerror_tpe_pareto,sub-03_FDSI_triangular-ramp10s_snr20dB,sub-03,triangular-ramp10s,20,4,44,0.7862190812720848,0.8574624061584473
lr_relerror_tpe_pareto,sub-03_FDSI_triangular-ramp10s_snr20dB,sub-03,triangular-ramp10s,20,5,51,0.9826388888888888,0.9397352933883668
lr_relerror_tpe_pareto,sub-03_FDSI_triangular-ramp10s_snr20dB,sub-03,triangular-ramp10s,20,6,48,0.7357212003872217,0.8717004656791687
lr_relerror_tpe_pareto,sub-03_FDSI_triangular-ramp10s_snr15dB,sub-03,triangular-ramp10s,15,0,40,0.988666085440279,0.9603319764137268
lr_relerror_tpe_pareto,sub-03_FDSI_triangular-ramp10s_snr15dB,sub-03,triangular-ramp10s,15,1,52,0.7199519230769231,0.8764892220497131
lr_relerror_tpe_pareto,sub-03_FDSI_triangular-ramp10s_snr15dB,sub-03,triangular-ramp10s,15,2,49,0.5523715415019763,0.8721542954444885
lr_relerror_tpe_pareto,sub-03_FDSI_triangular-ramp5s_snr30dB,sub-03,triangular-ramp5s,30,0,52,0.9902319902319904,0.9461600184440612
lr_relerror_tpe_pareto,sub-03_FDSI_triangular-ramp5s_snr30dB,sub-03,triangular-ramp5s,30,1,48,0.4204636290967226,0.8886927962303162
lr_relerror_tpe_pareto,sub-03_FDSI_triangular-ramp5s_snr30dB,sub-03,triangular-ramp5s,30,2,40,0.9948141745894556,0.9760802388191224
lr_relerror_tpe_pareto,sub-03_FDSI_triangular-ramp5s_snr30dB,sub-03,triangular-ramp5s,30,3,51,0.9894736842105264,0.957490861415863
lr_relerror_tpe_pareto,sub-03_FDSI_triangular-ramp5s_snr30dB,sub-03,triangular-ramp5s,30,4,46,0.8828828828828829,0.9274694323539734
lr_relerror_tpe_pareto,sub-03_FDSI_triangular-ramp5s_snr30dB,sub-03,triangular-ramp5s,30,5,49,0.7141292442497261,0.9211786389350892
lr_relerror_tpe_pareto,sub-03_FDSI_triangular-ramp5s_snr30dB,sub-03,triangular-ramp5s,30,6,44,0.7346456692913386,0.9120278358459472
lr_relerror_tpe_pareto,sub-03_FDSI_triangular-ramp5s_snr30dB,sub-03,triangular-ramp5s,30,7,47,0.0916943521594684,0.8557527661323547
lr_relerror_tpe_pareto,sub-03_FDSI_triangular-ramp5s_snr30dB,sub-03,triangular-ramp5s,30,8,45,0.2329032258064516,0.9000594615936279
lr_relerror_tpe_pareto,sub-03_FDSI_triangular-ramp5s_snr30dB,sub-03,triangular-ramp5s,30,9,50,0.0910828025477707,0.8772037029266357
lr_relerror_tpe_pareto,sub-03_FDSI_triangular-ramp5s_snr30dB,sub-03,triangular-ramp5s,30,10,35,0.6411483253588517,0.9048176407814026
lr_relerror_tpe_pareto,sub-03_FDSI_triangular-ramp5s_snr25dB,sub-03,triangular-ramp5s,25,0,52,0.9731379731379732,0.9369400143623352
lr_relerror_tpe_pareto,sub-03_FDSI_triangular-ramp5s_snr25dB,sub-03,triangular-ramp5s,25,1,40,0.993085566119274,0.971367597579956
lr_relerror_tpe_pareto,sub-03_FDSI_triangular-ramp5s_snr25dB,sub-03,triangular-ramp5s,25,2,48,0.4552967693463561,0.8758253455162048
lr_relerror_tpe_pareto,sub-03_FDSI_triangular-ramp5s_snr25dB,sub-03,triangular-ramp5s,25,3,46,0.7837837837837838,0.92242032289505
lr_relerror_tpe_pareto,sub-03_FDSI_triangular-ramp5s_snr25dB,sub-03,triangular-ramp5s,25,4,44,0.7153167602245389,0.9045796990394592
lr_relerror_tpe_pareto,sub-03_FDSI_triangular-ramp5s_snr25dB,sub-03,triangular-ramp5s,25,5,49,0.7221006564551422,0.9130951166152954
lr_relerror_tpe_pareto,sub-03_FDSI_triangular-ramp5s_snr25dB,sub-03,triangular-ramp5s,25,6,51,0.9766081871345028,0.945756196975708
lr_relerror_tpe_pareto,sub-03_FDSI_triangular-ramp5s_snr25dB,sub-03,triangular-ramp5s,25,7,35,0.6171564733915806,0.872646152973175
lr_relerror_tpe_pareto,sub-03_FDSI_triangular-ramp5s_snr20dB,sub-03,triangular-ramp5s,20,0,52,0.925609756097561,0.9189119935035706
lr_relerror_tpe_pareto,sub-03_FDSI_triangular-ramp5s_snr20dB,sub-03,triangular-ramp5s,20,1,40,0.993085566119274,0.964702844619751
lr_relerror_tpe_pareto,sub-03_FDSI_triangular-ramp5s_snr20dB,sub-03,triangular-ramp5s,20,2,49,0.572,0.8883268237113953
lr_relerror_tpe_pareto,sub-03_FDSI_triangular-ramp5s_snr20dB,sub-03,triangular-ramp5s,20,3,44,0.6818181818181818,0.9051113128662108
lr_relerror_tpe_pareto,sub-03_FDSI_triangular-ramp5s_snr20dB,sub-03,triangular-ramp5s,20,4,46,0.7627627627627628,0.9126869440078736
lr_relerror_tpe_pareto,sub-03_FDSI_triangular-ramp5s_snr20dB,sub-03,triangular-ramp5s,20,5,51,0.983625730994152,0.9404947757720948
lr_relerror_tpe_pareto,sub-03_FDSI_triangular-ramp5s_snr20dB,sub-03,triangular-ramp5s,20,6,48,0.3297076818490823,0.8845170736312866
lr_relerror_tpe_pareto,sub-03_FDSI_triangular-ramp5s_snr15dB,sub-03,triangular-ramp5s,15,0,52,0.8068043742405833,0.8955839276313782
lr_relerror_tpe_pareto,sub-03_FDSI_triangular-ramp5s_snr15dB,sub-03,triangular-ramp5s,15,1,40,0.9844425237683664,0.9507883787155152
lr_relerror_tpe_pareto,sub-03_FDSI_triangular-ramp5s_snr15dB,sub-03,triangular-ramp5s,15,2,51,0.9159859976662778,0.9097915887832642
lr_relerror_tpe_pareto,sub-03_FDSI_triangular-ramp5s_snr15dB,sub-03,triangular-ramp5s,15,3,46,0.4407988587731811,0.868229329586029
lr_relerror_tpe_pareto,sub-04_FDSI_staircase_snr30dB,sub-04,staircase,30,0,50,0.7504424778761062,0.915655553340912
lr_relerror_tpe_pareto,sub-04_FDSI_staircase_snr30dB,sub-04,staircase,30,1,44,0.9674479166666666,0.937650203704834
lr_relerror_tpe_pareto,sub-04_FDSI_staircase_snr30dB,sub-04,staircase,30,2,41,0.9927007299270072,0.978740096092224
lr_relerror_tpe_pareto,sub-04_FDSI_staircase_snr30dB,sub-04,staircase,30,3,53,0.4261006289308176,0.8446688652038574
lr_relerror_tpe_pareto,sub-04_FDSI_staircase_snr30dB,sub-04,staircase,30,4,23,0.9439959636730576,0.9278157353401184
lr_relerror_tpe_pareto,sub-04_FDSI_staircase_snr30dB,sub-04,staircase,30,5,48,0.984375,0.9436019659042358
lr_relerror_tpe_pareto,sub-04_FDSI_staircase_snr30dB,sub-04,staircase,30,6,51,0.5826589595375723,0.9240686297416688
lr_relerror_tpe_pareto,sub-04_FDSI_staircase_snr30dB,sub-04,staircase,30,7,54,0.9394190871369296,0.9257699847221376
lr_relerror_tpe_pareto,sub-04_FDSI_staircase_snr30dB,sub-04,staircase,30,8,42,0.8851142680667079,0.8749790787696838
lr_relerror_tpe_pareto,sub-04_FDSI_staircase_snr30dB,sub-04,staircase,30,9,49,0.9691629955947136,0.9387404918670654
lr_relerror_tpe_pareto,sub-04_FDSI_staircase_snr30dB,sub-04,staircase,30,10,37,0.2734375,0.8833020925521851
lr_relerror_tpe_pareto,sub-04_FDSI_staircase_snr25dB,sub-04,staircase,25,0,51,0.4594447468698965,0.8962177634239197
lr_relerror_tpe_pareto,sub-04_FDSI_staircase_snr25dB,sub-04,staircase,25,1,44,0.9438709677419356,0.9113010764122008
lr_relerror_tpe_pareto,sub-04_FDSI_staircase_snr25dB,sub-04,staircase,25,2,53,0.3529411764705882,0.8265118598937988
lr_relerror_tpe_pareto,sub-04_FDSI_staircase_snr25dB,sub-04,staircase,25,3,41,0.9927007299270072,0.9799512028694152
lr_relerror_tpe_pareto,sub-04_FDSI_staircase_snr25dB,sub-04,staircase,25,4,48,0.9595457771469128,0.9312469363212584
lr_relerror_tpe_pareto,sub-04_FDSI_staircase_snr25dB,sub-04,staircase,25,5,50,0.6974741676234214,0.909396231174469
lr_relerror_tpe_pareto,sub-04_FDSI_staircase_snr25dB,sub-04,staircase,25,6,49,0.9559471365638766,0.9344785809516908
lr_relerror_tpe_pareto,sub-04_FDSI_staircase_snr25dB,sub-04,staircase,25,7,54,0.9524214103653356,0.9244779348373412
lr_relerror_tpe_pareto,sub-04_FDSI_staircase_snr25dB,sub-04,staircase,25,8,42,0.971927635683094,0.9307255148887634
lr_relerror_tpe_pareto,sub-04_FDSI_staircase_snr20dB,sub-04,staircase,20,0,41,0.9975669099756692,0.9810209274291992
lr_relerror_tpe_pareto,sub-04_FDSI_staircase_snr20dB,sub-04,staircase,20,1,48,0.9474431818181818,0.931756556034088
lr_relerror_tpe_pareto,sub-04_FDSI_staircase_snr20dB,sub-04,staircase,20,2,42,0.933997509339975,0.9099982976913452
lr_relerror_tpe_pareto,sub-04_FDSI_staircase_snr20dB,sub-04,staircase,20,3,49,0.880466472303207,0.906328022480011
lr_relerror_tpe_pareto,sub-04_FDSI_staircase_snr15dB,sub-04,staircase,15,0,41,0.995742092457421,0.9798336029052734
lr_relerror_tpe_pareto,sub-04_FDSI_triangular-ramp40s_snr30dB,sub-04,triangular-ramp40s,30,0,42,0.9913344887348352,0.957293689250946
lr_relerror_tpe_pareto,sub-04_FDSI_triangular-ramp40s_snr30dB,sub-04,triangular-ramp40s,30,1,33,0.8286099865047234,0.8912320137023926
lr_relerror_tpe_pareto,sub-04_FDSI_triangular-ramp40s_snr30dB,sub-04,triangular-ramp40s,30,2,50,0.7138364779874213,0.913762390613556
lr_relerror_tpe_pareto,sub-04_FDSI_triangular-ramp40s_snr30dB,sub-04,triangular-ramp40s,30,3,51,0.919551934826884,0.9261601567268372
lr_relerror_tpe_pareto,sub-04_FDSI_triangular-ramp40s_snr30dB,sub-04,triangular-ramp40s,30,4,49,0.9798183652875884,0.9492709636688232
lr_relerror_tpe_pareto,sub-04_FDSI_triangular-ramp40s_snr30dB,sub-04,triangular-ramp40s,30,5,48,0.9851924975320828,0.9491333365440368
lr_relerror_tpe_pareto,sub-04_FDSI_triangular-ramp40s_snr30dB,sub-04,triangular-ramp40s,30,6,41,0.9957264957264956,0.9848507642745972
lr_relerror_tpe_pareto,sub-04_FDSI_triangular-ramp40s_snr30dB,sub-04,triangular-ramp40s,30,7,44,0.9704035874439462,0.9379726648330688
lr_relerror_tpe_pareto,sub-04_FDSI_triangular-ramp40s_snr30dB,sub-04,triangular-ramp40s,30,8,54,0.9229871645274212,0.9117395281791688
lr_relerror_tpe_pareto,sub-04_FDSI_triangular-ramp40s_snr30dB,sub-04,triangular-ramp40s,30,9,17,0.8963903743315508,0.907861053943634
lr_relerror_tpe_pareto,sub-04_FDSI_triangular-ramp40s_snr30dB,sub-04,triangular-ramp40s,30,10,53,0.8832599118942731,0.9098094701766968
lr_relerror_tpe_pareto,sub-04_FDSI_triangular-ramp40s_snr25dB,sub-04,triangular-ramp40s,25,0,42,0.9818024263431544,0.9445422291755676
lr_relerror_tpe_pareto,sub-04_FDSI_triangular-ramp40s_snr25dB,sub-04,triangular-ramp40s,25,1,41,0.9931623931623932,0.9847469329833984
lr_relerror_tpe_pareto,sub-04_FDSI_triangular-ramp40s_snr25dB,sub-04,triangular-ramp40s,25,2,48,0.9743336623889436,0.9319947361946106
lr_relerror_tpe_pareto,sub-04_FDSI_triangular-ramp40s_snr25dB,sub-04,triangular-ramp40s,25,3,49,0.9616161616161616,0.9338427186012268
lr_relerror_tpe_pareto,sub-04_FDSI_triangular-ramp40s_snr25dB,sub-04,triangular-ramp40s,25,4,44,0.3401075911536163,0.9014031887054444
lr_relerror_tpe_pareto,sub-04_FDSI_triangular-ramp40s_snr25dB,sub-04,triangular-ramp40s,25,5,50,0.7650501672240803,0.9076935648918152
lr_relerror_tpe_pareto,sub-04_FDSI_triangular-ramp40s_snr25dB,sub-04,triangular-ramp40s,25,6,51,0.5946601941747572,0.8936991095542908
lr_relerror_tpe_pareto,sub-04_FDSI_triangular-ramp40s_snr25dB,sub-04,triangular-ramp40s,25,7,54,0.9515366430260048,0.9211110472679138
lr_relerror_tpe_pareto,sub-04_FDSI_triangular-ramp40s_snr20dB,sub-04,triangular-ramp40s,20,0,42,0.9315424610051992,0.908429741859436
lr_relerror_tpe_pareto,sub-04_FDSI_triangular-ramp40s_snr20dB,sub-04,triangular-ramp40s,20,1,41,0.9931623931623932,0.982247829437256
lr_relerror_tpe_pareto,sub-04_FDSI_triangular-ramp40s_snr20dB,sub-04,triangular-ramp40s,20,2,44,0.3143025309005297,0.8834415674209595
lr_relerror_tpe_pareto,sub-04_FDSI_triangular-ramp40s_snr20dB,sub-04,triangular-ramp40s,20,3,48,0.9378698224852072,0.9230563044548036
lr_relerror_tpe_pareto,sub-04_FDSI_triangular-ramp40s_snr15dB,sub-04,triangular-ramp40s,15,0,41,0.9931623931623932,0.9722309112548828
lr_relerror_tpe_pareto,sub-04_FDSI_triangular-ramp20s_snr30dB,sub-04,triangular-ramp20s,30,0,48,0.9881070366699702,0.9516209959983826
lr_relerror_tpe_pareto,sub-04_FDSI_triangular-ramp20s_snr30dB,sub-04,triangular-ramp20s,30,1,41,0.9932318104906938,0.9886491894721984
lr_relerror_tpe_pareto,sub-04_FDSI_triangular-ramp20s_snr30dB,sub-04,triangular-ramp20s,30,2,50,0.7076438140267928,0.8935011029243469
lr_relerror_tpe_pareto,sub-04_FDSI_triangular-ramp20s_snr30dB,sub-04,triangular-ramp20s,30,3,42,0.9870689655172412,0.939966917037964
lr_relerror_tpe_pareto,sub-04_FDSI_triangular-ramp20s_snr30dB,sub-04,triangular-ramp20s,30,4,49,0.9785714285714284,0.9353446364402772
lr_relerror_tpe_pareto,sub-04_FDSI_triangular-ramp20s_snr30dB,sub-04,triangular-ramp20s,30,5,44,0.9561717352415028,0.9090444445610046
lr_relerror_tpe_pareto,sub-04_FDSI_triangular-ramp20s_snr30dB,sub-04,triangular-ramp20s,30,6,23,0.9319298245614036,0.9187272787094116
lr_relerror_tpe_pareto,sub-04_FDSI_triangular-ramp20s_snr30dB,sub-04,triangular-ramp20s,30,7,37,0.1348039215686274,0.8978983163833618
lr_relerror_tpe_pareto,sub-04_FDSI_triangular-ramp20s_snr30dB,sub-04,triangular-ramp20s,30,8,53,0.9030501089324618,0.9024488925933838
lr_relerror_tpe_pareto,sub-04_FDSI_triangular-ramp20s_snr30dB,sub-04,triangular-ramp20s,30,9,51,0.8244131455399061,0.8956468105316162
lr_relerror_tpe_pareto,sub-04_FDSI_triangular-ramp20s_snr30dB,sub-04,triangular-ramp20s,30,10,17,0.9327956989247312,0.9108330607414246
lr_relerror_tpe_pareto,sub-04_FDSI_triangular-ramp20s_snr30dB,sub-04,triangular-ramp20s,30,11,54,0.942652329749104,0.904874622821808
lr_relerror_tpe_pareto,sub-04_FDSI_triangular-ramp20s_snr25dB,sub-04,triangular-ramp20s,25,0,41,0.9949238578680204,0.9860191345214844
lr_relerror_tpe_pareto,sub-04_FDSI_triangular-ramp20s_snr25dB,sub-04,triangular-ramp20s,25,1,51,0.3903598099117447,0.8828622102737427
lr_relerror_tpe_pareto,sub-04_FDSI_triangular-ramp20s_snr25dB,sub-04,triangular-ramp20s,25,2,54,0.3731853116994022,0.8252441883087158
lr_relerror_tpe_pareto,sub-04_FDSI_triangular-ramp20s_snr25dB,sub-04,triangular-ramp20s,25,3,42,0.9672413793103448,0.9198901057243348
lr_relerror_tpe_pareto,sub-04_FDSI_triangular-ramp20s_snr25dB,sub-04,triangular-ramp20s,25,4,48,0.4856700232378002,0.909213662147522
lr_relerror_tpe_pareto,sub-04_FDSI_triangular-ramp20s_snr25dB,sub-04,triangular-ramp20s,25,5,50,0.776541095890411,0.8997573256492615
lr_relerror_tpe_pareto,sub-04_FDSI_triangular-ramp20s_snr25dB,sub-04,triangular-ramp20s,25,6,49,0.9357798165137616,0.9055725336074828
lr_relerror_tpe_pareto,sub-04_FDSI_triangular-ramp20s_snr25dB,sub-04,triangular-ramp20s,25,7,44,0.8754448398576512,0.8913503885269165
lr_relerror_tpe_pareto,sub-04_FDSI_triangular-ramp20s_snr25dB,sub-04,triangular-ramp20s,25,8,53,0.8302469135802469,0.8681957721710205
lr_relerror_tpe_pareto,sub-04_FDSI_triangular-ramp20s_snr20dB,sub-04,triangular-ramp20s,20,0,48,0.9277227722772278,0.909317433834076
lr_relerror_tpe_pareto,sub-04_FDSI_triangular-ramp20s_snr20dB,sub-04,triangular-ramp20s,20,1,41,0.994077834179357,0.9790863990783693
lr_relerror_tpe_pareto,sub-04_FDSI_triangular-ramp20s_snr20dB,sub-04,triangular-ramp20s,20,2,42,0.8909871244635194,0.8861714005470276
lr_relerror_tpe_pareto,sub-04_FDSI_triangular-ramp20s_snr15dB,sub-04,triangular-ramp20s,15,0,41,0.9949238578680204,0.9702548980712892
lr_relerror_tpe_pareto,sub-04_FDSI_triangular-ramp10s_snr30dB,sub-04,triangular-ramp10s,30,0,49,0.950253807106599,0.9115784168243408
lr_relerror_tpe_pareto,sub-04_FDSI_triangular-ramp10s_snr30dB,sub-04,triangular-ramp10s,30,1,41,0.9965811965811966,0.9805095791816713
lr_relerror_tpe_pareto,sub-04_FDSI_triangular-ramp10s_snr30dB,sub-04,triangular-ramp10s,30,2,48,0.7723658051689861,0.9034801125526428
lr_relerror_tpe_pareto,sub-04_FDSI_triangular-ramp10s_snr30dB,sub-04,triangular-ramp10s,30,3,51,0.5287443267776096,0.8801004886627197
lr_relerror_tpe_pareto,sub-04_FDSI_triangular-ramp10s_snr30dB,sub-04,triangular-ramp10s,30,4,42,0.8526863084922011,0.8914872407913208
lr_relerror_tpe_pareto,sub-04_FDSI_triangular-ramp10s_snr30dB,sub-04,triangular-ramp10s,30,5,47,0.102974828375286,0.895234227180481
lr_relerror_tpe_pareto,sub-04_FDSI_triangular-ramp10s_snr30dB,sub-04,triangular-ramp10s,30,6,50,0.7725321888412017,0.894429624080658
lr_relerror_tpe_pareto,sub-04_FDSI_triangular-ramp10s_snr30dB,sub-04,triangular-ramp10s,30,7,44,0.8879928315412187,0.9018195271492004
lr_relerror_tpe_pareto,sub-04_FDSI_triangular-ramp10s_snr30dB,sub-04,triangular-ramp10s,30,8,17,0.9260493004663558,0.9124842882156372
lr_relerror_tpe_pareto,sub-04_FDSI_triangular-ramp10s_snr30dB,sub-04,triangular-ramp10s,30,9,53,0.8705501618122977,0.8812880516052246
lr_relerror_tpe_pareto,sub-04_FDSI_triangular-ramp10s_snr30dB,sub-04,triangular-ramp10s,30,10,54,0.9514218009478672,0.9105883836746216
lr_relerror_tpe_pareto,sub-04_FDSI_triangular-ramp10s_snr30dB,sub-04,triangular-ramp10s,30,11,33,0.4438473938742611,0.8527404069900513
lr_relerror_tpe_pareto,sub-04_FDSI_triangular-ramp10s_snr25dB,sub-04,triangular-ramp10s,25,0,54,0.3354430379746835,0.811752438545227
lr_relerror_tpe_pareto,sub-04_FDSI_triangular-ramp10s_snr25dB,sub-04,triangular-ramp10s,25,1,49,0.8136958710976838,0.8975628018379211
lr_relerror_tpe_pareto,sub-04_FDSI_triangular-ramp10s_snr25dB,sub-04,triangular-ramp10s,25,2,41,0.9957264957264956,0.9757206439971924
lr_relerror_tpe_pareto,sub-04_FDSI_triangular-ramp10s_snr25dB,sub-04,triangular-ramp10s,25,3,42,0.9262792714657416,0.9012945890426636
lr_relerror_tpe_pareto,sub-04_FDSI_triangular-ramp10s_snr25dB,sub-04,triangular-ramp10s,25,4,50,0.7264309764309764,0.8647745847702026
lr_relerror_tpe_pareto,sub-04_FDSI_triangular-ramp10s_snr25dB,sub-04,triangular-ramp10s,25,5,44,0.8469026548672567,0.8784298896789551
lr_relerror_tpe_pareto,sub-04_FDSI_triangular-ramp10s_snr25dB,sub-04,triangular-ramp10s,25,6,51,0.4438622754491018,0.8394924402236938
lr_relerror_tpe_pareto,sub-04_FDSI_triangular-ramp10s_snr25dB,sub-04,triangular-ramp10s,25,7,48,0.9294234592445328,0.9239106178283693
lr_relerror_tpe_pareto,sub-04_FDSI_triangular-ramp10s_snr20dB,sub-04,triangular-ramp10s,20,0,41,0.9914529914529916,0.9802455902099608
lr_relerror_tpe_pareto,sub-04_FDSI_triangular-ramp10s_snr20dB,sub-04,triangular-ramp10s,20,1,49,0.0847732181425486,0.9255232214927672
lr_relerror_tpe_pareto,sub-04_FDSI_triangular-ramp10s_snr20dB,sub-04,triangular-ramp10s,20,2,42,0.8661485319516408,0.8764111399650574
lr_relerror_tpe_pareto,sub-04_FDSI_triangular-ramp10s_snr20dB,sub-04,triangular-ramp10s,20,3,50,0.7148080438756855,0.8535642623901367
lr_relerror_tpe_pareto,sub-04_FDSI_triangular-ramp10s_snr20dB,sub-04,triangular-ramp10s,20,4,48,0.6524329692154915,0.8954219818115234
lr_relerror_tpe_pareto,sub-04_FDSI_triangular-ramp10s_snr15dB,sub-04,triangular-ramp10s,15,0,41,0.9914529914529916,0.972332775592804
lr_relerror_tpe_pareto,sub-04_FDSI_triangular-ramp5s_snr30dB,sub-04,triangular-ramp5s,30,0,50,0.8394683026584867,0.91543048620224
lr_relerror_tpe_pareto,sub-04_FDSI_triangular-ramp5s_snr30dB,sub-04,triangular-ramp5s,30,1,42,0.931996512641674,0.9182905554771424
lr_relerror_tpe_pareto,sub-04_FDSI_triangular-ramp5s_snr30dB,sub-04,triangular-ramp5s,30,2,48,0.9316831683168316,0.9325770139694214
lr_relerror_tpe_pareto,sub-04_FDSI_triangular-ramp5s_snr30dB,sub-04,triangular-ramp5s,30,3,44,0.7788808664259927,0.924696683883667
lr_relerror_tpe_pareto,sub-04_FDSI_triangular-ramp5s_snr30dB,sub-04,triangular-ramp5s,30,4,41,0.9966159052453468,0.983855366706848
lr_relerror_tpe_pareto,sub-04_FDSI_triangular-ramp5s_snr30dB,sub-04,triangular-ramp5s,30,5,23,0.8726772195457674,0.9110922813415528
lr_relerror_tpe_pareto,sub-04_FDSI_triangular-ramp5s_snr30dB,sub-04,triangular-ramp5s,30,6,49,0.8093306288032455,0.9083535671234132
lr_relerror_tpe_pareto,sub-04_FDSI_triangular-ramp5s_snr30dB,sub-04,triangular-ramp5s,30,7,54,0.8642266824085005,0.9179431200027466
lr_relerror_tpe_pareto,sub-04_FDSI_triangular-ramp5s_snr30dB,sub-04,triangular-ramp5s,30,8,53,0.885809312638581,0.9067215919494628
lr_relerror_tpe_pareto,sub-04_FDSI_triangular-ramp5s_snr30dB,sub-04,triangular-ramp5s,30,9,47,0.1182375906302286,0.902164340019226
lr_relerror_tpe_pareto,sub-04_FDSI_triangular-ramp5s_snr30dB,sub-04,triangular-ramp5s,30,10,51,0.6226964112512124,0.8862505555152893
lr_relerror_tpe_pareto,sub-04_FDSI_triangular-ramp5s_snr25dB,sub-04,triangular-ramp5s,25,0,42,0.8623693379790941,0.9053056240081788
lr_relerror_tpe_pareto,sub-04_FDSI_triangular-ramp5s_snr25dB,sub-04,triangular-ramp5s,25,1,48,0.8811881188118812,0.9216588735580444
lr_relerror_tpe_pareto,sub-04_FDSI_triangular-ramp5s_snr25dB,sub-04,triangular-ramp5s,25,2,44,0.7000887311446318,0.9034242630004884
lr_relerror_tpe_pareto,sub-04_FDSI_triangular-ramp5s_snr25dB,sub-04,triangular-ramp5s,25,3,41,0.9966159052453468,0.9822221398353576
lr_relerror_tpe_pareto,sub-04_FDSI_triangular-ramp5s_snr25dB,sub-04,triangular-ramp5s,25,4,54,0.1776824034334763,0.8227064609527588
lr_relerror_tpe_pareto,sub-04_FDSI_triangular-ramp5s_snr25dB,sub-04,triangular-ramp5s,25,5,50,0.8056968463886063,0.9039744138717652
lr_relerror_tpe_pareto,sub-04_FDSI_triangular-ramp5s_snr25dB,sub-04,triangular-ramp5s,25,6,53,0.8362068965517241,0.8833460807800293
lr_relerror_tpe_pareto,sub-04_FDSI_triangular-ramp5s_snr25dB,sub-04,triangular-ramp5s,25,7,49,0.7593908629441625,0.9120639562606812
lr_relerror_tpe_pareto,sub-04_FDSI_triangular-ramp5s_snr25dB,sub-04,triangular-ramp5s,25,8,51,0.5828729281767956,0.8817391991615295
lr_relerror_tpe_pareto,sub-04_FDSI_triangular-ramp5s_snr20dB,sub-04,triangular-ramp5s,20,0,41,0.9966159052453468,0.9776735305786132
lr_relerror_tpe_pareto,sub-04_FDSI_triangular-ramp5s_snr20dB,sub-04,triangular-ramp5s,20,1,48,0.807920792079208,0.9106453657150269
lr_relerror_tpe_pareto,sub-04_FDSI_triangular-ramp5s_snr20dB,sub-04,triangular-ramp5s,20,2,42,0.7264069264069264,0.8955566883087158
lr_relerror_tpe_pareto,sub-04_FDSI_triangular-ramp5s_snr15dB,sub-04,triangular-ramp5s,15,0,41,0.9966159052453468,0.9675025939941406
lr_relerror_tpe_pareto,sub-05_FDSI_staircase_snr30dB,sub-05,staircase,30,0,35,0.9669000636537236,0.9382466673851012
lr_relerror_tpe_pareto,sub-05_FDSI_staircase_snr30dB,sub-05,staircase,30,1,31,0.9782096584216724,0.9474970698356628
lr_relerror_tpe_pareto,sub-05_FDSI_staircase_snr30dB,sub-05,staircase,30,2,44,0.9956024626209324,0.9640913009643556
lr_relerror_tpe_pareto,sub-05_FDSI_staircase_snr30dB,sub-05,staircase,30,3,43,0.9891576313594662,0.9654298424720764
lr_relerror_tpe_pareto,sub-05_FDSI_staircase_snr30dB,sub-05,staircase,30,4,42,0.8828125,0.8984259366989136
lr_relerror_tpe_pareto,sub-05_FDSI_staircase_snr30dB,sub-05,staircase,30,5,30,0.9622093023255814,0.9234767556190492
lr_relerror_tpe_pareto,sub-05_FDSI_staircase_snr30dB,sub-05,staircase,30,6,40,0.9618488628026411,0.91916686296463
lr_relerror_tpe_pareto,sub-05_FDSI_staircase_snr30dB,sub-05,staircase,30,7,36,0.3351512146752602,0.9197359681129456
lr_relerror_tpe_pareto,sub-05_FDSI_staircase_snr30dB,sub-05,staircase,30,8,41,0.4874941009910335,0.8904351592063904
lr_relerror_tpe_pareto,sub-05_FDSI_staircase_snr30dB,sub-05,staircase,30,9,16,0.978962818003914,0.9418839812278748
lr_relerror_tpe_pareto,sub-05_FDSI_staircase_snr30dB,sub-05,staircase,30,10,37,0.5129584352078239,0.8509884476661682
lr_relerror_tpe_pareto,sub-05_FDSI_staircase_snr30dB,sub-05,staircase,30,11,39,0.61003861003861,0.8842479586601257
lr_relerror_tpe_pareto,sub-05_FDSI_staircase_snr30dB,sub-05,staircase,30,12,34,0.9364881693648816,0.9122553467750548
lr_relerror_tpe_pareto,sub-05_FDSI_staircase_snr30dB,sub-05,staircase,30,13,33,0.2389452332657201,0.8660834431648254
lr_relerror_tpe_pareto,sub-05_FDSI_staircase_snr25dB,sub-05,staircase,25,0,31,0.96291936433196,0.9279052019119264
lr_relerror_tpe_pareto,sub-05_FDSI_staircase_snr25dB,sub-05,staircase,25,1,44,0.9912049252418644,0.9554691910743712
lr_relerror_tpe_pareto,sub-05_FDSI_staircase_snr25dB,sub-05,staircase,25,2,42,0.218720152817574,0.8124936819076538
lr_relerror_tpe_pareto,sub-05_FDSI_staircase_snr25dB,sub-05,staircase,25,3,40,0.8868312757201646,0.8889821171760559
lr_relerror_tpe_pareto,sub-05_FDSI_staircase_snr25dB,sub-05,staircase,25,4,30,0.948435689455388,0.9143259525299072
lr_relerror_tpe_pareto,sub-05_FDSI_staircase_snr25dB,sub-05,staircase,25,5,43,0.946843853820598,0.912993550300598
lr_relerror_tpe_pareto,sub-05_FDSI_staircase_snr25dB,sub-05,staircase,25,6,41,0.5415282392026578,0.8673619031906128
lr_relerror_tpe_pareto,sub-05_FDSI_staircase_snr25dB,sub-05,staircase,25,7,36,0.5037796976241901,0.8992526531219482
lr_relerror_tpe_pareto,sub-05_FDSI_staircase_snr25dB,sub-05,staircase,25,8,35,0.9143401015228426,0.906653881072998
lr_relerror_tpe_pareto,sub-05_FDSI_staircase_snr25dB,sub-05,staircase,25,9,16,0.9417808219178082,0.9233649969100952
lr_relerror_tpe_pareto,sub-05_FDSI_staircase_snr20dB,sub-05,staircase,20,0,31,0.8934426229508197,0.8956558704376221
lr_relerror_tpe_pareto,sub-05_FDSI_staircase_snr20dB,sub-05,staircase,20,1,43,0.9799833194328608,0.9336922764778136
lr_relerror_tpe_pareto,sub-05_FDSI_staircase_snr20dB,sub-05,staircase,20,2,44,0.9544658493870404,0.919359803199768
lr_relerror_tpe_pareto,sub-05_FDSI_staircase_snr15dB,sub-05,staircase,15,0,31,0.7895927601809954,0.8520762324333191
lr_relerror_tpe_pareto,sub-05_FDSI_staircase_snr15dB,sub-05,staircase,15,1,43,0.9599666388657214,0.9127232432365416
lr_relerror_tpe_pareto,sub-05_FDSI_staircase_snr15dB,sub-05,staircase,15,2,44,0.874466268146883,0.898865282535553
lr_relerror_tpe_pareto,sub-05_FDSI_triangular-ramp40s_snr30dB,sub-05,triangular-ramp40s,30,0,44,0.4129483814523184,0.8944933414459229
lr_relerror_tpe_pareto,sub-05_FDSI_triangular-ramp40s_snr30dB,sub-05,triangular-ramp40s,30,1,41,0.4786440677966102,0.9108842611312866
lr_relerror_tpe_pareto,sub-05_FDSI_triangular-ramp40s_snr30dB,sub-05,triangular-ramp40s,30,2,35,0.9601769911504424,0.9302089214324952
lr_relerror_tpe_pareto,sub-05_FDSI_triangular-ramp40s_snr30dB,sub-05,triangular-ramp40s,30,3,30,0.9642857142857144,0.9375923275947572
lr_relerror_tpe_pareto,sub-05_FDSI_triangular-ramp40s_snr30dB,sub-05,triangular-ramp40s,30,4,31,0.9779050736497544,0.9347161650657654
lr_relerror_tpe_pareto,sub-05_FDSI_triangular-ramp40s_snr30dB,sub-05,triangular-ramp40s,30,5,40,0.9723076923076924,0.9395583271980286
lr_relerror_tpe_pareto,sub-05_FDSI_triangular-ramp40s_snr30dB,sub-05,triangular-ramp40s,30,6,33,0.1384439359267734,0.8644707202911377
lr_relerror_tpe_pareto,sub-05_FDSI_triangular-ramp40s_snr30dB,sub-05,triangular-ramp40s,30,7,43,0.9895348837209302,0.9526430368423462
lr_relerror_tpe_pareto,sub-05_FDSI_triangular-ramp40s_snr30dB,sub-05,triangular-ramp40s,30,8,39,0.9404296875,0.9211179614067078
lr_relerror_tpe_pareto,sub-05_FDSI_triangular-ramp40s_snr30dB,sub-05,triangular-ramp40s,30,9,16,0.9755268524813052,0.9464770555496216
lr_relerror_tpe_pareto,sub-05_FDSI_triangular-ramp40s_snr30dB,sub-05,triangular-ramp40s,30,10,42,0.3453183520599251,0.8415961861610413
lr_relerror_tpe_pareto,sub-05_FDSI_triangular-ramp40s_snr30dB,sub-05,triangular-ramp40s,30,11,36,0.4807256235827664,0.9203000068664552
lr_relerror_tpe_pareto,sub-05_FDSI_triangular-ramp40s_snr25dB,sub-05,triangular-ramp40s,25,0,44,0.3445017182130584,0.9117538928985596
lr_relerror_tpe_pareto,sub-05_FDSI_triangular-ramp40s_snr25dB,sub-05,triangular-ramp40s,25,1,41,0.457550226830849,0.8765407800674438
lr_relerror_tpe_pareto,sub-05_FDSI_triangular-ramp40s_snr25dB,sub-05,triangular-ramp40s,25,2,35,0.908289241622575,0.8953130841255188
lr_relerror_tpe_pareto,sub-05_FDSI_triangular-ramp40s_snr25dB,sub-05,triangular-ramp40s,25,3,30,0.91987431264729,0.9025642275810242
lr_relerror_tpe_pareto,sub-05_FDSI_triangular-ramp40s_snr25dB,sub-05,triangular-ramp40s,25,4,31,0.9549918166939444,0.9152752161026
lr_relerror_tpe_pareto,sub-05_FDSI_triangular-ramp40s_snr25dB,sub-05,triangular-ramp40s,25,5,40,0.9207317073170732,0.905081868171692
lr_relerror_tpe_pareto,sub-05_FDSI_triangular-ramp40s_snr25dB,sub-05,triangular-ramp40s,25,6,43,0.9339513325608344,0.9176245927810668
lr_relerror_tpe_pareto,sub-05_FDSI_triangular-ramp40s_snr25dB,sub-05,triangular-ramp40s,25,7,36,0.2604735883424408,0.8508273959159851
lr_relerror_tpe_pareto,sub-05_FDSI_triangular-ramp40s_snr25dB,sub-05,triangular-ramp40s,25,8,16,0.9355057705363204,0.9230908751487732
lr_relerror_tpe_pareto,sub-05_FDSI_triangular-ramp40s_snr25dB,sub-05,triangular-ramp40s,25,9,39,0.4714285714285714,0.8636111617088318
lr_relerror_tpe_pareto,sub-05_FDSI_triangular-ramp40s_snr20dB,sub-05,triangular-ramp40s,20,0,43,0.8816091954022989,0.888812243938446
lr_relerror_tpe_pareto,sub-05_FDSI_triangular-ramp40s_snr20dB,sub-05,triangular-ramp40s,20,1,31,0.9214574898785424,0.8812813758850098
lr_relerror_tpe_pareto,sub-05_FDSI_triangular-ramp40s_snr20dB,sub-05,triangular-ramp40s,20,2,44,0.95985401459854,0.9241350889205932
lr_relerror_tpe_pareto,sub-05_FDSI_triangular-ramp40s_snr15dB,sub-05,triangular-ramp40s,15,0,43,0.95,0.9153605699539183
lr_relerror_tpe_pareto,sub-05_FDSI_triangular-ramp40s_snr15dB,sub-05,triangular-ramp40s,15,1,44,0.8231981981981982,0.8836058378219604
lr_relerror_tpe_pareto,sub-05_FDSI_triangular-ramp20s_snr30dB,sub-05,triangular-ramp20s,30,0,44,0.9524969549330086,0.9165069460868835
lr_relerror_tpe_pareto,sub-05_FDSI_triangular-ramp20s_snr30dB,sub-05,triangular-ramp20s,30,1,39,0.5845253576072822,0.8634849190711975
lr_relerror_tpe_pareto,sub-05_FDSI_triangular-ramp20s_snr30dB,sub-05,triangular-ramp20s,30,2,35,0.9144620811287478,0.8886756896972656
lr_relerror_tpe_pareto,sub-05_FDSI_triangular-ramp20s_snr30dB,sub-05,triangular-ramp20s,30,3,36,0.4210139603232917,0.8845939040184021
lr_relerror_tpe_pareto,sub-05_FDSI_triangular-ramp20s_snr30dB,sub-05,triangular-ramp20s,30,4,43,0.985981308411215,0.943600594997406
lr_relerror_tpe_pareto,sub-05_FDSI_triangular-ramp20s_snr30dB,sub-05,triangular-ramp20s,30,5,31,0.9632352941176472,0.9251497387886048
lr_relerror_tpe_pareto,sub-05_FDSI_triangular-ramp20s_snr30dB,sub-05,triangular-ramp20s,30,6,40,0.9357142857142856,0.9221408367156982
lr_relerror_tpe_pareto,sub-05_FDSI_triangular-ramp20s_snr30dB,sub-05,triangular-ramp20s,30,7,34,0.8899398108340498,0.8898515701293945
lr_relerror_tpe_pareto,sub-05_FDSI_triangular-ramp20s_snr30dB,sub-05,triangular-ramp20s,30,8,42,0.6727447216890595,0.8705352544784546
lr_relerror_tpe_pareto,sub-05_FDSI_triangular-ramp20s_snr30dB,sub-05,triangular-ramp20s,30,9,30,0.9464856230031948,0.9215941429138184
lr_relerror_tpe_pareto,sub-05_FDSI_triangular-ramp20s_snr30dB,sub-05,triangular-ramp20s,30,10,41,0.4653846153846154,0.8679888844490051
lr_relerror_tpe_pareto,sub-05_FDSI_triangular-ramp20s_snr30dB,sub-05,triangular-ramp20s,30,11,37,0.3703241895261845,0.8356223702430725
lr_relerror_tpe_pareto,sub-05_FDSI_triangular-ramp20s_snr30dB,sub-05,triangular-ramp20s,30,12,16,0.9708672086720868,0.9355409741401672
lr_relerror_tpe_pareto,sub-05_FDSI_triangular-ramp20s_snr25dB,sub-05,triangular-ramp20s,25,0,44,0.9187878787878788,0.9137184619903564
lr_relerror_tpe_pareto,sub-05_FDSI_triangular-ramp20s_snr25dB,sub-05,triangular-ramp20s,25,1,40,0.1763239875389408,0.8857699632644653
lr_relerror_tpe_pareto,sub-05_FDSI_triangular-ramp20s_snr25dB,sub-05,triangular-ramp20s,25,2,41,0.2623229461756374,0.8219875693321228
lr_relerror_tpe_pareto,sub-05_FDSI_triangular-ramp20s_snr25dB,sub-05,triangular-ramp20s,25,3,30,0.8660855784469097,0.8807515501976013
lr_relerror_tpe_pareto,sub-05_FDSI_triangular-ramp20s_snr25dB,sub-05,triangular-ramp20s,25,4,16,0.942450914014895,0.9154534339904784
lr_relerror_tpe_pareto,sub-05_FDSI_triangular-ramp20s_snr25dB,sub-05,triangular-ramp20s,25,5,43,0.965034965034965,0.9239124655723572
lr_relerror_tpe_pareto,sub-05_FDSI_triangular-ramp20s_snr25dB,sub-05,triangular-ramp20s,25,6,31,0.9275834011391376,0.8885264992713928
lr_relerror_tpe_pareto,sub-05_FDSI_triangular-ramp20s_snr25dB,sub-05,triangular-ramp20s,25,7,34,0.4924585218702866,0.8279369473457336
lr_relerror_tpe_pareto,sub-05_FDSI_triangular-ramp20s_snr25dB,sub-05,triangular-ramp20s,25,8,35,0.8370883882149047,0.8713394403457642
lr_relerror_tpe_pareto,sub-05_FDSI_triangular-ramp20s_snr20dB,sub-05,triangular-ramp20s,20,0,44,0.2810625535561268,0.875072181224823
lr_relerror_tpe_pareto,sub-05_FDSI_triangular-ramp20s_snr20dB,sub-05,triangular-ramp20s,20,1,43,0.8637413394919169,0.8807057738304138
lr_relerror_tpe_pareto,sub-05_FDSI_triangular-ramp20s_snr20dB,sub-05,triangular-ramp20s,20,2,31,0.7813918305597579,0.8533152937889099
lr_relerror_tpe_pareto,sub-05_FDSI_triangular-ramp20s_snr15dB,sub-05,triangular-ramp20s,15,0,44,0.762589928057554,0.8766148090362549
lr_relerror_tpe_pareto,sub-05_FDSI_triangular-ramp20s_snr15dB,sub-05,triangular-ramp20s,15,1,43,0.919674039580908,0.905486226081848
lr_relerror_tpe_pareto,sub-05_FDSI_triangular-ramp10s_snr30dB,sub-05,triangular-ramp10s,30,0,43,0.9802555168408827,0.937215268611908
lr_relerror_tpe_pareto,sub-05_FDSI_triangular-ramp10s_snr30dB,sub-05,triangular-ramp10s,30,1,44,0.9768856447688564,0.9284841418266296
lr_relerror_tpe_pareto,sub-05_FDSI_triangular-ramp10s_snr30dB,sub-05,triangular-ramp10s,30,2,42,0.1337406653088934,0.8990849256515503
lr_relerror_tpe_pareto,sub-05_FDSI_triangular-ramp10s_snr30dB,sub-05,triangular-ramp10s,30,3,30,0.9090909090909092,0.8929136991500854
lr_relerror_tpe_pareto,sub-05_FDSI_triangular-ramp10s_snr30dB,sub-05,triangular-ramp10s,30,4,40,0.8450980392156863,0.8816554546356201
lr_relerror_tpe_pareto,sub-05_FDSI_triangular-ramp10s_snr30dB,sub-05,triangular-ramp10s,30,5,31,0.9008863819500404,0.8965262770652771
lr_relerror_tpe_pareto,sub-05_FDSI_triangular-ramp10s_snr30dB,sub-05,triangular-ramp10s,30,6,36,0.3686797752808989,0.8591985106468201
lr_relerror_tpe_pareto,sub-05_FDSI_triangular-ramp10s_snr30dB,sub-05,triangular-ramp10s,30,7,35,0.7059814658803707,0.878974437713623
lr_relerror_tpe_pareto,sub-05_FDSI_triangular-ramp10s_snr30dB,sub-05,triangular-ramp10s,30,8,34,0.8490893321769297,0.882766604423523
lr_relerror_tpe_pareto,sub-05_FDSI_triangular-ramp10s_snr30dB,sub-05,triangular-ramp10s,30,9,39,0.5607594936708861,0.8674632906913757
lr_relerror_tpe_pareto,sub-05_FDSI_triangular-ramp10s_snr30dB,sub-05,triangular-ramp10s,30,10,41,0.4390243902439024,0.8637858033180237
lr_relerror_tpe_pareto,sub-05_FDSI_triangular-ramp10s_snr30dB,sub-05,triangular-ramp10s,30,11,33,0.2013729977116704,0.8715111017227173
lr_relerror_tpe_pareto,sub-05_FDSI_triangular-ramp10s_snr30dB,sub-05,triangular-ramp10s,30,12,16,0.9700883752549286,0.9328390955924988
lr_relerror_tpe_pareto,sub-05_FDSI_triangular-ramp10s_snr25dB,sub-05,triangular-ramp10s,25,0,43,0.9709639953542392,0.9296791553497314
lr_relerror_tpe_pareto,sub-05_FDSI_triangular-ramp10s_snr25dB,sub-05,triangular-ramp10s,25,1,35,0.7855251544571933,0.8662980794906616
lr_relerror_tpe_pareto,sub-05_FDSI_triangular-ramp10s_snr25dB,sub-05,triangular-ramp10s,25,2,44,0.9493365500603136,0.9145520925521852
lr_relerror_tpe_pareto,sub-05_FDSI_triangular-ramp10s_snr25dB,sub-05,triangular-ramp10s,25,3,30,0.8507936507936508,0.8761430978775024
lr_relerror_tpe_pareto,sub-05_FDSI_triangular-ramp10s_snr25dB,sub-05,triangular-ramp10s,25,4,40,0.7704081632653061,0.8625578880310059
lr_relerror_tpe_pareto,sub-05_FDSI_triangular-ramp10s_snr25dB,sub-05,triangular-ramp10s,25,5,39,0.523719165085389,0.8459621667861938
lr_relerror_tpe_pareto,sub-05_FDSI_triangular-ramp10s_snr25dB,sub-05,triangular-ramp10s,25,6,41,0.167235494880546,0.8764930963516235
lr_relerror_tpe_pareto,sub-05_FDSI_triangular-ramp10s_snr25dB,sub-05,triangular-ramp10s,25,7,31,0.821483771251932,0.8458859324455261
lr_relerror_tpe_pareto,sub-05_FDSI_triangular-ramp10s_snr20dB,sub-05,triangular-ramp10s,20,0,43,0.8803716608594657,0.9033611416816713
lr_relerror_tpe_pareto,sub-05_FDSI_triangular-ramp10s_snr20dB,sub-05,triangular-ramp10s,20,1,44,0.8871733966745843,0.8958703875541687
lr_relerror_tpe_pareto,sub-05_FDSI_triangular-ramp10s_snr20dB,sub-05,triangular-ramp10s,20,2,31,0.7807692307692308,0.8646379113197327
lr_relerror_tpe_pareto,sub-05_FDSI_triangular-ramp10s_snr15dB,sub-05,triangular-ramp10s,15,0,44,0.8301204819277108,0.8901113271713257
lr_relerror_tpe_pareto,sub-05_FDSI_triangular-ramp10s_snr15dB,sub-05,triangular-ramp10s,15,1,43,0.8912037037037037,0.9022732973098756
lr_relerror_tpe_pareto,sub-05_FDSI_triangular-ramp10s_snr15dB,sub-05,triangular-ramp10s,15,2,31,0.587792012057272,0.8491206169128418
lr_relerror_tpe_pareto,sub-05_FDSI_triangular-ramp5s_snr30dB,sub-05,triangular-ramp5s,30,0,44,0.9840881272949816,0.9452865719795228
lr_relerror_tpe_pareto,sub-05_FDSI_triangular-ramp5s_snr30dB,sub-05,triangular-ramp5s,30,1,30,0.7653142402545744,0.9192188382148744
lr_relerror_tpe_pareto,sub-05_FDSI_triangular-ramp5s_snr30dB,sub-05,triangular-ramp5s,30,2,43,0.9812865497076024,0.9376702308654784
lr_relerror_tpe_pareto,sub-05_FDSI_triangular-ramp5s_snr30dB,sub-05,triangular-ramp5s,30,3,41,0.468133535660091,0.8853700757026672
lr_relerror_tpe_pareto,sub-05_FDSI_triangular-ramp5s_snr30dB,sub-05,triangular-ramp5s,30,4,40,0.6740220661985958,0.905543863773346
lr_relerror_tpe_pareto,sub-05_FDSI_triangular-ramp5s_snr30dB,sub-05,triangular-ramp5s,30,5,36,0.3791250959324635,0.8844995498657227
lr_relerror_tpe_pareto,sub-05_FDSI_triangular-ramp5s_snr30dB,sub-05,triangular-ramp5s,30,6,35,0.4623188405797101,0.866321861743927
lr_relerror_tpe_pareto,sub-05_FDSI_triangular-ramp5s_snr30dB,sub-05,triangular-ramp5s,30,7,34,0.4316271963330786,0.885650634765625
lr_relerror_tpe_pareto,sub-05_FDSI_triangular-ramp5s_snr30dB,sub-05,triangular-ramp5s,30,8,42,0.1092783505154639,0.9030495285987854
lr_relerror_tpe_pareto,sub-05_FDSI_triangular-ramp5s_snr30dB,sub-05,triangular-ramp5s,30,9,31,0.875801282051282,0.9157020449638368
lr_relerror_tpe_pareto,sub-05_FDSI_triangular-ramp5s_snr30dB,sub-05,triangular-ramp5s,30,10,39,0.4723740133576199,0.8726986646652222
lr_relerror_tpe_pareto,sub-05_FDSI_triangular-ramp5s_snr30dB,sub-05,triangular-ramp5s,30,11,16,0.949965729952022,0.9294223785400392
lr_relerror_tpe_pareto,sub-05_FDSI_triangular-ramp5s_snr30dB,sub-05,triangular-ramp5s,30,12,29,0.2034632034632034,0.8515957593917847
lr_relerror_tpe_pareto,sub-05_FDSI_triangular-ramp5s_snr25dB,sub-05,triangular-ramp5s,25,0,44,0.9693627450980392,0.9404417872428894
lr_relerror_tpe_pareto,sub-05_FDSI_triangular-ramp5s_snr25dB,sub-05,triangular-ramp5s,25,1,43,0.9637426900584796,0.9253463745117188
lr_relerror_tpe_pareto,sub-05_FDSI_triangular-ramp5s_snr25dB,sub-05,triangular-ramp5s,25,2,30,0.6987281399046105,0.8995465636253357
lr_relerror_tpe_pareto,sub-05_FDSI_triangular-ramp5s_snr25dB,sub-05,triangular-ramp5s,25,3,41,0.2434292866082603,0.8641462326049805
lr_relerror_tpe_pareto,sub-05_FDSI_triangular-ramp5s_snr25dB,sub-05,triangular-ramp5s,25,4,40,0.6479438314944834,0.8784139752388
lr_relerror_tpe_pareto,sub-05_FDSI_triangular-ramp5s_snr25dB,sub-05,triangular-ramp5s,25,5,42,0.0879432624113475,0.8933216333389282
lr_relerror_tpe_pareto,sub-05_FDSI_triangular-ramp5s_snr25dB,sub-05,triangular-ramp5s,25,6,16,0.9021218343600274,0.9081724882125854
lr_relerror_tpe_pareto,sub-05_FDSI_triangular-ramp5s_snr25dB,sub-05,triangular-ramp5s,25,7,31,0.7192704203013481,0.8898892402648926
lr_relerror_tpe_pareto,sub-05_FDSI_triangular-ramp5s_snr25dB,sub-05,triangular-ramp5s,25,8,36,0.4410339256865913,0.881698489189148
lr_relerror_tpe_pareto,sub-05_FDSI_triangular-ramp5s_snr25dB,sub-05,triangular-ramp5s,25,9,35,0.6155202821869489,0.9148619771003724
lr_relerror_tpe_pareto,sub-05_FDSI_triangular-ramp5s_snr20dB,sub-05,triangular-ramp5s,20,0,44,0.8602941176470589,0.9173089265823364
lr_relerror_tpe_pareto,sub-05_FDSI_triangular-ramp5s_snr20dB,sub-05,triangular-ramp5s,20,1,31,0.6993464052287581,0.849536657333374
lr_relerror_tpe_pareto,sub-05_FDSI_triangular-ramp5s_snr20dB,sub-05,triangular-ramp5s,20,2,43,0.5076023391812865,0.8744495511054993
lr_relerror_tpe_pareto,sub-05_FDSI_triangular-ramp5s_snr20dB,sub-05,triangular-ramp5s,20,3,41,0.3624358033749082,0.8277483582496643
lr_relerror_tpe_pareto,sub-05_FDSI_triangular-ramp5s_snr15dB,sub-05,triangular-ramp5s,15,0,43,0.6569428238039673,0.8835827112197876
lr_relerror_tpe_pareto,sub-05_FDSI_triangular-ramp5s_snr15dB,sub-05,triangular-ramp5s,15,1,44,0.3802242609582059,0.8776791095733643
lr_relerror_tpe_roa,sub-01_FDSI_staircase_snr30dB,sub-01,staircase,30,0,28,0.9981818181818182,0.9464935064315796
lr_relerror_tpe_roa,sub-01_FDSI_staircase_snr30dB,sub-01,staircase,30,1,38,0.9938434476693052,0.9730409979820251
lr_relerror_tpe_roa,sub-01_FDSI_staircase_snr30dB,sub-01,staircase,30,2,7,0.9394081728511038,0.8993054628372192
lr_relerror_tpe_roa,sub-01_FDSI_staircase_snr30dB,sub-01,staircase,30,3,37,0.978494623655914,0.8898590803146362
lr_relerror_tpe_roa,sub-01_FDSI_staircase_snr30dB,sub-01,staircase,30,4,31,0.9601046435578808,0.8727548718452454
lr_relerror_tpe_roa,sub-01_FDSI_staircase_snr30dB,sub-01,staircase,30,5,35,0.949812734082397,0.864560604095459
lr_relerror_tpe_roa,sub-01_FDSI_staircase_snr30dB,sub-01,staircase,30,6,34,0.9949238578680204,0.9326788187026978
lr_relerror_tpe_roa,sub-01_FDSI_staircase_snr30dB,sub-01,staircase,30,7,30,0.9923664122137404,0.9455992579460144
lr_relerror_tpe_roa,sub-01_FDSI_staircase_snr30dB,sub-01,staircase,30,8,36,0.993660855784469,0.9577412009239196
lr_relerror_tpe_roa,sub-01_FDSI_staircase_snr30dB,sub-01,staircase,30,9,32,0.9946127946127946,0.9514713287353516
lr_relerror_tpe_roa,sub-01_FDSI_staircase_snr30dB,sub-01,staircase,30,10,24,0.9412090959511924,0.8861187696456909
lr_relerror_tpe_roa,sub-01_FDSI_staircase_snr30dB,sub-01,staircase,30,11,22,0.9534632034632036,0.9013789296150208
lr_relerror_tpe_roa,sub-01_FDSI_staircase_snr30dB,sub-01,staircase,30,12,33,0.988111888111888,0.9341222643852234
lr_relerror_tpe_roa,sub-01_FDSI_staircase_snr30dB,sub-01,staircase,30,13,29,0.9387755102040816,0.891156017780304
lr_relerror_tpe_roa,sub-01_FDSI_staircase_snr25dB,sub-01,staircase,25,0,28,0.9981818181818182,0.9564089179039
lr_relerror_tpe_roa,sub-01_FDSI_staircase_snr25dB,sub-01,staircase,25,1,38,0.9938434476693052,0.9574049711227416
lr_relerror_tpe_roa,sub-01_FDSI_staircase_snr25dB,sub-01,staircase,25,2,37,0.9686209744013212,0.8533825278282166
lr_relerror_tpe_roa,sub-01_FDSI_staircase_snr25dB,sub-01,staircase,25,3,31,0.2526690391459075,0.9092817306518556
lr_relerror_tpe_roa,sub-01_FDSI_staircase_snr25dB,sub-01,staircase,25,4,24,0.9595119245701608,0.9061244130134584
lr_relerror_tpe_roa,sub-01_FDSI_staircase_snr25dB,sub-01,staircase,25,5,32,0.9912457912457912,0.9182196259498596
lr_relerror_tpe_roa,sub-01_FDSI_staircase_snr25dB,sub-01,staircase,25,6,34,0.986231884057971,0.8888849020004272
lr_relerror_tpe_roa,sub-01_FDSI_staircase_snr25dB,sub-01,staircase,25,7,30,0.951048951048951,0.869398832321167
lr_relerror_tpe_roa,sub-01_FDSI_staircase_snr25dB,sub-01,staircase,25,8,36,0.9920760697305864,0.9566044211387634
lr_relerror_tpe_roa,sub-01_FDSI_staircase_snr25dB,sub-01,staircase,25,9,33,0.635894495412844,0.8554778695106506
lr_relerror_tpe_roa,sub-01_FDSI_staircase_snr25dB,sub-01,staircase,25,10,35,0.972263868065967,0.9184852838516236
lr_relerror_tpe_roa,sub-01_FDSI_staircase_snr20dB,sub-01,staircase,20,0,28,0.9981818181818182,0.95453542470932
lr_relerror_tpe_roa,sub-01_FDSI_staircase_snr20dB,sub-01,staircase,20,1,38,0.992084432717678,0.946211040019989
lr_relerror_tpe_roa,sub-01_FDSI_staircase_snr20dB,sub-01,staircase,20,2,37,0.9322873658133772,0.8688245415687561
lr_relerror_tpe_roa,sub-01_FDSI_staircase_snr20dB,sub-01,staircase,20,3,36,0.9730586370839936,0.902439832687378
lr_relerror_tpe_roa,sub-01_FDSI_staircase_snr20dB,sub-01,staircase,20,4,34,0.963924963924964,0.8643172979354858
lr_relerror_tpe_roa,sub-01_FDSI_staircase_snr20dB,sub-01,staircase,20,5,32,0.991919191919192,0.9232828617095948
lr_relerror_tpe_roa,sub-01_FDSI_staircase_snr15dB,sub-01,staircase,15,0,28,0.996969696969697,0.9544978141784668
lr_relerror_tpe_roa,sub-01_FDSI_staircase_snr15dB,sub-01,staircase,15,1,38,0.9762532981530344,0.8959463834762573
lr_relerror_tpe_roa,sub-01_FDSI_staircase_snr15dB,sub-01,staircase,15,2,36,0.9698890649762282,0.8884006142616272
lr_relerror_tpe_roa,sub-01_FDSI_staircase_snr15dB,sub-01,staircase,15,3,34,0.8655988857938719,0.782570481300354
lr_relerror_tpe_roa,sub-01_FDSI_staircase_snr15dB,sub-01,staircase,15,4,32,0.952956989247312,0.8878893852233887
lr_relerror_tpe_roa,sub-01_FDSI_triangular-ramp40s_snr30dB,sub-01,triangular-ramp40s,30,0,-1,0.9949494949494948,0.9437603950500488
lr_relerror_tpe_roa,sub-01_FDSI_triangular-ramp40s_snr30dB,sub-01,triangular-ramp40s,30,1,-1,0.9915254237288136,0.921834409236908
lr_relerror_tpe_roa,sub-01_FDSI_triangular-ramp40s_snr30dB,sub-01,triangular-ramp40s,30,2,-1,0.993857493857494,0.9752066731452942
lr_relerror_tpe_roa,sub-01_FDSI_triangular-ramp40s_snr30dB,sub-01,triangular-ramp40s,30,3,-1,0.951219512195122,0.8198321461677551
lr_relerror_tpe_roa,sub-01_FDSI_triangular-ramp40s_snr30dB,sub-01,triangular-ramp40s,30,4,-1,0.8840579710144928,0.846183180809021
lr_relerror_tpe_roa,sub-01_FDSI_triangular-ramp40s_snr30dB,sub-01,triangular-ramp40s,30,5,-1,0.9887410440122824,0.9248270988464355
lr_relerror_tpe_roa,sub-01_FDSI_triangular-ramp40s_snr30dB,sub-01,triangular-ramp40s,30,6,-1,0.9933847850055126,0.9555410742759703
lr_relerror_tpe_roa,sub-01_FDSI_triangular-ramp40s_snr30dB,sub-01,triangular-ramp40s,30,7,-1,0.987279843444227,0.9214441180229188
lr_relerror_tpe_roa,sub-01_FDSI_triangular-ramp40s_snr30dB,sub-01,triangular-ramp40s,30,8,-1,0.9938434476693052,0.9474501609802246
lr_relerror_tpe_roa,sub-01_FDSI_triangular-ramp40s_snr30dB,sub-01,triangular-ramp40s,30,9,-1,0.8808900523560209,0.8691666722297668
lr_relerror_tpe_roa,sub-01_FDSI_triangular-ramp40s_snr30dB,sub-01,triangular-ramp40s,30,10,-1,0.261101243339254,0.9217125773429872
lr_relerror_tpe_roa,sub-01_FDSI_triangular-ramp40s_snr30dB,sub-01,triangular-ramp40s,30,11,-1,0.977293369663942,0.9000152349472046
lr_relerror_tpe_roa,sub-01_FDSI_triangular-ramp40s_snr30dB,sub-01,triangular-ramp40s,30,12,-1,0.9172259507829976,0.8737797141075134
lr_relerror_tpe_roa,sub-01_FDSI_triangular-ramp40s_snr30dB,sub-01,triangular-ramp40s,30,13,-1,0.9579439252336448,0.8860569596290588
lr_relerror_tpe_roa,sub-01_FDSI_triangular-ramp40s_snr25dB,sub-01,triangular-ramp40s,25,0,28,0.9949494949494948,0.9466699957847596
lr_relerror_tpe_roa,sub-01_FDSI_triangular-ramp40s_snr25dB,sub-01,triangular-ramp40s,25,1,32,0.9708372530573848,0.8774445056915283
lr_relerror_tpe_roa,sub-01_FDSI_triangular-ramp40s_snr25dB,sub-01,triangular-ramp40s,25,2,38,0.984029484029484,0.868552565574646
lr_relerror_tpe_roa,sub-01_FDSI_triangular-ramp40s_snr25dB,sub-01,triangular-ramp40s,25,3,37,0.9221835075493612,0.7894787788391113
lr_relerror_tpe_roa,sub-01_FDSI_triangular-ramp40s_snr25dB,sub-01,triangular-ramp40s,25,4,24,0.9330218068535826,0.8566615581512451
lr_relerror_tpe_roa,sub-01_FDSI_triangular-ramp40s_snr25dB,sub-01,triangular-ramp40s,25,5,34,0.9816700610997964,0.8848906755447388
lr_relerror_tpe_roa,sub-01_FDSI_triangular-ramp40s_snr25dB,sub-01,triangular-ramp40s,25,6,36,0.9911797133406836,0.9511436223983764
lr_relerror_tpe_roa,sub-01_FDSI_triangular-ramp40s_snr25dB,sub-01,triangular-ramp40s,25,7,29,0.2491166077738515,0.9156556725502014
lr_relerror_tpe_roa,sub-01_FDSI_triangular-ramp40s_snr25dB,sub-01,triangular-ramp40s,25,8,30,0.9815303430079156,0.9193179607391356
lr_relerror_tpe_roa,sub-01_FDSI_triangular-ramp40s_snr25dB,sub-01,triangular-ramp40s,25,9,35,0.8927835051546392,0.8529218435287476
lr_relerror_tpe_roa,sub-01_FDSI_triangular-ramp40s_snr25dB,sub-01,triangular-ramp40s,25,10,31,0.2521847690387016,0.8822435140609741
lr_relerror_tpe_roa,sub-01_FDSI_triangular-ramp40s_snr25dB,sub-01,triangular-ramp40s,25,11,33,0.5928286852589641,0.8494279980659485
lr_relerror_tpe_roa,sub-01_FDSI_triangular-ramp40s_snr20dB,sub-01,triangular-ramp40s,20,0,28,0.9949494949494948,0.9564844965934752
lr_relerror_tpe_roa,sub-01_FDSI_triangular-ramp40s_snr20dB,sub-01,triangular-ramp40s,20,1,32,0.9830508474576272,0.9090642929077148
lr_relerror_tpe_roa,sub-01_FDSI_triangular-ramp40s_snr20dB,sub-01,triangular-ramp40s,20,2,38,0.9889434889434888,0.9561758041381836
lr_relerror_tpe_roa,sub-01_FDSI_triangular-ramp40s_snr20dB,sub-01,triangular-ramp40s,20,3,35,0.2835931700074239,0.8203449845314026
lr_relerror_tpe_roa,sub-01_FDSI_triangular-ramp40s_snr20dB,sub-01,triangular-ramp40s,20,4,36,0.98787210584344,0.9236090183258056
lr_relerror_tpe_roa,sub-01_FDSI_triangular-ramp40s_snr20dB,sub-01,triangular-ramp40s,20,5,34,0.9420731707317072,0.8496598601341248
lr_relerror_tpe_roa,sub-01_FDSI_triangular-ramp40s_snr20dB,sub-01,triangular-ramp40s,20,6,37,0.9500580720092916,0.8447949886322021
lr_relerror_tpe_roa,sub-01_FDSI_triangular-ramp40s_snr15dB,sub-01,triangular-ramp40s,15,0,28,0.9957912457912458,0.9652224779129028
lr_relerror_tpe_roa,sub-01_FDSI_triangular-ramp40s_snr15dB,sub-01,triangular-ramp40s,15,1,38,0.9828220858895704,0.921395480632782
lr_relerror_tpe_roa,sub-01_FDSI_triangular-ramp40s_snr15dB,sub-01,triangular-ramp40s,15,2,34,0.8286778398510242,0.8292288780212402
lr_relerror_tpe_roa,sub-01_FDSI_triangular-ramp40s_snr15dB,sub-01,triangular-ramp40s,15,3,36,0.960308710033076,0.8899794816970825
lr_relerror_tpe_roa,sub-01_FDSI_triangular-ramp20s_snr30dB,sub-01,triangular-ramp20s,30,0,38,0.9913473423980222,0.9391889572143556
lr_relerror_tpe_roa,sub-01_FDSI_triangular-ramp20s_snr30dB,sub-01,triangular-ramp20s,30,1,37,0.9827784156142364,0.8754741549491882
lr_relerror_tpe_roa,sub-01_FDSI_triangular-ramp20s_snr30dB,sub-01,triangular-ramp20s,30,2,33,0.9735553379040156,0.86031574010849
lr_relerror_tpe_roa,sub-01_FDSI_triangular-ramp20s_snr30dB,sub-01,triangular-ramp20s,30,3,32,0.9934086629001884,0.9346610903739928
lr_relerror_tpe_roa,sub-01_FDSI_triangular-ramp20s_snr30dB,sub-01,triangular-ramp20s,30,4,28,0.9958471760797342,0.936025321483612
lr_relerror_tpe_roa,sub-01_FDSI_triangular-ramp20s_snr30dB,sub-01,triangular-ramp20s,30,5,35,0.9582463465553236,0.8668012022972107
lr_relerror_tpe_roa,sub-01_FDSI_triangular-ramp20s_snr30dB,sub-01,triangular-ramp20s,30,6,34,0.9898580121703854,0.8742339611053467
lr_relerror_tpe_roa,sub-01_FDSI_triangular-ramp20s_snr30dB,sub-01,triangular-ramp20s,30,7,24,0.9689681923972072,0.8754400014877319
lr_relerror_tpe_roa,sub-01_FDSI_triangular-ramp20s_snr30dB,sub-01,triangular-ramp20s,30,8,31,0.1449108683151236,0.9043248295783995
lr_relerror_tpe_roa,sub-01_FDSI_triangular-ramp20s_snr30dB,sub-01,triangular-ramp20s,30,9,29,0.1414581066376496,0.9245624542236328
lr_relerror_tpe_roa,sub-01_FDSI_triangular-ramp20s_snr30dB,sub-01,triangular-ramp20s,30,10,36,0.9934138309549944,0.9438440203666688
lr_relerror_tpe_roa,sub-01_FDSI_triangular-ramp20s_snr30dB,sub-01,triangular-ramp20s,30,11,13,0.8538565629228687,0.8013432025909424
lr_relerror_tpe_roa,sub-01_FDSI_triangular-ramp20s_snr30dB,sub-01,triangular-ramp20s,30,12,30,0.99288256227758,0.8901557922363281
lr_relerror_tpe_roa,sub-01_FDSI_triangular-ramp20s_snr30dB,sub-01,triangular-ramp20s,30,13,22,0.925595238095238,0.8491755723953247
lr_relerror_tpe_roa,sub-01_FDSI_triangular-ramp20s_snr25dB,sub-01,triangular-ramp20s,25,0,38,0.9913473423980222,0.9377219080924988
lr_relerror_tpe_roa,sub-01_FDSI_triangular-ramp20s_snr25dB,sub-01,triangular-ramp20s,25,1,28,0.9966777408637874,0.9351715445518494
lr_relerror_tpe_roa,sub-01_FDSI_triangular-ramp20s_snr25dB,sub-01,triangular-ramp20s,25,2,34,0.9757085020242916,0.8585881590843201
lr_relerror_tpe_roa,sub-01_FDSI_triangular-ramp20s_snr25dB,sub-01,triangular-ramp20s,25,3,35,0.8788187372708758,0.8243801593780518
lr_relerror_tpe_roa,sub-01_FDSI_triangular-ramp20s_snr25dB,sub-01,triangular-ramp20s,25,4,32,0.9793038570084666,0.893684446811676
lr_relerror_tpe_roa,sub-01_FDSI_triangular-ramp20s_snr25dB,sub-01,triangular-ramp20s,25,5,30,0.625748502994012,0.7597686052322388
lr_relerror_tpe_roa,sub-01_FDSI_triangular-ramp20s_snr25dB,sub-01,triangular-ramp20s,25,6,37,0.6281464530892449,0.7768950462341309
lr_relerror_tpe_roa,sub-01_FDSI_triangular-ramp20s_snr25dB,sub-01,triangular-ramp20s,25,7,36,0.9835345773874864,0.9110476970672609
lr_relerror_tpe_roa,sub-01_FDSI_triangular-ramp20s_snr25dB,sub-01,triangular-ramp20s,25,8,33,0.0775908844275637,0.8550938963890076
lr_relerror_tpe_roa,sub-01_FDSI_triangular-ramp20s_snr25dB,sub-01,triangular-ramp20s,25,9,31,0.1771929824561403,0.8671435117721558
lr_relerror_tpe_roa,sub-01_FDSI_triangular-ramp20s_snr25dB,sub-01,triangular-ramp20s,25,10,24,0.9,0.8515421748161316
lr_relerror_tpe_roa,sub-01_FDSI_triangular-ramp20s_snr20dB,sub-01,triangular-ramp20s,20,0,38,0.9876390605686032,0.9106078147888184
lr_relerror_tpe_roa,sub-01_FDSI_triangular-ramp20s_snr20dB,sub-01,triangular-ramp20s,20,1,32,0.9699248120300752,0.8954406976699829
lr_relerror_tpe_roa,sub-01_FDSI_triangular-ramp20s_snr20dB,sub-01,triangular-ramp20s,20,2,28,0.9966777408637874,0.9331177473068236
lr_relerror_tpe_roa,sub-01_FDSI_triangular-ramp20s_snr20dB,sub-01,triangular-ramp20s,20,3,36,0.9758507135016464,0.8857409954071045
lr_relerror_tpe_roa,sub-01_FDSI_triangular-ramp20s_snr20dB,sub-01,triangular-ramp20s,20,4,34,0.8952569169960475,0.8120458126068115
lr_relerror_tpe_roa,sub-01_FDSI_triangular-ramp20s_snr15dB,sub-01,triangular-ramp20s,15,0,28,0.9975083056478404,0.9514896273612976
lr_relerror_tpe_roa,sub-01_FDSI_triangular-ramp20s_snr15dB,sub-01,triangular-ramp20s,15,1,38,0.9505562422744128,0.8439289927482605
lr_relerror_tpe_roa,sub-01_FDSI_triangular-ramp20s_snr15dB,sub-01,triangular-ramp20s,15,2,32,0.1660516605166051,0.8842847943305969
lr_relerror_tpe_roa,sub-01_FDSI_triangular-ramp20s_snr15dB,sub-01,triangular-ramp20s,15,3,36,0.9319429198682766,0.8733786940574646
lr_relerror_tpe_roa,sub-01_FDSI_triangular-ramp10s_snr30dB,sub-01,triangular-ramp10s,30,0,-1,0.8505516549648947,0.814387857913971
lr_relerror_tpe_roa,sub-01_FDSI_triangular-ramp10s_snr30dB,sub-01,triangular-ramp10s,30,1,-1,0.5776754890678941,0.8369370698928833
lr_relerror_tpe_roa,sub-01_FDSI_triangular-ramp10s_snr30dB,sub-01,triangular-ramp10s,30,2,-1,0.9541547277936964,0.8224289417266846
lr_relerror_tpe_roa,sub-01_FDSI_triangular-ramp10s_snr30dB,sub-01,triangular-ramp10s,30,3,-1,0.992436974789916,0.8931586742401123
lr_relerror_tpe_roa,sub-01_FDSI_triangular-ramp10s_snr30dB,sub-01,triangular-ramp10s,30,4,-1,0.1009924109748978,0.9076703786849976
lr_relerror_tpe_roa,sub-01_FDSI_triangular-ramp10s_snr30dB,sub-01,triangular-ramp10s,30,5,-1,0.0893546607832322,0.9237285256385804
lr_relerror_tpe_roa,sub-01_FDSI_triangular-ramp10s_snr30dB,sub-01,triangular-ramp10s,30,6,-1,0.9804639804639804,0.8971262574195862
lr_relerror_tpe_roa,sub-01_FDSI_triangular-ramp10s_snr30dB,sub-01,triangular-ramp10s,30,7,-1,0.9686847599164928,0.8512561917304993
lr_relerror_tpe_roa,sub-01_FDSI_triangular-ramp10s_snr30dB,sub-01,triangular-ramp10s,30,8,-1,0.890357698289269,0.8532035946846008
lr_relerror_tpe_roa,sub-01_FDSI_triangular-ramp10s_snr30dB,sub-01,triangular-ramp10s,30,9,-1,0.412568306010929,0.8451502919197083
lr_relerror_tpe_roa,sub-01_FDSI_triangular-ramp10s_snr30dB,sub-01,triangular-ramp10s,30,10,-1,0.992239467849224,0.9258873462677002
lr_relerror_tpe_roa,sub-01_FDSI_triangular-ramp10s_snr30dB,sub-01,triangular-ramp10s,30,11,-1,0.0747516989022477,0.9168941378593444
lr_relerror_tpe_roa,sub-01_FDSI_triangular-ramp10s_snr30dB,sub-01,triangular-ramp10s,30,12,-1,0.7470059880239521,0.8175337314605713
lr_relerror_tpe_roa,sub-01_FDSI_triangular-ramp10s_snr25dB,sub-01,triangular-ramp10s,25,0,34,0.7544910179640718,0.7891796231269836
lr_relerror_tpe_roa,sub-01_FDSI_triangular-ramp10s_snr25dB,sub-01,triangular-ramp10s,25,1,28,0.9789915966386554,0.9062399864196776
lr_relerror_tpe_roa,sub-01_FDSI_triangular-ramp10s_snr25dB,sub-01,triangular-ramp10s,25,2,38,0.9230769230769232,0.85238116979599
lr_relerror_tpe_roa,sub-01_FDSI_triangular-ramp10s_snr25dB,sub-01,triangular-ramp10s,25,3,36,0.9312638580931264,0.8455591797828674
lr_relerror_tpe_roa,sub-01_FDSI_triangular-ramp10s_snr25dB,sub-01,triangular-ramp10s,25,4,32,0.9793621013133208,0.8849406838417053
lr_relerror_tpe_roa,sub-01_FDSI_triangular-ramp10s_snr25dB,sub-01,triangular-ramp10s,25,5,30,0.0733634311512415,0.8985053300857544
lr_relerror_tpe_roa,sub-01_FDSI_triangular-ramp10s_snr25dB,sub-01,triangular-ramp10s,25,6,35,0.0711354309165526,0.7789356708526611
lr_relerror_tpe_roa,sub-01_FDSI_triangular-ramp10s_snr25dB,sub-01,triangular-ramp10s,25,7,33,0.0653996646171045,0.9202126264572144
lr_relerror_tpe_roa,sub-01_FDSI_triangular-ramp10s_snr25dB,sub-01,triangular-ramp10s,25,8,31,0.3962264150943396,0.8195785284042358
lr_relerror_tpe_roa,sub-01_FDSI_triangular-ramp10s_snr25dB,sub-01,triangular-ramp10s,25,9,37,0.3660205245153934,0.7792128324508667
lr_relerror_tpe_roa,sub-01_FDSI_triangular-ramp10s_snr25dB,sub-01,triangular-ramp10s,25,10,24,0.8096348096348096,0.8511960506439209
lr_relerror_tpe_roa,sub-01_FDSI_triangular-ramp10s_snr20dB,sub-01,triangular-ramp10s,20,0,34,0.0842696629213483,0.93373703956604
lr_relerror_tpe_roa,sub-01_FDSI_triangular-ramp10s_snr20dB,sub-01,triangular-ramp10s,20,1,30,0.0583283223090799,0.8932478427886963
lr_relerror_tpe_roa,sub-01_FDSI_triangular-ramp10s_snr20dB,sub-01,triangular-ramp10s,20,2,28,0.9369747899159664,0.8867323398590088
lr_relerror_tpe_roa,sub-01_FDSI_triangular-ramp10s_snr20dB,sub-01,triangular-ramp10s,20,3,36,0.6651884700665188,0.8247376680374146
lr_relerror_tpe_roa,sub-01_FDSI_triangular-ramp10s_snr20dB,sub-01,triangular-ramp10s,20,4,32,0.2540822991508817,0.8890224695205688
lr_relerror_tpe_roa,sub-01_FDSI_triangular-ramp10s_snr20dB,sub-01,triangular-ramp10s,20,5,38,0.1037851037851037,0.8803356289863586
lr_relerror_tpe_roa,sub-01_FDSI_triangular-ramp10s_snr20dB,sub-01,triangular-ramp10s,20,6,35,0.0641803989592367,0.6605824828147888
lr_relerror_tpe_roa,sub-01_FDSI_triangular-ramp10s_snr20dB,sub-01,triangular-ramp10s,20,7,37,0.1030595813204508,0.8743215203285217
lr_relerror_tpe_roa,sub-01_FDSI_triangular-ramp10s_snr15dB,sub-01,triangular-ramp10s,15,0,28,0.9941176470588236,0.929958701133728
lr_relerror_tpe_roa,sub-01_FDSI_triangular-ramp10s_snr15dB,sub-01,triangular-ramp10s,15,1,36,0.4258849557522124,0.7939801216125488
lr_relerror_tpe_roa,sub-01_FDSI_triangular-ramp10s_snr15dB,sub-01,triangular-ramp10s,15,2,38,0.3768292682926829,0.8453859090805054
lr_relerror_tpe_roa,sub-01_FDSI_triangular-ramp10s_snr15dB,sub-01,triangular-ramp10s,15,3,34,0.0743801652892562,0.9331610798835754
lr_relerror_tpe_roa,sub-01_FDSI_triangular-ramp5s_snr30dB,sub-01,triangular-ramp5s,30,0,-1,0.0635220125786163,0.9165218472480774
lr_relerror_tpe_roa,sub-01_FDSI_triangular-ramp5s_snr30dB,sub-01,triangular-ramp5s,30,1,-1,0.9845814977973568,0.9041867256164552
lr_relerror_tpe_roa,sub-01_FDSI_triangular-ramp5s_snr30dB,sub-01,triangular-ramp5s,30,2,-1,0.992436974789916,0.908021092414856
lr_relerror_tpe_roa,sub-01_FDSI_triangular-ramp5s_snr30dB,sub-01,triangular-ramp5s,30,3,-1,0.0654692931633835,0.9305838942527772
lr_relerror_tpe_roa,sub-01_FDSI_triangular-ramp5s_snr30dB,sub-01,triangular-ramp5s,30,4,-1,0.7123456790123457,0.90865957736969
lr_relerror_tpe_roa,sub-01_FDSI_triangular-ramp5s_snr30dB,sub-01,triangular-ramp5s,30,5,-1,0.7898022892819979,0.8695116639137268
lr_relerror_tpe_roa,sub-01_FDSI_triangular-ramp5s_snr30dB,sub-01,triangular-ramp5s,30,6,-1,0.5789473684210527,0.905447781085968
lr_relerror_tpe_roa,sub-01_FDSI_triangular-ramp5s_snr30dB,sub-01,triangular-ramp5s,30,7,-1,0.3870503597122302,0.8560024499893188
lr_relerror_tpe_roa,sub-01_FDSI_triangular-ramp5s_snr30dB,sub-01,triangular-ramp5s,30,8,-1,0.5009784735812133,0.8881593346595764
lr_relerror_tpe_roa,sub-01_FDSI_triangular-ramp5s_snr30dB,sub-01,triangular-ramp5s,30,9,-1,0.6674391657010429,0.8704696297645569
lr_relerror_tpe_roa,sub-01_FDSI_triangular-ramp5s_snr30dB,sub-01,triangular-ramp5s,30,10,-1,0.7748650732459522,0.8878159523010254
lr_relerror_tpe_roa,sub-01_FDSI_triangular-ramp5s_snr30dB,sub-01,triangular-ramp5s,30,11,-1,0.6339285714285714,0.8511858582496643
lr_relerror_tpe_roa,sub-01_FDSI_triangular-ramp5s_snr30dB,sub-01,triangular-ramp5s,30,12,-1,0.066557555919258,0.9407135248184204
lr_relerror_tpe_roa,sub-01_FDSI_triangular-ramp5s_snr30dB,sub-01,triangular-ramp5s,30,13,-1,0.3215169002473207,0.7688134908676147
lr_relerror_tpe_roa,sub-01_FDSI_triangular-ramp5s_snr25dB,sub-01,triangular-ramp5s,25,0,36,0.9515418502202644,0.8900447487831116
lr_relerror_tpe_roa,sub-01_FDSI_triangular-ramp5s_snr25dB,sub-01,triangular-ramp5s,25,1,32,0.7354596622889306,0.8824090361595154
lr_relerror_tpe_roa,sub-01_FDSI_triangular-ramp5s_snr25dB,sub-01,triangular-ramp5s,25,2,28,0.9739495798319328,0.8805545568466187
lr_relerror_tpe_roa,sub-01_FDSI_triangular-ramp5s_snr25dB,sub-01,triangular-ramp5s,25,3,30,0.0698795180722891,0.9116349816322328
lr_relerror_tpe_roa,sub-01_FDSI_triangular-ramp5s_snr25dB,sub-01,triangular-ramp5s,25,4,38,0.6843403205918619,0.8316982984542847
lr_relerror_tpe_roa,sub-01_FDSI_triangular-ramp5s_snr25dB,sub-01,triangular-ramp5s,25,5,37,0.1949685534591195,0.7912331819534302
lr_relerror_tpe_roa,sub-01_FDSI_triangular-ramp5s_snr25dB,sub-01,triangular-ramp5s,25,6,35,0.5898760330578512,0.8027239441871643
lr_relerror_tpe_roa,sub-01_FDSI_triangular-ramp5s_snr25dB,sub-01,triangular-ramp5s,25,7,24,0.0715883668903803,0.9417675733566284
lr_relerror_tpe_roa,sub-01_FDSI_triangular-ramp5s_snr25dB,sub-01,triangular-ramp5s,25,8,34,0.6082995951417004,0.8593164682388306
lr_relerror_tpe_roa,sub-01_FDSI_triangular-ramp5s_snr25dB,sub-01,triangular-ramp5s,25,9,33,0.4429065743944637,0.8062475919723511
lr_relerror_tpe_roa,sub-01_FDSI_triangular-ramp5s_snr20dB,sub-01,triangular-ramp5s,20,0,32,0.7058823529411765,0.8603935837745667
lr_relerror_tpe_roa,sub-01_FDSI_triangular-ramp5s_snr20dB,sub-01,triangular-ramp5s,20,1,28,0.984033613445378,0.882976233959198
lr_relerror_tpe_roa,sub-01_FDSI_triangular-ramp5s_snr20dB,sub-01,triangular-ramp5s,20,2,38,0.837037037037037,0.8562901616096497
lr_relerror_tpe_roa,sub-01_FDSI_triangular-ramp5s_snr20dB,sub-01,triangular-ramp5s,20,3,36,0.4361233480176211,0.8550838232040405
lr_relerror_tpe_roa,sub-01_FDSI_triangular-ramp5s_snr20dB,sub-01,triangular-ramp5s,20,4,37,0.2125279642058165,0.7265324592590332
lr_relerror_tpe_roa,sub-01_FDSI_triangular-ramp5s_snr20dB,sub-01,triangular-ramp5s,20,5,34,0.5490394337714863,0.8508160710334778
lr_relerror_tpe_roa,sub-01_FDSI_triangular-ramp5s_snr15dB,sub-01,triangular-ramp5s,15,0,32,0.6234967622571693,0.7885563373565674
lr_relerror_tpe_roa,sub-01_FDSI_triangular-ramp5s_snr15dB,sub-01,triangular-ramp5s,15,1,28,0.9882352941176472,0.8814218640327454
lr_relerror_tpe_roa,sub-01_FDSI_triangular-ramp5s_snr15dB,sub-01,triangular-ramp5s,15,2,38,0.5345679012345679,0.8906453251838684
lr_relerror_tpe_roa,sub-01_FDSI_triangular-ramp5s_snr15dB,sub-01,triangular-ramp5s,15,3,36,0.4125412541254125,0.8031578063964844
lr_relerror_tpe_roa,sub-02_FDSI_staircase_snr30dB,sub-02,staircase,30,0,30,0.993482983345402,0.9664998650550842
lr_relerror_tpe_roa,sub-02_FDSI_staircase_snr30dB,sub-02,staircase,30,1,33,0.2968421052631579,0.9185083508491516
lr_relerror_tpe_roa,sub-02_FDSI_staircase_snr30dB,sub-02,staircase,30,2,21,0.9933665008291874,0.9485188126564026
lr_relerror_tpe_roa,sub-02_FDSI_staircase_snr30dB,sub-02,staircase,30,3,31,0.975206611570248,0.921124279499054
lr_relerror_tpe_roa,sub-02_FDSI_staircase_snr30dB,sub-02,staircase,30,4,26,0.8846153846153846,0.8111241459846497
lr_relerror_tpe_roa,sub-02_FDSI_staircase_snr30dB,sub-02,staircase,30,5,25,0.988498789346247,0.9438409209251404
lr_relerror_tpe_roa,sub-02_FDSI_staircase_snr30dB,sub-02,staircase,30,6,16,0.972680412371134,0.9169164299964904
lr_relerror_tpe_roa,sub-02_FDSI_staircase_snr30dB,sub-02,staircase,30,7,27,0.992282958199357,0.9292535781860352
lr_relerror_tpe_roa,sub-02_FDSI_staircase_snr30dB,sub-02,staircase,30,8,28,0.97,0.9054604172706604
lr_relerror_tpe_roa,sub-02_FDSI_staircase_snr30dB,sub-02,staircase,30,9,24,0.9922619047619048,0.9388445615768432
lr_relerror_tpe_roa,sub-02_FDSI_staircase_snr30dB,sub-02,staircase,30,10,32,0.9952380952380953,0.9366682171821594
lr_relerror_tpe_roa,sub-02_FDSI_staircase_snr30dB,sub-02,staircase,30,11,20,0.9869352204681546,0.923934280872345
lr_relerror_tpe_roa,sub-02_FDSI_staircase_snr30dB,sub-02,staircase,30,12,29,0.969529085872576,0.919381320476532
lr_relerror_tpe_roa,sub-02_FDSI_staircase_snr30dB,sub-02,staircase,30,13,19,0.8675531914893617,0.8244885802268982
lr_relerror_tpe_roa,sub-02_FDSI_staircase_snr30dB,sub-02,staircase,30,14,22,0.9672501411631846,0.9046218991279602
lr_relerror_tpe_roa,sub-02_FDSI_staircase_snr30dB,sub-02,staircase,30,15,23,0.9454022988505748,0.8859823346138
lr_relerror_tpe_roa,sub-02_FDSI_staircase_snr30dB,sub-02,staircase,30,16,14,0.3768267223382046,0.8710768818855286
lr_relerror_tpe_roa,sub-02_FDSI_staircase_snr25dB,sub-02,staircase,25,0,30,0.993482983345402,0.947705864906311
lr_relerror_tpe_roa,sub-02_FDSI_staircase_snr25dB,sub-02,staircase,25,1,21,0.9933665008291874,0.9344480633735656
lr_relerror_tpe_roa,sub-02_FDSI_staircase_snr25dB,sub-02,staircase,25,2,26,0.8046456223942823,0.7726319432258606
lr_relerror_tpe_roa,sub-02_FDSI_staircase_snr25dB,sub-02,staircase,25,3,25,0.9818401937046004,0.913685381412506
lr_relerror_tpe_roa,sub-02_FDSI_staircase_snr25dB,sub-02,staircase,25,4,27,0.9704180064308682,0.9046235084533693
lr_relerror_tpe_roa,sub-02_FDSI_staircase_snr25dB,sub-02,staircase,25,5,24,0.9613095238095238,0.8782248497009277
lr_relerror_tpe_roa,sub-02_FDSI_staircase_snr25dB,sub-02,staircase,25,6,33,0.9763912310286678,0.9323309063911438
lr_relerror_tpe_roa,sub-02_FDSI_staircase_snr25dB,sub-02,staircase,25,7,28,0.2140221402214022,0.8483826518058777
lr_relerror_tpe_roa,sub-02_FDSI_staircase_snr25dB,sub-02,staircase,25,8,20,0.9679173463839044,0.8980771899223328
lr_relerror_tpe_roa,sub-02_FDSI_staircase_snr25dB,sub-02,staircase,25,9,19,0.334742180896027,0.751121997833252
lr_relerror_tpe_roa,sub-02_FDSI_staircase_snr20dB,sub-02,staircase,20,0,30,0.99275887038378,0.943575084209442
lr_relerror_tpe_roa,sub-02_FDSI_staircase_snr20dB,sub-02,staircase,20,1,21,0.9889441680486456,0.9379831552505492
lr_relerror_tpe_roa,sub-02_FDSI_staircase_snr20dB,sub-02,staircase,20,2,25,0.9312009656004828,0.8995286822319031
lr_relerror_tpe_roa,sub-02_FDSI_staircase_snr20dB,sub-02,staircase,20,3,27,0.9215434083601286,0.8771735429763794
lr_relerror_tpe_roa,sub-02_FDSI_staircase_snr20dB,sub-02,staircase,20,4,24,0.9863176680547292,0.9066144824028016
lr_relerror_tpe_roa,sub-02_FDSI_staircase_snr20dB,sub-02,staircase,20,5,32,0.9503937007874016,0.9091606736183168
lr_relerror_tpe_roa,sub-02_FDSI_staircase_snr15dB,sub-02,staircase,15,0,30,0.9797248370745836,0.9216343760490416
lr_relerror_tpe_roa,sub-02_FDSI_staircase_snr15dB,sub-02,staircase,15,1,24,0.3537626066718386,0.8742021322250366
lr_relerror_tpe_roa,sub-02_FDSI_staircase_snr15dB,sub-02,staircase,15,2,21,0.9828634604754009,0.929556131362915
lr_relerror_tpe_roa,sub-02_FDSI_triangular-ramp40s_snr30dB,sub-02,triangular-ramp40s,30,0,20,0.990210843373494,0.9097666144371032
lr_relerror_tpe_roa,sub-02_FDSI_triangular-ramp40s_snr30dB,sub-02,triangular-ramp40s,30,1,30,0.994994994994995,0.953177809715271
lr_relerror_tpe_roa,sub-02_FDSI_triangular-ramp40s_snr30dB,sub-02,triangular-ramp40s,30,2,21,0.9969254419677172,0.954315185546875
lr_relerror_tpe_roa,sub-02_FDSI_triangular-ramp40s_snr30dB,sub-02,triangular-ramp40s,30,3,24,0.994322789943228,0.9431456923484802
lr_relerror_tpe_roa,sub-02_FDSI_triangular-ramp40s_snr30dB,sub-02,triangular-ramp40s,30,4,33,0.994110718492344,0.9557268619537354
lr_relerror_tpe_roa,sub-02_FDSI_triangular-ramp40s_snr30dB,sub-02,triangular-ramp40s,30,5,32,0.9945175438596492,0.9251753687858582
lr_relerror_tpe_roa,sub-02_FDSI_triangular-ramp40s_snr30dB,sub-02,triangular-ramp40s,30,6,25,0.981340118744699,0.9106025099754332
lr_relerror_tpe_roa,sub-02_FDSI_triangular-ramp40s_snr30dB,sub-02,triangular-ramp40s,30,7,22,0.3266555370061213,0.9047731757164
lr_relerror_tpe_roa,sub-02_FDSI_triangular-ramp40s_snr30dB,sub-02,triangular-ramp40s,30,8,27,0.9910071942446044,0.9357589483261108
lr_relerror_tpe_roa,sub-02_FDSI_triangular-ramp40s_snr30dB,sub-02,triangular-ramp40s,30,9,19,0.1562005277044854,0.8637695908546448
lr_relerror_tpe_roa,sub-02_FDSI_triangular-ramp40s_snr30dB,sub-02,triangular-ramp40s,30,10,28,0.9329102447869448,0.8765541315078735
lr_relerror_tpe_roa,sub-02_FDSI_triangular-ramp40s_snr30dB,sub-02,triangular-ramp40s,30,11,29,0.9537735849056604,0.9184433221817015
lr_relerror_tpe_roa,sub-02_FDSI_triangular-ramp40s_snr30dB,sub-02,triangular-ramp40s,30,12,26,0.8264268960125097,0.7918224334716797
lr_relerror_tpe_roa,sub-02_FDSI_triangular-ramp40s_snr30dB,sub-02,triangular-ramp40s,30,13,23,0.9540047581284696,0.8558014631271362
lr_relerror_tpe_roa,sub-02_FDSI_triangular-ramp40s_snr30dB,sub-02,triangular-ramp40s,30,14,16,0.9879261363636364,0.9226030111312866
lr_relerror_tpe_roa,sub-02_FDSI_triangular-ramp40s_snr30dB,sub-02,triangular-ramp40s,30,15,31,0.9229188078108942,0.880308210849762
lr_relerror_tpe_roa,sub-02_FDSI_triangular-ramp40s_snr25dB,sub-02,triangular-ramp40s,25,0,20,0.9714070729872084,0.8739016652107239
lr_relerror_tpe_roa,sub-02_FDSI_triangular-ramp40s_snr25dB,sub-02,triangular-ramp40s,25,1,24,0.9870235198702352,0.9173966646194458
lr_relerror_tpe_roa,sub-02_FDSI_triangular-ramp40s_snr25dB,sub-02,triangular-ramp40s,25,2,25,0.9527824620573356,0.8963282108306885
lr_relerror_tpe_roa,sub-02_FDSI_triangular-ramp40s_snr25dB,sub-02,triangular-ramp40s,25,3,21,0.9930822444273636,0.9466708302497864
lr_relerror_tpe_roa,sub-02_FDSI_triangular-ramp40s_snr25dB,sub-02,triangular-ramp40s,25,4,30,0.991991991991992,0.9541115164756776
lr_relerror_tpe_roa,sub-02_FDSI_triangular-ramp40s_snr25dB,sub-02,triangular-ramp40s,25,5,27,0.9784172661870504,0.9067608118057252
lr_relerror_tpe_roa,sub-02_FDSI_triangular-ramp40s_snr25dB,sub-02,triangular-ramp40s,25,6,26,0.8944305901911886,0.8228222131729126
lr_relerror_tpe_roa,sub-02_FDSI_triangular-ramp40s_snr25dB,sub-02,triangular-ramp40s,25,7,32,0.9814207650273225,0.9049264192581176
lr_relerror_tpe_roa,sub-02_FDSI_triangular-ramp40s_snr25dB,sub-02,triangular-ramp40s,25,8,33,0.8192488262910798,0.8897064328193665
lr_relerror_tpe_roa,sub-02_FDSI_triangular-ramp40s_snr25dB,sub-02,triangular-ramp40s,25,9,19,0.1407845244492208,0.8255882859230042
lr_relerror_tpe_roa,sub-02_FDSI_triangular-ramp40s_snr25dB,sub-02,triangular-ramp40s,25,10,28,0.3298013245033112,0.8722800016403198
lr_relerror_tpe_roa,sub-02_FDSI_triangular-ramp40s_snr25dB,sub-02,triangular-ramp40s,25,11,22,0.209553158705701,0.9091986417770386
lr_relerror_tpe_roa,sub-02_FDSI_triangular-ramp40s_snr20dB,sub-02,triangular-ramp40s,20,0,21,0.989247311827957,0.8992446660995483
lr_relerror_tpe_roa,sub-02_FDSI_triangular-ramp40s_snr20dB,sub-02,triangular-ramp40s,20,1,30,0.986986986986987,0.90540212392807
lr_relerror_tpe_roa,sub-02_FDSI_triangular-ramp40s_snr20dB,sub-02,triangular-ramp40s,20,2,24,0.9797242497972424,0.9098586440086364
lr_relerror_tpe_roa,sub-02_FDSI_triangular-ramp40s_snr20dB,sub-02,triangular-ramp40s,20,3,27,0.9307553956834532,0.8393189907073975
lr_relerror_tpe_roa,sub-02_FDSI_triangular-ramp40s_snr20dB,sub-02,triangular-ramp40s,20,4,33,0.7704728950403691,0.8277404308319092
lr_relerror_tpe_roa,sub-02_FDSI_triangular-ramp40s_snr15dB,sub-02,triangular-ramp40s,15,0,24,0.3632978723404255,0.8773717880249023
lr_relerror_tpe_roa,sub-02_FDSI_triangular-ramp40s_snr15dB,sub-02,triangular-ramp40s,15,1,30,0.973973973973974,0.8840296268463135
lr_relerror_tpe_roa,sub-02_FDSI_triangular-ramp20s_snr30dB,sub-02,triangular-ramp20s,30,0,19,0.1129518072289156,0.8943139910697937
lr_relerror_tpe_roa,sub-02_FDSI_triangular-ramp20s_snr30dB,sub-02,triangular-ramp20s,30,1,24,0.9926108374384236,0.9143944978713988
lr_relerror_tpe_roa,sub-02_FDSI_triangular-ramp20s_snr30dB,sub-02,triangular-ramp20s,30,2,30,0.99402390438247,0.9287497997283936
lr_relerror_tpe_roa,sub-02_FDSI_triangular-ramp20s_snr30dB,sub-02,triangular-ramp20s,30,3,27,0.9919354838709676,0.9075791835784912
lr_relerror_tpe_roa,sub-02_FDSI_triangular-ramp20s_snr30dB,sub-02,triangular-ramp20s,30,4,33,0.9894859813084113,0.8996161818504333
lr_relerror_tpe_roa,sub-02_FDSI_triangular-ramp20s_snr30dB,sub-02,triangular-ramp20s,30,5,25,0.9856661045531198,0.8956453800201416
lr_relerror_tpe_roa,sub-02_FDSI_triangular-ramp20s_snr30dB,sub-02,triangular-ramp20s,30,6,21,0.9892058596761758,0.9013798832893372
lr_relerror_tpe_roa,sub-02_FDSI_triangular-ramp20s_snr30dB,sub-02,triangular-ramp20s,30,7,20,0.9812171299774606,0.8902706503868103
lr_relerror_tpe_roa,sub-02_FDSI_triangular-ramp20s_snr30dB,sub-02,triangular-ramp20s,30,8,22,0.1408243375858685,0.931962251663208
lr_relerror_tpe_roa,sub-02_FDSI_triangular-ramp20s_snr30dB,sub-02,triangular-ramp20s,30,9,14,0.4788961038961039,0.7957935929298401
lr_relerror_tpe_roa,sub-02_FDSI_triangular-ramp20s_snr30dB,sub-02,triangular-ramp20s,30,10,32,0.9934065934065934,0.8954538702964783
lr_relerror_tpe_roa,sub-02_FDSI_triangular-ramp20s_snr30dB,sub-02,triangular-ramp20s,30,11,29,0.8857696030977735,0.7756034731864929
lr_relerror_tpe_roa,sub-02_FDSI_triangular-ramp20s_snr30dB,sub-02,triangular-ramp20s,30,12,16,0.9729537366548042,0.8936018943786621
lr_relerror_tpe_roa,sub-02_FDSI_triangular-ramp20s_snr30dB,sub-02,triangular-ramp20s,30,13,31,0.8512720156555773,0.828215479850769
lr_relerror_tpe_roa,sub-02_FDSI_triangular-ramp20s_snr30dB,sub-02,triangular-ramp20s,30,14,28,0.9527777777777776,0.859470784664154
lr_relerror_tpe_roa,sub-02_FDSI_triangular-ramp20s_snr30dB,sub-02,triangular-ramp20s,30,15,23,0.9047619047619048,0.8403757810592651
lr_relerror_tpe_roa,sub-02_FDSI_triangular-ramp20s_snr30dB,sub-02,triangular-ramp20s,30,16,26,0.5198237885462555,0.8082420825958252
lr_relerror_tpe_roa,sub-02_FDSI_triangular-ramp20s_snr25dB,sub-02,triangular-ramp20s,25,0,24,0.9917898193760264,0.8863930702209473
lr_relerror_tpe_roa,sub-02_FDSI_triangular-ramp20s_snr25dB,sub-02,triangular-ramp20s,25,1,19,0.0884284992420414,0.8717712163925171
lr_relerror_tpe_roa,sub-02_FDSI_triangular-ramp20s_snr25dB,sub-02,triangular-ramp20s,25,2,30,0.9850597609561752,0.9000406861305237
lr_relerror_tpe_roa,sub-02_FDSI_triangular-ramp20s_snr25dB,sub-02,triangular-ramp20s,25,3,25,0.945240101095198,0.8342467546463013
lr_relerror_tpe_roa,sub-02_FDSI_triangular-ramp20s_snr25dB,sub-02,triangular-ramp20s,25,4,21,0.9884348496530456,0.8866724371910095
lr_relerror_tpe_roa,sub-02_FDSI_triangular-ramp20s_snr25dB,sub-02,triangular-ramp20s,25,5,20,0.9504876219054764,0.8557236790657043
lr_relerror_tpe_roa,sub-02_FDSI_triangular-ramp20s_snr25dB,sub-02,triangular-ramp20s,25,6,32,0.9736842105263158,0.8859292268753052
lr_relerror_tpe_roa,sub-02_FDSI_triangular-ramp20s_snr25dB,sub-02,triangular-ramp20s,25,7,27,0.9668458781362008,0.8623709082603455
lr_relerror_tpe_roa,sub-02_FDSI_triangular-ramp20s_snr25dB,sub-02,triangular-ramp20s,25,8,16,0.9334748761500354,0.8591002225875854
lr_relerror_tpe_roa,sub-02_FDSI_triangular-ramp20s_snr25dB,sub-02,triangular-ramp20s,25,9,33,0.1441860465116279,0.8480924963951111
lr_relerror_tpe_roa,sub-02_FDSI_triangular-ramp20s_snr20dB,sub-02,triangular-ramp20s,20,0,24,0.981132075471698,0.9006936550140381
lr_relerror_tpe_roa,sub-02_FDSI_triangular-ramp20s_snr20dB,sub-02,triangular-ramp20s,20,1,30,0.7430555555555556,0.8175610899925232
lr_relerror_tpe_roa,sub-02_FDSI_triangular-ramp20s_snr20dB,sub-02,triangular-ramp20s,20,2,21,0.9822667694680032,0.909604549407959
lr_relerror_tpe_roa,sub-02_FDSI_triangular-ramp20s_snr15dB,sub-02,triangular-ramp20s,15,0,24,0.9114420062695924,0.8382875919342041
lr_relerror_tpe_roa,sub-02_FDSI_triangular-ramp20s_snr15dB,sub-02,triangular-ramp20s,15,1,30,0.9711729622266402,0.8612595796585083
lr_relerror_tpe_roa,sub-02_FDSI_triangular-ramp20s_snr15dB,sub-02,triangular-ramp20s,15,2,21,0.9515757109915448,0.884320080280304
lr_relerror_tpe_roa,sub-02_FDSI_triangular-ramp10s_snr30dB,sub-02,triangular-ramp10s,30,0,27,0.9434628975265018,0.8737810254096985
lr_relerror_tpe_roa,sub-02_FDSI_triangular-ramp10s_snr30dB,sub-02,triangular-ramp10s,30,1,24,0.9720853858784894,0.8728392720222473
lr_relerror_tpe_roa,sub-02_FDSI_triangular-ramp10s_snr30dB,sub-02,triangular-ramp10s,30,2,30,0.9871159563924676,0.9189505577087402
lr_relerror_tpe_roa,sub-02_FDSI_triangular-ramp10s_snr30dB,sub-02,triangular-ramp10s,30,3,21,0.991492652745553,0.9082996249198914
lr_relerror_tpe_roa,sub-02_FDSI_triangular-ramp10s_snr30dB,sub-02,triangular-ramp10s,30,4,33,0.8930232558139535,0.8680633306503296
lr_relerror_tpe_roa,sub-02_FDSI_triangular-ramp10s_snr30dB,sub-02,triangular-ramp10s,30,5,20,0.9749240121580548,0.8781600594520569
lr_relerror_tpe_roa,sub-02_FDSI_triangular-ramp10s_snr30dB,sub-02,triangular-ramp10s,30,6,32,0.9757975797579758,0.8589322566986084
lr_relerror_tpe_roa,sub-02_FDSI_triangular-ramp10s_snr30dB,sub-02,triangular-ramp10s,30,7,26,0.18125,0.7492916584014893
lr_relerror_tpe_roa,sub-02_FDSI_triangular-ramp10s_snr30dB,sub-02,triangular-ramp10s,30,8,22,0.0860009555661729,0.9274098873138428
lr_relerror_tpe_roa,sub-02_FDSI_triangular-ramp10s_snr30dB,sub-02,triangular-ramp10s,30,9,25,0.8896434634974533,0.8614477515220642
lr_relerror_tpe_roa,sub-02_FDSI_triangular-ramp10s_snr30dB,sub-02,triangular-ramp10s,30,10,16,0.959212376933896,0.871502161026001
lr_relerror_tpe_roa,sub-02_FDSI_triangular-ramp10s_snr30dB,sub-02,triangular-ramp10s,30,11,14,0.1100204498977505,0.8879649043083191
lr_relerror_tpe_roa,sub-02_FDSI_triangular-ramp10s_snr30dB,sub-02,triangular-ramp10s,30,12,19,0.1038742279618192,0.8894395232200623
lr_relerror_tpe_roa,sub-02_FDSI_triangular-ramp10s_snr30dB,sub-02,triangular-ramp10s,30,13,23,0.8792423046566693,0.815016508102417
lr_relerror_tpe_roa,sub-02_FDSI_triangular-ramp10s_snr30dB,sub-02,triangular-ramp10s,30,14,31,0.0994263862332696,0.8450170159339905
lr_relerror_tpe_roa,sub-02_FDSI_triangular-ramp10s_snr30dB,sub-02,triangular-ramp10s,30,15,29,0.3442307692307692,0.8825545310974121
lr_relerror_tpe_roa,sub-02_FDSI_triangular-ramp10s_snr30dB,sub-02,triangular-ramp10s,30,16,28,0.6155938349954669,0.8458953499794006
lr_relerror_tpe_roa,sub-02_FDSI_triangular-ramp10s_snr25dB,sub-02,triangular-ramp10s,25,0,27,0.8471731448763251,0.858889639377594
lr_relerror_tpe_roa,sub-02_FDSI_triangular-ramp10s_snr25dB,sub-02,triangular-ramp10s,25,1,30,0.9861248761149654,0.9062055945396424
lr_relerror_tpe_roa,sub-02_FDSI_triangular-ramp10s_snr25dB,sub-02,triangular-ramp10s,25,2,24,0.981132075471698,0.8890748023986816
lr_relerror_tpe_roa,sub-02_FDSI_triangular-ramp10s_snr25dB,sub-02,triangular-ramp10s,25,3,33,0.8652729384436701,0.8471857309341431
lr_relerror_tpe_roa,sub-02_FDSI_triangular-ramp10s_snr25dB,sub-02,triangular-ramp10s,25,4,20,0.924069855732726,0.8639755249023438
lr_relerror_tpe_roa,sub-02_FDSI_triangular-ramp10s_snr25dB,sub-02,triangular-ramp10s,25,5,21,0.9930394431554525,0.9194664359092712
lr_relerror_tpe_roa,sub-02_FDSI_triangular-ramp10s_snr25dB,sub-02,triangular-ramp10s,25,6,25,0.8387096774193549,0.8334794044494629
lr_relerror_tpe_roa,sub-02_FDSI_triangular-ramp10s_snr25dB,sub-02,triangular-ramp10s,25,7,29,0.286673058485139,0.7939185500144958
lr_relerror_tpe_roa,sub-02_FDSI_triangular-ramp10s_snr25dB,sub-02,triangular-ramp10s,25,8,32,0.9572836801752465,0.8790660500526428
lr_relerror_tpe_roa,sub-02_FDSI_triangular-ramp10s_snr25dB,sub-02,triangular-ramp10s,25,9,19,0.08130081300813,0.8823646903038025
lr_relerror_tpe_roa,sub-02_FDSI_triangular-ramp10s_snr25dB,sub-02,triangular-ramp10s,25,10,16,0.9096005606166784,0.881107747554779
lr_relerror_tpe_roa,sub-02_FDSI_triangular-ramp10s_snr20dB,sub-02,triangular-ramp10s,20,0,30,0.9821605550049554,0.8824354410171509
lr_relerror_tpe_roa,sub-02_FDSI_triangular-ramp10s_snr20dB,sub-02,triangular-ramp10s,20,1,27,0.0902934537246049,0.8328794240951538
lr_relerror_tpe_roa,sub-02_FDSI_triangular-ramp10s_snr20dB,sub-02,triangular-ramp10s,20,2,20,0.7368024132730016,0.7975143790245056
lr_relerror_tpe_roa,sub-02_FDSI_triangular-ramp10s_snr20dB,sub-02,triangular-ramp10s,20,3,24,0.9218626677190211,0.8648216724395752
lr_relerror_tpe_roa,sub-02_FDSI_triangular-ramp10s_snr20dB,sub-02,triangular-ramp10s,20,4,21,0.9760802469135802,0.9129371643066406
lr_relerror_tpe_roa,sub-02_FDSI_triangular-ramp10s_snr20dB,sub-02,triangular-ramp10s,20,5,32,0.8736383442265795,0.862034022808075
lr_relerror_tpe_roa,sub-02_FDSI_triangular-ramp10s_snr15dB,sub-02,triangular-ramp10s,15,0,21,0.9147685525349007,0.8805344700813293
lr_relerror_tpe_roa,sub-02_FDSI_triangular-ramp10s_snr15dB,sub-02,triangular-ramp10s,15,1,24,0.8079268292682927,0.8240833282470703
lr_relerror_tpe_roa,sub-02_FDSI_triangular-ramp10s_snr15dB,sub-02,triangular-ramp10s,15,2,30,0.6849852796859667,0.8091793656349182
lr_relerror_tpe_roa,sub-02_FDSI_triangular-ramp5s_snr30dB,sub-02,triangular-ramp5s,30,0,25,0.5787700084245998,0.8035195469856262
lr_relerror_tpe_roa,sub-02_FDSI_triangular-ramp5s_snr30dB,sub-02,triangular-ramp5s,30,1,24,0.9731051344743276,0.8548046946525574
lr_relerror_tpe_roa,sub-02_FDSI_triangular-ramp5s_snr30dB,sub-02,triangular-ramp5s,30,2,22,0.0755344418052256,0.9177379012107848
lr_relerror_tpe_roa,sub-02_FDSI_triangular-ramp5s_snr30dB,sub-02,triangular-ramp5s,30,3,33,0.607981220657277,0.7991700768470764
lr_relerror_tpe_roa,sub-02_FDSI_triangular-ramp5s_snr30dB,sub-02,triangular-ramp5s,30,4,21,0.9853395061728396,0.8753533959388733
lr_relerror_tpe_roa,sub-02_FDSI_triangular-ramp5s_snr30dB,sub-02,triangular-ramp5s,30,5,32,0.8629834254143647,0.8180681467056274
lr_relerror_tpe_roa,sub-02_FDSI_triangular-ramp5s_snr30dB,sub-02,triangular-ramp5s,30,6,30,0.974974974974975,0.8427233099937439
lr_relerror_tpe_roa,sub-02_FDSI_triangular-ramp5s_snr30dB,sub-02,triangular-ramp5s,30,7,28,0.4931255728689276,0.689651370048523
lr_relerror_tpe_roa,sub-02_FDSI_triangular-ramp5s_snr30dB,sub-02,triangular-ramp5s,30,8,15,0.4005621925509487,0.7811281681060791
lr_relerror_tpe_roa,sub-02_FDSI_triangular-ramp5s_snr30dB,sub-02,triangular-ramp5s,30,9,27,0.6144901610017889,0.8090432286262512
lr_relerror_tpe_roa,sub-02_FDSI_triangular-ramp5s_snr30dB,sub-02,triangular-ramp5s,30,10,29,0.3062200956937799,0.7790066003799438
lr_relerror_tpe_roa,sub-02_FDSI_triangular-ramp5s_snr30dB,sub-02,triangular-ramp5s,30,11,20,0.8432108027006752,0.8441478610038757
lr_relerror_tpe_roa,sub-02_FDSI_triangular-ramp5s_snr30dB,sub-02,triangular-ramp5s,30,12,16,0.8479033404406539,0.8136048913002014
lr_relerror_tpe_roa,sub-02_FDSI_triangular-ramp5s_snr30dB,sub-02,triangular-ramp5s,30,13,19,0.1927927927927928,0.7830569744110107
lr_relerror_tpe_roa,sub-02_FDSI_triangular-ramp5s_snr30dB,sub-02,triangular-ramp5s,30,14,14,0.6581769436997319,0.7521931529045105
lr_relerror_tpe_roa,sub-02_FDSI_triangular-ramp5s_snr30dB,sub-02,triangular-ramp5s,30,15,31,0.1444933920704846,0.7277926206588745
lr_relerror_tpe_roa,sub-02_FDSI_triangular-ramp5s_snr30dB,sub-02,triangular-ramp5s,30,16,26,0.075268817204301,0.8259786367416382
lr_relerror_tpe_roa,sub-02_FDSI_triangular-ramp5s_snr30dB,sub-02,triangular-ramp5s,30,17,9,0.0860349127182044,0.9265607595443726
lr_relerror_tpe_roa,sub-02_FDSI_triangular-ramp5s_snr25dB,sub-02,triangular-ramp5s,25,0,25,0.5728727885425442,0.8814942240715027
lr_relerror_tpe_roa,sub-02_FDSI_triangular-ramp5s_snr25dB,sub-02,triangular-ramp5s,25,1,24,0.898949070331447,0.8846365809440613
lr_relerror_tpe_roa,sub-02_FDSI_triangular-ramp5s_snr25dB,sub-02,triangular-ramp5s,25,2,30,0.7927927927927928,0.9213554263114928
lr_relerror_tpe_roa,sub-02_FDSI_triangular-ramp5s_snr25dB,sub-02,triangular-ramp5s,25,3,21,0.9498843484965304,0.9087119102478028
lr_relerror_tpe_roa,sub-02_FDSI_triangular-ramp5s_snr25dB,sub-02,triangular-ramp5s,25,4,33,0.3685446009389671,0.8512407541275024
lr_relerror_tpe_roa,sub-02_FDSI_triangular-ramp5s_snr25dB,sub-02,triangular-ramp5s,25,5,32,0.7878453038674034,0.8728008270263672
lr_relerror_tpe_roa,sub-02_FDSI_triangular-ramp5s_snr25dB,sub-02,triangular-ramp5s,25,6,28,0.4572425828970332,0.7817115783691406
lr_relerror_tpe_roa,sub-02_FDSI_triangular-ramp5s_snr25dB,sub-02,triangular-ramp5s,25,7,27,0.5983899821109123,0.8712579011917114
lr_relerror_tpe_roa,sub-02_FDSI_triangular-ramp5s_snr25dB,sub-02,triangular-ramp5s,25,8,29,0.3138548539114043,0.773965060710907
lr_relerror_tpe_roa,sub-02_FDSI_triangular-ramp5s_snr25dB,sub-02,triangular-ramp5s,25,9,20,0.7036759189797449,0.9015564918518066
lr_relerror_tpe_roa,sub-02_FDSI_triangular-ramp5s_snr25dB,sub-02,triangular-ramp5s,25,10,26,0.077414205905826,0.7688367962837219
lr_relerror_tpe_roa,sub-02_FDSI_triangular-ramp5s_snr25dB,sub-02,triangular-ramp5s,25,11,19,0.1180159635119726,0.8777023553848267
lr_relerror_tpe_roa,sub-02_FDSI_triangular-ramp5s_snr20dB,sub-02,triangular-ramp5s,20,0,24,0.7773049645390071,0.8207170367240906
lr_relerror_tpe_roa,sub-02_FDSI_triangular-ramp5s_snr20dB,sub-02,triangular-ramp5s,20,1,21,0.9075500770416024,0.8824144601821899
lr_relerror_tpe_roa,sub-02_FDSI_triangular-ramp5s_snr20dB,sub-02,triangular-ramp5s,20,2,30,0.789,0.8566840887069702
lr_relerror_tpe_roa,sub-02_FDSI_triangular-ramp5s_snr20dB,sub-02,triangular-ramp5s,20,3,27,0.5491949910554562,0.8081451058387756
lr_relerror_tpe_roa,sub-02_FDSI_triangular-ramp5s_snr20dB,sub-02,triangular-ramp5s,20,4,20,0.610944527736132,0.8397766947746277
lr_relerror_tpe_roa,sub-02_FDSI_triangular-ramp5s_snr15dB,sub-02,triangular-ramp5s,15,0,24,0.316988608221892,0.826050877571106
lr_relerror_tpe_roa,sub-02_FDSI_triangular-ramp5s_snr15dB,sub-02,triangular-ramp5s,15,1,21,0.7798098024871982,0.8573721051216125
lr_relerror_tpe_roa,sub-02_FDSI_triangular-ramp5s_snr15dB,sub-02,triangular-ramp5s,15,2,30,0.6497005988023952,0.8463764786720276
lr_relerror_tpe_roa,sub-03_FDSI_staircase_snr30dB,sub-03,staircase,30,0,48,0.9886449659348978,0.9447088241577148
lr_relerror_tpe_roa,sub-03_FDSI_staircase_snr30dB,sub-03,staircase,30,1,52,0.92693661971831,0.9364988803863524
lr_relerror_tpe_roa,sub-03_FDSI_staircase_snr30dB,sub-03,staircase,30,2,49,0.9929632525410476,0.9643242955207824
lr_relerror_tpe_roa,sub-03_FDSI_staircase_snr30dB,sub-03,staircase,30,3,51,0.99323753169907,0.9617475867271424
lr_relerror_tpe_roa,sub-03_FDSI_staircase_snr30dB,sub-03,staircase,30,4,44,0.992517006802721,0.9431387186050416
lr_relerror_tpe_roa,sub-03_FDSI_staircase_snr30dB,sub-03,staircase,30,5,46,0.99568655643422,0.952602207660675
lr_relerror_tpe_roa,sub-03_FDSI_staircase_snr30dB,sub-03,staircase,30,6,40,0.9987646695491044,0.9776248931884766
lr_relerror_tpe_roa,sub-03_FDSI_staircase_snr30dB,sub-03,staircase,30,7,35,0.9661016949152542,0.8940728902816772
lr_relerror_tpe_roa,sub-03_FDSI_staircase_snr30dB,sub-03,staircase,30,8,50,0.96,0.9125900268554688
lr_relerror_tpe_roa,sub-03_FDSI_staircase_snr30dB,sub-03,staircase,30,9,45,0.1518209741114524,0.9248902201652528
lr_relerror_tpe_roa,sub-03_FDSI_staircase_snr30dB,sub-03,staircase,30,10,47,0.9041297935103244,0.8772615790367126
lr_relerror_tpe_roa,sub-03_FDSI_staircase_snr25dB,sub-03,staircase,25,0,51,0.9907016060862216,0.9181916117668152
lr_relerror_tpe_roa,sub-03_FDSI_staircase_snr25dB,sub-03,staircase,25,1,52,0.8591549295774648,0.932608127593994
lr_relerror_tpe_roa,sub-03_FDSI_staircase_snr25dB,sub-03,staircase,25,2,44,0.9857142857142858,0.9002567529678345
lr_relerror_tpe_roa,sub-03_FDSI_staircase_snr25dB,sub-03,staircase,25,3,46,0.9942487419122932,0.9063667058944702
lr_relerror_tpe_roa,sub-03_FDSI_staircase_snr25dB,sub-03,staircase,25,4,48,0.9863636363636364,0.9200014472007751
lr_relerror_tpe_roa,sub-03_FDSI_staircase_snr25dB,sub-03,staircase,25,5,40,0.990117356392835,0.9559349417686462
lr_relerror_tpe_roa,sub-03_FDSI_staircase_snr25dB,sub-03,staircase,25,6,49,0.9906176700547302,0.9340547323226928
lr_relerror_tpe_roa,sub-03_FDSI_staircase_snr20dB,sub-03,staircase,20,0,44,0.9761904761904762,0.8946404457092285
lr_relerror_tpe_roa,sub-03_FDSI_staircase_snr20dB,sub-03,staircase,20,1,46,0.9755922469490308,0.8793572783470154
lr_relerror_tpe_roa,sub-03_FDSI_staircase_snr20dB,sub-03,staircase,20,2,49,0.8311284046692607,0.8716988563537598
lr_relerror_tpe_roa,sub-03_FDSI_staircase_snr20dB,sub-03,staircase,20,3,40,0.990117356392835,0.9627088308334352
lr_relerror_tpe_roa,sub-03_FDSI_staircase_snr20dB,sub-03,staircase,20,4,51,0.9830938292476754,0.9263181686401368
lr_relerror_tpe_roa,sub-03_FDSI_staircase_snr20dB,sub-03,staircase,20,5,52,0.9779929577464788,0.916357398033142
lr_relerror_tpe_roa,sub-03_FDSI_staircase_snr20dB,sub-03,staircase,20,6,48,0.9466165413533836,0.9006587862968445
lr_relerror_tpe_roa,sub-03_FDSI_staircase_snr15dB,sub-03,staircase,15,0,40,0.9944410129709698,0.93132483959198
lr_relerror_tpe_roa,sub-03_FDSI_staircase_snr15dB,sub-03,staircase,15,1,44,0.8603389830508474,0.802771806716919
lr_relerror_tpe_roa,sub-03_FDSI_staircase_snr15dB,sub-03,staircase,15,2,52,0.9551056338028168,0.8979746699333191
lr_relerror_tpe_roa,sub-03_FDSI_triangular-ramp40s_snr30dB,sub-03,triangular-ramp40s,30,0,49,0.9490790899241603,0.9170860052108764
lr_relerror_tpe_roa,sub-03_FDSI_triangular-ramp40s_snr30dB,sub-03,triangular-ramp40s,30,1,48,0.9936708860759492,0.9521721601486206
lr_relerror_tpe_roa,sub-03_FDSI_triangular-ramp40s_snr30dB,sub-03,triangular-ramp40s,30,2,46,0.977,0.9169634580612184
lr_relerror_tpe_roa,sub-03_FDSI_triangular-ramp40s_snr30dB,sub-03,triangular-ramp40s,30,3,40,0.9947780678851176,0.9803735017776488
lr_relerror_tpe_roa,sub-03_FDSI_triangular-ramp40s_snr30dB,sub-03,triangular-ramp40s,30,4,52,0.9950920245398772,0.9696791768074036
lr_relerror_tpe_roa,sub-03_FDSI_triangular-ramp40s_snr30dB,sub-03,triangular-ramp40s,30,5,51,0.9976635514018692,0.9662111401557922
lr_relerror_tpe_roa,sub-03_FDSI_triangular-ramp40s_snr30dB,sub-03,triangular-ramp40s,30,6,47,0.8885542168674698,0.8692067265510559
lr_relerror_tpe_roa,sub-03_FDSI_triangular-ramp40s_snr30dB,sub-03,triangular-ramp40s,30,7,35,0.9381526104417672,0.8950763940811157
lr_relerror_tpe_roa,sub-03_FDSI_triangular-ramp40s_snr30dB,sub-03,triangular-ramp40s,30,8,45,0.1354484441732764,0.918371558189392
lr_relerror_tpe_roa,sub-03_FDSI_triangular-ramp40s_snr30dB,sub-03,triangular-ramp40s,30,9,44,0.987724268177526,0.9436447024345398
lr_relerror_tpe_roa,sub-03_FDSI_triangular-ramp40s_snr30dB,sub-03,triangular-ramp40s,30,10,43,0.1430253090052972,0.8809517025947571
lr_relerror_tpe_roa,sub-03_FDSI_triangular-ramp40s_snr30dB,sub-03,triangular-ramp40s,30,11,50,0.1869220607661822,0.9185171127319336
lr_relerror_tpe_roa,sub-03_FDSI_triangular-ramp40s_snr25dB,sub-03,triangular-ramp40s,25,0,49,0.7716450216450217,0.8539303541183472
lr_relerror_tpe_roa,sub-03_FDSI_triangular-ramp40s_snr25dB,sub-03,triangular-ramp40s,25,1,48,0.9757383966244726,0.893953800201416
lr_relerror_tpe_roa,sub-03_FDSI_triangular-ramp40s_snr25dB,sub-03,triangular-ramp40s,25,2,40,0.9939077458659704,0.9515748023986816
lr_relerror_tpe_roa,sub-03_FDSI_triangular-ramp40s_snr25dB,sub-03,triangular-ramp40s,25,3,52,0.9914110429447852,0.9465187191963196
lr_relerror_tpe_roa,sub-03_FDSI_triangular-ramp40s_snr25dB,sub-03,triangular-ramp40s,25,4,44,0.9848771266540642,0.904801905155182
lr_relerror_tpe_roa,sub-03_FDSI_triangular-ramp40s_snr25dB,sub-03,triangular-ramp40s,25,5,46,0.988,0.9093801975250244
lr_relerror_tpe_roa,sub-03_FDSI_triangular-ramp40s_snr25dB,sub-03,triangular-ramp40s,25,6,51,0.991822429906542,0.9522588849067688
lr_relerror_tpe_roa,sub-03_FDSI_triangular-ramp40s_snr20dB,sub-03,triangular-ramp40s,20,0,48,0.923157894736842,0.8432773351669312
lr_relerror_tpe_roa,sub-03_FDSI_triangular-ramp40s_snr20dB,sub-03,triangular-ramp40s,20,1,40,0.9921671018276762,0.9548428654670716
lr_relerror_tpe_roa,sub-03_FDSI_triangular-ramp40s_snr20dB,sub-03,triangular-ramp40s,20,2,46,0.96,0.8838504552841187
lr_relerror_tpe_roa,sub-03_FDSI_triangular-ramp40s_snr20dB,sub-03,triangular-ramp40s,20,3,52,0.9730061349693252,0.9446489810943604
lr_relerror_tpe_roa,sub-03_FDSI_triangular-ramp40s_snr20dB,sub-03,triangular-ramp40s,20,4,51,0.9894859813084113,0.930453896522522
lr_relerror_tpe_roa,sub-03_FDSI_triangular-ramp40s_snr20dB,sub-03,triangular-ramp40s,20,5,49,0.96742671009772,0.8988031148910522
lr_relerror_tpe_roa,sub-03_FDSI_triangular-ramp40s_snr20dB,sub-03,triangular-ramp40s,20,6,44,0.9735349716446124,0.8818243741989136
lr_relerror_tpe_roa,sub-03_FDSI_triangular-ramp40s_snr15dB,sub-03,triangular-ramp40s,15,0,40,0.9939077458659704,0.9264377951622008
lr_relerror_tpe_roa,sub-03_FDSI_triangular-ramp40s_snr15dB,sub-03,triangular-ramp40s,15,1,44,0.8662900188323918,0.8198824524879456
lr_relerror_tpe_roa,sub-03_FDSI_triangular-ramp40s_snr15dB,sub-03,triangular-ramp40s,15,2,52,0.276734693877551,0.8506448268890381
lr_relerror_tpe_roa,sub-03_FDSI_triangular-ramp40s_snr15dB,sub-03,triangular-ramp40s,15,3,49,0.9090909090909092,0.8446075916290283
lr_relerror_tpe_roa,sub-03_FDSI_triangular-ramp40s_snr15dB,sub-03,triangular-ramp40s,15,4,46,0.8780971258671952,0.8298595547676086
lr_relerror_tpe_roa,sub-03_FDSI_triangular-ramp20s_snr30dB,sub-03,triangular-ramp20s,30,0,48,0.9717277486910996,0.8989259004592896
lr_relerror_tpe_roa,sub-03_FDSI_triangular-ramp20s_snr30dB,sub-03,triangular-ramp20s,30,1,52,0.9950556242274412,0.9610816836357116
lr_relerror_tpe_roa,sub-03_FDSI_triangular-ramp20s_snr30dB,sub-03,triangular-ramp20s,30,2,49,0.8664495114006515,0.8960085511207581
lr_relerror_tpe_roa,sub-03_FDSI_triangular-ramp20s_snr30dB,sub-03,triangular-ramp20s,30,3,51,0.9684579439252337,0.9139118194580078
lr_relerror_tpe_roa,sub-03_FDSI_triangular-ramp20s_snr30dB,sub-03,triangular-ramp20s,30,4,40,0.9982683982683984,0.9754827618598938
lr_relerror_tpe_roa,sub-03_FDSI_triangular-ramp20s_snr30dB,sub-03,triangular-ramp20s,30,5,44,0.9897196261682244,0.9288589358329772
lr_relerror_tpe_roa,sub-03_FDSI_triangular-ramp20s_snr30dB,sub-03,triangular-ramp20s,30,6,46,0.9910891089108912,0.9502075910568236
lr_relerror_tpe_roa,sub-03_FDSI_triangular-ramp20s_snr30dB,sub-03,triangular-ramp20s,30,7,35,0.9297685554668796,0.8762319087982178
lr_relerror_tpe_roa,sub-03_FDSI_triangular-ramp20s_snr30dB,sub-03,triangular-ramp20s,30,8,45,0.0870069605568445,0.9325147271156312
lr_relerror_tpe_roa,sub-03_FDSI_triangular-ramp20s_snr30dB,sub-03,triangular-ramp20s,30,9,47,0.4070796460176991,0.8433953523635864
lr_relerror_tpe_roa,sub-03_FDSI_triangular-ramp20s_snr30dB,sub-03,triangular-ramp20s,30,10,50,0.9207589285714286,0.8897721171379089
lr_relerror_tpe_roa,sub-03_FDSI_triangular-ramp20s_snr25dB,sub-03,triangular-ramp20s,25,0,44,0.9831618334892422,0.8877668976783752
lr_relerror_tpe_roa,sub-03_FDSI_triangular-ramp20s_snr25dB,sub-03,triangular-ramp20s,25,1,52,0.7812113720642769,0.8738409280776978
lr_relerror_tpe_roa,sub-03_FDSI_triangular-ramp20s_snr25dB,sub-03,triangular-ramp20s,25,2,40,0.9956709956709956,0.9368216395378112
lr_relerror_tpe_roa,sub-03_FDSI_triangular-ramp20s_snr25dB,sub-03,triangular-ramp20s,25,3,48,0.9716684155299056,0.8931735754013062
lr_relerror_tpe_roa,sub-03_FDSI_triangular-ramp20s_snr25dB,sub-03,triangular-ramp20s,25,4,46,0.9792284866468842,0.8871760368347168
lr_relerror_tpe_roa,sub-03_FDSI_triangular-ramp20s_snr25dB,sub-03,triangular-ramp20s,25,5,49,0.9902067464635472,0.9071388244628906
lr_relerror_tpe_roa,sub-03_FDSI_triangular-ramp20s_snr25dB,sub-03,triangular-ramp20s,25,6,51,0.9836065573770492,0.9237475395202636
lr_relerror_tpe_roa,sub-03_FDSI_triangular-ramp20s_snr25dB,sub-03,triangular-ramp20s,25,7,35,0.8549800796812749,0.8291279077529907
lr_relerror_tpe_roa,sub-03_FDSI_triangular-ramp20s_snr20dB,sub-03,triangular-ramp20s,20,0,40,0.9930735930735932,0.9435174465179444
lr_relerror_tpe_roa,sub-03_FDSI_triangular-ramp20s_snr20dB,sub-03,triangular-ramp20s,20,1,52,0.9245982694684796,0.9117850065231324
lr_relerror_tpe_roa,sub-03_FDSI_triangular-ramp20s_snr20dB,sub-03,triangular-ramp20s,20,2,51,0.9789227166276346,0.9174270629882812
lr_relerror_tpe_roa,sub-03_FDSI_triangular-ramp20s_snr20dB,sub-03,triangular-ramp20s,20,3,49,0.7408207343412527,0.8249546885490417
lr_relerror_tpe_roa,sub-03_FDSI_triangular-ramp20s_snr20dB,sub-03,triangular-ramp20s,20,4,44,0.8997265268915223,0.859083890914917
lr_relerror_tpe_roa,sub-03_FDSI_triangular-ramp20s_snr20dB,sub-03,triangular-ramp20s,20,5,48,0.7515638963360143,0.7645140886306763
lr_relerror_tpe_roa,sub-03_FDSI_triangular-ramp20s_snr20dB,sub-03,triangular-ramp20s,20,6,46,0.9386138613861386,0.8530873656272888
lr_relerror_tpe_roa,sub-03_FDSI_triangular-ramp20s_snr15dB,sub-03,triangular-ramp20s,15,0,40,0.9922077922077922,0.9064753651618958
lr_relerror_tpe_roa,sub-03_FDSI_triangular-ramp20s_snr15dB,sub-03,triangular-ramp20s,15,1,49,0.7306034482758621,0.7682369947433472
lr_relerror_tpe_roa,sub-03_FDSI_triangular-ramp20s_snr15dB,sub-03,triangular-ramp20s,15,2,44,0.8226691042047533,0.7868479490280151
lr_relerror_tpe_roa,sub-03_FDSI_triangular-ramp20s_snr15dB,sub-03,triangular-ramp20s,15,3,52,0.5474452554744526,0.8445666432380676
lr_relerror_tpe_roa,sub-03_FDSI_triangular-ramp10s_snr30dB,sub-03,triangular-ramp10s,30,0,40,0.993025283347864,0.9547448754310608
lr_relerror_tpe_roa,sub-03_FDSI_triangular-ramp10s_snr30dB,sub-03,triangular-ramp10s,30,1,52,0.4464720194647202,0.9144359230995178
lr_relerror_tpe_roa,sub-03_FDSI_triangular-ramp10s_snr30dB,sub-03,triangular-ramp10s,30,2,44,0.8247602441150829,0.8898538947105408
lr_relerror_tpe_roa,sub-03_FDSI_triangular-ramp10s_snr30dB,sub-03,triangular-ramp10s,30,3,35,0.7464342313787639,0.8593639135360718
lr_relerror_tpe_roa,sub-03_FDSI_triangular-ramp10s_snr30dB,sub-03,triangular-ramp10s,30,4,50,0.70261066969353,0.8616775274276733
lr_relerror_tpe_roa,sub-03_FDSI_triangular-ramp10s_snr30dB,sub-03,triangular-ramp10s,30,5,46,0.9800598205383848,0.9043352603912354
lr_relerror_tpe_roa,sub-03_FDSI_triangular-ramp10s_snr30dB,sub-03,triangular-ramp10s,30,6,49,0.7064622124863089,0.8480034470558167
lr_relerror_tpe_roa,sub-03_FDSI_triangular-ramp10s_snr30dB,sub-03,triangular-ramp10s,30,7,47,0.1785714285714285,0.8509032130241394
lr_relerror_tpe_roa,sub-03_FDSI_triangular-ramp10s_snr30dB,sub-03,triangular-ramp10s,30,8,48,0.965625,0.896517276763916
lr_relerror_tpe_roa,sub-03_FDSI_triangular-ramp10s_snr30dB,sub-03,triangular-ramp10s,30,9,43,0.1311365164761264,0.8260824084281921
lr_relerror_tpe_roa,sub-03_FDSI_triangular-ramp10s_snr30dB,sub-03,triangular-ramp10s,30,10,51,0.6378316032295271,0.8609216809272766
lr_relerror_tpe_roa,sub-03_FDSI_triangular-ramp10s_snr25dB,sub-03,triangular-ramp10s,25,0,51,0.9860950173812284,0.8823346495628357
lr_relerror_tpe_roa,sub-03_FDSI_triangular-ramp10s_snr25dB,sub-03,triangular-ramp10s,25,1,40,0.992153443766347,0.8985391855239868
lr_relerror_tpe_roa,sub-03_FDSI_triangular-ramp10s_snr25dB,sub-03,triangular-ramp10s,25,2,44,0.8743068391866913,0.8111128211021423
lr_relerror_tpe_roa,sub-03_FDSI_triangular-ramp10s_snr25dB,sub-03,triangular-ramp10s,25,3,50,0.4415437003405221,0.721610963344574
lr_relerror_tpe_roa,sub-03_FDSI_triangular-ramp10s_snr25dB,sub-03,triangular-ramp10s,25,4,52,0.8746958637469586,0.8504133224487305
lr_relerror_tpe_roa,sub-03_FDSI_triangular-ramp10s_snr25dB,sub-03,triangular-ramp10s,25,5,46,0.9152542372881356,0.833586573600769
lr_relerror_tpe_roa,sub-03_FDSI_triangular-ramp10s_snr25dB,sub-03,triangular-ramp10s,25,6,48,0.6024305555555556,0.8188806176185608
lr_relerror_tpe_roa,sub-03_FDSI_triangular-ramp10s_snr25dB,sub-03,triangular-ramp10s,25,7,49,0.9616648411829136,0.8234156370162964
lr_relerror_tpe_roa,sub-03_FDSI_triangular-ramp10s_snr20dB,sub-03,triangular-ramp10s,20,0,40,0.988666085440279,0.9282321333885192
lr_relerror_tpe_roa,sub-03_FDSI_triangular-ramp10s_snr20dB,sub-03,triangular-ramp10s,20,1,52,0.7715674362089915,0.8710800409317017
lr_relerror_tpe_roa,sub-03_FDSI_triangular-ramp10s_snr20dB,sub-03,triangular-ramp10s,20,2,46,0.8027888446215139,0.8282160758972168
lr_relerror_tpe_roa,sub-03_FDSI_triangular-ramp10s_snr20dB,sub-03,triangular-ramp10s,20,3,49,0.4951033732317736,0.7471973299980164
lr_relerror_tpe_roa,sub-03_FDSI_triangular-ramp10s_snr20dB,sub-03,triangular-ramp10s,20,4,44,0.7586837294332724,0.8296724557876587
lr_relerror_tpe_roa,sub-03_FDSI_triangular-ramp10s_snr20dB,sub-03,triangular-ramp10s,20,5,51,0.980324074074074,0.9094105362892152
lr_relerror_tpe_roa,sub-03_FDSI_triangular-ramp10s_snr20dB,sub-03,triangular-ramp10s,20,6,48,0.3140556368960469,0.8419358730316162
lr_relerror_tpe_roa,sub-03_FDSI_triangular-ramp10s_snr15dB,sub-03,triangular-ramp10s,15,0,40,0.99128160418483,0.9352208375930786
lr_relerror_tpe_roa,sub-03_FDSI_triangular-ramp10s_snr15dB,sub-03,triangular-ramp10s,15,1,52,0.6243961352657005,0.8731240034103394
lr_relerror_tpe_roa,sub-03_FDSI_triangular-ramp10s_snr15dB,sub-03,triangular-ramp10s,15,2,49,0.5359477124183006,0.7772505283355713
lr_relerror_tpe_roa,sub-03_FDSI_triangular-ramp5s_snr30dB,sub-03,triangular-ramp5s,30,0,52,0.8644688644688645,0.913526177406311
lr_relerror_tpe_roa,sub-03_FDSI_triangular-ramp5s_snr30dB,sub-03,triangular-ramp5s,30,1,48,0.3869096934548467,0.8462510704994202
lr_relerror_tpe_roa,sub-03_FDSI_triangular-ramp5s_snr30dB,sub-03,triangular-ramp5s,30,2,40,0.9878997407087294,0.935451328754425
lr_relerror_tpe_roa,sub-03_FDSI_triangular-ramp5s_snr30dB,sub-03,triangular-ramp5s,30,3,51,0.991812865497076,0.9063454270362854
lr_relerror_tpe_roa,sub-03_FDSI_triangular-ramp5s_snr30dB,sub-03,triangular-ramp5s,30,4,46,0.7087087087087087,0.9121450781822203
lr_relerror_tpe_roa,sub-03_FDSI_triangular-ramp5s_snr30dB,sub-03,triangular-ramp5s,30,5,49,0.5372807017543859,0.9013093113899232
lr_relerror_tpe_roa,sub-03_FDSI_triangular-ramp5s_snr30dB,sub-03,triangular-ramp5s,30,6,44,0.6824324324324325,0.9154639840126038
lr_relerror_tpe_roa,sub-03_FDSI_triangular-ramp5s_snr30dB,sub-03,triangular-ramp5s,30,7,47,0.0663265306122449,0.8209215402603149
lr_relerror_tpe_roa,sub-03_FDSI_triangular-ramp5s_snr30dB,sub-03,triangular-ramp5s,30,8,45,0.0844553243574051,0.9220289587974548
lr_relerror_tpe_roa,sub-03_FDSI_triangular-ramp5s_snr30dB,sub-03,triangular-ramp5s,30,9,50,0.5775280898876405,0.836500346660614
lr_relerror_tpe_roa,sub-03_FDSI_triangular-ramp5s_snr30dB,sub-03,triangular-ramp5s,30,10,35,0.6052631578947368,0.9036887884140016
lr_relerror_tpe_roa,sub-03_FDSI_triangular-ramp5s_snr25dB,sub-03,triangular-ramp5s,25,0,52,0.9023199023199024,0.8627488017082214
lr_relerror_tpe_roa,sub-03_FDSI_triangular-ramp5s_snr25dB,sub-03,triangular-ramp5s,25,1,40,0.989628349178911,0.9236241579055786
lr_relerror_tpe_roa,sub-03_FDSI_triangular-ramp5s_snr25dB,sub-03,triangular-ramp5s,25,2,48,0.5064157399486741,0.8087551593780518
lr_relerror_tpe_roa,sub-03_FDSI_triangular-ramp5s_snr25dB,sub-03,triangular-ramp5s,25,3,46,0.7327327327327328,0.8590519428253174
lr_relerror_tpe_roa,sub-03_FDSI_triangular-ramp5s_snr25dB,sub-03,triangular-ramp5s,25,4,44,0.6764184397163121,0.8581221699714661
lr_relerror_tpe_roa,sub-03_FDSI_triangular-ramp5s_snr25dB,sub-03,triangular-ramp5s,25,5,49,0.5241228070175439,0.8036803007125854
lr_relerror_tpe_roa,sub-03_FDSI_triangular-ramp5s_snr25dB,sub-03,triangular-ramp5s,25,6,51,0.975438596491228,0.8797648549079895
lr_relerror_tpe_roa,sub-03_FDSI_triangular-ramp5s_snr25dB,sub-03,triangular-ramp5s,25,7,35,0.5661881977671451,0.8573811650276184
lr_relerror_tpe_roa,sub-03_FDSI_triangular-ramp5s_snr20dB,sub-03,triangular-ramp5s,20,0,52,0.7582417582417582,0.9197441935539246
lr_relerror_tpe_roa,sub-03_FDSI_triangular-ramp5s_snr20dB,sub-03,triangular-ramp5s,20,1,40,0.9939498703543648,0.938205361366272
lr_relerror_tpe_roa,sub-03_FDSI_triangular-ramp5s_snr20dB,sub-03,triangular-ramp5s,20,2,49,0.5929978118161926,0.8177575469017029
lr_relerror_tpe_roa,sub-03_FDSI_triangular-ramp5s_snr20dB,sub-03,triangular-ramp5s,20,3,44,0.6521335807050093,0.8919787406921387
lr_relerror_tpe_roa,sub-03_FDSI_triangular-ramp5s_snr20dB,sub-03,triangular-ramp5s,20,4,46,0.6896896896896897,0.8895697593688965
lr_relerror_tpe_roa,sub-03_FDSI_triangular-ramp5s_snr20dB,sub-03,triangular-ramp5s,20,5,51,0.9707602339181286,0.9138931035995485
lr_relerror_tpe_roa,sub-03_FDSI_triangular-ramp5s_snr20dB,sub-03,triangular-ramp5s,20,6,48,0.28552368245497,0.8813736438751221
lr_relerror_tpe_roa,sub-03_FDSI_triangular-ramp5s_snr15dB,sub-03,triangular-ramp5s,15,0,52,0.2557856272838002,0.7549788355827332
lr_relerror_tpe_roa,sub-03_FDSI_triangular-ramp5s_snr15dB,sub-03,triangular-ramp5s,15,1,40,0.9835782195332756,0.902107000350952
lr_relerror_tpe_roa,sub-03_FDSI_triangular-ramp5s_snr15dB,sub-03,triangular-ramp5s,15,2,51,0.7876312718786465,0.8571652770042419
lr_relerror_tpe_roa,sub-03_FDSI_triangular-ramp5s_snr15dB,sub-03,triangular-ramp5s,15,3,46,0.6031904287138584,0.8788305521011353
lr_relerror_tpe_roa,sub-04_FDSI_staircase_snr30dB,sub-04,staircase,30,0,50,0.9535740604274134,0.8834071159362793
lr_relerror_tpe_roa,sub-04_FDSI_staircase_snr30dB,sub-04,staircase,30,1,44,0.9798045602605864,0.9004520773887634
lr_relerror_tpe_roa,sub-04_FDSI_staircase_snr30dB,sub-04,staircase,30,2,41,0.9927007299270072,0.9520931839942932
lr_relerror_tpe_roa,sub-04_FDSI_staircase_snr30dB,sub-04,staircase,30,3,53,0.9396694214876034,0.8445963263511658
lr_relerror_tpe_roa,sub-04_FDSI_staircase_snr30dB,sub-04,staircase,30,4,23,0.9601211509338716,0.885321855545044
lr_relerror_tpe_roa,sub-04_FDSI_staircase_snr30dB,sub-04,staircase,30,5,48,0.9936079545454546,0.9274312257766724
lr_relerror_tpe_roa,sub-04_FDSI_staircase_snr30dB,sub-04,staircase,30,6,51,0.9637345679012346,0.882279098033905
lr_relerror_tpe_roa,sub-04_FDSI_staircase_snr30dB,sub-04,staircase,30,7,54,0.9836629406706792,0.9263491034507751
lr_relerror_tpe_roa,sub-04_FDSI_staircase_snr30dB,sub-04,staircase,30,8,42,0.9407730673316708,0.8230586647987366
lr_relerror_tpe_roa,sub-04_FDSI_staircase_snr30dB,sub-04,staircase,30,9,49,0.9853157121879588,0.9273539185523988
lr_relerror_tpe_roa,sub-04_FDSI_staircase_snr30dB,sub-04,staircase,30,10,37,0.8620689655172413,0.8357689380645752
lr_relerror_tpe_roa,sub-04_FDSI_staircase_snr25dB,sub-04,staircase,25,0,51,0.4722222222222222,0.8228601217269897
lr_relerror_tpe_roa,sub-04_FDSI_staircase_snr25dB,sub-04,staircase,25,1,44,0.9596091205211726,0.869534432888031
lr_relerror_tpe_roa,sub-04_FDSI_staircase_snr25dB,sub-04,staircase,25,2,53,0.8460912052117264,0.8063918352127075
lr_relerror_tpe_roa,sub-04_FDSI_staircase_snr25dB,sub-04,staircase,25,3,41,0.9927007299270072,0.9590571522712708
lr_relerror_tpe_roa,sub-04_FDSI_staircase_snr25dB,sub-04,staircase,25,4,48,0.9893465909090908,0.9264258742332458
lr_relerror_tpe_roa,sub-04_FDSI_staircase_snr25dB,sub-04,staircase,25,5,50,0.9413892908827786,0.8835078477859497
lr_relerror_tpe_roa,sub-04_FDSI_staircase_snr25dB,sub-04,staircase,25,6,49,0.9809104258443464,0.9257181286811828
lr_relerror_tpe_roa,sub-04_FDSI_staircase_snr25dB,sub-04,staircase,25,7,54,0.9836629406706792,0.9425068497657776
lr_relerror_tpe_roa,sub-04_FDSI_staircase_snr25dB,sub-04,staircase,25,8,42,0.982532751091703,0.9279252886772156
lr_relerror_tpe_roa,sub-04_FDSI_staircase_snr20dB,sub-04,staircase,20,0,41,0.9975669099756692,0.9485687017440796
lr_relerror_tpe_roa,sub-04_FDSI_staircase_snr20dB,sub-04,staircase,20,1,48,0.9623579545454546,0.9054872393608092
lr_relerror_tpe_roa,sub-04_FDSI_staircase_snr20dB,sub-04,staircase,20,2,42,0.9575795383655644,0.8736706376075745
lr_relerror_tpe_roa,sub-04_FDSI_staircase_snr20dB,sub-04,staircase,20,3,49,0.9383259911894272,0.880264163017273
lr_relerror_tpe_roa,sub-04_FDSI_staircase_snr15dB,sub-04,staircase,15,0,41,0.995742092457421,0.9510690569877625
lr_relerror_tpe_roa,sub-04_FDSI_triangular-ramp40s_snr30dB,sub-04,triangular-ramp40s,30,0,42,0.9922010398613518,0.9514064192771912
lr_relerror_tpe_roa,sub-04_FDSI_triangular-ramp40s_snr30dB,sub-04,triangular-ramp40s,30,1,33,0.9453183520599252,0.8919463753700256
lr_relerror_tpe_roa,sub-04_FDSI_triangular-ramp40s_snr30dB,sub-04,triangular-ramp40s,30,2,50,0.7424,0.8341563940048218
lr_relerror_tpe_roa,sub-04_FDSI_triangular-ramp40s_snr30dB,sub-04,triangular-ramp40s,30,3,51,0.9671610169491526,0.916723132133484
lr_relerror_tpe_roa,sub-04_FDSI_triangular-ramp40s_snr30dB,sub-04,triangular-ramp40s,30,4,49,0.987878787878788,0.9397401213645936
lr_relerror_tpe_roa,sub-04_FDSI_triangular-ramp40s_snr30dB,sub-04,triangular-ramp40s,30,5,48,0.9921026653504442,0.941108465194702
lr_relerror_tpe_roa,sub-04_FDSI_triangular-ramp40s_snr30dB,sub-04,triangular-ramp40s,30,6,41,0.9957264957264956,0.9825561046600342
lr_relerror_tpe_roa,sub-04_FDSI_triangular-ramp40s_snr30dB,sub-04,triangular-ramp40s,30,7,44,0.9784172661870504,0.9121259450912476
lr_relerror_tpe_roa,sub-04_FDSI_triangular-ramp40s_snr30dB,sub-04,triangular-ramp40s,30,8,54,0.9379474940334128,0.8833997845649719
lr_relerror_tpe_roa,sub-04_FDSI_triangular-ramp40s_snr30dB,sub-04,triangular-ramp40s,30,9,17,0.9230769230769232,0.8988733887672424
lr_relerror_tpe_roa,sub-04_FDSI_triangular-ramp40s_snr30dB,sub-04,triangular-ramp40s,30,10,53,0.9600912200684152,0.9192141890525818
lr_relerror_tpe_roa,sub-04_FDSI_triangular-ramp40s_snr25dB,sub-04,triangular-ramp40s,25,0,42,0.9818024263431544,0.8865389227867126
lr_relerror_tpe_roa,sub-04_FDSI_triangular-ramp40s_snr25dB,sub-04,triangular-ramp40s,25,1,41,0.9931623931623932,0.933956265449524
lr_relerror_tpe_roa,sub-04_FDSI_triangular-ramp40s_snr25dB,sub-04,triangular-ramp40s,25,2,48,0.9891411648568608,0.9033378958702089
lr_relerror_tpe_roa,sub-04_FDSI_triangular-ramp40s_snr25dB,sub-04,triangular-ramp40s,25,3,49,0.9757575757575756,0.8888082504272461
lr_relerror_tpe_roa,sub-04_FDSI_triangular-ramp40s_snr25dB,sub-04,triangular-ramp40s,25,4,44,0.953279424977538,0.8668206930160522
lr_relerror_tpe_roa,sub-04_FDSI_triangular-ramp40s_snr25dB,sub-04,triangular-ramp40s,25,5,50,0.9135922330097088,0.8822882175445557
lr_relerror_tpe_roa,sub-04_FDSI_triangular-ramp40s_snr25dB,sub-04,triangular-ramp40s,25,6,51,0.56,0.8321657180786133
lr_relerror_tpe_roa,sub-04_FDSI_triangular-ramp40s_snr25dB,sub-04,triangular-ramp40s,25,7,54,0.978494623655914,0.9295517802238464
lr_relerror_tpe_roa,sub-04_FDSI_triangular-ramp40s_snr20dB,sub-04,triangular-ramp40s,20,0,42,0.9436741767764298,0.8358646631240845
lr_relerror_tpe_roa,sub-04_FDSI_triangular-ramp40s_snr20dB,sub-04,triangular-ramp40s,20,1,41,0.9931623931623932,0.9261553883552552
lr_relerror_tpe_roa,sub-04_FDSI_triangular-ramp40s_snr20dB,sub-04,triangular-ramp40s,20,2,44,0.8846153846153846,0.8072950839996338
lr_relerror_tpe_roa,sub-04_FDSI_triangular-ramp40s_snr20dB,sub-04,triangular-ramp40s,20,3,48,0.966436327739388,0.8804234862327576
lr_relerror_tpe_roa,sub-04_FDSI_triangular-ramp40s_snr15dB,sub-04,triangular-ramp40s,15,0,41,0.9923076923076924,0.9374924302101136
lr_relerror_tpe_roa,sub-04_FDSI_triangular-ramp20s_snr30dB,sub-04,triangular-ramp20s,30,0,48,0.99207135777998,0.9174385666847228
lr_relerror_tpe_roa,sub-04_FDSI_triangular-ramp20s_snr30dB,sub-04,triangular-ramp20s,30,1,41,0.9932318104906938,0.936462104320526
lr_relerror_tpe_roa,sub-04_FDSI_triangular-ramp20s_snr30dB,sub-04,triangular-ramp20s,30,2,50,0.92807881773399,0.8455641865730286
lr_relerror_tpe_roa,sub-04_FDSI_triangular-ramp20s_snr30dB,sub-04,triangular-ramp20s,30,3,42,0.9956896551724138,0.903641641139984
lr_relerror_tpe_roa,sub-04_FDSI_triangular-ramp20s_snr30dB,sub-04,triangular-ramp20s,30,4,49,0.9887755102040816,0.9162015318870544
lr_relerror_tpe_roa,sub-04_FDSI_triangular-ramp20s_snr30dB,sub-04,triangular-ramp20s,30,5,44,0.976491862567812,0.8787421584129333
lr_relerror_tpe_roa,sub-04_FDSI_triangular-ramp20s_snr30dB,sub-04,triangular-ramp20s,30,6,23,0.9410526315789474,0.8715282678604126
lr_relerror_tpe_roa,sub-04_FDSI_triangular-ramp20s_snr30dB,sub-04,triangular-ramp20s,30,7,37,0.1340809361287177,0.9149636626243592
lr_relerror_tpe_roa,sub-04_FDSI_triangular-ramp20s_snr30dB,sub-04,triangular-ramp20s,30,8,53,0.9688221709006928,0.8622018694877625
lr_relerror_tpe_roa,sub-04_FDSI_triangular-ramp20s_snr30dB,sub-04,triangular-ramp20s,30,9,51,0.8767123287671232,0.8575656414031982
lr_relerror_tpe_roa,sub-04_FDSI_triangular-ramp20s_snr30dB,sub-04,triangular-ramp20s,30,10,17,0.9429147078576224,0.8996134996414185
lr_relerror_tpe_roa,sub-04_FDSI_triangular-ramp20s_snr30dB,sub-04,triangular-ramp20s,30,11,54,0.972289156626506,0.8999894857406616
lr_relerror_tpe_roa,sub-04_FDSI_triangular-ramp20s_snr25dB,sub-04,triangular-ramp20s,25,0,41,0.9949238578680204,0.930511713027954
lr_relerror_tpe_roa,sub-04_FDSI_triangular-ramp20s_snr25dB,sub-04,triangular-ramp20s,25,1,51,0.5122655122655123,0.8084884285926819
lr_relerror_tpe_roa,sub-04_FDSI_triangular-ramp20s_snr25dB,sub-04,triangular-ramp20s,25,2,54,0.9264173703256936,0.8259173035621643
lr_relerror_tpe_roa,sub-04_FDSI_triangular-ramp20s_snr25dB,sub-04,triangular-ramp20s,25,3,42,0.9801724137931036,0.8542823195457458
lr_relerror_tpe_roa,sub-04_FDSI_triangular-ramp20s_snr25dB,sub-04,triangular-ramp20s,25,4,48,0.8584158415841584,0.8534507751464844
lr_relerror_tpe_roa,sub-04_FDSI_triangular-ramp20s_snr25dB,sub-04,triangular-ramp20s,25,5,50,0.8936170212765957,0.8496365547180176
lr_relerror_tpe_roa,sub-04_FDSI_triangular-ramp20s_snr25dB,sub-04,triangular-ramp20s,25,6,49,0.9581632653061224,0.8718107342720032
lr_relerror_tpe_roa,sub-04_FDSI_triangular-ramp20s_snr25dB,sub-04,triangular-ramp20s,25,7,44,0.9141824751580848,0.835212767124176
lr_relerror_tpe_roa,sub-04_FDSI_triangular-ramp20s_snr25dB,sub-04,triangular-ramp20s,25,8,53,0.9110604332953248,0.8412355184555054
lr_relerror_tpe_roa,sub-04_FDSI_triangular-ramp20s_snr20dB,sub-04,triangular-ramp20s,20,0,48,0.9455984174085064,0.8583677411079407
lr_relerror_tpe_roa,sub-04_FDSI_triangular-ramp20s_snr20dB,sub-04,triangular-ramp20s,20,1,41,0.9932318104906938,0.9393523931503296
lr_relerror_tpe_roa,sub-04_FDSI_triangular-ramp20s_snr20dB,sub-04,triangular-ramp20s,20,2,42,0.9155172413793105,0.8232042789459229
lr_relerror_tpe_roa,sub-04_FDSI_triangular-ramp20s_snr15dB,sub-04,triangular-ramp20s,15,0,41,0.994077834179357,0.931000590324402
lr_relerror_tpe_roa,sub-04_FDSI_triangular-ramp10s_snr30dB,sub-04,triangular-ramp10s,30,0,49,0.95630081300813,0.8694162964820862
lr_relerror_tpe_roa,sub-04_FDSI_triangular-ramp10s_snr30dB,sub-04,triangular-ramp10s,30,1,41,0.9957264957264956,0.9385638236999512
lr_relerror_tpe_roa,sub-04_FDSI_triangular-ramp10s_snr30dB,sub-04,triangular-ramp10s,30,2,48,0.7673956262425448,0.8604664206504822
lr_relerror_tpe_roa,sub-04_FDSI_triangular-ramp10s_snr30dB,sub-04,triangular-ramp10s,30,3,51,0.3966480446927374,0.7992567420005798
lr_relerror_tpe_roa,sub-04_FDSI_triangular-ramp10s_snr30dB,sub-04,triangular-ramp10s,30,4,42,0.7172593235039029,0.8414027690887451
lr_relerror_tpe_roa,sub-04_FDSI_triangular-ramp10s_snr30dB,sub-04,triangular-ramp10s,30,5,47,0.0577354260089686,0.9204084873199464
lr_relerror_tpe_roa,sub-04_FDSI_triangular-ramp10s_snr30dB,sub-04,triangular-ramp10s,30,6,50,0.9032258064516128,0.8457493782043457
lr_relerror_tpe_roa,sub-04_FDSI_triangular-ramp10s_snr30dB,sub-04,triangular-ramp10s,30,7,44,0.7751798561151079,0.8973225951194763
lr_relerror_tpe_roa,sub-04_FDSI_triangular-ramp10s_snr30dB,sub-04,triangular-ramp10s,30,8,17,0.9386257505003336,0.8846346735954285
lr_relerror_tpe_roa,sub-04_FDSI_triangular-ramp10s_snr30dB,sub-04,triangular-ramp10s,30,9,53,0.9144144144144144,0.8334407806396484
lr_relerror_tpe_roa,sub-04_FDSI_triangular-ramp10s_snr30dB,sub-04,triangular-ramp10s,30,10,54,0.9331742243436754,0.9002705812454224
lr_relerror_tpe_roa,sub-04_FDSI_triangular-ramp10s_snr30dB,sub-04,triangular-ramp10s,30,11,33,0.857034795763994,0.852906346321106
lr_relerror_tpe_roa,sub-04_FDSI_triangular-ramp10s_snr25dB,sub-04,triangular-ramp10s,25,0,54,0.3333333333333333,0.7076191902160645
lr_relerror_tpe_roa,sub-04_FDSI_triangular-ramp10s_snr25dB,sub-04,triangular-ramp10s,25,1,49,0.884263959390863,0.860321044921875
lr_relerror_tpe_roa,sub-04_FDSI_triangular-ramp10s_snr25dB,sub-04,triangular-ramp10s,25,2,41,0.9948717948717948,0.9265652298927308
lr_relerror_tpe_roa,sub-04_FDSI_triangular-ramp10s_snr25dB,sub-04,triangular-ramp10s,25,3,42,0.9453599306157848,0.86525559425354
lr_relerror_tpe_roa,sub-04_FDSI_triangular-ramp10s_snr25dB,sub-04,triangular-ramp10s,25,4,50,0.8952772073921971,0.8463480472564697
lr_relerror_tpe_roa,sub-04_FDSI_triangular-ramp10s_snr25dB,sub-04,triangular-ramp10s,25,5,44,0.7670250896057348,0.8679631352424622
lr_relerror_tpe_roa,sub-04_FDSI_triangular-ramp10s_snr25dB,sub-04,triangular-ramp10s,25,6,51,0.4925373134328358,0.7701871395111084
lr_relerror_tpe_roa,sub-04_FDSI_triangular-ramp10s_snr25dB,sub-04,triangular-ramp10s,25,7,48,0.9622266401590456,0.9075186252593994
lr_relerror_tpe_roa,sub-04_FDSI_triangular-ramp10s_snr20dB,sub-04,triangular-ramp10s,20,0,41,0.9905982905982906,0.9248424768447876
lr_relerror_tpe_roa,sub-04_FDSI_triangular-ramp10s_snr20dB,sub-04,triangular-ramp10s,20,1,49,0.6889564336372846,0.7856757640838623
lr_relerror_tpe_roa,sub-04_FDSI_triangular-ramp10s_snr20dB,sub-04,triangular-ramp10s,20,2,42,0.801038062283737,0.7922738790512085
lr_relerror_tpe_roa,sub-04_FDSI_triangular-ramp10s_snr20dB,sub-04,triangular-ramp10s,20,3,50,0.7722277722277723,0.8009330034255981
lr_relerror_tpe_roa,sub-04_FDSI_triangular-ramp10s_snr20dB,sub-04,triangular-ramp10s,20,4,48,0.7047713717693836,0.8382064700126648
lr_relerror_tpe_roa,sub-04_FDSI_triangular-ramp10s_snr15dB,sub-04,triangular-ramp10s,15,0,41,0.9871794871794872,0.9215259552001952
lr_relerror_tpe_roa,sub-04_FDSI_triangular-ramp5s_snr30dB,sub-04,triangular-ramp5s,30,0,50,0.8287179487179487,0.8814879655838013
lr_relerror_tpe_roa,sub-04_FDSI_triangular-ramp5s_snr30dB,sub-04,triangular-ramp5s,30,1,42,0.8273757628596339,0.8835896849632263
lr_relerror_tpe_roa,sub-04_FDSI_triangular-ramp5s_snr30dB,sub-04,triangular-ramp5s,30,2,48,0.9544554455445544,0.8876761198043823
lr_relerror_tpe_roa,sub-04_FDSI_triangular-ramp5s_snr30dB,sub-04,triangular-ramp5s,30,3,44,0.7463898916967509,0.8834831118583679
lr_relerror_tpe_roa,sub-04_FDSI_triangular-ramp5s_snr30dB,sub-04,triangular-ramp5s,30,4,41,0.9949238578680204,0.897040605545044
lr_relerror_tpe_roa,sub-04_FDSI_triangular-ramp5s_snr30dB,sub-04,triangular-ramp5s,30,5,23,0.8011011699931176,0.8324729800224304
lr_relerror_tpe_roa,sub-04_FDSI_triangular-ramp5s_snr30dB,sub-04,triangular-ramp5s,30,6,49,0.5786802030456852,0.8434244990348816
lr_relerror_tpe_roa,sub-04_FDSI_triangular-ramp5s_snr30dB,sub-04,triangular-ramp5s,30,7,54,0.6995192307692307,0.913381814956665
lr_relerror_tpe_roa,sub-04_FDSI_triangular-ramp5s_snr30dB,sub-04,triangular-ramp5s,30,8,53,0.8108108108108109,0.8029478192329407
lr_relerror_tpe_roa,sub-04_FDSI_triangular-ramp5s_snr30dB,sub-04,triangular-ramp5s,30,9,47,0.0573678290213723,0.9137755036354064
lr_relerror_tpe_roa,sub-04_FDSI_triangular-ramp5s_snr30dB,sub-04,triangular-ramp5s,30,10,51,0.5365321701199564,0.8554721474647522
lr_relerror_tpe_roa,sub-04_FDSI_triangular-ramp5s_snr25dB,sub-04,triangular-ramp5s,25,0,42,0.7462946817785527,0.865588366985321
lr_relerror_tpe_roa,sub-04_FDSI_triangular-ramp5s_snr25dB,sub-04,triangular-ramp5s,25,1,48,0.8831683168316832,0.8713011145591736
lr_relerror_tpe_roa,sub-04_FDSI_triangular-ramp5s_snr25dB,sub-04,triangular-ramp5s,25,2,44,0.6358744394618834,0.8526668548583984
lr_relerror_tpe_roa,sub-04_FDSI_triangular-ramp5s_snr25dB,sub-04,triangular-ramp5s,25,3,41,0.9873096446700508,0.9059006571769714
lr_relerror_tpe_roa,sub-04_FDSI_triangular-ramp5s_snr25dB,sub-04,triangular-ramp5s,25,4,54,0.4246411483253589,0.8125448226928711
lr_relerror_tpe_roa,sub-04_FDSI_triangular-ramp5s_snr25dB,sub-04,triangular-ramp5s,25,5,50,0.7172557172557172,0.8622957468032837
lr_relerror_tpe_roa,sub-04_FDSI_triangular-ramp5s_snr25dB,sub-04,triangular-ramp5s,25,6,53,0.7432578209277239,0.7558032274246216
lr_relerror_tpe_roa,sub-04_FDSI_triangular-ramp5s_snr25dB,sub-04,triangular-ramp5s,25,7,49,0.6885743174924166,0.8632405400276184
lr_relerror_tpe_roa,sub-04_FDSI_triangular-ramp5s_snr25dB,sub-04,triangular-ramp5s,25,8,51,0.4406165004533091,0.8304477334022522
lr_relerror_tpe_roa,sub-04_FDSI_triangular-ramp5s_snr20dB,sub-04,triangular-ramp5s,20,0,41,0.9923857868020304,0.8826555609703064
lr_relerror_tpe_roa,sub-04_FDSI_triangular-ramp5s_snr20dB,sub-04,triangular-ramp5s,20,1,48,0.7108910891089109,0.8206602334976196
lr_relerror_tpe_roa,sub-04_FDSI_triangular-ramp5s_snr20dB,sub-04,triangular-ramp5s,20,2,42,0.509581881533101,0.8125377297401428
lr_relerror_tpe_roa,sub-04_FDSI_triangular-ramp5s_snr15dB,sub-04,triangular-ramp5s,15,0,41,0.9915397631133672,0.9066027998924256
lr_relerror_tpe_roa,sub-05_FDSI_staircase_snr30dB,sub-05,staircase,30,0,35,0.982791586998088,0.9059950113296508
lr_relerror_tpe_roa,sub-05_FDSI_staircase_snr30dB,sub-05,staircase,30,1,31,0.9876325088339224,0.8875584006309509
lr_relerror_tpe_roa,sub-05_FDSI_staircase_snr30dB,sub-05,staircase,30,2,44,0.9982409850483728,0.9377174377441406
lr_relerror_tpe_roa,sub-05_FDSI_staircase_snr30dB,sub-05,staircase,30,3,43,0.9908256880733946,0.9452158808708192
lr_relerror_tpe_roa,sub-05_FDSI_staircase_snr30dB,sub-05,staircase,30,4,42,0.9248601119104716,0.8006249666213989
lr_relerror_tpe_roa,sub-05_FDSI_staircase_snr30dB,sub-05,staircase,30,5,30,0.9749417249417248,0.8793572187423706
lr_relerror_tpe_roa,sub-05_FDSI_staircase_snr30dB,sub-05,staircase,30,6,40,0.9882352941176472,0.9221675992012024
lr_relerror_tpe_roa,sub-05_FDSI_staircase_snr30dB,sub-05,staircase,30,7,36,0.3138095238095238,0.8969333171844482
lr_relerror_tpe_roa,sub-05_FDSI_staircase_snr30dB,sub-05,staircase,30,8,41,0.5186092066601371,0.841356098651886
lr_relerror_tpe_roa,sub-05_FDSI_staircase_snr30dB,sub-05,staircase,30,9,16,0.981399902104748,0.9096482396125792
lr_relerror_tpe_roa,sub-05_FDSI_staircase_snr30dB,sub-05,staircase,30,10,37,0.3212505663797009,0.837982177734375
lr_relerror_tpe_roa,sub-05_FDSI_staircase_snr30dB,sub-05,staircase,30,11,39,0.9680170575692963,0.8746042251586914
lr_relerror_tpe_roa,sub-05_FDSI_staircase_snr30dB,sub-05,staircase,30,12,34,0.9662077596996246,0.9175987839698792
lr_relerror_tpe_roa,sub-05_FDSI_staircase_snr30dB,sub-05,staircase,30,13,33,0.25,0.8809472322463989
lr_relerror_tpe_roa,sub-05_FDSI_staircase_snr25dB,sub-05,staircase,25,0,31,0.9770318021201412,0.8682340383529663
lr_relerror_tpe_roa,sub-05_FDSI_staircase_snr25dB,sub-05,staircase,25,1,44,0.9991204925241864,0.930406928062439
lr_relerror_tpe_roa,sub-05_FDSI_staircase_snr25dB,sub-05,staircase,25,2,42,0.8289578361177407,0.7335653305053711
lr_relerror_tpe_roa,sub-05_FDSI_staircase_snr25dB,sub-05,staircase,25,3,40,0.9823529411764704,0.9109677076339722
lr_relerror_tpe_roa,sub-05_FDSI_staircase_snr25dB,sub-05,staircase,25,4,30,0.967948717948718,0.8895913362503052
lr_relerror_tpe_roa,sub-05_FDSI_staircase_snr25dB,sub-05,staircase,25,5,43,0.9633333333333334,0.858318567276001
lr_relerror_tpe_roa,sub-05_FDSI_staircase_snr25dB,sub-05,staircase,25,6,41,0.5219084712755598,0.8467827439308167
lr_relerror_tpe_roa,sub-05_FDSI_staircase_snr25dB,sub-05,staircase,25,7,36,0.30893536121673,0.890052080154419
lr_relerror_tpe_roa,sub-05_FDSI_staircase_snr25dB,sub-05,staircase,25,8,35,0.9554140127388536,0.8708108067512512
lr_relerror_tpe_roa,sub-05_FDSI_staircase_snr25dB,sub-05,staircase,25,9,16,0.9623103279490944,0.8981049060821533
lr_relerror_tpe_roa,sub-05_FDSI_staircase_snr20dB,sub-05,staircase,20,0,31,0.9435294117647058,0.8722054958343506
lr_relerror_tpe_roa,sub-05_FDSI_staircase_snr20dB,sub-05,staircase,20,1,43,0.9858215179316095,0.942253351211548
lr_relerror_tpe_roa,sub-05_FDSI_staircase_snr20dB,sub-05,staircase,20,2,44,0.945518453427065,0.8397188782691956
lr_relerror_tpe_roa,sub-05_FDSI_staircase_snr15dB,sub-05,staircase,15,0,31,0.8768961493582264,0.8390531539916992
lr_relerror_tpe_roa,sub-05_FDSI_staircase_snr15dB,sub-05,staircase,15,1,43,0.9699749791492912,0.8956242203712463
lr_relerror_tpe_roa,sub-05_FDSI_staircase_snr15dB,sub-05,staircase,15,2,44,0.8446180555555556,0.8030171394348145
lr_relerror_tpe_roa,sub-05_FDSI_triangular-ramp40s_snr30dB,sub-05,triangular-ramp40s,30,0,44,0.3153374233128834,0.8820562958717346
lr_relerror_tpe_roa,sub-05_FDSI_triangular-ramp40s_snr30dB,sub-05,triangular-ramp40s,30,1,41,0.6302158273381295,0.816321849822998
lr_relerror_tpe_roa,sub-05_FDSI_triangular-ramp40s_snr30dB,sub-05,triangular-ramp40s,30,2,35,0.9813994685562444,0.8723468780517578
lr_relerror_tpe_roa,sub-05_FDSI_triangular-ramp40s_snr30dB,sub-05,triangular-ramp40s,30,3,30,0.9809523809523808,0.866401195526123
lr_relerror_tpe_roa,sub-05_FDSI_triangular-ramp40s_snr30dB,sub-05,triangular-ramp40s,30,4,31,0.9893617021276596,0.8815033435821533
lr_relerror_tpe_roa,sub-05_FDSI_triangular-ramp40s_snr30dB,sub-05,triangular-ramp40s,30,5,40,0.9917864476386036,0.9010286331176758
lr_relerror_tpe_roa,sub-05_FDSI_triangular-ramp40s_snr30dB,sub-05,triangular-ramp40s,30,6,33,0.1894553881807647,0.8551621437072754
lr_relerror_tpe_roa,sub-05_FDSI_triangular-ramp40s_snr30dB,sub-05,triangular-ramp40s,30,7,43,0.9930232558139536,0.9449244737625122
lr_relerror_tpe_roa,sub-05_FDSI_triangular-ramp40s_snr30dB,sub-05,triangular-ramp40s,30,8,39,0.9679037111334002,0.8414803743362427
lr_relerror_tpe_roa,sub-05_FDSI_triangular-ramp40s_snr30dB,sub-05,triangular-ramp40s,30,9,16,0.9830047586675732,0.9033899307250975
lr_relerror_tpe_roa,sub-05_FDSI_triangular-ramp40s_snr30dB,sub-05,triangular-ramp40s,30,10,42,0.9371554575523704,0.7899702191352844
lr_relerror_tpe_roa,sub-05_FDSI_triangular-ramp40s_snr30dB,sub-05,triangular-ramp40s,30,11,36,0.8036363636363636,0.8989750146865845
lr_relerror_tpe_roa,sub-05_FDSI_triangular-ramp40s_snr25dB,sub-05,triangular-ramp40s,25,0,44,0.8685162846803377,0.8685487508773804
lr_relerror_tpe_roa,sub-05_FDSI_triangular-ramp40s_snr25dB,sub-05,triangular-ramp40s,25,1,41,0.574611748818366,0.8658230304718018
lr_relerror_tpe_roa,sub-05_FDSI_triangular-ramp40s_snr25dB,sub-05,triangular-ramp40s,25,2,35,0.9283819628647216,0.8622574806213379
lr_relerror_tpe_roa,sub-05_FDSI_triangular-ramp40s_snr25dB,sub-05,triangular-ramp40s,25,3,30,0.9328593996840442,0.8752281665802002
lr_relerror_tpe_roa,sub-05_FDSI_triangular-ramp40s_snr25dB,sub-05,triangular-ramp40s,25,4,31,0.9656301145662848,0.8698076605796814
lr_relerror_tpe_roa,sub-05_FDSI_triangular-ramp40s_snr25dB,sub-05,triangular-ramp40s,25,5,40,0.9599589322381932,0.8969126343727112
lr_relerror_tpe_roa,sub-05_FDSI_triangular-ramp40s_snr25dB,sub-05,triangular-ramp40s,25,6,43,0.9744186046511628,0.91154146194458
lr_relerror_tpe_roa,sub-05_FDSI_triangular-ramp40s_snr25dB,sub-05,triangular-ramp40s,25,7,36,0.2841530054644808,0.8847571015357971
lr_relerror_tpe_roa,sub-05_FDSI_triangular-ramp40s_snr25dB,sub-05,triangular-ramp40s,25,8,16,0.9626358695652174,0.9230722188949584
lr_relerror_tpe_roa,sub-05_FDSI_triangular-ramp40s_snr25dB,sub-05,triangular-ramp40s,25,9,39,0.2980926430517711,0.8744104504585266
lr_relerror_tpe_roa,sub-05_FDSI_triangular-ramp40s_snr20dB,sub-05,triangular-ramp40s,20,0,43,0.9686046511627908,0.8660551309585571
lr_relerror_tpe_roa,sub-05_FDSI_triangular-ramp40s_snr20dB,sub-05,triangular-ramp40s,20,1,31,0.9509803921568628,0.846645176410675
lr_relerror_tpe_roa,sub-05_FDSI_triangular-ramp40s_snr20dB,sub-05,triangular-ramp40s,20,2,44,0.9840490797546012,0.9389427900314332
lr_relerror_tpe_roa,sub-05_FDSI_triangular-ramp40s_snr15dB,sub-05,triangular-ramp40s,15,0,43,0.9453488372093024,0.8772770762443542
lr_relerror_tpe_roa,sub-05_FDSI_triangular-ramp40s_snr15dB,sub-05,triangular-ramp40s,15,1,44,0.8986568986568987,0.8055418729782104
lr_relerror_tpe_roa,sub-05_FDSI_triangular-ramp20s_snr30dB,sub-05,triangular-ramp20s,30,0,44,0.6776556776556777,0.9121032953262328
lr_relerror_tpe_roa,sub-05_FDSI_triangular-ramp20s_snr30dB,sub-05,triangular-ramp20s,30,1,39,0.5883940620782726,0.7546784281730652
lr_relerror_tpe_roa,sub-05_FDSI_triangular-ramp20s_snr30dB,sub-05,triangular-ramp20s,30,2,35,0.95837023914969,0.8384727835655212
lr_relerror_tpe_roa,sub-05_FDSI_triangular-ramp20s_snr30dB,sub-05,triangular-ramp20s,30,3,36,0.4185351270553064,0.8454619646072388
lr_relerror_tpe_roa,sub-05_FDSI_triangular-ramp20s_snr30dB,sub-05,triangular-ramp20s,30,4,43,0.9894859813084113,0.9261677265167236
lr_relerror_tpe_roa,sub-05_FDSI_triangular-ramp20s_snr30dB,sub-05,triangular-ramp20s,30,5,31,0.9836065573770492,0.8480767607688904
lr_relerror_tpe_roa,sub-05_FDSI_triangular-ramp20s_snr30dB,sub-05,triangular-ramp20s,30,6,40,0.97119341563786,0.9017155766487122
lr_relerror_tpe_roa,sub-05_FDSI_triangular-ramp20s_snr30dB,sub-05,triangular-ramp20s,30,7,34,0.9065743944636678,0.8534913659095764
lr_relerror_tpe_roa,sub-05_FDSI_triangular-ramp20s_snr30dB,sub-05,triangular-ramp20s,30,8,42,0.9,0.8219014406204224
lr_relerror_tpe_roa,sub-05_FDSI_triangular-ramp20s_snr30dB,sub-05,triangular-ramp20s,30,9,30,0.9688498402555912,0.8794293999671936
lr_relerror_tpe_roa,sub-05_FDSI_triangular-ramp20s_snr30dB,sub-05,triangular-ramp20s,30,10,41,0.5199729180771835,0.8499395251274109
lr_relerror_tpe_roa,sub-05_FDSI_triangular-ramp20s_snr30dB,sub-05,triangular-ramp20s,30,11,37,0.293049467752035,0.7822235822677612
lr_relerror_tpe_roa,sub-05_FDSI_triangular-ramp20s_snr30dB,sub-05,triangular-ramp20s,30,12,16,0.983739837398374,0.921914279460907
lr_relerror_tpe_roa,sub-05_FDSI_triangular-ramp20s_snr25dB,sub-05,triangular-ramp20s,25,0,44,0.6385836385836385,0.9153355360031128
lr_relerror_tpe_roa,sub-05_FDSI_triangular-ramp20s_snr25dB,sub-05,triangular-ramp20s,25,1,40,0.9211065573770492,0.8441972136497498
lr_relerror_tpe_roa,sub-05_FDSI_triangular-ramp20s_snr25dB,sub-05,triangular-ramp20s,25,2,41,0.5117056856187291,0.8192426562309265
lr_relerror_tpe_roa,sub-05_FDSI_triangular-ramp20s_snr25dB,sub-05,triangular-ramp20s,25,3,30,0.8663484486873508,0.8342918753623962
lr_relerror_tpe_roa,sub-05_FDSI_triangular-ramp20s_snr25dB,sub-05,triangular-ramp20s,25,4,16,0.9498644986449865,0.8822476863861084
lr_relerror_tpe_roa,sub-05_FDSI_triangular-ramp20s_snr25dB,sub-05,triangular-ramp20s,25,5,43,0.9824766355140186,0.908427596092224
lr_relerror_tpe_roa,sub-05_FDSI_triangular-ramp20s_snr25dB,sub-05,triangular-ramp20s,25,6,31,0.9336609336609336,0.8262354135513306
lr_relerror_tpe_roa,sub-05_FDSI_triangular-ramp20s_snr25dB,sub-05,triangular-ramp20s,25,7,34,0.764402407566638,0.7943698763847351
lr_relerror_tpe_roa,sub-05_FDSI_triangular-ramp20s_snr25dB,sub-05,triangular-ramp20s,25,8,35,0.9192546583850932,0.8523602485656738
lr_relerror_tpe_roa,sub-05_FDSI_triangular-ramp20s_snr20dB,sub-05,triangular-ramp20s,20,0,44,0.6275946275946276,0.8984147310256958
lr_relerror_tpe_roa,sub-05_FDSI_triangular-ramp20s_snr20dB,sub-05,triangular-ramp20s,20,1,43,0.9568261376896148,0.8440561890602112
lr_relerror_tpe_roa,sub-05_FDSI_triangular-ramp20s_snr20dB,sub-05,triangular-ramp20s,20,2,31,0.8531810766721044,0.8267651796340942
lr_relerror_tpe_roa,sub-05_FDSI_triangular-ramp20s_snr15dB,sub-05,triangular-ramp20s,15,0,44,0.7142857142857143,0.84856116771698
lr_relerror_tpe_roa,sub-05_FDSI_triangular-ramp20s_snr15dB,sub-05,triangular-ramp20s,15,1,43,0.9310747663551402,0.8686367869377136
lr_relerror_tpe_roa,sub-05_FDSI_triangular-ramp10s_snr30dB,sub-05,triangular-ramp10s,30,0,43,0.9883855981416956,0.8958081603050232
lr_relerror_tpe_roa,sub-05_FDSI_triangular-ramp10s_snr30dB,sub-05,triangular-ramp10s,30,1,44,0.9890510948905108,0.8746962547302246
lr_relerror_tpe_roa,sub-05_FDSI_triangular-ramp10s_snr30dB,sub-05,triangular-ramp10s,30,2,42,0.0648614609571788,0.9084474444389344
lr_relerror_tpe_roa,sub-05_FDSI_triangular-ramp10s_snr30dB,sub-05,triangular-ramp10s,30,3,30,0.9544364508393284,0.8200449347496033
lr_relerror_tpe_roa,sub-05_FDSI_triangular-ramp10s_snr30dB,sub-05,triangular-ramp10s,30,4,40,0.8964102564102564,0.8109452724456787
lr_relerror_tpe_roa,sub-05_FDSI_triangular-ramp10s_snr30dB,sub-05,triangular-ramp10s,30,5,31,0.8794788273615635,0.8008714914321899
lr_relerror_tpe_roa,sub-05_FDSI_triangular-ramp10s_snr30dB,sub-05,triangular-ramp10s,30,6,36,0.3136593591905565,0.8260180950164795
lr_relerror_tpe_roa,sub-05_FDSI_triangular-ramp10s_snr30dB,sub-05,triangular-ramp10s,30,7,35,0.7644444444444445,0.7924383878707886
lr_relerror_tpe_roa,sub-05_FDSI_triangular-ramp10s_snr30dB,sub-05,triangular-ramp10s,30,8,34,0.6362053959965187,0.7550244927406311
lr_relerror_tpe_roa,sub-05_FDSI_triangular-ramp10s_snr30dB,sub-05,triangular-ramp10s,30,9,39,0.579254930606282,0.7365627884864807
lr_relerror_tpe_roa,sub-05_FDSI_triangular-ramp10s_snr30dB,sub-05,triangular-ramp10s,30,10,41,0.1797583081570997,0.8386824727058411
lr_relerror_tpe_roa,sub-05_FDSI_triangular-ramp10s_snr30dB,sub-05,triangular-ramp10s,30,11,33,0.0677112479015109,0.9021885991096495
lr_relerror_tpe_roa,sub-05_FDSI_triangular-ramp10s_snr30dB,sub-05,triangular-ramp10s,30,12,16,0.9612508497620668,0.8829370737075806
lr_relerror_tpe_roa,sub-05_FDSI_triangular-ramp10s_snr25dB,sub-05,triangular-ramp10s,25,0,43,0.9860627177700348,0.9020491242408752
lr_relerror_tpe_roa,sub-05_FDSI_triangular-ramp10s_snr25dB,sub-05,triangular-ramp10s,25,1,35,0.7798573975044564,0.7984035015106201
lr_relerror_tpe_roa,sub-05_FDSI_triangular-ramp10s_snr25dB,sub-05,triangular-ramp10s,25,2,44,0.9635036496350364,0.8661023378372192
lr_relerror_tpe_roa,sub-05_FDSI_triangular-ramp10s_snr25dB,sub-05,triangular-ramp10s,25,3,30,0.8389154704944178,0.8227094411849976
lr_relerror_tpe_roa,sub-05_FDSI_triangular-ramp10s_snr25dB,sub-05,triangular-ramp10s,25,4,40,0.7761806981519507,0.7943537831306458
lr_relerror_tpe_roa,sub-05_FDSI_triangular-ramp10s_snr25dB,sub-05,triangular-ramp10s,25,5,39,0.1910112359550561,0.7994815707206726
lr_relerror_tpe_roa,sub-05_FDSI_triangular-ramp10s_snr25dB,sub-05,triangular-ramp10s,25,6,41,0.1159420289855072,0.826966404914856
lr_relerror_tpe_roa,sub-05_FDSI_triangular-ramp10s_snr25dB,sub-05,triangular-ramp10s,25,7,31,0.7666934835076428,0.8093366622924805
lr_relerror_tpe_roa,sub-05_FDSI_triangular-ramp10s_snr20dB,sub-05,triangular-ramp10s,20,0,43,0.9175377468060396,0.8414848446846008
lr_relerror_tpe_roa,sub-05_FDSI_triangular-ramp10s_snr20dB,sub-05,triangular-ramp10s,20,1,44,0.8703481392557023,0.7797760367393494
lr_relerror_tpe_roa,sub-05_FDSI_triangular-ramp10s_snr20dB,sub-05,triangular-ramp10s,20,2,31,0.6919431279620853,0.8169145584106445
lr_relerror_tpe_roa,sub-05_FDSI_triangular-ramp10s_snr15dB,sub-05,triangular-ramp10s,15,0,44,0.6395631067961165,0.8447394371032715
lr_relerror_tpe_roa,sub-05_FDSI_triangular-ramp10s_snr15dB,sub-05,triangular-ramp10s,15,1,43,0.8060394889663183,0.7761410474777222
lr_relerror_tpe_roa,sub-05_FDSI_triangular-ramp10s_snr15dB,sub-05,triangular-ramp10s,15,2,31,0.5353218210361067,0.7694337964057922
lr_relerror_tpe_roa,sub-05_FDSI_triangular-ramp5s_snr30dB,sub-05,triangular-ramp5s,30,0,44,0.8909313725490197,0.8450840711593628
lr_relerror_tpe_roa,sub-05_FDSI_triangular-ramp5s_snr30dB,sub-05,triangular-ramp5s,30,1,30,0.6770087509944311,0.831468403339386
lr_relerror_tpe_roa,sub-05_FDSI_triangular-ramp5s_snr30dB,sub-05,triangular-ramp5s,30,2,43,0.9660818713450292,0.868857741355896
lr_relerror_tpe_roa,sub-05_FDSI_triangular-ramp5s_snr30dB,sub-05,triangular-ramp5s,30,3,41,0.3782051282051282,0.8316934704780579
lr_relerror_tpe_roa,sub-05_FDSI_triangular-ramp5s_snr30dB,sub-05,triangular-ramp5s,30,4,40,0.5599593495934959,0.797924816608429
lr_relerror_tpe_roa,sub-05_FDSI_triangular-ramp5s_snr30dB,sub-05,triangular-ramp5s,30,5,36,0.2379654859218891,0.8287951946258545
lr_relerror_tpe_roa,sub-05_FDSI_triangular-ramp5s_snr30dB,sub-05,triangular-ramp5s,30,6,35,0.5686448184233835,0.8065931797027588
lr_relerror_tpe_roa,sub-05_FDSI_triangular-ramp5s_snr30dB,sub-05,triangular-ramp5s,30,7,34,0.3318928262748487,0.7392089366912842
lr_relerror_tpe_roa,sub-05_FDSI_triangular-ramp5s_snr30dB,sub-05,triangular-ramp5s,30,8,42,0.2527839643652561,0.7960615754127502
lr_relerror_tpe_roa,sub-05_FDSI_triangular-ramp5s_snr30dB,sub-05,triangular-ramp5s,30,9,31,0.7471544715447155,0.8427281975746155
lr_relerror_tpe_roa,sub-05_FDSI_triangular-ramp5s_snr30dB,sub-05,triangular-ramp5s,30,10,39,0.1881401617250674,0.7800333499908447
lr_relerror_tpe_roa,sub-05_FDSI_triangular-ramp5s_snr30dB,sub-05,triangular-ramp5s,30,11,16,0.8546949965729952,0.8167762160301208
lr_relerror_tpe_roa,sub-05_FDSI_triangular-ramp5s_snr30dB,sub-05,triangular-ramp5s,30,12,29,0.2083333333333333,0.7769970297813416
lr_relerror_tpe_roa,sub-05_FDSI_triangular-ramp5s_snr25dB,sub-05,triangular-ramp5s,25,0,44,0.8333333333333334,0.8764734268188477
lr_relerror_tpe_roa,sub-05_FDSI_triangular-ramp5s_snr25dB,sub-05,triangular-ramp5s,25,1,43,0.927485380116959,0.8770454525947571
lr_relerror_tpe_roa,sub-05_FDSI_triangular-ramp5s_snr25dB,sub-05,triangular-ramp5s,25,2,30,0.6531424025457438,0.8283010125160217
lr_relerror_tpe_roa,sub-05_FDSI_triangular-ramp5s_snr25dB,sub-05,triangular-ramp5s,25,3,41,0.3812038014783527,0.8543065190315247
lr_relerror_tpe_roa,sub-05_FDSI_triangular-ramp5s_snr25dB,sub-05,triangular-ramp5s,25,4,40,0.5120724346076458,0.794034481048584
lr_relerror_tpe_roa,sub-05_FDSI_triangular-ramp5s_snr25dB,sub-05,triangular-ramp5s,25,5,42,0.1986681465038845,0.7836475968360901
lr_relerror_tpe_roa,sub-05_FDSI_triangular-ramp5s_snr25dB,sub-05,triangular-ramp5s,25,6,16,0.882111034955449,0.851015031337738
lr_relerror_tpe_roa,sub-05_FDSI_triangular-ramp5s_snr25dB,sub-05,triangular-ramp5s,25,7,31,0.6188158961881589,0.8472254872322083
lr_relerror_tpe_roa,sub-05_FDSI_triangular-ramp5s_snr25dB,sub-05,triangular-ramp5s,25,8,36,0.3025641025641025,0.8554218411445618
lr_relerror_tpe_roa,sub-05_FDSI_triangular-ramp5s_snr25dB,sub-05,triangular-ramp5s,25,9,35,0.5992939099735216,0.8480647802352905
lr_relerror_tpe_roa,sub-05_FDSI_triangular-ramp5s_snr20dB,sub-05,triangular-ramp5s,20,0,44,0.7745098039215687,0.86571204662323
lr_relerror_tpe_roa,sub-05_FDSI_triangular-ramp5s_snr20dB,sub-05,triangular-ramp5s,20,1,31,0.5770782889426957,0.8528258800506592
lr_relerror_tpe_roa,sub-05_FDSI_triangular-ramp5s_snr20dB,sub-05,triangular-ramp5s,20,2,43,0.3695906432748538,0.801719069480896
lr_relerror_tpe_roa,sub-05_FDSI_triangular-ramp5s_snr20dB,sub-05,triangular-ramp5s,20,3,41,0.3096397273612463,0.7009779810905457
lr_relerror_tpe_roa,sub-05_FDSI_triangular-ramp5s_snr15dB,sub-05,triangular-ramp5s,15,0,43,0.4749124854142357,0.7879355549812317
lr_relerror_tpe_roa,sub-05_FDSI_triangular-ramp5s_snr15dB,sub-05,triangular-ramp5s,15,1,44,0.4242788461538461,0.8326742649078369
